mean_fit_time,std_fit_time,mean_score_time,std_score_time,param_classifier__base_estimator__max_depth,param_classifier__base_estimator__n_estimators,param_feature_extraction__n_lags,param_feature_extraction__params,param_feature_selection__strategy,param_feature_selection__threshold,param_imputation__params,params,split0_test_score,split1_test_score,split2_test_score,split3_test_score,split4_test_score,mean_test_score,std_test_score,rank_test_score,split0_train_score,split1_train_score,split2_train_score,split3_train_score,split4_train_score,mean_train_score,std_train_score
197.775772190094,96.35722930017141,64.99588017463684,6.486987788731243,3,25,3,"('tsfel', {'config_file': 'tsfel_config.json'})",correlation,0.85,"('interpolate', 'linear')","{'classifier__base_estimator__max_depth': 3, 'classifier__base_estimator__n_estimators': 25, 'feature_extraction__n_lags': 3, 'feature_extraction__params': ('tsfel', {'config_file': 'tsfel_config.json'}), 'feature_selection__strategy': 'correlation', 'feature_selection__threshold': 0.85, 'imputation__params': ('interpolate', 'linear')}",0.5482554850222691,0.6330195062408411,0.5841334541062801,0.6436124745084943,0.6521628895308507,0.612236761881747,0.03973374679406913,121,0.9308672142193111,0.9022402969899075,0.9042528987452974,0.8731742358532308,0.8543997498200935,0.8929868791255681,0.02656680676533318
183.58173956871033,83.80587412231955,60.70684866905212,1.0583387156930095,3,25,3,"('tsfel', {'config_file': 'tsfel_config.json'})",correlation,0.85,"('interpolate', ('polynomial', 2))","{'classifier__base_estimator__max_depth': 3, 'classifier__base_estimator__n_estimators': 25, 'feature_extraction__n_lags': 3, 'feature_extraction__params': ('tsfel', {'config_file': 'tsfel_config.json'}), 'feature_selection__strategy': 'correlation', 'feature_selection__threshold': 0.85, 'imputation__params': ('interpolate', ('polynomial', 2))}",0.5482554850222691,0.6330195062408411,0.5841334541062801,0.6436124745084943,0.6521628895308507,0.612236761881747,0.03973374679406913,121,0.9308672142193111,0.9022402969899075,0.9042528987452974,0.8731742358532308,0.8543997498200935,0.8929868791255681,0.02656680676533318
179.14294986724855,84.2384884501758,58.78068814277649,0.4144957547553084,3,25,3,"('tsfel', {'config_file': 'tsfel_config.json'})",correlation,0.85,"('interpolate', ('polynomial', 3))","{'classifier__base_estimator__max_depth': 3, 'classifier__base_estimator__n_estimators': 25, 'feature_extraction__n_lags': 3, 'feature_extraction__params': ('tsfel', {'config_file': 'tsfel_config.json'}), 'feature_selection__strategy': 'correlation', 'feature_selection__threshold': 0.85, 'imputation__params': ('interpolate', ('polynomial', 3))}",0.5482554850222691,0.6330195062408411,0.5841334541062801,0.6436124745084943,0.6521628895308507,0.612236761881747,0.03973374679406913,121,0.9308672142193111,0.9022402969899075,0.9042528987452974,0.8731742358532308,0.8543997498200935,0.8929868791255681,0.02656680676533318
178.4922245025635,83.74501055813323,59.9329550743103,2.3323526519938715,3,25,3,"('tsfel', {'config_file': 'tsfel_config.json'})",correlation,0.85,"('ffill', None)","{'classifier__base_estimator__max_depth': 3, 'classifier__base_estimator__n_estimators': 25, 'feature_extraction__n_lags': 3, 'feature_extraction__params': ('tsfel', {'config_file': 'tsfel_config.json'}), 'feature_selection__strategy': 'correlation', 'feature_selection__threshold': 0.85, 'imputation__params': ('ffill', None)}",0.5482554850222691,0.6330195062408411,0.5841334541062801,0.6436124745084943,0.6521628895308507,0.612236761881747,0.03973374679406913,121,0.9308672142193111,0.9022402969899075,0.9042528987452974,0.8731742358532308,0.8543997498200935,0.8929868791255681,0.02656680676533318
186.00718479156495,90.02774297700928,60.56922488212585,1.577540951068365,3,25,3,"('tsfel', {'config_file': 'tsfel_config.json'})",correlation,0.9,"('interpolate', 'linear')","{'classifier__base_estimator__max_depth': 3, 'classifier__base_estimator__n_estimators': 25, 'feature_extraction__n_lags': 3, 'feature_extraction__params': ('tsfel', {'config_file': 'tsfel_config.json'}), 'feature_selection__strategy': 'correlation', 'feature_selection__threshold': 0.9, 'imputation__params': ('interpolate', 'linear')}",0.6413195456958494,0.5985104263356352,0.5883861714975847,0.6585387880429875,0.638301562074688,0.6250112987293489,0.026871467176005855,13,0.9362005930398839,0.8978131741561528,0.9022920275163338,0.8664016758359131,0.8567599674985725,0.8918934876093711,0.02825062341085138
182.4807379245758,84.41690424278721,59.81718287467957,1.1578905666361152,3,25,3,"('tsfel', {'config_file': 'tsfel_config.json'})",correlation,0.9,"('interpolate', ('polynomial', 2))","{'classifier__base_estimator__max_depth': 3, 'classifier__base_estimator__n_estimators': 25, 'feature_extraction__n_lags': 3, 'feature_extraction__params': ('tsfel', {'config_file': 'tsfel_config.json'}), 'feature_selection__strategy': 'correlation', 'feature_selection__threshold': 0.9, 'imputation__params': ('interpolate', ('polynomial', 2))}",0.6413195456958494,0.5985104263356352,0.5883861714975847,0.6585387880429875,0.638301562074688,0.6250112987293489,0.026871467176005855,13,0.9362005930398839,0.8978131741561528,0.9022920275163338,0.8664016758359131,0.8567599674985725,0.8918934876093711,0.02825062341085138
178.70277404785156,84.05704997625162,58.57493615150452,0.6410678070877638,3,25,3,"('tsfel', {'config_file': 'tsfel_config.json'})",correlation,0.9,"('interpolate', ('polynomial', 3))","{'classifier__base_estimator__max_depth': 3, 'classifier__base_estimator__n_estimators': 25, 'feature_extraction__n_lags': 3, 'feature_extraction__params': ('tsfel', {'config_file': 'tsfel_config.json'}), 'feature_selection__strategy': 'correlation', 'feature_selection__threshold': 0.9, 'imputation__params': ('interpolate', ('polynomial', 3))}",0.6413195456958494,0.5985104263356352,0.5883861714975847,0.6585387880429875,0.638301562074688,0.6250112987293489,0.026871467176005855,13,0.9362005930398839,0.8978131741561528,0.9022920275163338,0.8664016758359131,0.8567599674985725,0.8918934876093711,0.02825062341085138
179.02065649032593,85.07660476055652,59.064871072769165,0.6854485603304741,3,25,3,"('tsfel', {'config_file': 'tsfel_config.json'})",correlation,0.9,"('ffill', None)","{'classifier__base_estimator__max_depth': 3, 'classifier__base_estimator__n_estimators': 25, 'feature_extraction__n_lags': 3, 'feature_extraction__params': ('tsfel', {'config_file': 'tsfel_config.json'}), 'feature_selection__strategy': 'correlation', 'feature_selection__threshold': 0.9, 'imputation__params': ('ffill', None)}",0.6413195456958494,0.5985104263356352,0.5883861714975847,0.6585387880429875,0.638301562074688,0.6250112987293489,0.026871467176005855,13,0.9362005930398839,0.8978131741561528,0.9022920275163338,0.8664016758359131,0.8567599674985725,0.8918934876093711,0.02825062341085138
179.003715133667,85.19216565978205,58.88435196876526,0.6549478821129183,3,25,3,"('tsfel', {'config_file': 'tsfel_config.json'})",correlation,0.95,"('interpolate', 'linear')","{'classifier__base_estimator__max_depth': 3, 'classifier__base_estimator__n_estimators': 25, 'feature_extraction__n_lags': 3, 'feature_extraction__params': ('tsfel', {'config_file': 'tsfel_config.json'}), 'feature_selection__strategy': 'correlation', 'feature_selection__threshold': 0.95, 'imputation__params': ('interpolate', 'linear')}",0.6099509257805392,0.5911815607032719,0.5702294685990339,0.6574445697579908,0.6508227453528497,0.6159258540387371,0.03369788195415632,101,0.9364934171435719,0.8986762290599475,0.9050195949827586,0.8674311396619507,0.8552902379721631,0.8925821237640784,0.028786410832736076
178.99681720733642,84.74395115359833,59.217476987838744,0.755445852587025,3,25,3,"('tsfel', {'config_file': 'tsfel_config.json'})",correlation,0.95,"('interpolate', ('polynomial', 2))","{'classifier__base_estimator__max_depth': 3, 'classifier__base_estimator__n_estimators': 25, 'feature_extraction__n_lags': 3, 'feature_extraction__params': ('tsfel', {'config_file': 'tsfel_config.json'}), 'feature_selection__strategy': 'correlation', 'feature_selection__threshold': 0.95, 'imputation__params': ('interpolate', ('polynomial', 2))}",0.6099509257805392,0.5911815607032719,0.5702294685990339,0.6574445697579908,0.6508227453528497,0.6159258540387371,0.03369788195415632,101,0.9364934171435719,0.8986762290599475,0.9050195949827586,0.8674311396619507,0.8552902379721631,0.8925821237640784,0.028786410832736076
179.3086564540863,84.1996306794289,59.26239085197449,0.2571577207535632,3,25,3,"('tsfel', {'config_file': 'tsfel_config.json'})",correlation,0.95,"('interpolate', ('polynomial', 3))","{'classifier__base_estimator__max_depth': 3, 'classifier__base_estimator__n_estimators': 25, 'feature_extraction__n_lags': 3, 'feature_extraction__params': ('tsfel', {'config_file': 'tsfel_config.json'}), 'feature_selection__strategy': 'correlation', 'feature_selection__threshold': 0.95, 'imputation__params': ('interpolate', ('polynomial', 3))}",0.6099509257805392,0.5911815607032719,0.5702294685990339,0.6574445697579908,0.6508227453528497,0.6159258540387371,0.03369788195415632,101,0.9364934171435719,0.8986762290599475,0.9050195949827586,0.8674311396619507,0.8552902379721631,0.8925821237640784,0.028786410832736076
178.7011706829071,84.420944384446,58.75649104118347,0.32638913192509217,3,25,3,"('tsfel', {'config_file': 'tsfel_config.json'})",correlation,0.95,"('ffill', None)","{'classifier__base_estimator__max_depth': 3, 'classifier__base_estimator__n_estimators': 25, 'feature_extraction__n_lags': 3, 'feature_extraction__params': ('tsfel', {'config_file': 'tsfel_config.json'}), 'feature_selection__strategy': 'correlation', 'feature_selection__threshold': 0.95, 'imputation__params': ('ffill', None)}",0.6099509257805392,0.5911815607032719,0.5702294685990339,0.6574445697579908,0.6508227453528497,0.6159258540387371,0.03369788195415632,101,0.9364934171435719,0.8986762290599475,0.9050195949827586,0.8674311396619507,0.8552902379721631,0.8925821237640784,0.028786410832736076
176.16915798187256,82.94619713984306,59.01509532928467,0.5036354233125057,3,25,3,"('tsfel', {'config_file': 'tsfel_config.json'})",pca,0.85,"('interpolate', 'linear')","{'classifier__base_estimator__max_depth': 3, 'classifier__base_estimator__n_estimators': 25, 'feature_extraction__n_lags': 3, 'feature_extraction__params': ('tsfel', {'config_file': 'tsfel_config.json'}), 'feature_selection__strategy': 'pca', 'feature_selection__threshold': 0.85, 'imputation__params': ('interpolate', 'linear')}",0.5183012693499224,0.6363456314112699,0.6285129830917875,0.5470114819411978,0.6241757180362991,0.5908694167660953,0.0485470665540004,273,0.818740458340796,0.7675411689566689,0.762218645134578,0.7318209173083446,0.7187330369802277,0.759810845344123,0.034667209585867186
178.61844367980956,85.29209559971558,59.45760178565979,0.7335980153837681,3,25,3,"('tsfel', {'config_file': 'tsfel_config.json'})",pca,0.85,"('interpolate', ('polynomial', 2))","{'classifier__base_estimator__max_depth': 3, 'classifier__base_estimator__n_estimators': 25, 'feature_extraction__n_lags': 3, 'feature_extraction__params': ('tsfel', {'config_file': 'tsfel_config.json'}), 'feature_selection__strategy': 'pca', 'feature_selection__threshold': 0.85, 'imputation__params': ('interpolate', ('polynomial', 2))}",0.5183012693499224,0.6363456314112699,0.6285129830917875,0.5470114819411978,0.6241757180362991,0.5908694167660953,0.0485470665540004,273,0.818740458340796,0.7675411689566689,0.762218645134578,0.7318209173083446,0.7187330369802277,0.759810845344123,0.034667209585867186
177.4758144378662,84.68479120575343,59.5152916431427,0.9033385557480457,3,25,3,"('tsfel', {'config_file': 'tsfel_config.json'})",pca,0.85,"('interpolate', ('polynomial', 3))","{'classifier__base_estimator__max_depth': 3, 'classifier__base_estimator__n_estimators': 25, 'feature_extraction__n_lags': 3, 'feature_extraction__params': ('tsfel', {'config_file': 'tsfel_config.json'}), 'feature_selection__strategy': 'pca', 'feature_selection__threshold': 0.85, 'imputation__params': ('interpolate', ('polynomial', 3))}",0.5183012693499224,0.6363456314112699,0.6285129830917875,0.5470114819411978,0.6241757180362991,0.5908694167660953,0.0485470665540004,273,0.818740458340796,0.7675411689566689,0.762218645134578,0.7318209173083446,0.7187330369802277,0.759810845344123,0.034667209585867186
178.32910494804383,84.57656020717576,59.67031893730164,0.5265590229470295,3,25,3,"('tsfel', {'config_file': 'tsfel_config.json'})",pca,0.85,"('ffill', None)","{'classifier__base_estimator__max_depth': 3, 'classifier__base_estimator__n_estimators': 25, 'feature_extraction__n_lags': 3, 'feature_extraction__params': ('tsfel', {'config_file': 'tsfel_config.json'}), 'feature_selection__strategy': 'pca', 'feature_selection__threshold': 0.85, 'imputation__params': ('ffill', None)}",0.5183012693499224,0.6363456314112699,0.6285129830917875,0.5470114819411978,0.6241757180362991,0.5908694167660953,0.0485470665540004,273,0.818740458340796,0.7675411689566689,0.762218645134578,0.7318209173083446,0.7187330369802277,0.759810845344123,0.034667209585867186
178.3617603778839,84.98537149068717,59.521141862869264,0.5416781847014354,3,25,3,"('tsfel', {'config_file': 'tsfel_config.json'})",pca,0.9,"('interpolate', 'linear')","{'classifier__base_estimator__max_depth': 3, 'classifier__base_estimator__n_estimators': 25, 'feature_extraction__n_lags': 3, 'feature_extraction__params': ('tsfel', {'config_file': 'tsfel_config.json'}), 'feature_selection__strategy': 'pca', 'feature_selection__threshold': 0.9, 'imputation__params': ('interpolate', 'linear')}",0.5183012693499224,0.6363456314112699,0.6285129830917875,0.5470114819411978,0.6241757180362991,0.5908694167660953,0.0485470665540004,273,0.818740458340796,0.7675411689566689,0.762218645134578,0.7318209173083446,0.7187330369802277,0.759810845344123,0.034667209585867186
177.55555267333983,84.00472474546214,59.267350912094116,0.3909005708966703,3,25,3,"('tsfel', {'config_file': 'tsfel_config.json'})",pca,0.9,"('interpolate', ('polynomial', 2))","{'classifier__base_estimator__max_depth': 3, 'classifier__base_estimator__n_estimators': 25, 'feature_extraction__n_lags': 3, 'feature_extraction__params': ('tsfel', {'config_file': 'tsfel_config.json'}), 'feature_selection__strategy': 'pca', 'feature_selection__threshold': 0.9, 'imputation__params': ('interpolate', ('polynomial', 2))}",0.5183012693499224,0.6363456314112699,0.6285129830917875,0.5470114819411978,0.6241757180362991,0.5908694167660953,0.0485470665540004,273,0.818740458340796,0.7675411689566689,0.762218645134578,0.7318209173083446,0.7187330369802277,0.759810845344123,0.034667209585867186
185.78345828056337,92.25355676114957,63.853977823257445,3.6628154703285767,3,25,3,"('tsfel', {'config_file': 'tsfel_config.json'})",pca,0.9,"('interpolate', ('polynomial', 3))","{'classifier__base_estimator__max_depth': 3, 'classifier__base_estimator__n_estimators': 25, 'feature_extraction__n_lags': 3, 'feature_extraction__params': ('tsfel', {'config_file': 'tsfel_config.json'}), 'feature_selection__strategy': 'pca', 'feature_selection__threshold': 0.9, 'imputation__params': ('interpolate', ('polynomial', 3))}",0.5183012693499224,0.6363456314112699,0.6285129830917875,0.5470114819411978,0.6241757180362991,0.5908694167660953,0.0485470665540004,273,0.818740458340796,0.7675411689566689,0.762218645134578,0.7318209173083446,0.7187330369802277,0.759810845344123,0.034667209585867186
198.57136812210084,95.04304584606882,66.08524866104126,7.072514620443348,3,25,3,"('tsfel', {'config_file': 'tsfel_config.json'})",pca,0.9,"('ffill', None)","{'classifier__base_estimator__max_depth': 3, 'classifier__base_estimator__n_estimators': 25, 'feature_extraction__n_lags': 3, 'feature_extraction__params': ('tsfel', {'config_file': 'tsfel_config.json'}), 'feature_selection__strategy': 'pca', 'feature_selection__threshold': 0.9, 'imputation__params': ('ffill', None)}",0.5183012693499224,0.6363456314112699,0.6285129830917875,0.5470114819411978,0.6241757180362991,0.5908694167660953,0.0485470665540004,273,0.818740458340796,0.7675411689566689,0.762218645134578,0.7318209173083446,0.7187330369802277,0.759810845344123,0.034667209585867186
180.9318042755127,79.21887819968838,60.01981120109558,1.1920479609939572,3,25,3,"('tsfel', {'config_file': 'tsfel_config.json'})",pca,0.95,"('interpolate', 'linear')","{'classifier__base_estimator__max_depth': 3, 'classifier__base_estimator__n_estimators': 25, 'feature_extraction__n_lags': 3, 'feature_extraction__params': ('tsfel', {'config_file': 'tsfel_config.json'}), 'feature_selection__strategy': 'pca', 'feature_selection__threshold': 0.95, 'imputation__params': ('interpolate', 'linear')}",0.5183012693499224,0.6363456314112699,0.6285129830917875,0.5470114819411978,0.6241757180362991,0.5908694167660953,0.0485470665540004,273,0.818740458340796,0.7675411689566689,0.762218645134578,0.7318209173083446,0.7187330369802277,0.759810845344123,0.034667209585867186
176.05755443572997,82.79757353321271,59.163622808456424,0.41649020487666033,3,25,3,"('tsfel', {'config_file': 'tsfel_config.json'})",pca,0.95,"('interpolate', ('polynomial', 2))","{'classifier__base_estimator__max_depth': 3, 'classifier__base_estimator__n_estimators': 25, 'feature_extraction__n_lags': 3, 'feature_extraction__params': ('tsfel', {'config_file': 'tsfel_config.json'}), 'feature_selection__strategy': 'pca', 'feature_selection__threshold': 0.95, 'imputation__params': ('interpolate', ('polynomial', 2))}",0.5183012693499224,0.6363456314112699,0.6285129830917875,0.5470114819411978,0.6241757180362991,0.5908694167660953,0.0485470665540004,273,0.818740458340796,0.7675411689566689,0.762218645134578,0.7318209173083446,0.7187330369802277,0.759810845344123,0.034667209585867186
177.24793696403503,83.56544032178742,59.21772522926331,0.4219332517080028,3,25,3,"('tsfel', {'config_file': 'tsfel_config.json'})",pca,0.95,"('interpolate', ('polynomial', 3))","{'classifier__base_estimator__max_depth': 3, 'classifier__base_estimator__n_estimators': 25, 'feature_extraction__n_lags': 3, 'feature_extraction__params': ('tsfel', {'config_file': 'tsfel_config.json'}), 'feature_selection__strategy': 'pca', 'feature_selection__threshold': 0.95, 'imputation__params': ('interpolate', ('polynomial', 3))}",0.5183012693499224,0.6363456314112699,0.6285129830917875,0.5470114819411978,0.6241757180362991,0.5908694167660953,0.0485470665540004,273,0.818740458340796,0.7675411689566689,0.762218645134578,0.7318209173083446,0.7187330369802277,0.759810845344123,0.034667209585867186
175.69657363891602,82.4306084242367,59.01140732765198,0.9142061239077347,3,25,3,"('tsfel', {'config_file': 'tsfel_config.json'})",pca,0.95,"('ffill', None)","{'classifier__base_estimator__max_depth': 3, 'classifier__base_estimator__n_estimators': 25, 'feature_extraction__n_lags': 3, 'feature_extraction__params': ('tsfel', {'config_file': 'tsfel_config.json'}), 'feature_selection__strategy': 'pca', 'feature_selection__threshold': 0.95, 'imputation__params': ('ffill', None)}",0.5183012693499224,0.6363456314112699,0.6285129830917875,0.5470114819411978,0.6241757180362991,0.5908694167660953,0.0485470665540004,273,0.818740458340796,0.7675411689566689,0.762218645134578,0.7318209173083446,0.7187330369802277,0.759810845344123,0.034667209585867186
175.15060544013977,83.51549908247895,58.09188280105591,0.6452674281872207,3,25,5,"('tsfel', {'config_file': 'tsfel_config.json'})",correlation,0.85,"('interpolate', 'linear')","{'classifier__base_estimator__max_depth': 3, 'classifier__base_estimator__n_estimators': 25, 'feature_extraction__n_lags': 5, 'feature_extraction__params': ('tsfel', {'config_file': 'tsfel_config.json'}), 'feature_selection__strategy': 'correlation', 'feature_selection__threshold': 0.85, 'imputation__params': ('interpolate', 'linear')}",0.5098645148741887,0.6245433224384176,0.5632799451325292,0.6770876165021931,0.6323746215030412,0.601430004090074,0.05840468296569681,181,0.9370430164310395,0.9017293888599953,0.9097675668744576,0.8776135650017534,0.862873171946896,0.8978053418228283,0.025791674724331814
177.8717954158783,85.01330300279815,57.79950909614563,0.7866655607662149,3,25,5,"('tsfel', {'config_file': 'tsfel_config.json'})",correlation,0.85,"('interpolate', ('polynomial', 2))","{'classifier__base_estimator__max_depth': 3, 'classifier__base_estimator__n_estimators': 25, 'feature_extraction__n_lags': 5, 'feature_extraction__params': ('tsfel', {'config_file': 'tsfel_config.json'}), 'feature_selection__strategy': 'correlation', 'feature_selection__threshold': 0.85, 'imputation__params': ('interpolate', ('polynomial', 2))}",0.5098645148741887,0.6245433224384176,0.5632799451325292,0.6770876165021931,0.6323746215030412,0.601430004090074,0.05840468296569681,181,0.9370430164310395,0.9017293888599953,0.9097675668744576,0.8776135650017534,0.862873171946896,0.8978053418228283,0.025791674724331814
176.26922583580017,83.79285703255591,58.68474378585815,0.9977666768476191,3,25,5,"('tsfel', {'config_file': 'tsfel_config.json'})",correlation,0.85,"('interpolate', ('polynomial', 3))","{'classifier__base_estimator__max_depth': 3, 'classifier__base_estimator__n_estimators': 25, 'feature_extraction__n_lags': 5, 'feature_extraction__params': ('tsfel', {'config_file': 'tsfel_config.json'}), 'feature_selection__strategy': 'correlation', 'feature_selection__threshold': 0.85, 'imputation__params': ('interpolate', ('polynomial', 3))}",0.5098645148741887,0.6245433224384176,0.5632799451325292,0.6770876165021931,0.6323746215030412,0.601430004090074,0.05840468296569681,181,0.9370430164310395,0.9017293888599953,0.9097675668744576,0.8776135650017534,0.862873171946896,0.8978053418228283,0.025791674724331814
174.9339111328125,82.61085827272332,58.05909128189087,0.7531070400223974,3,25,5,"('tsfel', {'config_file': 'tsfel_config.json'})",correlation,0.85,"('ffill', None)","{'classifier__base_estimator__max_depth': 3, 'classifier__base_estimator__n_estimators': 25, 'feature_extraction__n_lags': 5, 'feature_extraction__params': ('tsfel', {'config_file': 'tsfel_config.json'}), 'feature_selection__strategy': 'correlation', 'feature_selection__threshold': 0.85, 'imputation__params': ('ffill', None)}",0.5098645148741887,0.6245433224384176,0.5632799451325292,0.6770876165021931,0.6323746215030412,0.601430004090074,0.05840468296569681,181,0.9370430164310395,0.9017293888599953,0.9097675668744576,0.8776135650017534,0.862873171946896,0.8978053418228283,0.025791674724331814
175.60954542160033,83.44554362348026,58.30425400733948,0.7876202169619698,3,25,5,"('tsfel', {'config_file': 'tsfel_config.json'})",correlation,0.9,"('interpolate', 'linear')","{'classifier__base_estimator__max_depth': 3, 'classifier__base_estimator__n_estimators': 25, 'feature_extraction__n_lags': 5, 'feature_extraction__params': ('tsfel', {'config_file': 'tsfel_config.json'}), 'feature_selection__strategy': 'correlation', 'feature_selection__threshold': 0.9, 'imputation__params': ('interpolate', 'linear')}",0.6117227647769383,0.5579361203882249,0.6128373744301447,0.6601348341557018,0.6554794883339072,0.6196221164169835,0.03698817650435536,53,0.9266231120901671,0.9027799323559381,0.9063986715523817,0.8780125480992265,0.8628742778081153,0.8953377083811656,0.022407782543424605
174.94051198959352,83.29183591323387,58.400930070877074,0.8091737636880824,3,25,5,"('tsfel', {'config_file': 'tsfel_config.json'})",correlation,0.9,"('interpolate', ('polynomial', 2))","{'classifier__base_estimator__max_depth': 3, 'classifier__base_estimator__n_estimators': 25, 'feature_extraction__n_lags': 5, 'feature_extraction__params': ('tsfel', {'config_file': 'tsfel_config.json'}), 'feature_selection__strategy': 'correlation', 'feature_selection__threshold': 0.9, 'imputation__params': ('interpolate', ('polynomial', 2))}",0.6117227647769383,0.5579361203882249,0.6128373744301447,0.6601348341557018,0.6554794883339072,0.6196221164169835,0.03698817650435536,53,0.9266231120901671,0.9027799323559381,0.9063986715523817,0.8780125480992265,0.8628742778081153,0.8953377083811656,0.022407782543424605
175.60231032371522,83.19532010103255,57.94421420097351,0.42001983191202236,3,25,5,"('tsfel', {'config_file': 'tsfel_config.json'})",correlation,0.9,"('interpolate', ('polynomial', 3))","{'classifier__base_estimator__max_depth': 3, 'classifier__base_estimator__n_estimators': 25, 'feature_extraction__n_lags': 5, 'feature_extraction__params': ('tsfel', {'config_file': 'tsfel_config.json'}), 'feature_selection__strategy': 'correlation', 'feature_selection__threshold': 0.9, 'imputation__params': ('interpolate', ('polynomial', 3))}",0.6117227647769383,0.5579361203882249,0.6128373744301447,0.6601348341557018,0.6554794883339072,0.6196221164169835,0.03698817650435536,53,0.9266231120901671,0.9027799323559381,0.9063986715523817,0.8780125480992265,0.8628742778081153,0.8953377083811656,0.022407782543424605
175.04796209335328,82.36837091986871,57.85674753189087,0.7073451005852502,3,25,5,"('tsfel', {'config_file': 'tsfel_config.json'})",correlation,0.9,"('ffill', None)","{'classifier__base_estimator__max_depth': 3, 'classifier__base_estimator__n_estimators': 25, 'feature_extraction__n_lags': 5, 'feature_extraction__params': ('tsfel', {'config_file': 'tsfel_config.json'}), 'feature_selection__strategy': 'correlation', 'feature_selection__threshold': 0.9, 'imputation__params': ('ffill', None)}",0.6117227647769383,0.5579361203882249,0.6128373744301447,0.6601348341557018,0.6554794883339072,0.6196221164169835,0.03698817650435536,53,0.9266231120901671,0.9027799323559381,0.9063986715523817,0.8780125480992265,0.8628742778081153,0.8953377083811656,0.022407782543424605
174.84775562286376,83.81088279973805,57.40379133224487,0.9231150560018738,3,25,5,"('tsfel', {'config_file': 'tsfel_config.json'})",correlation,0.95,"('interpolate', 'linear')","{'classifier__base_estimator__max_depth': 3, 'classifier__base_estimator__n_estimators': 25, 'feature_extraction__n_lags': 5, 'feature_extraction__params': ('tsfel', {'config_file': 'tsfel_config.json'}), 'feature_selection__strategy': 'correlation', 'feature_selection__threshold': 0.95, 'imputation__params': ('interpolate', 'linear')}",0.6369208484327333,0.5239147558980464,0.6158050591035624,0.6587213884320176,0.653984259823265,0.6178692623379249,0.049331252564384774,73,0.9327956908128009,0.9014422340175227,0.9078775784804967,0.8769163059526561,0.8598801954189478,0.8957824009364849,0.025271361493820997
175.0980263710022,83.40504349608001,57.715247344970706,1.006956885038895,3,25,5,"('tsfel', {'config_file': 'tsfel_config.json'})",correlation,0.95,"('interpolate', ('polynomial', 2))","{'classifier__base_estimator__max_depth': 3, 'classifier__base_estimator__n_estimators': 25, 'feature_extraction__n_lags': 5, 'feature_extraction__params': ('tsfel', {'config_file': 'tsfel_config.json'}), 'feature_selection__strategy': 'correlation', 'feature_selection__threshold': 0.95, 'imputation__params': ('interpolate', ('polynomial', 2))}",0.6369208484327333,0.5239147558980464,0.6158050591035624,0.6587213884320176,0.653984259823265,0.6178692623379249,0.049331252564384774,73,0.9327956908128009,0.9014422340175227,0.9078775784804967,0.8769163059526561,0.8598801954189478,0.8957824009364849,0.025271361493820997
175.74076523780823,83.78648650059021,58.2576904296875,0.839019067964474,3,25,5,"('tsfel', {'config_file': 'tsfel_config.json'})",correlation,0.95,"('interpolate', ('polynomial', 3))","{'classifier__base_estimator__max_depth': 3, 'classifier__base_estimator__n_estimators': 25, 'feature_extraction__n_lags': 5, 'feature_extraction__params': ('tsfel', {'config_file': 'tsfel_config.json'}), 'feature_selection__strategy': 'correlation', 'feature_selection__threshold': 0.95, 'imputation__params': ('interpolate', ('polynomial', 3))}",0.6369208484327333,0.5239147558980464,0.6158050591035624,0.6587213884320176,0.653984259823265,0.6178692623379249,0.049331252564384774,73,0.9327956908128009,0.9014422340175227,0.9078775784804967,0.8769163059526561,0.8598801954189478,0.8957824009364849,0.025271361493820997
177.6276930809021,86.18432888436354,58.848327779769896,1.1195823002470138,3,25,5,"('tsfel', {'config_file': 'tsfel_config.json'})",correlation,0.95,"('ffill', None)","{'classifier__base_estimator__max_depth': 3, 'classifier__base_estimator__n_estimators': 25, 'feature_extraction__n_lags': 5, 'feature_extraction__params': ('tsfel', {'config_file': 'tsfel_config.json'}), 'feature_selection__strategy': 'correlation', 'feature_selection__threshold': 0.95, 'imputation__params': ('ffill', None)}",0.6369208484327333,0.5239147558980464,0.6158050591035624,0.6587213884320176,0.653984259823265,0.6178692623379249,0.049331252564384774,73,0.9327956908128009,0.9014422340175227,0.9078775784804967,0.8769163059526561,0.8598801954189478,0.8957824009364849,0.025271361493820997
174.5649405002594,81.99904660761469,58.671668672561644,0.5647576991940858,3,25,5,"('tsfel', {'config_file': 'tsfel_config.json'})",pca,0.85,"('interpolate', 'linear')","{'classifier__base_estimator__max_depth': 3, 'classifier__base_estimator__n_estimators': 25, 'feature_extraction__n_lags': 5, 'feature_extraction__params': ('tsfel', {'config_file': 'tsfel_config.json'}), 'feature_selection__strategy': 'pca', 'feature_selection__threshold': 0.85, 'imputation__params': ('interpolate', 'linear')}",0.571791249513748,0.5999130307707115,0.6337741558074796,0.5263275681880482,0.6267876532747159,0.5917187315109407,0.03934143694951679,253,0.8173521734538378,0.7718835330136122,0.7580652519135169,0.7308818044758781,0.7058719166469638,0.7568109359007618,0.03784468648524344
174.443776512146,81.84711548189263,58.64102053642273,0.38770492974066983,3,25,5,"('tsfel', {'config_file': 'tsfel_config.json'})",pca,0.85,"('interpolate', ('polynomial', 2))","{'classifier__base_estimator__max_depth': 3, 'classifier__base_estimator__n_estimators': 25, 'feature_extraction__n_lags': 5, 'feature_extraction__params': ('tsfel', {'config_file': 'tsfel_config.json'}), 'feature_selection__strategy': 'pca', 'feature_selection__threshold': 0.85, 'imputation__params': ('interpolate', ('polynomial', 2))}",0.571791249513748,0.5999130307707115,0.6337741558074796,0.5263275681880482,0.6267876532747159,0.5917187315109407,0.03934143694951679,253,0.8173521734538378,0.7718835330136122,0.7580652519135169,0.7308818044758781,0.7058719166469638,0.7568109359007618,0.03784468648524344
173.85844159126282,83.06314254986499,58.44506497383118,0.670093932183804,3,25,5,"('tsfel', {'config_file': 'tsfel_config.json'})",pca,0.85,"('interpolate', ('polynomial', 3))","{'classifier__base_estimator__max_depth': 3, 'classifier__base_estimator__n_estimators': 25, 'feature_extraction__n_lags': 5, 'feature_extraction__params': ('tsfel', {'config_file': 'tsfel_config.json'}), 'feature_selection__strategy': 'pca', 'feature_selection__threshold': 0.85, 'imputation__params': ('interpolate', ('polynomial', 3))}",0.571791249513748,0.5999130307707115,0.6337741558074796,0.5263275681880482,0.6267876532747159,0.5917187315109407,0.03934143694951679,253,0.8173521734538378,0.7718835330136122,0.7580652519135169,0.7308818044758781,0.7058719166469638,0.7568109359007618,0.03784468648524344
179.28762497901917,85.7282512219201,58.3571738243103,0.6998381794283344,3,25,5,"('tsfel', {'config_file': 'tsfel_config.json'})",pca,0.85,"('ffill', None)","{'classifier__base_estimator__max_depth': 3, 'classifier__base_estimator__n_estimators': 25, 'feature_extraction__n_lags': 5, 'feature_extraction__params': ('tsfel', {'config_file': 'tsfel_config.json'}), 'feature_selection__strategy': 'pca', 'feature_selection__threshold': 0.85, 'imputation__params': ('ffill', None)}",0.571791249513748,0.5999130307707115,0.6337741558074796,0.5263275681880482,0.6267876532747159,0.5917187315109407,0.03934143694951679,253,0.8173521734538378,0.7718835330136122,0.7580652519135169,0.7308818044758781,0.7058719166469638,0.7568109359007618,0.03784468648524344
172.70736775398254,81.63934453723482,58.44356541633606,0.715956024733164,3,25,5,"('tsfel', {'config_file': 'tsfel_config.json'})",pca,0.9,"('interpolate', 'linear')","{'classifier__base_estimator__max_depth': 3, 'classifier__base_estimator__n_estimators': 25, 'feature_extraction__n_lags': 5, 'feature_extraction__params': ('tsfel', {'config_file': 'tsfel_config.json'}), 'feature_selection__strategy': 'pca', 'feature_selection__threshold': 0.9, 'imputation__params': ('interpolate', 'linear')}",0.571791249513748,0.5999130307707115,0.6337741558074796,0.5263275681880482,0.6267876532747159,0.5917187315109407,0.03934143694951679,253,0.8173521734538378,0.7718835330136122,0.7580652519135169,0.7308818044758781,0.7058719166469638,0.7568109359007618,0.03784468648524344
173.41001381874085,83.12729906965647,58.33241968154907,1.1746013831156321,3,25,5,"('tsfel', {'config_file': 'tsfel_config.json'})",pca,0.9,"('interpolate', ('polynomial', 2))","{'classifier__base_estimator__max_depth': 3, 'classifier__base_estimator__n_estimators': 25, 'feature_extraction__n_lags': 5, 'feature_extraction__params': ('tsfel', {'config_file': 'tsfel_config.json'}), 'feature_selection__strategy': 'pca', 'feature_selection__threshold': 0.9, 'imputation__params': ('interpolate', ('polynomial', 2))}",0.571791249513748,0.5999130307707115,0.6337741558074796,0.5263275681880482,0.6267876532747159,0.5917187315109407,0.03934143694951679,253,0.8173521734538378,0.7718835330136122,0.7580652519135169,0.7308818044758781,0.7058719166469638,0.7568109359007618,0.03784468648524344
172.25612425804138,81.11927025585352,57.701901006698606,0.37758869175353743,3,25,5,"('tsfel', {'config_file': 'tsfel_config.json'})",pca,0.9,"('interpolate', ('polynomial', 3))","{'classifier__base_estimator__max_depth': 3, 'classifier__base_estimator__n_estimators': 25, 'feature_extraction__n_lags': 5, 'feature_extraction__params': ('tsfel', {'config_file': 'tsfel_config.json'}), 'feature_selection__strategy': 'pca', 'feature_selection__threshold': 0.9, 'imputation__params': ('interpolate', ('polynomial', 3))}",0.571791249513748,0.5999130307707115,0.6337741558074796,0.5263275681880482,0.6267876532747159,0.5917187315109407,0.03934143694951679,253,0.8173521734538378,0.7718835330136122,0.7580652519135169,0.7308818044758781,0.7058719166469638,0.7568109359007618,0.03784468648524344
171.87873611450195,82.27586386057946,57.83949728012085,0.4327450525952316,3,25,5,"('tsfel', {'config_file': 'tsfel_config.json'})",pca,0.9,"('ffill', None)","{'classifier__base_estimator__max_depth': 3, 'classifier__base_estimator__n_estimators': 25, 'feature_extraction__n_lags': 5, 'feature_extraction__params': ('tsfel', {'config_file': 'tsfel_config.json'}), 'feature_selection__strategy': 'pca', 'feature_selection__threshold': 0.9, 'imputation__params': ('ffill', None)}",0.571791249513748,0.5999130307707115,0.6337741558074796,0.5263275681880482,0.6267876532747159,0.5917187315109407,0.03934143694951679,253,0.8173521734538378,0.7718835330136122,0.7580652519135169,0.7308818044758781,0.7058719166469638,0.7568109359007618,0.03784468648524344
172.30969195365907,82.20288733946298,57.96944813728332,0.6638858485352734,3,25,5,"('tsfel', {'config_file': 'tsfel_config.json'})",pca,0.95,"('interpolate', 'linear')","{'classifier__base_estimator__max_depth': 3, 'classifier__base_estimator__n_estimators': 25, 'feature_extraction__n_lags': 5, 'feature_extraction__params': ('tsfel', {'config_file': 'tsfel_config.json'}), 'feature_selection__strategy': 'pca', 'feature_selection__threshold': 0.95, 'imputation__params': ('interpolate', 'linear')}",0.571791249513748,0.5999130307707115,0.6337741558074796,0.5263275681880482,0.6267876532747159,0.5917187315109407,0.03934143694951679,253,0.8173521734538378,0.7718835330136122,0.7580652519135169,0.7308818044758781,0.7058719166469638,0.7568109359007618,0.03784468648524344
173.34205713272095,82.74472480856899,58.04987273216248,0.8535273244466033,3,25,5,"('tsfel', {'config_file': 'tsfel_config.json'})",pca,0.95,"('interpolate', ('polynomial', 2))","{'classifier__base_estimator__max_depth': 3, 'classifier__base_estimator__n_estimators': 25, 'feature_extraction__n_lags': 5, 'feature_extraction__params': ('tsfel', {'config_file': 'tsfel_config.json'}), 'feature_selection__strategy': 'pca', 'feature_selection__threshold': 0.95, 'imputation__params': ('interpolate', ('polynomial', 2))}",0.571791249513748,0.5999130307707115,0.6337741558074796,0.5263275681880482,0.6267876532747159,0.5917187315109407,0.03934143694951679,253,0.8173521734538378,0.7718835330136122,0.7580652519135169,0.7308818044758781,0.7058719166469638,0.7568109359007618,0.03784468648524344
174.2727997303009,83.98249406440533,59.26811504364014,0.8892139030495131,3,25,5,"('tsfel', {'config_file': 'tsfel_config.json'})",pca,0.95,"('interpolate', ('polynomial', 3))","{'classifier__base_estimator__max_depth': 3, 'classifier__base_estimator__n_estimators': 25, 'feature_extraction__n_lags': 5, 'feature_extraction__params': ('tsfel', {'config_file': 'tsfel_config.json'}), 'feature_selection__strategy': 'pca', 'feature_selection__threshold': 0.95, 'imputation__params': ('interpolate', ('polynomial', 3))}",0.571791249513748,0.5999130307707115,0.6337741558074796,0.5263275681880482,0.6267876532747159,0.5917187315109407,0.03934143694951679,253,0.8173521734538378,0.7718835330136122,0.7580652519135169,0.7308818044758781,0.7058719166469638,0.7568109359007618,0.03784468648524344
174.37866616249084,81.68165565712965,58.61038432121277,0.4552230801803276,3,25,5,"('tsfel', {'config_file': 'tsfel_config.json'})",pca,0.95,"('ffill', None)","{'classifier__base_estimator__max_depth': 3, 'classifier__base_estimator__n_estimators': 25, 'feature_extraction__n_lags': 5, 'feature_extraction__params': ('tsfel', {'config_file': 'tsfel_config.json'}), 'feature_selection__strategy': 'pca', 'feature_selection__threshold': 0.95, 'imputation__params': ('ffill', None)}",0.571791249513748,0.5999130307707115,0.6337741558074796,0.5263275681880482,0.6267876532747159,0.5917187315109407,0.03934143694951679,253,0.8173521734538378,0.7718835330136122,0.7580652519135169,0.7308818044758781,0.7058719166469638,0.7568109359007618,0.03784468648524344
174.05406308174133,84.7175348008163,58.73470430374145,3.098620635509942,3,25,8,"('tsfel', {'config_file': 'tsfel_config.json'})",correlation,0.85,"('interpolate', 'linear')","{'classifier__base_estimator__max_depth': 3, 'classifier__base_estimator__n_estimators': 25, 'feature_extraction__n_lags': 8, 'feature_extraction__params': ('tsfel', {'config_file': 'tsfel_config.json'}), 'feature_selection__strategy': 'correlation', 'feature_selection__threshold': 0.85, 'imputation__params': ('interpolate', 'linear')}",0.5109089107330138,0.6885856517441039,0.5804483931673423,0.6556061366806136,0.6470850341764045,0.6165268253002957,0.0634196630688754,81,0.9434997248063577,0.9150043714903344,0.9151539367742398,0.882552142453287,0.8642450427904447,0.9040910436629327,0.027735033905059082
172.2276879787445,81.14624290444594,59.01916480064392,2.427672818520852,3,25,8,"('tsfel', {'config_file': 'tsfel_config.json'})",correlation,0.85,"('interpolate', ('polynomial', 2))","{'classifier__base_estimator__max_depth': 3, 'classifier__base_estimator__n_estimators': 25, 'feature_extraction__n_lags': 8, 'feature_extraction__params': ('tsfel', {'config_file': 'tsfel_config.json'}), 'feature_selection__strategy': 'correlation', 'feature_selection__threshold': 0.85, 'imputation__params': ('interpolate', ('polynomial', 2))}",0.5109089107330138,0.6885856517441039,0.5804483931673423,0.6556061366806136,0.6470850341764045,0.6165268253002957,0.0634196630688754,81,0.9434997248063577,0.9150043714903344,0.9151539367742398,0.882552142453287,0.8642450427904447,0.9040910436629327,0.027735033905059082
170.3034719944,81.58776448342849,56.5916672706604,0.8817071898425141,3,25,8,"('tsfel', {'config_file': 'tsfel_config.json'})",correlation,0.85,"('interpolate', ('polynomial', 3))","{'classifier__base_estimator__max_depth': 3, 'classifier__base_estimator__n_estimators': 25, 'feature_extraction__n_lags': 8, 'feature_extraction__params': ('tsfel', {'config_file': 'tsfel_config.json'}), 'feature_selection__strategy': 'correlation', 'feature_selection__threshold': 0.85, 'imputation__params': ('interpolate', ('polynomial', 3))}",0.5109089107330138,0.6885856517441039,0.5804483931673423,0.6556061366806136,0.6470850341764045,0.6165268253002957,0.0634196630688754,81,0.9434997248063577,0.9150043714903344,0.9151539367742398,0.882552142453287,0.8642450427904447,0.9040910436629327,0.027735033905059082
170.72970685958862,82.15133808155208,56.83304877281189,1.451552093508671,3,25,8,"('tsfel', {'config_file': 'tsfel_config.json'})",correlation,0.85,"('ffill', None)","{'classifier__base_estimator__max_depth': 3, 'classifier__base_estimator__n_estimators': 25, 'feature_extraction__n_lags': 8, 'feature_extraction__params': ('tsfel', {'config_file': 'tsfel_config.json'}), 'feature_selection__strategy': 'correlation', 'feature_selection__threshold': 0.85, 'imputation__params': ('ffill', None)}",0.5109089107330138,0.6885856517441039,0.5804483931673423,0.6556061366806136,0.6470850341764045,0.6165268253002957,0.0634196630688754,81,0.9434997248063577,0.9150043714903344,0.9151539367742398,0.882552142453287,0.8642450427904447,0.9040910436629327,0.027735033905059082
174.38690056800843,84.61826459473876,57.19019808769226,0.881635061075064,3,25,8,"('tsfel', {'config_file': 'tsfel_config.json'})",correlation,0.9,"('interpolate', 'linear')","{'classifier__base_estimator__max_depth': 3, 'classifier__base_estimator__n_estimators': 25, 'feature_extraction__n_lags': 8, 'feature_extraction__params': ('tsfel', {'config_file': 'tsfel_config.json'}), 'feature_selection__strategy': 'correlation', 'feature_selection__threshold': 0.9, 'imputation__params': ('interpolate', 'linear')}",0.47921856634395965,0.606416427372154,0.5801443977996525,0.6418331938633194,0.6358361082431345,0.5886897387244441,0.05902237356660956,297,0.9493291315962573,0.9177823747507268,0.9163542188963629,0.8821345844692055,0.8680666882734465,0.9067333995971996,0.02873761531777352
170.30913324356078,81.06819140147718,57.28468465805054,1.151879774651941,3,25,8,"('tsfel', {'config_file': 'tsfel_config.json'})",correlation,0.9,"('interpolate', ('polynomial', 2))","{'classifier__base_estimator__max_depth': 3, 'classifier__base_estimator__n_estimators': 25, 'feature_extraction__n_lags': 8, 'feature_extraction__params': ('tsfel', {'config_file': 'tsfel_config.json'}), 'feature_selection__strategy': 'correlation', 'feature_selection__threshold': 0.9, 'imputation__params': ('interpolate', ('polynomial', 2))}",0.47921856634395965,0.606416427372154,0.5801443977996525,0.6418331938633194,0.6358361082431345,0.5886897387244441,0.05902237356660956,297,0.9493291315962573,0.9177823747507268,0.9163542188963629,0.8821345844692055,0.8680666882734465,0.9067333995971996,0.02873761531777352
171.6086983680725,81.53620446328782,57.537172412872316,1.1632142472093439,3,25,8,"('tsfel', {'config_file': 'tsfel_config.json'})",correlation,0.9,"('interpolate', ('polynomial', 3))","{'classifier__base_estimator__max_depth': 3, 'classifier__base_estimator__n_estimators': 25, 'feature_extraction__n_lags': 8, 'feature_extraction__params': ('tsfel', {'config_file': 'tsfel_config.json'}), 'feature_selection__strategy': 'correlation', 'feature_selection__threshold': 0.9, 'imputation__params': ('interpolate', ('polynomial', 3))}",0.47921856634395965,0.606416427372154,0.5801443977996525,0.6418331938633194,0.6358361082431345,0.5886897387244441,0.05902237356660956,297,0.9493291315962573,0.9177823747507268,0.9163542188963629,0.8821345844692055,0.8680666882734465,0.9067333995971996,0.02873761531777352
171.04625191688538,81.9988348776534,56.99984159469604,1.2015986355121813,3,25,8,"('tsfel', {'config_file': 'tsfel_config.json'})",correlation,0.9,"('ffill', None)","{'classifier__base_estimator__max_depth': 3, 'classifier__base_estimator__n_estimators': 25, 'feature_extraction__n_lags': 8, 'feature_extraction__params': ('tsfel', {'config_file': 'tsfel_config.json'}), 'feature_selection__strategy': 'correlation', 'feature_selection__threshold': 0.9, 'imputation__params': ('ffill', None)}",0.47921856634395965,0.606416427372154,0.5801443977996525,0.6418331938633194,0.6358361082431345,0.5886897387244441,0.05902237356660956,297,0.9493291315962573,0.9177823747507268,0.9163542188963629,0.8821345844692055,0.8680666882734465,0.9067333995971996,0.02873761531777352
170.82193474769593,80.6008805754724,57.14182362556458,0.924905156759209,3,25,8,"('tsfel', {'config_file': 'tsfel_config.json'})",correlation,0.95,"('interpolate', 'linear')","{'classifier__base_estimator__max_depth': 3, 'classifier__base_estimator__n_estimators': 25, 'feature_extraction__n_lags': 8, 'feature_extraction__params': ('tsfel', {'config_file': 'tsfel_config.json'}), 'feature_selection__strategy': 'correlation', 'feature_selection__threshold': 0.95, 'imputation__params': ('interpolate', 'linear')}",0.47768807066705943,0.5731162422131212,0.5788008468442386,0.662392189679219,0.663987482706671,0.5911969664220619,0.06889421580893981,269,0.947307129528949,0.9155498383505083,0.9178261800217931,0.8837155462368409,0.8670761001094085,0.9062949588495,0.02810184604238925
173.85114703178405,83.85223304567339,57.233671474456784,1.8477707537928831,3,25,8,"('tsfel', {'config_file': 'tsfel_config.json'})",correlation,0.95,"('interpolate', ('polynomial', 2))","{'classifier__base_estimator__max_depth': 3, 'classifier__base_estimator__n_estimators': 25, 'feature_extraction__n_lags': 8, 'feature_extraction__params': ('tsfel', {'config_file': 'tsfel_config.json'}), 'feature_selection__strategy': 'correlation', 'feature_selection__threshold': 0.95, 'imputation__params': ('interpolate', ('polynomial', 2))}",0.47768807066705943,0.5731162422131212,0.5788008468442386,0.662392189679219,0.663987482706671,0.5911969664220619,0.06889421580893981,269,0.947307129528949,0.9155498383505083,0.9178261800217931,0.8837155462368409,0.8670761001094085,0.9062949588495,0.02810184604238925
170.9310835838318,81.86212192840695,56.75091791152954,1.3479771756238372,3,25,8,"('tsfel', {'config_file': 'tsfel_config.json'})",correlation,0.95,"('interpolate', ('polynomial', 3))","{'classifier__base_estimator__max_depth': 3, 'classifier__base_estimator__n_estimators': 25, 'feature_extraction__n_lags': 8, 'feature_extraction__params': ('tsfel', {'config_file': 'tsfel_config.json'}), 'feature_selection__strategy': 'correlation', 'feature_selection__threshold': 0.95, 'imputation__params': ('interpolate', ('polynomial', 3))}",0.47768807066705943,0.5731162422131212,0.5788008468442386,0.662392189679219,0.663987482706671,0.5911969664220619,0.06889421580893981,269,0.947307129528949,0.9155498383505083,0.9178261800217931,0.8837155462368409,0.8670761001094085,0.9062949588495,0.02810184604238925
171.73775525093077,82.2851560045845,57.229300355911256,1.4232436181869137,3,25,8,"('tsfel', {'config_file': 'tsfel_config.json'})",correlation,0.95,"('ffill', None)","{'classifier__base_estimator__max_depth': 3, 'classifier__base_estimator__n_estimators': 25, 'feature_extraction__n_lags': 8, 'feature_extraction__params': ('tsfel', {'config_file': 'tsfel_config.json'}), 'feature_selection__strategy': 'correlation', 'feature_selection__threshold': 0.95, 'imputation__params': ('ffill', None)}",0.47768807066705943,0.5731162422131212,0.5788008468442386,0.662392189679219,0.663987482706671,0.5911969664220619,0.06889421580893981,269,0.947307129528949,0.9155498383505083,0.9178261800217931,0.8837155462368409,0.8670761001094085,0.9062949588495,0.02810184604238925
169.22289524078369,80.05484497799056,57.828030824661255,1.1482146563715991,3,25,8,"('tsfel', {'config_file': 'tsfel_config.json'})",pca,0.85,"('interpolate', 'linear')","{'classifier__base_estimator__max_depth': 3, 'classifier__base_estimator__n_estimators': 25, 'feature_extraction__n_lags': 8, 'feature_extraction__params': ('tsfel', {'config_file': 'tsfel_config.json'}), 'feature_selection__strategy': 'pca', 'feature_selection__threshold': 0.85, 'imputation__params': ('interpolate', 'linear')}",0.6168324244868297,0.6280666964804092,0.6219057614360163,0.47236373779637386,0.6329871248743598,0.5944311490147978,0.06127811628931224,221,0.7991354892405999,0.7729635085255695,0.7647594778079192,0.7375859402252857,0.7169060675317109,0.758270096666217,0.028519487947165016
169.6590739250183,82.189973042044,58.16952891349793,3.258574077288228,3,25,8,"('tsfel', {'config_file': 'tsfel_config.json'})",pca,0.85,"('interpolate', ('polynomial', 2))","{'classifier__base_estimator__max_depth': 3, 'classifier__base_estimator__n_estimators': 25, 'feature_extraction__n_lags': 8, 'feature_extraction__params': ('tsfel', {'config_file': 'tsfel_config.json'}), 'feature_selection__strategy': 'pca', 'feature_selection__threshold': 0.85, 'imputation__params': ('interpolate', ('polynomial', 2))}",0.6168324244868297,0.6280666964804092,0.6219057614360163,0.47236373779637386,0.6329871248743598,0.5944311490147978,0.06127811628931224,221,0.7991354892405999,0.7729635085255695,0.7647594778079192,0.7375859402252857,0.7169060675317109,0.758270096666217,0.028519487947165016
169.56526169776916,79.46613512410363,57.730743980407716,0.9630908005653405,3,25,8,"('tsfel', {'config_file': 'tsfel_config.json'})",pca,0.85,"('interpolate', ('polynomial', 3))","{'classifier__base_estimator__max_depth': 3, 'classifier__base_estimator__n_estimators': 25, 'feature_extraction__n_lags': 8, 'feature_extraction__params': ('tsfel', {'config_file': 'tsfel_config.json'}), 'feature_selection__strategy': 'pca', 'feature_selection__threshold': 0.85, 'imputation__params': ('interpolate', ('polynomial', 3))}",0.6168324244868297,0.6280666964804092,0.6219057614360163,0.47236373779637386,0.6329871248743598,0.5944311490147978,0.06127811628931224,221,0.7991354892405999,0.7729635085255695,0.7647594778079192,0.7375859402252857,0.7169060675317109,0.758270096666217,0.028519487947165016
168.61381120681762,79.83202608471831,57.37845153808594,1.2884998611724199,3,25,8,"('tsfel', {'config_file': 'tsfel_config.json'})",pca,0.85,"('ffill', None)","{'classifier__base_estimator__max_depth': 3, 'classifier__base_estimator__n_estimators': 25, 'feature_extraction__n_lags': 8, 'feature_extraction__params': ('tsfel', {'config_file': 'tsfel_config.json'}), 'feature_selection__strategy': 'pca', 'feature_selection__threshold': 0.85, 'imputation__params': ('ffill', None)}",0.6168324244868297,0.6280666964804092,0.6219057614360163,0.47236373779637386,0.6329871248743598,0.5944311490147978,0.06127811628931224,221,0.7991354892405999,0.7729635085255695,0.7647594778079192,0.7375859402252857,0.7169060675317109,0.758270096666217,0.028519487947165016
167.78433060646057,80.82936145257402,56.89696269035339,1.1256298786676966,3,25,8,"('tsfel', {'config_file': 'tsfel_config.json'})",pca,0.9,"('interpolate', 'linear')","{'classifier__base_estimator__max_depth': 3, 'classifier__base_estimator__n_estimators': 25, 'feature_extraction__n_lags': 8, 'feature_extraction__params': ('tsfel', {'config_file': 'tsfel_config.json'}), 'feature_selection__strategy': 'pca', 'feature_selection__threshold': 0.9, 'imputation__params': ('interpolate', 'linear')}",0.6168324244868297,0.6280666964804092,0.6219057614360163,0.47236373779637386,0.6329871248743598,0.5944311490147978,0.06127811628931224,221,0.7991354892405999,0.7729635085255695,0.7647594778079192,0.7375859402252857,0.7169060675317109,0.758270096666217,0.028519487947165016
168.96483063697815,80.25838959942269,56.96243376731873,1.018178453979506,3,25,8,"('tsfel', {'config_file': 'tsfel_config.json'})",pca,0.9,"('interpolate', ('polynomial', 2))","{'classifier__base_estimator__max_depth': 3, 'classifier__base_estimator__n_estimators': 25, 'feature_extraction__n_lags': 8, 'feature_extraction__params': ('tsfel', {'config_file': 'tsfel_config.json'}), 'feature_selection__strategy': 'pca', 'feature_selection__threshold': 0.9, 'imputation__params': ('interpolate', ('polynomial', 2))}",0.6168324244868297,0.6280666964804092,0.6219057614360163,0.47236373779637386,0.6329871248743598,0.5944311490147978,0.06127811628931224,221,0.7991354892405999,0.7729635085255695,0.7647594778079192,0.7375859402252857,0.7169060675317109,0.758270096666217,0.028519487947165016
169.69016790390015,81.14779313465134,56.89447226524353,1.179115313953333,3,25,8,"('tsfel', {'config_file': 'tsfel_config.json'})",pca,0.9,"('interpolate', ('polynomial', 3))","{'classifier__base_estimator__max_depth': 3, 'classifier__base_estimator__n_estimators': 25, 'feature_extraction__n_lags': 8, 'feature_extraction__params': ('tsfel', {'config_file': 'tsfel_config.json'}), 'feature_selection__strategy': 'pca', 'feature_selection__threshold': 0.9, 'imputation__params': ('interpolate', ('polynomial', 3))}",0.6168324244868297,0.6280666964804092,0.6219057614360163,0.47236373779637386,0.6329871248743598,0.5944311490147978,0.06127811628931224,221,0.7991354892405999,0.7729635085255695,0.7647594778079192,0.7375859402252857,0.7169060675317109,0.758270096666217,0.028519487947165016
169.09404067993165,80.962339104606,56.88490467071533,1.7563842453511496,3,25,8,"('tsfel', {'config_file': 'tsfel_config.json'})",pca,0.9,"('ffill', None)","{'classifier__base_estimator__max_depth': 3, 'classifier__base_estimator__n_estimators': 25, 'feature_extraction__n_lags': 8, 'feature_extraction__params': ('tsfel', {'config_file': 'tsfel_config.json'}), 'feature_selection__strategy': 'pca', 'feature_selection__threshold': 0.9, 'imputation__params': ('ffill', None)}",0.6168324244868297,0.6280666964804092,0.6219057614360163,0.47236373779637386,0.6329871248743598,0.5944311490147978,0.06127811628931224,221,0.7991354892405999,0.7729635085255695,0.7647594778079192,0.7375859402252857,0.7169060675317109,0.758270096666217,0.028519487947165016
169.6244162082672,81.07503308254508,57.428090238571166,0.6468925176266248,3,25,8,"('tsfel', {'config_file': 'tsfel_config.json'})",pca,0.95,"('interpolate', 'linear')","{'classifier__base_estimator__max_depth': 3, 'classifier__base_estimator__n_estimators': 25, 'feature_extraction__n_lags': 8, 'feature_extraction__params': ('tsfel', {'config_file': 'tsfel_config.json'}), 'feature_selection__strategy': 'pca', 'feature_selection__threshold': 0.95, 'imputation__params': ('interpolate', 'linear')}",0.6168324244868297,0.6280666964804092,0.6219057614360163,0.47236373779637386,0.6329871248743598,0.5944311490147978,0.06127811628931224,221,0.7991354892405999,0.7729635085255695,0.7647594778079192,0.7375859402252857,0.7169060675317109,0.758270096666217,0.028519487947165016
169.77997035980223,80.28555262209495,57.07830624580383,1.4169942585065982,3,25,8,"('tsfel', {'config_file': 'tsfel_config.json'})",pca,0.95,"('interpolate', ('polynomial', 2))","{'classifier__base_estimator__max_depth': 3, 'classifier__base_estimator__n_estimators': 25, 'feature_extraction__n_lags': 8, 'feature_extraction__params': ('tsfel', {'config_file': 'tsfel_config.json'}), 'feature_selection__strategy': 'pca', 'feature_selection__threshold': 0.95, 'imputation__params': ('interpolate', ('polynomial', 2))}",0.6168324244868297,0.6280666964804092,0.6219057614360163,0.47236373779637386,0.6329871248743598,0.5944311490147978,0.06127811628931224,221,0.7991354892405999,0.7729635085255695,0.7647594778079192,0.7375859402252857,0.7169060675317109,0.758270096666217,0.028519487947165016
168.82371788024903,80.56871089367938,56.88543915748596,1.1986540148073022,3,25,8,"('tsfel', {'config_file': 'tsfel_config.json'})",pca,0.95,"('interpolate', ('polynomial', 3))","{'classifier__base_estimator__max_depth': 3, 'classifier__base_estimator__n_estimators': 25, 'feature_extraction__n_lags': 8, 'feature_extraction__params': ('tsfel', {'config_file': 'tsfel_config.json'}), 'feature_selection__strategy': 'pca', 'feature_selection__threshold': 0.95, 'imputation__params': ('interpolate', ('polynomial', 3))}",0.6168324244868297,0.6280666964804092,0.6219057614360163,0.47236373779637386,0.6329871248743598,0.5944311490147978,0.06127811628931224,221,0.7991354892405999,0.7729635085255695,0.7647594778079192,0.7375859402252857,0.7169060675317109,0.758270096666217,0.028519487947165016
168.9041675567627,79.76739340873553,57.71283297538757,0.8943757108899408,3,25,8,"('tsfel', {'config_file': 'tsfel_config.json'})",pca,0.95,"('ffill', None)","{'classifier__base_estimator__max_depth': 3, 'classifier__base_estimator__n_estimators': 25, 'feature_extraction__n_lags': 8, 'feature_extraction__params': ('tsfel', {'config_file': 'tsfel_config.json'}), 'feature_selection__strategy': 'pca', 'feature_selection__threshold': 0.95, 'imputation__params': ('ffill', None)}",0.6168324244868297,0.6280666964804092,0.6219057614360163,0.47236373779637386,0.6329871248743598,0.5944311490147978,0.06127811628931224,221,0.7991354892405999,0.7729635085255695,0.7647594778079192,0.7375859402252857,0.7169060675317109,0.758270096666217,0.028519487947165016
179.59549717903138,84.8486914411735,58.824755573272704,0.46931920570231694,3,50,3,"('tsfel', {'config_file': 'tsfel_config.json'})",correlation,0.85,"('interpolate', 'linear')","{'classifier__base_estimator__max_depth': 3, 'classifier__base_estimator__n_estimators': 50, 'feature_extraction__n_lags': 3, 'feature_extraction__params': ('tsfel', {'config_file': 'tsfel_config.json'}), 'feature_selection__strategy': 'correlation', 'feature_selection__threshold': 0.85, 'imputation__params': ('interpolate', 'linear')}",0.5304452071011816,0.652455195487418,0.5974071557971015,0.6262835012464847,0.6751626612343815,0.6163507441733135,0.050198911335573616,97,0.9567672218952826,0.9309191500968378,0.9282979167005819,0.9048781772925039,0.8848843375441038,0.9211493607058621,0.02447482783537611
179.38064045906066,85.08208798337353,58.71962985992432,0.2490115738254009,3,50,3,"('tsfel', {'config_file': 'tsfel_config.json'})",correlation,0.85,"('interpolate', ('polynomial', 2))","{'classifier__base_estimator__max_depth': 3, 'classifier__base_estimator__n_estimators': 50, 'feature_extraction__n_lags': 3, 'feature_extraction__params': ('tsfel', {'config_file': 'tsfel_config.json'}), 'feature_selection__strategy': 'correlation', 'feature_selection__threshold': 0.85, 'imputation__params': ('interpolate', ('polynomial', 2))}",0.5304452071011816,0.652455195487418,0.5974071557971015,0.6262835012464847,0.6751626612343815,0.6163507441733135,0.050198911335573616,97,0.9567672218952826,0.9309191500968378,0.9282979167005819,0.9048781772925039,0.8848843375441038,0.9211493607058621,0.02447482783537611
178.6243085861206,83.83584964523152,58.924415016174315,0.5385357421997615,3,50,3,"('tsfel', {'config_file': 'tsfel_config.json'})",correlation,0.85,"('interpolate', ('polynomial', 3))","{'classifier__base_estimator__max_depth': 3, 'classifier__base_estimator__n_estimators': 50, 'feature_extraction__n_lags': 3, 'feature_extraction__params': ('tsfel', {'config_file': 'tsfel_config.json'}), 'feature_selection__strategy': 'correlation', 'feature_selection__threshold': 0.85, 'imputation__params': ('interpolate', ('polynomial', 3))}",0.5304452071011816,0.652455195487418,0.5974071557971015,0.6262835012464847,0.6751626612343815,0.6163507441733135,0.050198911335573616,97,0.9567672218952826,0.9309191500968378,0.9282979167005819,0.9048781772925039,0.8848843375441038,0.9211493607058621,0.02447482783537611
179.58945579528807,85.60984531257664,58.71450562477112,0.9492876548857732,3,50,3,"('tsfel', {'config_file': 'tsfel_config.json'})",correlation,0.85,"('ffill', None)","{'classifier__base_estimator__max_depth': 3, 'classifier__base_estimator__n_estimators': 50, 'feature_extraction__n_lags': 3, 'feature_extraction__params': ('tsfel', {'config_file': 'tsfel_config.json'}), 'feature_selection__strategy': 'correlation', 'feature_selection__threshold': 0.85, 'imputation__params': ('ffill', None)}",0.5304452071011816,0.652455195487418,0.5974071557971015,0.6262835012464847,0.6751626612343815,0.6163507441733135,0.050198911335573616,97,0.9567672218952826,0.9309191500968378,0.9282979167005819,0.9048781772925039,0.8848843375441038,0.9211493607058621,0.02447482783537611
179.76700778007506,84.65687323850527,58.67334694862366,0.7358379738771298,3,50,3,"('tsfel', {'config_file': 'tsfel_config.json'})",correlation,0.9,"('interpolate', 'linear')","{'classifier__base_estimator__max_depth': 3, 'classifier__base_estimator__n_estimators': 50, 'feature_extraction__n_lags': 3, 'feature_extraction__params': ('tsfel', {'config_file': 'tsfel_config.json'}), 'feature_selection__strategy': 'correlation', 'feature_selection__threshold': 0.9, 'imputation__params': ('interpolate', 'linear')}",0.6051843211731953,0.603302834644063,0.6009601449275362,0.6487328280187088,0.6647510251389536,0.6245862307804914,0.026772664582679382,25,0.9588432879313825,0.9311124653934113,0.9267191187053287,0.8991915270365979,0.8874244969655198,0.9206581792064481,0.025177070545619122
178.61220169067383,83.8040840635843,58.94683237075806,0.4535793784679322,3,50,3,"('tsfel', {'config_file': 'tsfel_config.json'})",correlation,0.9,"('interpolate', ('polynomial', 2))","{'classifier__base_estimator__max_depth': 3, 'classifier__base_estimator__n_estimators': 50, 'feature_extraction__n_lags': 3, 'feature_extraction__params': ('tsfel', {'config_file': 'tsfel_config.json'}), 'feature_selection__strategy': 'correlation', 'feature_selection__threshold': 0.9, 'imputation__params': ('interpolate', ('polynomial', 2))}",0.6051843211731953,0.603302834644063,0.6009601449275362,0.6487328280187088,0.6647510251389536,0.6245862307804914,0.026772664582679382,25,0.9588432879313825,0.9311124653934113,0.9267191187053287,0.8991915270365979,0.8874244969655198,0.9206581792064481,0.025177070545619122
178.43359503746032,86.08352386659394,59.44167170524597,1.3246771658551435,3,50,3,"('tsfel', {'config_file': 'tsfel_config.json'})",correlation,0.9,"('interpolate', ('polynomial', 3))","{'classifier__base_estimator__max_depth': 3, 'classifier__base_estimator__n_estimators': 50, 'feature_extraction__n_lags': 3, 'feature_extraction__params': ('tsfel', {'config_file': 'tsfel_config.json'}), 'feature_selection__strategy': 'correlation', 'feature_selection__threshold': 0.9, 'imputation__params': ('interpolate', ('polynomial', 3))}",0.6051843211731953,0.603302834644063,0.6009601449275362,0.6487328280187088,0.6647510251389536,0.6245862307804914,0.026772664582679382,25,0.9588432879313825,0.9311124653934113,0.9267191187053287,0.8991915270365979,0.8874244969655198,0.9206581792064481,0.025177070545619122
179.06221475601197,83.55368300483813,59.126284742355345,0.45765338119861376,3,50,3,"('tsfel', {'config_file': 'tsfel_config.json'})",correlation,0.9,"('ffill', None)","{'classifier__base_estimator__max_depth': 3, 'classifier__base_estimator__n_estimators': 50, 'feature_extraction__n_lags': 3, 'feature_extraction__params': ('tsfel', {'config_file': 'tsfel_config.json'}), 'feature_selection__strategy': 'correlation', 'feature_selection__threshold': 0.9, 'imputation__params': ('ffill', None)}",0.6051843211731953,0.603302834644063,0.6009601449275362,0.6487328280187088,0.6647510251389536,0.6245862307804914,0.026772664582679382,25,0.9588432879313825,0.9311124653934113,0.9267191187053287,0.8991915270365979,0.8874244969655198,0.9206581792064481,0.025177070545619122
179.74606909751893,84.99130227631747,58.86476111412048,0.5726697311614335,3,50,3,"('tsfel', {'config_file': 'tsfel_config.json'})",correlation,0.95,"('interpolate', 'linear')","{'classifier__base_estimator__max_depth': 3, 'classifier__base_estimator__n_estimators': 50, 'feature_extraction__n_lags': 3, 'feature_extraction__params': ('tsfel', {'config_file': 'tsfel_config.json'}), 'feature_selection__strategy': 'correlation', 'feature_selection__threshold': 0.95, 'imputation__params': ('interpolate', 'linear')}",0.6207390293323762,0.5978168106599209,0.5497637379227053,0.6490804155929256,0.6723451754809592,0.6179490337977774,0.04240383996672643,69,0.9570813681424433,0.9270859260612875,0.9287711932472674,0.8976888060991658,0.8866868167633488,0.9194628220627026,0.024933057543751316
179.49376106262207,85.27321567556395,58.69728045463562,0.8463805385559474,3,50,3,"('tsfel', {'config_file': 'tsfel_config.json'})",correlation,0.95,"('interpolate', ('polynomial', 2))","{'classifier__base_estimator__max_depth': 3, 'classifier__base_estimator__n_estimators': 50, 'feature_extraction__n_lags': 3, 'feature_extraction__params': ('tsfel', {'config_file': 'tsfel_config.json'}), 'feature_selection__strategy': 'correlation', 'feature_selection__threshold': 0.95, 'imputation__params': ('interpolate', ('polynomial', 2))}",0.6207390293323762,0.5978168106599209,0.5497637379227053,0.6490804155929256,0.6723451754809592,0.6179490337977774,0.04240383996672643,69,0.9570813681424433,0.9270859260612875,0.9287711932472674,0.8976888060991658,0.8866868167633488,0.9194628220627026,0.024933057543751316
179.87617526054382,84.32161513631964,59.002400398254395,1.2402830353839467,3,50,3,"('tsfel', {'config_file': 'tsfel_config.json'})",correlation,0.95,"('interpolate', ('polynomial', 3))","{'classifier__base_estimator__max_depth': 3, 'classifier__base_estimator__n_estimators': 50, 'feature_extraction__n_lags': 3, 'feature_extraction__params': ('tsfel', {'config_file': 'tsfel_config.json'}), 'feature_selection__strategy': 'correlation', 'feature_selection__threshold': 0.95, 'imputation__params': ('interpolate', ('polynomial', 3))}",0.6207390293323762,0.5978168106599209,0.5497637379227053,0.6490804155929256,0.6723451754809592,0.6179490337977774,0.04240383996672643,69,0.9570813681424433,0.9270859260612875,0.9287711932472674,0.8976888060991658,0.8866868167633488,0.9194628220627026,0.024933057543751316
181.29588341712952,86.79002867227149,60.063051319122316,1.4910827011230343,3,50,3,"('tsfel', {'config_file': 'tsfel_config.json'})",correlation,0.95,"('ffill', None)","{'classifier__base_estimator__max_depth': 3, 'classifier__base_estimator__n_estimators': 50, 'feature_extraction__n_lags': 3, 'feature_extraction__params': ('tsfel', {'config_file': 'tsfel_config.json'}), 'feature_selection__strategy': 'correlation', 'feature_selection__threshold': 0.95, 'imputation__params': ('ffill', None)}",0.6207390293323762,0.5978168106599209,0.5497637379227053,0.6490804155929256,0.6723451754809592,0.6179490337977774,0.04240383996672643,69,0.9570813681424433,0.9270859260612875,0.9287711932472674,0.8976888060991658,0.8866868167633488,0.9194628220627026,0.024933057543751316
181.79047322273254,88.05766033723462,60.65125689506531,1.800439438031914,3,50,3,"('tsfel', {'config_file': 'tsfel_config.json'})",pca,0.85,"('interpolate', 'linear')","{'classifier__base_estimator__max_depth': 3, 'classifier__base_estimator__n_estimators': 50, 'feature_extraction__n_lags': 3, 'feature_extraction__params': ('tsfel', {'config_file': 'tsfel_config.json'}), 'feature_selection__strategy': 'pca', 'feature_selection__threshold': 0.85, 'imputation__params': ('interpolate', 'linear')}",0.4991401419139694,0.6039233486676799,0.6204174214975845,0.5580870292078572,0.6097370639317921,0.5782610010437766,0.044930083229510843,373,0.8397086542315926,0.7913632846766908,0.7790559535267143,0.7462575339717773,0.739356197794723,0.7791483248402997,0.036005512830716103
178.82298436164857,82.42120913214141,60.008078050613406,1.502875684578607,3,50,3,"('tsfel', {'config_file': 'tsfel_config.json'})",pca,0.85,"('interpolate', ('polynomial', 2))","{'classifier__base_estimator__max_depth': 3, 'classifier__base_estimator__n_estimators': 50, 'feature_extraction__n_lags': 3, 'feature_extraction__params': ('tsfel', {'config_file': 'tsfel_config.json'}), 'feature_selection__strategy': 'pca', 'feature_selection__threshold': 0.85, 'imputation__params': ('interpolate', ('polynomial', 2))}",0.4991401419139694,0.6039233486676799,0.6204174214975845,0.5580870292078572,0.6097370639317921,0.5782610010437766,0.044930083229510843,373,0.8397086542315926,0.7913632846766908,0.7790559535267143,0.7462575339717773,0.739356197794723,0.7791483248402997,0.036005512830716103
178.41537928581238,84.09285382431057,59.382139444351196,0.5567915833821715,3,50,3,"('tsfel', {'config_file': 'tsfel_config.json'})",pca,0.85,"('interpolate', ('polynomial', 3))","{'classifier__base_estimator__max_depth': 3, 'classifier__base_estimator__n_estimators': 50, 'feature_extraction__n_lags': 3, 'feature_extraction__params': ('tsfel', {'config_file': 'tsfel_config.json'}), 'feature_selection__strategy': 'pca', 'feature_selection__threshold': 0.85, 'imputation__params': ('interpolate', ('polynomial', 3))}",0.4991401419139694,0.6039233486676799,0.6204174214975845,0.5580870292078572,0.6097370639317921,0.5782610010437766,0.044930083229510843,373,0.8397086542315926,0.7913632846766908,0.7790559535267143,0.7462575339717773,0.739356197794723,0.7791483248402997,0.036005512830716103
176.66752324104309,82.60484076239695,58.89679317474365,0.47353762881019634,3,50,3,"('tsfel', {'config_file': 'tsfel_config.json'})",pca,0.85,"('ffill', None)","{'classifier__base_estimator__max_depth': 3, 'classifier__base_estimator__n_estimators': 50, 'feature_extraction__n_lags': 3, 'feature_extraction__params': ('tsfel', {'config_file': 'tsfel_config.json'}), 'feature_selection__strategy': 'pca', 'feature_selection__threshold': 0.85, 'imputation__params': ('ffill', None)}",0.4991401419139694,0.6039233486676799,0.6204174214975845,0.5580870292078572,0.6097370639317921,0.5782610010437766,0.044930083229510843,373,0.8397086542315926,0.7913632846766908,0.7790559535267143,0.7462575339717773,0.739356197794723,0.7791483248402997,0.036005512830716103
175.40403847694398,81.9833521111098,59.67862153053284,1.320710614670704,3,50,3,"('tsfel', {'config_file': 'tsfel_config.json'})",pca,0.9,"('interpolate', 'linear')","{'classifier__base_estimator__max_depth': 3, 'classifier__base_estimator__n_estimators': 50, 'feature_extraction__n_lags': 3, 'feature_extraction__params': ('tsfel', {'config_file': 'tsfel_config.json'}), 'feature_selection__strategy': 'pca', 'feature_selection__threshold': 0.9, 'imputation__params': ('interpolate', 'linear')}",0.4991401419139694,0.6039233486676799,0.6204174214975845,0.5580870292078572,0.6097370639317921,0.5782610010437766,0.044930083229510843,373,0.8397086542315926,0.7913632846766908,0.7790559535267143,0.7462575339717773,0.739356197794723,0.7791483248402997,0.036005512830716103
178.5130474090576,85.5893012468222,59.32190117835999,0.8948520426627858,3,50,3,"('tsfel', {'config_file': 'tsfel_config.json'})",pca,0.9,"('interpolate', ('polynomial', 2))","{'classifier__base_estimator__max_depth': 3, 'classifier__base_estimator__n_estimators': 50, 'feature_extraction__n_lags': 3, 'feature_extraction__params': ('tsfel', {'config_file': 'tsfel_config.json'}), 'feature_selection__strategy': 'pca', 'feature_selection__threshold': 0.9, 'imputation__params': ('interpolate', ('polynomial', 2))}",0.4991401419139694,0.6039233486676799,0.6204174214975845,0.5580870292078572,0.6097370639317921,0.5782610010437766,0.044930083229510843,373,0.8397086542315926,0.7913632846766908,0.7790559535267143,0.7462575339717773,0.739356197794723,0.7791483248402997,0.036005512830716103
176.23273086547852,82.69574987386939,59.08659324645996,0.47633408543002775,3,50,3,"('tsfel', {'config_file': 'tsfel_config.json'})",pca,0.9,"('interpolate', ('polynomial', 3))","{'classifier__base_estimator__max_depth': 3, 'classifier__base_estimator__n_estimators': 50, 'feature_extraction__n_lags': 3, 'feature_extraction__params': ('tsfel', {'config_file': 'tsfel_config.json'}), 'feature_selection__strategy': 'pca', 'feature_selection__threshold': 0.9, 'imputation__params': ('interpolate', ('polynomial', 3))}",0.4991401419139694,0.6039233486676799,0.6204174214975845,0.5580870292078572,0.6097370639317921,0.5782610010437766,0.044930083229510843,373,0.8397086542315926,0.7913632846766908,0.7790559535267143,0.7462575339717773,0.739356197794723,0.7791483248402997,0.036005512830716103
176.5639982700348,83.83783880857568,59.11429238319397,0.6834415300557579,3,50,3,"('tsfel', {'config_file': 'tsfel_config.json'})",pca,0.9,"('ffill', None)","{'classifier__base_estimator__max_depth': 3, 'classifier__base_estimator__n_estimators': 50, 'feature_extraction__n_lags': 3, 'feature_extraction__params': ('tsfel', {'config_file': 'tsfel_config.json'}), 'feature_selection__strategy': 'pca', 'feature_selection__threshold': 0.9, 'imputation__params': ('ffill', None)}",0.4991401419139694,0.6039233486676799,0.6204174214975845,0.5580870292078572,0.6097370639317921,0.5782610010437766,0.044930083229510843,373,0.8397086542315926,0.7913632846766908,0.7790559535267143,0.7462575339717773,0.739356197794723,0.7791483248402997,0.036005512830716103
178.08206295967102,84.26593133707276,59.06171851158142,0.6323100584610871,3,50,3,"('tsfel', {'config_file': 'tsfel_config.json'})",pca,0.95,"('interpolate', 'linear')","{'classifier__base_estimator__max_depth': 3, 'classifier__base_estimator__n_estimators': 50, 'feature_extraction__n_lags': 3, 'feature_extraction__params': ('tsfel', {'config_file': 'tsfel_config.json'}), 'feature_selection__strategy': 'pca', 'feature_selection__threshold': 0.95, 'imputation__params': ('interpolate', 'linear')}",0.4991401419139694,0.6039233486676799,0.6204174214975845,0.5580870292078572,0.6097370639317921,0.5782610010437766,0.044930083229510843,373,0.8397086542315926,0.7913632846766908,0.7790559535267143,0.7462575339717773,0.739356197794723,0.7791483248402997,0.036005512830716103
176.1525387763977,82.96553271408168,59.010842418670656,0.38305003586738207,3,50,3,"('tsfel', {'config_file': 'tsfel_config.json'})",pca,0.95,"('interpolate', ('polynomial', 2))","{'classifier__base_estimator__max_depth': 3, 'classifier__base_estimator__n_estimators': 50, 'feature_extraction__n_lags': 3, 'feature_extraction__params': ('tsfel', {'config_file': 'tsfel_config.json'}), 'feature_selection__strategy': 'pca', 'feature_selection__threshold': 0.95, 'imputation__params': ('interpolate', ('polynomial', 2))}",0.4991401419139694,0.6039233486676799,0.6204174214975845,0.5580870292078572,0.6097370639317921,0.5782610010437766,0.044930083229510843,373,0.8397086542315926,0.7913632846766908,0.7790559535267143,0.7462575339717773,0.739356197794723,0.7791483248402997,0.036005512830716103
177.57189478874207,84.07680188775441,59.42084288597107,0.4310910032804948,3,50,3,"('tsfel', {'config_file': 'tsfel_config.json'})",pca,0.95,"('interpolate', ('polynomial', 3))","{'classifier__base_estimator__max_depth': 3, 'classifier__base_estimator__n_estimators': 50, 'feature_extraction__n_lags': 3, 'feature_extraction__params': ('tsfel', {'config_file': 'tsfel_config.json'}), 'feature_selection__strategy': 'pca', 'feature_selection__threshold': 0.95, 'imputation__params': ('interpolate', ('polynomial', 3))}",0.4991401419139694,0.6039233486676799,0.6204174214975845,0.5580870292078572,0.6097370639317921,0.5782610010437766,0.044930083229510843,373,0.8397086542315926,0.7913632846766908,0.7790559535267143,0.7462575339717773,0.739356197794723,0.7791483248402997,0.036005512830716103
176.30964183807373,82.94368145026144,58.55227041244507,0.32939122353142464,3,50,3,"('tsfel', {'config_file': 'tsfel_config.json'})",pca,0.95,"('ffill', None)","{'classifier__base_estimator__max_depth': 3, 'classifier__base_estimator__n_estimators': 50, 'feature_extraction__n_lags': 3, 'feature_extraction__params': ('tsfel', {'config_file': 'tsfel_config.json'}), 'feature_selection__strategy': 'pca', 'feature_selection__threshold': 0.95, 'imputation__params': ('ffill', None)}",0.4991401419139694,0.6039233486676799,0.6204174214975845,0.5580870292078572,0.6097370639317921,0.5782610010437766,0.044930083229510843,373,0.8397086542315926,0.7913632846766908,0.7790559535267143,0.7462575339717773,0.739356197794723,0.7791483248402997,0.036005512830716103
175.3867757320404,83.53395479589783,58.10585541725159,1.0083114727914166,3,50,5,"('tsfel', {'config_file': 'tsfel_config.json'})",correlation,0.85,"('interpolate', 'linear')","{'classifier__base_estimator__max_depth': 3, 'classifier__base_estimator__n_estimators': 50, 'feature_extraction__n_lags': 5, 'feature_extraction__params': ('tsfel', {'config_file': 'tsfel_config.json'}), 'feature_selection__strategy': 'correlation', 'feature_selection__threshold': 0.85, 'imputation__params': ('interpolate', 'linear')}",0.5044939909505968,0.6824963733118524,0.5876411021906645,0.6579279314007676,0.6397006894603494,0.6144520174628461,0.06319379346974177,117,0.9604538527694373,0.9342342325350681,0.9303609913793104,0.905418323105084,0.890090886310168,0.9241116572198136,0.024368543162974043
176.02307405471802,83.35384770810482,58.337996292114255,1.0314248615212565,3,50,5,"('tsfel', {'config_file': 'tsfel_config.json'})",correlation,0.85,"('interpolate', ('polynomial', 2))","{'classifier__base_estimator__max_depth': 3, 'classifier__base_estimator__n_estimators': 50, 'feature_extraction__n_lags': 5, 'feature_extraction__params': ('tsfel', {'config_file': 'tsfel_config.json'}), 'feature_selection__strategy': 'correlation', 'feature_selection__threshold': 0.85, 'imputation__params': ('interpolate', ('polynomial', 2))}",0.5044939909505968,0.6824963733118524,0.5876411021906645,0.6579279314007676,0.6397006894603494,0.6144520174628461,0.06319379346974177,117,0.9604538527694373,0.9342342325350681,0.9303609913793104,0.905418323105084,0.890090886310168,0.9241116572198136,0.024368543162974043
175.6970868587494,83.79997205474453,57.99570527076721,0.6610425201102851,3,50,5,"('tsfel', {'config_file': 'tsfel_config.json'})",correlation,0.85,"('interpolate', ('polynomial', 3))","{'classifier__base_estimator__max_depth': 3, 'classifier__base_estimator__n_estimators': 50, 'feature_extraction__n_lags': 5, 'feature_extraction__params': ('tsfel', {'config_file': 'tsfel_config.json'}), 'feature_selection__strategy': 'correlation', 'feature_selection__threshold': 0.85, 'imputation__params': ('interpolate', ('polynomial', 3))}",0.5044939909505968,0.6824963733118524,0.5876411021906645,0.6579279314007676,0.6397006894603494,0.6144520174628461,0.06319379346974177,117,0.9604538527694373,0.9342342325350681,0.9303609913793104,0.905418323105084,0.890090886310168,0.9241116572198136,0.024368543162974043
174.8578987121582,83.46182581100581,58.17745676040649,0.632449572312708,3,50,5,"('tsfel', {'config_file': 'tsfel_config.json'})",correlation,0.85,"('ffill', None)","{'classifier__base_estimator__max_depth': 3, 'classifier__base_estimator__n_estimators': 50, 'feature_extraction__n_lags': 5, 'feature_extraction__params': ('tsfel', {'config_file': 'tsfel_config.json'}), 'feature_selection__strategy': 'correlation', 'feature_selection__threshold': 0.85, 'imputation__params': ('ffill', None)}",0.5044939909505968,0.6824963733118524,0.5876411021906645,0.6579279314007676,0.6397006894603494,0.6144520174628461,0.06319379346974177,117,0.9604538527694373,0.9342342325350681,0.9303609913793104,0.905418323105084,0.890090886310168,0.9241116572198136,0.024368543162974043
176.3988275527954,81.99230177094681,58.18418574333191,0.7542320386732959,3,50,5,"('tsfel', {'config_file': 'tsfel_config.json'})",correlation,0.9,"('interpolate', 'linear')","{'classifier__base_estimator__max_depth': 3, 'classifier__base_estimator__n_estimators': 50, 'feature_extraction__n_lags': 5, 'feature_extraction__params': ('tsfel', {'config_file': 'tsfel_config.json'}), 'feature_selection__strategy': 'correlation', 'feature_selection__threshold': 0.9, 'imputation__params': ('interpolate', 'linear')}",0.5617488688246013,0.5823988893601703,0.5958631540726994,0.6298142817982457,0.6588142341340254,0.6057278856379484,0.03456594796237881,149,0.9566727522368244,0.9330063980362192,0.9297001375956759,0.9082345006296564,0.8936591687064277,0.9242545914409608,0.021679061063144
176.59306077957154,83.78225045036663,58.00276427268982,0.7400409221116484,3,50,5,"('tsfel', {'config_file': 'tsfel_config.json'})",correlation,0.9,"('interpolate', ('polynomial', 2))","{'classifier__base_estimator__max_depth': 3, 'classifier__base_estimator__n_estimators': 50, 'feature_extraction__n_lags': 5, 'feature_extraction__params': ('tsfel', {'config_file': 'tsfel_config.json'}), 'feature_selection__strategy': 'correlation', 'feature_selection__threshold': 0.9, 'imputation__params': ('interpolate', ('polynomial', 2))}",0.5617488688246013,0.5823988893601703,0.5958631540726994,0.6298142817982457,0.6588142341340254,0.6057278856379484,0.03456594796237881,149,0.9566727522368244,0.9330063980362192,0.9297001375956759,0.9082345006296564,0.8936591687064277,0.9242545914409608,0.021679061063144
176.20130915641784,83.66559284254026,58.07037220001221,1.4241715424398593,3,50,5,"('tsfel', {'config_file': 'tsfel_config.json'})",correlation,0.9,"('interpolate', ('polynomial', 3))","{'classifier__base_estimator__max_depth': 3, 'classifier__base_estimator__n_estimators': 50, 'feature_extraction__n_lags': 5, 'feature_extraction__params': ('tsfel', {'config_file': 'tsfel_config.json'}), 'feature_selection__strategy': 'correlation', 'feature_selection__threshold': 0.9, 'imputation__params': ('interpolate', ('polynomial', 3))}",0.5617488688246013,0.5823988893601703,0.5958631540726994,0.6298142817982457,0.6588142341340254,0.6057278856379484,0.03456594796237881,149,0.9566727522368244,0.9330063980362192,0.9297001375956759,0.9082345006296564,0.8936591687064277,0.9242545914409608,0.021679061063144
177.39716234207154,84.61016917481335,57.659114599227905,0.745697580194164,3,50,5,"('tsfel', {'config_file': 'tsfel_config.json'})",correlation,0.9,"('ffill', None)","{'classifier__base_estimator__max_depth': 3, 'classifier__base_estimator__n_estimators': 50, 'feature_extraction__n_lags': 5, 'feature_extraction__params': ('tsfel', {'config_file': 'tsfel_config.json'}), 'feature_selection__strategy': 'correlation', 'feature_selection__threshold': 0.9, 'imputation__params': ('ffill', None)}",0.5617488688246013,0.5823988893601703,0.5958631540726994,0.6298142817982457,0.6588142341340254,0.6057278856379484,0.03456594796237881,149,0.9566727522368244,0.9330063980362192,0.9297001375956759,0.9082345006296564,0.8936591687064277,0.9242545914409608,0.021679061063144
176.02583107948303,84.2578378040836,58.70343251228333,1.7554973301198877,3,50,5,"('tsfel', {'config_file': 'tsfel_config.json'})",correlation,0.95,"('interpolate', 'linear')","{'classifier__base_estimator__max_depth': 3, 'classifier__base_estimator__n_estimators': 50, 'feature_extraction__n_lags': 5, 'feature_extraction__params': ('tsfel', {'config_file': 'tsfel_config.json'}), 'feature_selection__strategy': 'correlation', 'feature_selection__threshold': 0.95, 'imputation__params': ('interpolate', 'linear')}",0.5983073316544847,0.561317762039357,0.6240682615887361,0.6555518434758771,0.6537657688674665,0.6186021935251842,0.03556689210884665,65,0.9609404469122018,0.9294711871471568,0.9302942073371209,0.9032166988164151,0.8910969251233902,0.9230038930672568,0.024264147840759538
176.01708631515504,83.82472499475959,58.67246651649475,1.2379166919415507,3,50,5,"('tsfel', {'config_file': 'tsfel_config.json'})",correlation,0.95,"('interpolate', ('polynomial', 2))","{'classifier__base_estimator__max_depth': 3, 'classifier__base_estimator__n_estimators': 50, 'feature_extraction__n_lags': 5, 'feature_extraction__params': ('tsfel', {'config_file': 'tsfel_config.json'}), 'feature_selection__strategy': 'correlation', 'feature_selection__threshold': 0.95, 'imputation__params': ('interpolate', ('polynomial', 2))}",0.5983073316544847,0.561317762039357,0.6240682615887361,0.6555518434758771,0.6537657688674665,0.6186021935251842,0.03556689210884665,65,0.9609404469122018,0.9294711871471568,0.9302942073371209,0.9032166988164151,0.8910969251233902,0.9230038930672568,0.024264147840759538
175.9475585460663,83.1214699086343,58.53594999313354,0.5270791978558426,3,50,5,"('tsfel', {'config_file': 'tsfel_config.json'})",correlation,0.95,"('interpolate', ('polynomial', 3))","{'classifier__base_estimator__max_depth': 3, 'classifier__base_estimator__n_estimators': 50, 'feature_extraction__n_lags': 5, 'feature_extraction__params': ('tsfel', {'config_file': 'tsfel_config.json'}), 'feature_selection__strategy': 'correlation', 'feature_selection__threshold': 0.95, 'imputation__params': ('interpolate', ('polynomial', 3))}",0.5983073316544847,0.561317762039357,0.6240682615887361,0.6555518434758771,0.6537657688674665,0.6186021935251842,0.03556689210884665,65,0.9609404469122018,0.9294711871471568,0.9302942073371209,0.9032166988164151,0.8910969251233902,0.9230038930672568,0.024264147840759538
175.70659294128419,83.56054198540826,58.17193160057068,0.7083484359177626,3,50,5,"('tsfel', {'config_file': 'tsfel_config.json'})",correlation,0.95,"('ffill', None)","{'classifier__base_estimator__max_depth': 3, 'classifier__base_estimator__n_estimators': 50, 'feature_extraction__n_lags': 5, 'feature_extraction__params': ('tsfel', {'config_file': 'tsfel_config.json'}), 'feature_selection__strategy': 'correlation', 'feature_selection__threshold': 0.95, 'imputation__params': ('ffill', None)}",0.5983073316544847,0.561317762039357,0.6240682615887361,0.6555518434758771,0.6537657688674665,0.6186021935251842,0.03556689210884665,65,0.9609404469122018,0.9294711871471568,0.9302942073371209,0.9032166988164151,0.8910969251233902,0.9230038930672568,0.024264147840759538
173.03745331764222,81.5855172935776,58.3881697177887,0.8712689619385982,3,50,5,"('tsfel', {'config_file': 'tsfel_config.json'})",pca,0.85,"('interpolate', 'linear')","{'classifier__base_estimator__max_depth': 3, 'classifier__base_estimator__n_estimators': 50, 'feature_extraction__n_lags': 5, 'feature_extraction__params': ('tsfel', {'config_file': 'tsfel_config.json'}), 'feature_selection__strategy': 'pca', 'feature_selection__threshold': 0.85, 'imputation__params': ('interpolate', 'linear')}",0.5572523186536453,0.5870690300435915,0.6179771654496309,0.5234310752467105,0.6072956116422574,0.5786050402071672,0.03448204572391637,357,0.8386212411545484,0.7906047084906831,0.7726394820681763,0.7444351917470745,0.721760709473375,0.7736122665867715,0.040139112688788704
174.0390344142914,83.4054311525499,58.36848554611206,0.52631114627107,3,50,5,"('tsfel', {'config_file': 'tsfel_config.json'})",pca,0.85,"('interpolate', ('polynomial', 2))","{'classifier__base_estimator__max_depth': 3, 'classifier__base_estimator__n_estimators': 50, 'feature_extraction__n_lags': 5, 'feature_extraction__params': ('tsfel', {'config_file': 'tsfel_config.json'}), 'feature_selection__strategy': 'pca', 'feature_selection__threshold': 0.85, 'imputation__params': ('interpolate', ('polynomial', 2))}",0.5572523186536453,0.5870690300435915,0.6179771654496309,0.5234310752467105,0.6072956116422574,0.5786050402071672,0.03448204572391637,357,0.8386212411545484,0.7906047084906831,0.7726394820681763,0.7444351917470745,0.721760709473375,0.7736122665867715,0.040139112688788704
174.51333289146424,83.49407233684661,58.11484260559082,0.7591543329039893,3,50,5,"('tsfel', {'config_file': 'tsfel_config.json'})",pca,0.85,"('interpolate', ('polynomial', 3))","{'classifier__base_estimator__max_depth': 3, 'classifier__base_estimator__n_estimators': 50, 'feature_extraction__n_lags': 5, 'feature_extraction__params': ('tsfel', {'config_file': 'tsfel_config.json'}), 'feature_selection__strategy': 'pca', 'feature_selection__threshold': 0.85, 'imputation__params': ('interpolate', ('polynomial', 3))}",0.5572523186536453,0.5870690300435915,0.6179771654496309,0.5234310752467105,0.6072956116422574,0.5786050402071672,0.03448204572391637,357,0.8386212411545484,0.7906047084906831,0.7726394820681763,0.7444351917470745,0.721760709473375,0.7736122665867715,0.040139112688788704
173.49134063720703,81.72413861370737,58.70651254653931,1.0765859632515327,3,50,5,"('tsfel', {'config_file': 'tsfel_config.json'})",pca,0.85,"('ffill', None)","{'classifier__base_estimator__max_depth': 3, 'classifier__base_estimator__n_estimators': 50, 'feature_extraction__n_lags': 5, 'feature_extraction__params': ('tsfel', {'config_file': 'tsfel_config.json'}), 'feature_selection__strategy': 'pca', 'feature_selection__threshold': 0.85, 'imputation__params': ('ffill', None)}",0.5572523186536453,0.5870690300435915,0.6179771654496309,0.5234310752467105,0.6072956116422574,0.5786050402071672,0.03448204572391637,357,0.8386212411545484,0.7906047084906831,0.7726394820681763,0.7444351917470745,0.721760709473375,0.7736122665867715,0.040139112688788704
172.76572561264038,82.3825442051836,58.462500190734865,0.9530978694720492,3,50,5,"('tsfel', {'config_file': 'tsfel_config.json'})",pca,0.9,"('interpolate', 'linear')","{'classifier__base_estimator__max_depth': 3, 'classifier__base_estimator__n_estimators': 50, 'feature_extraction__n_lags': 5, 'feature_extraction__params': ('tsfel', {'config_file': 'tsfel_config.json'}), 'feature_selection__strategy': 'pca', 'feature_selection__threshold': 0.9, 'imputation__params': ('interpolate', 'linear')}",0.5572523186536453,0.5870690300435915,0.6179771654496309,0.5234310752467105,0.6072956116422574,0.5786050402071672,0.03448204572391637,357,0.8386212411545484,0.7906047084906831,0.7726394820681763,0.7444351917470745,0.721760709473375,0.7736122665867715,0.040139112688788704
173.91927175521852,82.65291418395145,58.14873924255371,0.8836037447721655,3,50,5,"('tsfel', {'config_file': 'tsfel_config.json'})",pca,0.9,"('interpolate', ('polynomial', 2))","{'classifier__base_estimator__max_depth': 3, 'classifier__base_estimator__n_estimators': 50, 'feature_extraction__n_lags': 5, 'feature_extraction__params': ('tsfel', {'config_file': 'tsfel_config.json'}), 'feature_selection__strategy': 'pca', 'feature_selection__threshold': 0.9, 'imputation__params': ('interpolate', ('polynomial', 2))}",0.5572523186536453,0.5870690300435915,0.6179771654496309,0.5234310752467105,0.6072956116422574,0.5786050402071672,0.03448204572391637,357,0.8386212411545484,0.7906047084906831,0.7726394820681763,0.7444351917470745,0.721760709473375,0.7736122665867715,0.040139112688788704
172.97867856025695,81.09374807431476,58.22019648551941,0.48955935620290286,3,50,5,"('tsfel', {'config_file': 'tsfel_config.json'})",pca,0.9,"('interpolate', ('polynomial', 3))","{'classifier__base_estimator__max_depth': 3, 'classifier__base_estimator__n_estimators': 50, 'feature_extraction__n_lags': 5, 'feature_extraction__params': ('tsfel', {'config_file': 'tsfel_config.json'}), 'feature_selection__strategy': 'pca', 'feature_selection__threshold': 0.9, 'imputation__params': ('interpolate', ('polynomial', 3))}",0.5572523186536453,0.5870690300435915,0.6179771654496309,0.5234310752467105,0.6072956116422574,0.5786050402071672,0.03448204572391637,357,0.8386212411545484,0.7906047084906831,0.7726394820681763,0.7444351917470745,0.721760709473375,0.7736122665867715,0.040139112688788704
174.95357341766356,83.89974213507311,58.874402141571046,0.6482401234760675,3,50,5,"('tsfel', {'config_file': 'tsfel_config.json'})",pca,0.9,"('ffill', None)","{'classifier__base_estimator__max_depth': 3, 'classifier__base_estimator__n_estimators': 50, 'feature_extraction__n_lags': 5, 'feature_extraction__params': ('tsfel', {'config_file': 'tsfel_config.json'}), 'feature_selection__strategy': 'pca', 'feature_selection__threshold': 0.9, 'imputation__params': ('ffill', None)}",0.5572523186536453,0.5870690300435915,0.6179771654496309,0.5234310752467105,0.6072956116422574,0.5786050402071672,0.03448204572391637,357,0.8386212411545484,0.7906047084906831,0.7726394820681763,0.7444351917470745,0.721760709473375,0.7736122665867715,0.040139112688788704
174.21613078117372,82.27271465756561,58.60380082130432,1.023502559827574,3,50,5,"('tsfel', {'config_file': 'tsfel_config.json'})",pca,0.95,"('interpolate', 'linear')","{'classifier__base_estimator__max_depth': 3, 'classifier__base_estimator__n_estimators': 50, 'feature_extraction__n_lags': 5, 'feature_extraction__params': ('tsfel', {'config_file': 'tsfel_config.json'}), 'feature_selection__strategy': 'pca', 'feature_selection__threshold': 0.95, 'imputation__params': ('interpolate', 'linear')}",0.5572523186536453,0.5870690300435915,0.6179771654496309,0.5234310752467105,0.6072956116422574,0.5786050402071672,0.03448204572391637,357,0.8386212411545484,0.7906047084906831,0.7726394820681763,0.7444351917470745,0.721760709473375,0.7736122665867715,0.040139112688788704
172.92160921096803,81.98575342705874,58.14489359855652,0.37672115183041927,3,50,5,"('tsfel', {'config_file': 'tsfel_config.json'})",pca,0.95,"('interpolate', ('polynomial', 2))","{'classifier__base_estimator__max_depth': 3, 'classifier__base_estimator__n_estimators': 50, 'feature_extraction__n_lags': 5, 'feature_extraction__params': ('tsfel', {'config_file': 'tsfel_config.json'}), 'feature_selection__strategy': 'pca', 'feature_selection__threshold': 0.95, 'imputation__params': ('interpolate', ('polynomial', 2))}",0.5572523186536453,0.5870690300435915,0.6179771654496309,0.5234310752467105,0.6072956116422574,0.5786050402071672,0.03448204572391637,357,0.8386212411545484,0.7906047084906831,0.7726394820681763,0.7444351917470745,0.721760709473375,0.7736122665867715,0.040139112688788704
173.37908549308776,82.46189493462255,58.33118019104004,0.5446485948074743,3,50,5,"('tsfel', {'config_file': 'tsfel_config.json'})",pca,0.95,"('interpolate', ('polynomial', 3))","{'classifier__base_estimator__max_depth': 3, 'classifier__base_estimator__n_estimators': 50, 'feature_extraction__n_lags': 5, 'feature_extraction__params': ('tsfel', {'config_file': 'tsfel_config.json'}), 'feature_selection__strategy': 'pca', 'feature_selection__threshold': 0.95, 'imputation__params': ('interpolate', ('polynomial', 3))}",0.5572523186536453,0.5870690300435915,0.6179771654496309,0.5234310752467105,0.6072956116422574,0.5786050402071672,0.03448204572391637,357,0.8386212411545484,0.7906047084906831,0.7726394820681763,0.7444351917470745,0.721760709473375,0.7736122665867715,0.040139112688788704
173.26577773094178,82.33409848924003,58.30403466224671,1.1060890026754602,3,50,5,"('tsfel', {'config_file': 'tsfel_config.json'})",pca,0.95,"('ffill', None)","{'classifier__base_estimator__max_depth': 3, 'classifier__base_estimator__n_estimators': 50, 'feature_extraction__n_lags': 5, 'feature_extraction__params': ('tsfel', {'config_file': 'tsfel_config.json'}), 'feature_selection__strategy': 'pca', 'feature_selection__threshold': 0.95, 'imputation__params': ('ffill', None)}",0.5572523186536453,0.5870690300435915,0.6179771654496309,0.5234310752467105,0.6072956116422574,0.5786050402071672,0.03448204572391637,357,0.8386212411545484,0.7906047084906831,0.7726394820681763,0.7444351917470745,0.721760709473375,0.7736122665867715,0.040139112688788704
171.72036185264588,82.38159280709493,58.08890118598938,1.7756203695223929,3,50,8,"('tsfel', {'config_file': 'tsfel_config.json'})",correlation,0.85,"('interpolate', 'linear')","{'classifier__base_estimator__max_depth': 3, 'classifier__base_estimator__n_estimators': 50, 'feature_extraction__n_lags': 8, 'feature_extraction__params': ('tsfel', {'config_file': 'tsfel_config.json'}), 'feature_selection__strategy': 'correlation', 'feature_selection__threshold': 0.85, 'imputation__params': ('interpolate', 'linear')}",0.4916910050346701,0.6796631047090022,0.607885784597568,0.6783754532775453,0.6658564157965872,0.6246943526830746,0.07151217818924249,21,0.9636358449787228,0.9414171177324298,0.9369852449768706,0.9109177231738836,0.8945408194167199,0.9294993500557254,0.02421052587949474
173.31449184417724,83.59089268953143,57.84449472427368,1.4831778479482984,3,50,8,"('tsfel', {'config_file': 'tsfel_config.json'})",correlation,0.85,"('interpolate', ('polynomial', 2))","{'classifier__base_estimator__max_depth': 3, 'classifier__base_estimator__n_estimators': 50, 'feature_extraction__n_lags': 8, 'feature_extraction__params': ('tsfel', {'config_file': 'tsfel_config.json'}), 'feature_selection__strategy': 'correlation', 'feature_selection__threshold': 0.85, 'imputation__params': ('interpolate', ('polynomial', 2))}",0.4916910050346701,0.6796631047090022,0.607885784597568,0.6783754532775453,0.6658564157965872,0.6246943526830746,0.07151217818924249,21,0.9636358449787228,0.9414171177324298,0.9369852449768706,0.9109177231738836,0.8945408194167199,0.9294993500557254,0.02421052587949474
171.17580013275148,81.62868412670079,57.02521748542786,1.0290260413019774,3,50,8,"('tsfel', {'config_file': 'tsfel_config.json'})",correlation,0.85,"('interpolate', ('polynomial', 3))","{'classifier__base_estimator__max_depth': 3, 'classifier__base_estimator__n_estimators': 50, 'feature_extraction__n_lags': 8, 'feature_extraction__params': ('tsfel', {'config_file': 'tsfel_config.json'}), 'feature_selection__strategy': 'correlation', 'feature_selection__threshold': 0.85, 'imputation__params': ('interpolate', ('polynomial', 3))}",0.4916910050346701,0.6796631047090022,0.607885784597568,0.6783754532775453,0.6658564157965872,0.6246943526830746,0.07151217818924249,21,0.9636358449787228,0.9414171177324298,0.9369852449768706,0.9109177231738836,0.8945408194167199,0.9294993500557254,0.02421052587949474
171.3064799785614,81.6452380015332,57.54870257377625,0.97526261574433,3,50,8,"('tsfel', {'config_file': 'tsfel_config.json'})",correlation,0.85,"('ffill', None)","{'classifier__base_estimator__max_depth': 3, 'classifier__base_estimator__n_estimators': 50, 'feature_extraction__n_lags': 8, 'feature_extraction__params': ('tsfel', {'config_file': 'tsfel_config.json'}), 'feature_selection__strategy': 'correlation', 'feature_selection__threshold': 0.85, 'imputation__params': ('ffill', None)}",0.4916910050346701,0.6796631047090022,0.607885784597568,0.6783754532775453,0.6658564157965872,0.6246943526830746,0.07151217818924249,21,0.9636358449787228,0.9414171177324298,0.9369852449768706,0.9109177231738836,0.8945408194167199,0.9294993500557254,0.02421052587949474
172.28112387657166,81.90873468022575,57.28217673301697,0.41836745279004167,3,50,8,"('tsfel', {'config_file': 'tsfel_config.json'})",correlation,0.9,"('interpolate', 'linear')","{'classifier__base_estimator__max_depth': 3, 'classifier__base_estimator__n_estimators': 50, 'feature_extraction__n_lags': 8, 'feature_extraction__params': ('tsfel', {'config_file': 'tsfel_config.json'}), 'feature_selection__strategy': 'correlation', 'feature_selection__threshold': 0.9, 'imputation__params': ('interpolate', 'linear')}",0.4427991004208863,0.6666274380580269,0.5835444412275622,0.6596909344490935,0.6446816318065061,0.599468709192415,0.08364229584589244,197,0.9647995449236841,0.9441105865552502,0.9426478744642262,0.9126093036619226,0.894912159097206,0.9318158937404577,0.024848304796309034
172.3046190738678,81.97185375506157,57.34578428268433,0.9816427806347727,3,50,8,"('tsfel', {'config_file': 'tsfel_config.json'})",correlation,0.9,"('interpolate', ('polynomial', 2))","{'classifier__base_estimator__max_depth': 3, 'classifier__base_estimator__n_estimators': 50, 'feature_extraction__n_lags': 8, 'feature_extraction__params': ('tsfel', {'config_file': 'tsfel_config.json'}), 'feature_selection__strategy': 'correlation', 'feature_selection__threshold': 0.9, 'imputation__params': ('interpolate', ('polynomial', 2))}",0.4427991004208863,0.6666274380580269,0.5835444412275622,0.6596909344490935,0.6446816318065061,0.599468709192415,0.08364229584589244,197,0.9647995449236841,0.9441105865552502,0.9426478744642262,0.9126093036619226,0.894912159097206,0.9318158937404577,0.024848304796309034
172.23086924552916,81.02254667152697,56.96483998298645,0.8142775125823635,3,50,8,"('tsfel', {'config_file': 'tsfel_config.json'})",correlation,0.9,"('interpolate', ('polynomial', 3))","{'classifier__base_estimator__max_depth': 3, 'classifier__base_estimator__n_estimators': 50, 'feature_extraction__n_lags': 8, 'feature_extraction__params': ('tsfel', {'config_file': 'tsfel_config.json'}), 'feature_selection__strategy': 'correlation', 'feature_selection__threshold': 0.9, 'imputation__params': ('interpolate', ('polynomial', 3))}",0.4427991004208863,0.6666274380580269,0.5835444412275622,0.6596909344490935,0.6446816318065061,0.599468709192415,0.08364229584589244,197,0.9647995449236841,0.9441105865552502,0.9426478744642262,0.9126093036619226,0.894912159097206,0.9318158937404577,0.024848304796309034
171.79622721672058,81.95886914568639,56.93017549514771,1.076397125088731,3,50,8,"('tsfel', {'config_file': 'tsfel_config.json'})",correlation,0.9,"('ffill', None)","{'classifier__base_estimator__max_depth': 3, 'classifier__base_estimator__n_estimators': 50, 'feature_extraction__n_lags': 8, 'feature_extraction__params': ('tsfel', {'config_file': 'tsfel_config.json'}), 'feature_selection__strategy': 'correlation', 'feature_selection__threshold': 0.9, 'imputation__params': ('ffill', None)}",0.4427991004208863,0.6666274380580269,0.5835444412275622,0.6596909344490935,0.6446816318065061,0.599468709192415,0.08364229584589244,197,0.9647995449236841,0.9441105865552502,0.9426478744642262,0.9126093036619226,0.894912159097206,0.9318158937404577,0.024848304796309034
171.33869514465331,82.47250152988929,57.20308628082275,1.4871529785450661,3,50,8,"('tsfel', {'config_file': 'tsfel_config.json'})",correlation,0.95,"('interpolate', 'linear')","{'classifier__base_estimator__max_depth': 3, 'classifier__base_estimator__n_estimators': 50, 'feature_extraction__n_lags': 8, 'feature_extraction__params': ('tsfel', {'config_file': 'tsfel_config.json'}), 'feature_selection__strategy': 'correlation', 'feature_selection__threshold': 0.95, 'imputation__params': ('interpolate', 'linear')}",0.4352952672999689,0.5987805787004346,0.5704065938042848,0.6523046025104602,0.6822733975608144,0.5878120879751927,0.08575180819634529,305,0.9662585746311734,0.941896921757303,0.9419476441065957,0.9132389321294472,0.895363557695901,0.931741126064084,0.024756518790302162
172.14634079933165,82.73584468280578,57.3757972240448,0.9045377801124925,3,50,8,"('tsfel', {'config_file': 'tsfel_config.json'})",correlation,0.95,"('interpolate', ('polynomial', 2))","{'classifier__base_estimator__max_depth': 3, 'classifier__base_estimator__n_estimators': 50, 'feature_extraction__n_lags': 8, 'feature_extraction__params': ('tsfel', {'config_file': 'tsfel_config.json'}), 'feature_selection__strategy': 'correlation', 'feature_selection__threshold': 0.95, 'imputation__params': ('interpolate', ('polynomial', 2))}",0.4352952672999689,0.5987805787004346,0.5704065938042848,0.6523046025104602,0.6822733975608144,0.5878120879751927,0.08575180819634529,305,0.9662585746311734,0.941896921757303,0.9419476441065957,0.9132389321294472,0.895363557695901,0.931741126064084,0.024756518790302162
170.99097461700438,81.6825622075229,57.272400569915774,1.3411954470877936,3,50,8,"('tsfel', {'config_file': 'tsfel_config.json'})",correlation,0.95,"('interpolate', ('polynomial', 3))","{'classifier__base_estimator__max_depth': 3, 'classifier__base_estimator__n_estimators': 50, 'feature_extraction__n_lags': 8, 'feature_extraction__params': ('tsfel', {'config_file': 'tsfel_config.json'}), 'feature_selection__strategy': 'correlation', 'feature_selection__threshold': 0.95, 'imputation__params': ('interpolate', ('polynomial', 3))}",0.4352952672999689,0.5987805787004346,0.5704065938042848,0.6523046025104602,0.6822733975608144,0.5878120879751927,0.08575180819634529,305,0.9662585746311734,0.941896921757303,0.9419476441065957,0.9132389321294472,0.895363557695901,0.931741126064084,0.024756518790302162
173.34597611427307,84.55220696968637,57.70260500907898,1.9944186455806496,3,50,8,"('tsfel', {'config_file': 'tsfel_config.json'})",correlation,0.95,"('ffill', None)","{'classifier__base_estimator__max_depth': 3, 'classifier__base_estimator__n_estimators': 50, 'feature_extraction__n_lags': 8, 'feature_extraction__params': ('tsfel', {'config_file': 'tsfel_config.json'}), 'feature_selection__strategy': 'correlation', 'feature_selection__threshold': 0.95, 'imputation__params': ('ffill', None)}",0.4352952672999689,0.5987805787004346,0.5704065938042848,0.6523046025104602,0.6822733975608144,0.5878120879751927,0.08575180819634529,305,0.9662585746311734,0.941896921757303,0.9419476441065957,0.9132389321294472,0.895363557695901,0.931741126064084,0.024756518790302162
170.33809885978698,80.7256680487853,57.382590007781985,0.9365665663682854,3,50,8,"('tsfel', {'config_file': 'tsfel_config.json'})",pca,0.85,"('interpolate', 'linear')","{'classifier__base_estimator__max_depth': 3, 'classifier__base_estimator__n_estimators': 50, 'feature_extraction__n_lags': 8, 'feature_extraction__params': ('tsfel', {'config_file': 'tsfel_config.json'}), 'feature_selection__strategy': 'pca', 'feature_selection__threshold': 0.85, 'imputation__params': ('interpolate', 'linear')}",0.5778997525331631,0.6243792072682766,0.613120657209033,0.47469790794979083,0.6162556153462199,0.5812706280612967,0.05561624001507812,337,0.8294671982602393,0.7932171325194934,0.7724939275400858,0.7544080452663124,0.7318844951165671,0.7762941597405396,0.03340485329009765
170.4757769584656,81.6555768793459,57.7724910736084,1.307792679785512,3,50,8,"('tsfel', {'config_file': 'tsfel_config.json'})",pca,0.85,"('interpolate', ('polynomial', 2))","{'classifier__base_estimator__max_depth': 3, 'classifier__base_estimator__n_estimators': 50, 'feature_extraction__n_lags': 8, 'feature_extraction__params': ('tsfel', {'config_file': 'tsfel_config.json'}), 'feature_selection__strategy': 'pca', 'feature_selection__threshold': 0.85, 'imputation__params': ('interpolate', ('polynomial', 2))}",0.5778997525331631,0.6243792072682766,0.613120657209033,0.47469790794979083,0.6162556153462199,0.5812706280612967,0.05561624001507812,337,0.8294671982602393,0.7932171325194934,0.7724939275400858,0.7544080452663124,0.7318844951165671,0.7762941597405396,0.03340485329009765
171.8888629436493,82.82821347137777,57.822778415679934,0.8920452163114496,3,50,8,"('tsfel', {'config_file': 'tsfel_config.json'})",pca,0.85,"('interpolate', ('polynomial', 3))","{'classifier__base_estimator__max_depth': 3, 'classifier__base_estimator__n_estimators': 50, 'feature_extraction__n_lags': 8, 'feature_extraction__params': ('tsfel', {'config_file': 'tsfel_config.json'}), 'feature_selection__strategy': 'pca', 'feature_selection__threshold': 0.85, 'imputation__params': ('interpolate', ('polynomial', 3))}",0.5778997525331631,0.6243792072682766,0.613120657209033,0.47469790794979083,0.6162556153462199,0.5812706280612967,0.05561624001507812,337,0.8294671982602393,0.7932171325194934,0.7724939275400858,0.7544080452663124,0.7318844951165671,0.7762941597405396,0.03340485329009765
173.67851586341857,83.75484313088045,58.265166425704955,0.8720907544517258,3,50,8,"('tsfel', {'config_file': 'tsfel_config.json'})",pca,0.85,"('ffill', None)","{'classifier__base_estimator__max_depth': 3, 'classifier__base_estimator__n_estimators': 50, 'feature_extraction__n_lags': 8, 'feature_extraction__params': ('tsfel', {'config_file': 'tsfel_config.json'}), 'feature_selection__strategy': 'pca', 'feature_selection__threshold': 0.85, 'imputation__params': ('ffill', None)}",0.5778997525331631,0.6243792072682766,0.613120657209033,0.47469790794979083,0.6162556153462199,0.5812706280612967,0.05561624001507812,337,0.8294671982602393,0.7932171325194934,0.7724939275400858,0.7544080452663124,0.7318844951165671,0.7762941597405396,0.03340485329009765
172.54506635665894,78.58227349596606,57.464986896514894,1.3421845871857345,3,50,8,"('tsfel', {'config_file': 'tsfel_config.json'})",pca,0.9,"('interpolate', 'linear')","{'classifier__base_estimator__max_depth': 3, 'classifier__base_estimator__n_estimators': 50, 'feature_extraction__n_lags': 8, 'feature_extraction__params': ('tsfel', {'config_file': 'tsfel_config.json'}), 'feature_selection__strategy': 'pca', 'feature_selection__threshold': 0.9, 'imputation__params': ('interpolate', 'linear')}",0.5778997525331631,0.6243792072682766,0.613120657209033,0.47469790794979083,0.6162556153462199,0.5812706280612967,0.05561624001507812,337,0.8294671982602393,0.7932171325194934,0.7724939275400858,0.7544080452663124,0.7318844951165671,0.7762941597405396,0.03340485329009765
170.6231156349182,80.84974658557985,57.43130345344544,0.9590846991964957,3,50,8,"('tsfel', {'config_file': 'tsfel_config.json'})",pca,0.9,"('interpolate', ('polynomial', 2))","{'classifier__base_estimator__max_depth': 3, 'classifier__base_estimator__n_estimators': 50, 'feature_extraction__n_lags': 8, 'feature_extraction__params': ('tsfel', {'config_file': 'tsfel_config.json'}), 'feature_selection__strategy': 'pca', 'feature_selection__threshold': 0.9, 'imputation__params': ('interpolate', ('polynomial', 2))}",0.5778997525331631,0.6243792072682766,0.613120657209033,0.47469790794979083,0.6162556153462199,0.5812706280612967,0.05561624001507812,337,0.8294671982602393,0.7932171325194934,0.7724939275400858,0.7544080452663124,0.7318844951165671,0.7762941597405396,0.03340485329009765
167.7464835166931,78.78976191254922,56.88677644729614,1.0650748223857873,3,50,8,"('tsfel', {'config_file': 'tsfel_config.json'})",pca,0.9,"('interpolate', ('polynomial', 3))","{'classifier__base_estimator__max_depth': 3, 'classifier__base_estimator__n_estimators': 50, 'feature_extraction__n_lags': 8, 'feature_extraction__params': ('tsfel', {'config_file': 'tsfel_config.json'}), 'feature_selection__strategy': 'pca', 'feature_selection__threshold': 0.9, 'imputation__params': ('interpolate', ('polynomial', 3))}",0.5778997525331631,0.6243792072682766,0.613120657209033,0.47469790794979083,0.6162556153462199,0.5812706280612967,0.05561624001507812,337,0.8294671982602393,0.7932171325194934,0.7724939275400858,0.7544080452663124,0.7318844951165671,0.7762941597405396,0.03340485329009765
167.5128592967987,79.74517013698645,57.19445333480835,1.4948950611869964,3,50,8,"('tsfel', {'config_file': 'tsfel_config.json'})",pca,0.9,"('ffill', None)","{'classifier__base_estimator__max_depth': 3, 'classifier__base_estimator__n_estimators': 50, 'feature_extraction__n_lags': 8, 'feature_extraction__params': ('tsfel', {'config_file': 'tsfel_config.json'}), 'feature_selection__strategy': 'pca', 'feature_selection__threshold': 0.9, 'imputation__params': ('ffill', None)}",0.5778997525331631,0.6243792072682766,0.613120657209033,0.47469790794979083,0.6162556153462199,0.5812706280612967,0.05561624001507812,337,0.8294671982602393,0.7932171325194934,0.7724939275400858,0.7544080452663124,0.7318844951165671,0.7762941597405396,0.03340485329009765
171.31259355545043,82.76532622950012,57.295789909362796,1.0469056280816795,3,50,8,"('tsfel', {'config_file': 'tsfel_config.json'})",pca,0.95,"('interpolate', 'linear')","{'classifier__base_estimator__max_depth': 3, 'classifier__base_estimator__n_estimators': 50, 'feature_extraction__n_lags': 8, 'feature_extraction__params': ('tsfel', {'config_file': 'tsfel_config.json'}), 'feature_selection__strategy': 'pca', 'feature_selection__threshold': 0.95, 'imputation__params': ('interpolate', 'linear')}",0.5778997525331631,0.6243792072682766,0.613120657209033,0.47469790794979083,0.6162556153462199,0.5812706280612967,0.05561624001507812,337,0.8294671982602393,0.7932171325194934,0.7724939275400858,0.7544080452663124,0.7318844951165671,0.7762941597405396,0.03340485329009765
167.85623998641967,80.37525914202756,56.99256410598755,1.5383379045456822,3,50,8,"('tsfel', {'config_file': 'tsfel_config.json'})",pca,0.95,"('interpolate', ('polynomial', 2))","{'classifier__base_estimator__max_depth': 3, 'classifier__base_estimator__n_estimators': 50, 'feature_extraction__n_lags': 8, 'feature_extraction__params': ('tsfel', {'config_file': 'tsfel_config.json'}), 'feature_selection__strategy': 'pca', 'feature_selection__threshold': 0.95, 'imputation__params': ('interpolate', ('polynomial', 2))}",0.5778997525331631,0.6243792072682766,0.613120657209033,0.47469790794979083,0.6162556153462199,0.5812706280612967,0.05561624001507812,337,0.8294671982602393,0.7932171325194934,0.7724939275400858,0.7544080452663124,0.7318844951165671,0.7762941597405396,0.03340485329009765
167.8242275238037,80.37116941578155,56.84313287734985,1.5421595276540097,3,50,8,"('tsfel', {'config_file': 'tsfel_config.json'})",pca,0.95,"('interpolate', ('polynomial', 3))","{'classifier__base_estimator__max_depth': 3, 'classifier__base_estimator__n_estimators': 50, 'feature_extraction__n_lags': 8, 'feature_extraction__params': ('tsfel', {'config_file': 'tsfel_config.json'}), 'feature_selection__strategy': 'pca', 'feature_selection__threshold': 0.95, 'imputation__params': ('interpolate', ('polynomial', 3))}",0.5778997525331631,0.6243792072682766,0.613120657209033,0.47469790794979083,0.6162556153462199,0.5812706280612967,0.05561624001507812,337,0.8294671982602393,0.7932171325194934,0.7724939275400858,0.7544080452663124,0.7318844951165671,0.7762941597405396,0.03340485329009765
168.96334624290466,80.7637474925755,57.09249033927917,1.3301032273144755,3,50,8,"('tsfel', {'config_file': 'tsfel_config.json'})",pca,0.95,"('ffill', None)","{'classifier__base_estimator__max_depth': 3, 'classifier__base_estimator__n_estimators': 50, 'feature_extraction__n_lags': 8, 'feature_extraction__params': ('tsfel', {'config_file': 'tsfel_config.json'}), 'feature_selection__strategy': 'pca', 'feature_selection__threshold': 0.95, 'imputation__params': ('ffill', None)}",0.5778997525331631,0.6243792072682766,0.613120657209033,0.47469790794979083,0.6162556153462199,0.5812706280612967,0.05561624001507812,337,0.8294671982602393,0.7932171325194934,0.7724939275400858,0.7544080452663124,0.7318844951165671,0.7762941597405396,0.03340485329009765
179.13400826454162,84.3279621722194,59.13887410163879,0.3004486546697323,3,100,3,"('tsfel', {'config_file': 'tsfel_config.json'})",correlation,0.85,"('interpolate', 'linear')","{'classifier__base_estimator__max_depth': 3, 'classifier__base_estimator__n_estimators': 100, 'feature_extraction__n_lags': 3, 'feature_extraction__params': ('tsfel', {'config_file': 'tsfel_config.json'}), 'feature_selection__strategy': 'correlation', 'feature_selection__threshold': 0.85, 'imputation__params': ('interpolate', 'linear')}",0.5336790212073405,0.6632376891717753,0.5885816727053139,0.6341656533071225,0.6936063817643804,0.6226540836311865,0.0563759963195126,33,0.9776984594040603,0.9578025789475816,0.954912808652115,0.9335583200250712,0.9191359122191177,0.948621615849589,0.020325558398515787
181.8598099708557,87.15929798746701,60.16074090003967,1.4599371598420785,3,100,3,"('tsfel', {'config_file': 'tsfel_config.json'})",correlation,0.85,"('interpolate', ('polynomial', 2))","{'classifier__base_estimator__max_depth': 3, 'classifier__base_estimator__n_estimators': 100, 'feature_extraction__n_lags': 3, 'feature_extraction__params': ('tsfel', {'config_file': 'tsfel_config.json'}), 'feature_selection__strategy': 'correlation', 'feature_selection__threshold': 0.85, 'imputation__params': ('interpolate', ('polynomial', 2))}",0.5336790212073405,0.6632376891717753,0.5885816727053139,0.6341656533071225,0.6936063817643804,0.6226540836311865,0.0563759963195126,33,0.9776984594040603,0.9578025789475816,0.954912808652115,0.9335583200250712,0.9191359122191177,0.948621615849589,0.020325558398515787
183.74910097122194,86.56895568192346,60.719733476638794,1.2313434686636597,3,100,3,"('tsfel', {'config_file': 'tsfel_config.json'})",correlation,0.85,"('interpolate', ('polynomial', 3))","{'classifier__base_estimator__max_depth': 3, 'classifier__base_estimator__n_estimators': 100, 'feature_extraction__n_lags': 3, 'feature_extraction__params': ('tsfel', {'config_file': 'tsfel_config.json'}), 'feature_selection__strategy': 'correlation', 'feature_selection__threshold': 0.85, 'imputation__params': ('interpolate', ('polynomial', 3))}",0.5336790212073405,0.6632376891717753,0.5885816727053139,0.6341656533071225,0.6936063817643804,0.6226540836311865,0.0563759963195126,33,0.9776984594040603,0.9578025789475816,0.954912808652115,0.9335583200250712,0.9191359122191177,0.948621615849589,0.020325558398515787
182.92627058029174,87.09979426561578,60.35906410217285,0.941519368779802,3,100,3,"('tsfel', {'config_file': 'tsfel_config.json'})",correlation,0.85,"('ffill', None)","{'classifier__base_estimator__max_depth': 3, 'classifier__base_estimator__n_estimators': 100, 'feature_extraction__n_lags': 3, 'feature_extraction__params': ('tsfel', {'config_file': 'tsfel_config.json'}), 'feature_selection__strategy': 'correlation', 'feature_selection__threshold': 0.85, 'imputation__params': ('ffill', None)}",0.5336790212073405,0.6632376891717753,0.5885816727053139,0.6341656533071225,0.6936063817643804,0.6226540836311865,0.0563759963195126,33,0.9776984594040603,0.9578025789475816,0.954912808652115,0.9335583200250712,0.9191359122191177,0.948621615849589,0.020325558398515787
182.06671442985535,85.89231872622223,60.200782775878906,0.6579233573558607,3,100,3,"('tsfel', {'config_file': 'tsfel_config.json'})",correlation,0.9,"('interpolate', 'linear')","{'classifier__base_estimator__max_depth': 3, 'classifier__base_estimator__n_estimators': 100, 'feature_extraction__n_lags': 3, 'feature_extraction__params': ('tsfel', {'config_file': 'tsfel_config.json'}), 'feature_selection__strategy': 'correlation', 'feature_selection__threshold': 0.9, 'imputation__params': ('interpolate', 'linear')}",0.6118625523080335,0.6353273083971698,0.6130661231884058,0.6510766813892581,0.6628247736791733,0.6348314877924082,0.020243909214575747,1,0.9771284474352304,0.9595908017026149,0.9519660590303146,0.9320989783444401,0.9181327713154069,0.9477834115656014,0.02070363274677683
181.66344532966613,86.20418089487406,59.58939657211304,0.20318450106872954,3,100,3,"('tsfel', {'config_file': 'tsfel_config.json'})",correlation,0.9,"('interpolate', ('polynomial', 2))","{'classifier__base_estimator__max_depth': 3, 'classifier__base_estimator__n_estimators': 100, 'feature_extraction__n_lags': 3, 'feature_extraction__params': ('tsfel', {'config_file': 'tsfel_config.json'}), 'feature_selection__strategy': 'correlation', 'feature_selection__threshold': 0.9, 'imputation__params': ('interpolate', ('polynomial', 2))}",0.6118625523080335,0.6353273083971698,0.6130661231884058,0.6510766813892581,0.6628247736791733,0.6348314877924082,0.020243909214575747,1,0.9771284474352304,0.9595908017026149,0.9519660590303146,0.9320989783444401,0.9181327713154069,0.9477834115656014,0.02070363274677683
181.92283062934877,85.63717682434404,59.83578510284424,0.8116037016156018,3,100,3,"('tsfel', {'config_file': 'tsfel_config.json'})",correlation,0.9,"('interpolate', ('polynomial', 3))","{'classifier__base_estimator__max_depth': 3, 'classifier__base_estimator__n_estimators': 100, 'feature_extraction__n_lags': 3, 'feature_extraction__params': ('tsfel', {'config_file': 'tsfel_config.json'}), 'feature_selection__strategy': 'correlation', 'feature_selection__threshold': 0.9, 'imputation__params': ('interpolate', ('polynomial', 3))}",0.6118625523080335,0.6353273083971698,0.6130661231884058,0.6510766813892581,0.6628247736791733,0.6348314877924082,0.020243909214575747,1,0.9771284474352304,0.9595908017026149,0.9519660590303146,0.9320989783444401,0.9181327713154069,0.9477834115656014,0.02070363274677683
182.29390573501587,85.51368736826161,59.69414043426514,0.6868288728024754,3,100,3,"('tsfel', {'config_file': 'tsfel_config.json'})",correlation,0.9,"('ffill', None)","{'classifier__base_estimator__max_depth': 3, 'classifier__base_estimator__n_estimators': 100, 'feature_extraction__n_lags': 3, 'feature_extraction__params': ('tsfel', {'config_file': 'tsfel_config.json'}), 'feature_selection__strategy': 'correlation', 'feature_selection__threshold': 0.9, 'imputation__params': ('ffill', None)}",0.6118625523080335,0.6353273083971698,0.6130661231884058,0.6510766813892581,0.6628247736791733,0.6348314877924082,0.020243909214575747,1,0.9771284474352304,0.9595908017026149,0.9519660590303146,0.9320989783444401,0.9181327713154069,0.9477834115656014,0.02070363274677683
182.17913727760316,86.13842340868707,60.14968147277832,1.5279273925446153,3,100,3,"('tsfel', {'config_file': 'tsfel_config.json'})",correlation,0.95,"('interpolate', 'linear')","{'classifier__base_estimator__max_depth': 3, 'classifier__base_estimator__n_estimators': 100, 'feature_extraction__n_lags': 3, 'feature_extraction__params': ('tsfel', {'config_file': 'tsfel_config.json'}), 'feature_selection__strategy': 'correlation', 'feature_selection__threshold': 0.95, 'imputation__params': ('interpolate', 'linear')}",0.6156484202288468,0.5965477319787427,0.5502596618357487,0.665223810693936,0.6684432814983272,0.6192245812471203,0.044320645514038415,61,0.9784824035457302,0.9586566319749352,0.9571304221105074,0.9314628903154434,0.9171919219988264,0.9485848539890884,0.02166568131766316
183.93647708892823,87.33970905135955,60.076021146774295,0.2339046369544406,3,100,3,"('tsfel', {'config_file': 'tsfel_config.json'})",correlation,0.95,"('interpolate', ('polynomial', 2))","{'classifier__base_estimator__max_depth': 3, 'classifier__base_estimator__n_estimators': 100, 'feature_extraction__n_lags': 3, 'feature_extraction__params': ('tsfel', {'config_file': 'tsfel_config.json'}), 'feature_selection__strategy': 'correlation', 'feature_selection__threshold': 0.95, 'imputation__params': ('interpolate', ('polynomial', 2))}",0.6156484202288468,0.5965477319787427,0.5502596618357487,0.665223810693936,0.6684432814983272,0.6192245812471203,0.044320645514038415,61,0.9784824035457302,0.9586566319749352,0.9571304221105074,0.9314628903154434,0.9171919219988264,0.9485848539890884,0.02166568131766316
183.17323098182678,85.95689710851295,60.52158579826355,0.39357478248250444,3,100,3,"('tsfel', {'config_file': 'tsfel_config.json'})",correlation,0.95,"('interpolate', ('polynomial', 3))","{'classifier__base_estimator__max_depth': 3, 'classifier__base_estimator__n_estimators': 100, 'feature_extraction__n_lags': 3, 'feature_extraction__params': ('tsfel', {'config_file': 'tsfel_config.json'}), 'feature_selection__strategy': 'correlation', 'feature_selection__threshold': 0.95, 'imputation__params': ('interpolate', ('polynomial', 3))}",0.6156484202288468,0.5965477319787427,0.5502596618357487,0.665223810693936,0.6684432814983272,0.6192245812471203,0.044320645514038415,61,0.9784824035457302,0.9586566319749352,0.9571304221105074,0.9314628903154434,0.9171919219988264,0.9485848539890884,0.02166568131766316
183.79436841011048,87.42012854871467,60.27625813484192,0.26994458790658465,3,100,3,"('tsfel', {'config_file': 'tsfel_config.json'})",correlation,0.95,"('ffill', None)","{'classifier__base_estimator__max_depth': 3, 'classifier__base_estimator__n_estimators': 100, 'feature_extraction__n_lags': 3, 'feature_extraction__params': ('tsfel', {'config_file': 'tsfel_config.json'}), 'feature_selection__strategy': 'correlation', 'feature_selection__threshold': 0.95, 'imputation__params': ('ffill', None)}",0.6156484202288468,0.5965477319787427,0.5502596618357487,0.665223810693936,0.6684432814983272,0.6192245812471203,0.044320645514038415,61,0.9784824035457302,0.9586566319749352,0.9571304221105074,0.9314628903154434,0.9171919219988264,0.9485848539890884,0.02166568131766316
180.68352947235107,85.77093333100352,60.52564783096314,0.29010277083118596,3,100,3,"('tsfel', {'config_file': 'tsfel_config.json'})",pca,0.85,"('interpolate', 'linear')","{'classifier__base_estimator__max_depth': 3, 'classifier__base_estimator__n_estimators': 100, 'feature_extraction__n_lags': 3, 'feature_extraction__params': ('tsfel', {'config_file': 'tsfel_config.json'}), 'feature_selection__strategy': 'pca', 'feature_selection__threshold': 0.85, 'imputation__params': ('interpolate', 'linear')}",0.4848826979106694,0.5805665208033702,0.6162001811594202,0.5878440959467719,0.5863158218233864,0.5711618635287236,0.044875230102253215,405,0.8657955860320059,0.812072551523365,0.794836676441439,0.7649102440855557,0.7532691469557785,0.7981768410076289,0.03974898641366435
179.8540048122406,85.4976979117802,60.42769751548767,1.008329688399533,3,100,3,"('tsfel', {'config_file': 'tsfel_config.json'})",pca,0.85,"('interpolate', ('polynomial', 2))","{'classifier__base_estimator__max_depth': 3, 'classifier__base_estimator__n_estimators': 100, 'feature_extraction__n_lags': 3, 'feature_extraction__params': ('tsfel', {'config_file': 'tsfel_config.json'}), 'feature_selection__strategy': 'pca', 'feature_selection__threshold': 0.85, 'imputation__params': ('interpolate', ('polynomial', 2))}",0.4848826979106694,0.5805665208033702,0.6162001811594202,0.5878440959467719,0.5863158218233864,0.5711618635287236,0.044875230102253215,405,0.8657955860320059,0.812072551523365,0.794836676441439,0.7649102440855557,0.7532691469557785,0.7981768410076289,0.03974898641366435
181.8987181186676,86.77743386338646,60.2305404663086,0.5983082870796644,3,100,3,"('tsfel', {'config_file': 'tsfel_config.json'})",pca,0.85,"('interpolate', ('polynomial', 3))","{'classifier__base_estimator__max_depth': 3, 'classifier__base_estimator__n_estimators': 100, 'feature_extraction__n_lags': 3, 'feature_extraction__params': ('tsfel', {'config_file': 'tsfel_config.json'}), 'feature_selection__strategy': 'pca', 'feature_selection__threshold': 0.85, 'imputation__params': ('interpolate', ('polynomial', 3))}",0.4848826979106694,0.5805665208033702,0.6162001811594202,0.5878440959467719,0.5863158218233864,0.5711618635287236,0.044875230102253215,405,0.8657955860320059,0.812072551523365,0.794836676441439,0.7649102440855557,0.7532691469557785,0.7981768410076289,0.03974898641366435
179.8909200668335,84.86725642180134,60.79732971191406,0.9139608114784301,3,100,3,"('tsfel', {'config_file': 'tsfel_config.json'})",pca,0.85,"('ffill', None)","{'classifier__base_estimator__max_depth': 3, 'classifier__base_estimator__n_estimators': 100, 'feature_extraction__n_lags': 3, 'feature_extraction__params': ('tsfel', {'config_file': 'tsfel_config.json'}), 'feature_selection__strategy': 'pca', 'feature_selection__threshold': 0.85, 'imputation__params': ('ffill', None)}",0.4848826979106694,0.5805665208033702,0.6162001811594202,0.5878440959467719,0.5863158218233864,0.5711618635287236,0.044875230102253215,405,0.8657955860320059,0.812072551523365,0.794836676441439,0.7649102440855557,0.7532691469557785,0.7981768410076289,0.03974898641366435
180.55363516807557,85.41067512591165,60.66861457824707,0.7387350310724319,3,100,3,"('tsfel', {'config_file': 'tsfel_config.json'})",pca,0.9,"('interpolate', 'linear')","{'classifier__base_estimator__max_depth': 3, 'classifier__base_estimator__n_estimators': 100, 'feature_extraction__n_lags': 3, 'feature_extraction__params': ('tsfel', {'config_file': 'tsfel_config.json'}), 'feature_selection__strategy': 'pca', 'feature_selection__threshold': 0.9, 'imputation__params': ('interpolate', 'linear')}",0.4848826979106694,0.5805665208033702,0.6162001811594202,0.5878440959467719,0.5863158218233864,0.5711618635287236,0.044875230102253215,405,0.8657955860320059,0.812072551523365,0.794836676441439,0.7649102440855557,0.7532691469557785,0.7981768410076289,0.03974898641366435
181.62243947982788,86.49455202688871,60.96241602897644,0.6204273729637761,3,100,3,"('tsfel', {'config_file': 'tsfel_config.json'})",pca,0.9,"('interpolate', ('polynomial', 2))","{'classifier__base_estimator__max_depth': 3, 'classifier__base_estimator__n_estimators': 100, 'feature_extraction__n_lags': 3, 'feature_extraction__params': ('tsfel', {'config_file': 'tsfel_config.json'}), 'feature_selection__strategy': 'pca', 'feature_selection__threshold': 0.9, 'imputation__params': ('interpolate', ('polynomial', 2))}",0.4848826979106694,0.5805665208033702,0.6162001811594202,0.5878440959467719,0.5863158218233864,0.5711618635287236,0.044875230102253215,405,0.8657955860320059,0.812072551523365,0.794836676441439,0.7649102440855557,0.7532691469557785,0.7981768410076289,0.03974898641366435
181.39797668457032,85.85640898062617,61.4435866355896,1.2356422594367624,3,100,3,"('tsfel', {'config_file': 'tsfel_config.json'})",pca,0.9,"('interpolate', ('polynomial', 3))","{'classifier__base_estimator__max_depth': 3, 'classifier__base_estimator__n_estimators': 100, 'feature_extraction__n_lags': 3, 'feature_extraction__params': ('tsfel', {'config_file': 'tsfel_config.json'}), 'feature_selection__strategy': 'pca', 'feature_selection__threshold': 0.9, 'imputation__params': ('interpolate', ('polynomial', 3))}",0.4848826979106694,0.5805665208033702,0.6162001811594202,0.5878440959467719,0.5863158218233864,0.5711618635287236,0.044875230102253215,405,0.8657955860320059,0.812072551523365,0.794836676441439,0.7649102440855557,0.7532691469557785,0.7981768410076289,0.03974898641366435
182.67058453559875,86.50794640638671,61.17447853088379,0.8888163372457045,3,100,3,"('tsfel', {'config_file': 'tsfel_config.json'})",pca,0.9,"('ffill', None)","{'classifier__base_estimator__max_depth': 3, 'classifier__base_estimator__n_estimators': 100, 'feature_extraction__n_lags': 3, 'feature_extraction__params': ('tsfel', {'config_file': 'tsfel_config.json'}), 'feature_selection__strategy': 'pca', 'feature_selection__threshold': 0.9, 'imputation__params': ('ffill', None)}",0.4848826979106694,0.5805665208033702,0.6162001811594202,0.5878440959467719,0.5863158218233864,0.5711618635287236,0.044875230102253215,405,0.8657955860320059,0.812072551523365,0.794836676441439,0.7649102440855557,0.7532691469557785,0.7981768410076289,0.03974898641366435
181.4087294101715,85.67765611114878,60.89330611228943,0.7052102515261157,3,100,3,"('tsfel', {'config_file': 'tsfel_config.json'})",pca,0.95,"('interpolate', 'linear')","{'classifier__base_estimator__max_depth': 3, 'classifier__base_estimator__n_estimators': 100, 'feature_extraction__n_lags': 3, 'feature_extraction__params': ('tsfel', {'config_file': 'tsfel_config.json'}), 'feature_selection__strategy': 'pca', 'feature_selection__threshold': 0.95, 'imputation__params': ('interpolate', 'linear')}",0.4848826979106694,0.5805665208033702,0.6162001811594202,0.5878440959467719,0.5863158218233864,0.5711618635287236,0.044875230102253215,405,0.8657955860320059,0.812072551523365,0.794836676441439,0.7649102440855557,0.7532691469557785,0.7981768410076289,0.03974898641366435
180.96700677871704,85.41335219838916,61.468538761138916,0.6815850350569107,3,100,3,"('tsfel', {'config_file': 'tsfel_config.json'})",pca,0.95,"('interpolate', ('polynomial', 2))","{'classifier__base_estimator__max_depth': 3, 'classifier__base_estimator__n_estimators': 100, 'feature_extraction__n_lags': 3, 'feature_extraction__params': ('tsfel', {'config_file': 'tsfel_config.json'}), 'feature_selection__strategy': 'pca', 'feature_selection__threshold': 0.95, 'imputation__params': ('interpolate', ('polynomial', 2))}",0.4848826979106694,0.5805665208033702,0.6162001811594202,0.5878440959467719,0.5863158218233864,0.5711618635287236,0.044875230102253215,405,0.8657955860320059,0.812072551523365,0.794836676441439,0.7649102440855557,0.7532691469557785,0.7981768410076289,0.03974898641366435
181.87042226791382,85.67364040404607,61.3624351978302,0.6254560389409491,3,100,3,"('tsfel', {'config_file': 'tsfel_config.json'})",pca,0.95,"('interpolate', ('polynomial', 3))","{'classifier__base_estimator__max_depth': 3, 'classifier__base_estimator__n_estimators': 100, 'feature_extraction__n_lags': 3, 'feature_extraction__params': ('tsfel', {'config_file': 'tsfel_config.json'}), 'feature_selection__strategy': 'pca', 'feature_selection__threshold': 0.95, 'imputation__params': ('interpolate', ('polynomial', 3))}",0.4848826979106694,0.5805665208033702,0.6162001811594202,0.5878440959467719,0.5863158218233864,0.5711618635287236,0.044875230102253215,405,0.8657955860320059,0.812072551523365,0.794836676441439,0.7649102440855557,0.7532691469557785,0.7981768410076289,0.03974898641366435
181.56246733665466,85.48171940781299,61.13825225830078,0.5563260280518768,3,100,3,"('tsfel', {'config_file': 'tsfel_config.json'})",pca,0.95,"('ffill', None)","{'classifier__base_estimator__max_depth': 3, 'classifier__base_estimator__n_estimators': 100, 'feature_extraction__n_lags': 3, 'feature_extraction__params': ('tsfel', {'config_file': 'tsfel_config.json'}), 'feature_selection__strategy': 'pca', 'feature_selection__threshold': 0.95, 'imputation__params': ('ffill', None)}",0.4848826979106694,0.5805665208033702,0.6162001811594202,0.5878440959467719,0.5863158218233864,0.5711618635287236,0.044875230102253215,405,0.8657955860320059,0.812072551523365,0.794836676441439,0.7649102440855557,0.7532691469557785,0.7981768410076289,0.03974898641366435
182.23518271446227,86.93276324424419,60.15321002006531,0.852817075758857,3,100,5,"('tsfel', {'config_file': 'tsfel_config.json'})",correlation,0.85,"('interpolate', 'linear')","{'classifier__base_estimator__max_depth': 3, 'classifier__base_estimator__n_estimators': 100, 'feature_extraction__n_lags': 5, 'feature_extraction__params': ('tsfel', {'config_file': 'tsfel_config.json'}), 'feature_selection__strategy': 'correlation', 'feature_selection__threshold': 0.85, 'imputation__params': ('interpolate', 'linear')}",0.4683936285649939,0.7143969717599508,0.5805946665590834,0.6590179978755483,0.662896042444627,0.6170598614408407,0.08575233289260421,77,0.9787761968707093,0.9591928921396431,0.9564067678331887,0.937802832016468,0.9228539048954928,0.9510065187511003,0.019153283961562188
180.4928150177002,85.6615771128798,59.861111879348755,0.9548170982436677,3,100,5,"('tsfel', {'config_file': 'tsfel_config.json'})",correlation,0.85,"('interpolate', ('polynomial', 2))","{'classifier__base_estimator__max_depth': 3, 'classifier__base_estimator__n_estimators': 100, 'feature_extraction__n_lags': 5, 'feature_extraction__params': ('tsfel', {'config_file': 'tsfel_config.json'}), 'feature_selection__strategy': 'correlation', 'feature_selection__threshold': 0.85, 'imputation__params': ('interpolate', ('polynomial', 2))}",0.4683936285649939,0.7143969717599508,0.5805946665590834,0.6590179978755483,0.662896042444627,0.6170598614408407,0.08575233289260421,77,0.9787761968707093,0.9591928921396431,0.9564067678331887,0.937802832016468,0.9228539048954928,0.9510065187511003,0.019153283961562188
181.20397391319275,85.71398070686949,60.02139735221863,0.8877893343982349,3,100,5,"('tsfel', {'config_file': 'tsfel_config.json'})",correlation,0.85,"('interpolate', ('polynomial', 3))","{'classifier__base_estimator__max_depth': 3, 'classifier__base_estimator__n_estimators': 100, 'feature_extraction__n_lags': 5, 'feature_extraction__params': ('tsfel', {'config_file': 'tsfel_config.json'}), 'feature_selection__strategy': 'correlation', 'feature_selection__threshold': 0.85, 'imputation__params': ('interpolate', ('polynomial', 3))}",0.4683936285649939,0.7143969717599508,0.5805946665590834,0.6590179978755483,0.662896042444627,0.6170598614408407,0.08575233289260421,77,0.9787761968707093,0.9591928921396431,0.9564067678331887,0.937802832016468,0.9228539048954928,0.9510065187511003,0.019153283961562188
180.86786646842955,86.28075373719643,59.986410808563235,0.8718028842462437,3,100,5,"('tsfel', {'config_file': 'tsfel_config.json'})",correlation,0.85,"('ffill', None)","{'classifier__base_estimator__max_depth': 3, 'classifier__base_estimator__n_estimators': 100, 'feature_extraction__n_lags': 5, 'feature_extraction__params': ('tsfel', {'config_file': 'tsfel_config.json'}), 'feature_selection__strategy': 'correlation', 'feature_selection__threshold': 0.85, 'imputation__params': ('ffill', None)}",0.4683936285649939,0.7143969717599508,0.5805946665590834,0.6590179978755483,0.662896042444627,0.6170598614408407,0.08575233289260421,77,0.9787761968707093,0.9591928921396431,0.9564067678331887,0.937802832016468,0.9228539048954928,0.9510065187511003,0.019153283961562188
181.62735538482667,85.59118445853106,60.03533463478088,0.539708971636385,3,100,5,"('tsfel', {'config_file': 'tsfel_config.json'})",correlation,0.9,"('interpolate', 'linear')","{'classifier__base_estimator__max_depth': 3, 'classifier__base_estimator__n_estimators': 100, 'feature_extraction__n_lags': 5, 'feature_extraction__params': ('tsfel', {'config_file': 'tsfel_config.json'}), 'feature_selection__strategy': 'correlation', 'feature_selection__threshold': 0.9, 'imputation__params': ('interpolate', 'linear')}",0.49255138914481095,0.6148314614751265,0.6089304877556784,0.6335984614857456,0.6716158178624081,0.604305523544754,0.06001653797594613,153,0.9802857703275646,0.9575576655490103,0.9548261436715851,0.9384067405014827,0.9239832840967056,0.9510119208292697,0.018993636350065336
182.63523077964783,86.97068096407726,60.90682783126831,0.9458957659505627,3,100,5,"('tsfel', {'config_file': 'tsfel_config.json'})",correlation,0.9,"('interpolate', ('polynomial', 2))","{'classifier__base_estimator__max_depth': 3, 'classifier__base_estimator__n_estimators': 100, 'feature_extraction__n_lags': 5, 'feature_extraction__params': ('tsfel', {'config_file': 'tsfel_config.json'}), 'feature_selection__strategy': 'correlation', 'feature_selection__threshold': 0.9, 'imputation__params': ('interpolate', ('polynomial', 2))}",0.49255138914481095,0.6148314614751265,0.6089304877556784,0.6335984614857456,0.6716158178624081,0.604305523544754,0.06001653797594613,153,0.9802857703275646,0.9575576655490103,0.9548261436715851,0.9384067405014827,0.9239832840967056,0.9510119208292697,0.018993636350065336
182.15372161865236,86.48287972520914,60.10179352760315,0.9364873723746159,3,100,5,"('tsfel', {'config_file': 'tsfel_config.json'})",correlation,0.9,"('interpolate', ('polynomial', 3))","{'classifier__base_estimator__max_depth': 3, 'classifier__base_estimator__n_estimators': 100, 'feature_extraction__n_lags': 5, 'feature_extraction__params': ('tsfel', {'config_file': 'tsfel_config.json'}), 'feature_selection__strategy': 'correlation', 'feature_selection__threshold': 0.9, 'imputation__params': ('interpolate', ('polynomial', 3))}",0.49255138914481095,0.6148314614751265,0.6089304877556784,0.6335984614857456,0.6716158178624081,0.604305523544754,0.06001653797594613,153,0.9802857703275646,0.9575576655490103,0.9548261436715851,0.9384067405014827,0.9239832840967056,0.9510119208292697,0.018993636350065336
180.657994556427,85.81909277493116,59.89125394821167,1.3695680933747516,3,100,5,"('tsfel', {'config_file': 'tsfel_config.json'})",correlation,0.9,"('ffill', None)","{'classifier__base_estimator__max_depth': 3, 'classifier__base_estimator__n_estimators': 100, 'feature_extraction__n_lags': 5, 'feature_extraction__params': ('tsfel', {'config_file': 'tsfel_config.json'}), 'feature_selection__strategy': 'correlation', 'feature_selection__threshold': 0.9, 'imputation__params': ('ffill', None)}",0.49255138914481095,0.6148314614751265,0.6089304877556784,0.6335984614857456,0.6716158178624081,0.604305523544754,0.06001653797594613,153,0.9802857703275646,0.9575576655490103,0.9548261436715851,0.9384067405014827,0.9239832840967056,0.9510119208292697,0.018993636350065336
181.1172366142273,86.18943135939153,60.02535610198974,0.8627696992451709,3,100,5,"('tsfel', {'config_file': 'tsfel_config.json'})",correlation,0.95,"('interpolate', 'linear')","{'classifier__base_estimator__max_depth': 3, 'classifier__base_estimator__n_estimators': 100, 'feature_extraction__n_lags': 5, 'feature_extraction__params': ('tsfel', {'config_file': 'tsfel_config.json'}), 'feature_selection__strategy': 'correlation', 'feature_selection__threshold': 0.95, 'imputation__params': ('interpolate', 'linear')}",0.510556783981328,0.5980284004434004,0.6278178077217896,0.6857931572094298,0.6604021557774306,0.6165196610266757,0.06069958281135457,85,0.9798685818609774,0.960576092025347,0.9575572000184118,0.9354248169604431,0.9234090103655321,0.9513671402461423,0.01985582284946485
181.09284529685974,85.4450185998336,60.576924562454224,1.2506907169419497,3,100,5,"('tsfel', {'config_file': 'tsfel_config.json'})",correlation,0.95,"('interpolate', ('polynomial', 2))","{'classifier__base_estimator__max_depth': 3, 'classifier__base_estimator__n_estimators': 100, 'feature_extraction__n_lags': 5, 'feature_extraction__params': ('tsfel', {'config_file': 'tsfel_config.json'}), 'feature_selection__strategy': 'correlation', 'feature_selection__threshold': 0.95, 'imputation__params': ('interpolate', ('polynomial', 2))}",0.510556783981328,0.5980284004434004,0.6278178077217896,0.6857931572094298,0.6604021557774306,0.6165196610266757,0.06069958281135457,85,0.9798685818609774,0.960576092025347,0.9575572000184118,0.9354248169604431,0.9234090103655321,0.9513671402461423,0.01985582284946485
182.75388135910035,86.86675327451103,60.57883996963501,0.4373153250638753,3,100,5,"('tsfel', {'config_file': 'tsfel_config.json'})",correlation,0.95,"('interpolate', ('polynomial', 3))","{'classifier__base_estimator__max_depth': 3, 'classifier__base_estimator__n_estimators': 100, 'feature_extraction__n_lags': 5, 'feature_extraction__params': ('tsfel', {'config_file': 'tsfel_config.json'}), 'feature_selection__strategy': 'correlation', 'feature_selection__threshold': 0.95, 'imputation__params': ('interpolate', ('polynomial', 3))}",0.510556783981328,0.5980284004434004,0.6278178077217896,0.6857931572094298,0.6604021557774306,0.6165196610266757,0.06069958281135457,85,0.9798685818609774,0.960576092025347,0.9575572000184118,0.9354248169604431,0.9234090103655321,0.9513671402461423,0.01985582284946485
182.08069729804993,85.88705976763084,60.457414102554324,1.103861110047671,3,100,5,"('tsfel', {'config_file': 'tsfel_config.json'})",correlation,0.95,"('ffill', None)","{'classifier__base_estimator__max_depth': 3, 'classifier__base_estimator__n_estimators': 100, 'feature_extraction__n_lags': 5, 'feature_extraction__params': ('tsfel', {'config_file': 'tsfel_config.json'}), 'feature_selection__strategy': 'correlation', 'feature_selection__threshold': 0.95, 'imputation__params': ('ffill', None)}",0.510556783981328,0.5980284004434004,0.6278178077217896,0.6857931572094298,0.6604021557774306,0.6165196610266757,0.06069958281135457,85,0.9798685818609774,0.960576092025347,0.9575572000184118,0.9354248169604431,0.9234090103655321,0.9513671402461423,0.01985582284946485
178.80365200042723,84.80070555643682,59.87904901504517,0.9068771467086629,3,100,5,"('tsfel', {'config_file': 'tsfel_config.json'})",pca,0.85,"('interpolate', 'linear')","{'classifier__base_estimator__max_depth': 3, 'classifier__base_estimator__n_estimators': 100, 'feature_extraction__n_lags': 5, 'feature_extraction__params': ('tsfel', {'config_file': 'tsfel_config.json'}), 'feature_selection__strategy': 'pca', 'feature_selection__threshold': 0.85, 'imputation__params': ('interpolate', 'linear')}",0.5006909894969597,0.558480569149448,0.6154685924073102,0.5153390984786185,0.5851739541124853,0.5550306407289642,0.04266493542276745,517,0.8587850989030885,0.8148822594418068,0.7914188464978037,0.7594429529408381,0.7387691130602284,0.7926596541687532,0.042131930626416944
180.88778285980226,86.02101120063706,61.200583124160765,1.4367798749376393,3,100,5,"('tsfel', {'config_file': 'tsfel_config.json'})",pca,0.85,"('interpolate', ('polynomial', 2))","{'classifier__base_estimator__max_depth': 3, 'classifier__base_estimator__n_estimators': 100, 'feature_extraction__n_lags': 5, 'feature_extraction__params': ('tsfel', {'config_file': 'tsfel_config.json'}), 'feature_selection__strategy': 'pca', 'feature_selection__threshold': 0.85, 'imputation__params': ('interpolate', ('polynomial', 2))}",0.5006909894969597,0.558480569149448,0.6154685924073102,0.5153390984786185,0.5851739541124853,0.5550306407289642,0.04266493542276745,517,0.8587850989030885,0.8148822594418068,0.7914188464978037,0.7594429529408381,0.7387691130602284,0.7926596541687532,0.042131930626416944
183.96156301498414,88.55283126056045,61.83768744468689,1.4034164959917577,3,100,5,"('tsfel', {'config_file': 'tsfel_config.json'})",pca,0.85,"('interpolate', ('polynomial', 3))","{'classifier__base_estimator__max_depth': 3, 'classifier__base_estimator__n_estimators': 100, 'feature_extraction__n_lags': 5, 'feature_extraction__params': ('tsfel', {'config_file': 'tsfel_config.json'}), 'feature_selection__strategy': 'pca', 'feature_selection__threshold': 0.85, 'imputation__params': ('interpolate', ('polynomial', 3))}",0.5006909894969597,0.558480569149448,0.6154685924073102,0.5153390984786185,0.5851739541124853,0.5550306407289642,0.04266493542276745,517,0.8587850989030885,0.8148822594418068,0.7914188464978037,0.7594429529408381,0.7387691130602284,0.7926596541687532,0.042131930626416944
185.06703729629515,90.66068853526235,62.96730546951294,2.7003483467643545,3,100,5,"('tsfel', {'config_file': 'tsfel_config.json'})",pca,0.85,"('ffill', None)","{'classifier__base_estimator__max_depth': 3, 'classifier__base_estimator__n_estimators': 100, 'feature_extraction__n_lags': 5, 'feature_extraction__params': ('tsfel', {'config_file': 'tsfel_config.json'}), 'feature_selection__strategy': 'pca', 'feature_selection__threshold': 0.85, 'imputation__params': ('ffill', None)}",0.5006909894969597,0.558480569149448,0.6154685924073102,0.5153390984786185,0.5851739541124853,0.5550306407289642,0.04266493542276745,517,0.8587850989030885,0.8148822594418068,0.7914188464978037,0.7594429529408381,0.7387691130602284,0.7926596541687532,0.042131930626416944
188.1877564907074,89.89966862236012,63.39766054153442,0.7624384777615121,3,100,5,"('tsfel', {'config_file': 'tsfel_config.json'})",pca,0.9,"('interpolate', 'linear')","{'classifier__base_estimator__max_depth': 3, 'classifier__base_estimator__n_estimators': 100, 'feature_extraction__n_lags': 5, 'feature_extraction__params': ('tsfel', {'config_file': 'tsfel_config.json'}), 'feature_selection__strategy': 'pca', 'feature_selection__threshold': 0.9, 'imputation__params': ('interpolate', 'linear')}",0.5006909894969597,0.558480569149448,0.6154685924073102,0.5153390984786185,0.5851739541124853,0.5550306407289642,0.04266493542276745,517,0.8587850989030885,0.8148822594418068,0.7914188464978037,0.7594429529408381,0.7387691130602284,0.7926596541687532,0.042131930626416944
187.35628781318664,91.33866613093049,62.68476800918579,1.9890207017943822,3,100,5,"('tsfel', {'config_file': 'tsfel_config.json'})",pca,0.9,"('interpolate', ('polynomial', 2))","{'classifier__base_estimator__max_depth': 3, 'classifier__base_estimator__n_estimators': 100, 'feature_extraction__n_lags': 5, 'feature_extraction__params': ('tsfel', {'config_file': 'tsfel_config.json'}), 'feature_selection__strategy': 'pca', 'feature_selection__threshold': 0.9, 'imputation__params': ('interpolate', ('polynomial', 2))}",0.5006909894969597,0.558480569149448,0.6154685924073102,0.5153390984786185,0.5851739541124853,0.5550306407289642,0.04266493542276745,517,0.8587850989030885,0.8148822594418068,0.7914188464978037,0.7594429529408381,0.7387691130602284,0.7926596541687532,0.042131930626416944
186.00682067871094,89.20931592663408,62.16317415237427,1.1163256448293413,3,100,5,"('tsfel', {'config_file': 'tsfel_config.json'})",pca,0.9,"('interpolate', ('polynomial', 3))","{'classifier__base_estimator__max_depth': 3, 'classifier__base_estimator__n_estimators': 100, 'feature_extraction__n_lags': 5, 'feature_extraction__params': ('tsfel', {'config_file': 'tsfel_config.json'}), 'feature_selection__strategy': 'pca', 'feature_selection__threshold': 0.9, 'imputation__params': ('interpolate', ('polynomial', 3))}",0.5006909894969597,0.558480569149448,0.6154685924073102,0.5153390984786185,0.5851739541124853,0.5550306407289642,0.04266493542276745,517,0.8587850989030885,0.8148822594418068,0.7914188464978037,0.7594429529408381,0.7387691130602284,0.7926596541687532,0.042131930626416944
186.2574471950531,89.18652491175459,63.2814959526062,1.7695279708419311,3,100,5,"('tsfel', {'config_file': 'tsfel_config.json'})",pca,0.9,"('ffill', None)","{'classifier__base_estimator__max_depth': 3, 'classifier__base_estimator__n_estimators': 100, 'feature_extraction__n_lags': 5, 'feature_extraction__params': ('tsfel', {'config_file': 'tsfel_config.json'}), 'feature_selection__strategy': 'pca', 'feature_selection__threshold': 0.9, 'imputation__params': ('ffill', None)}",0.5006909894969597,0.558480569149448,0.6154685924073102,0.5153390984786185,0.5851739541124853,0.5550306407289642,0.04266493542276745,517,0.8587850989030885,0.8148822594418068,0.7914188464978037,0.7594429529408381,0.7387691130602284,0.7926596541687532,0.042131930626416944
186.55071330070496,87.94294508022601,63.255246591567996,1.497935627605641,3,100,5,"('tsfel', {'config_file': 'tsfel_config.json'})",pca,0.95,"('interpolate', 'linear')","{'classifier__base_estimator__max_depth': 3, 'classifier__base_estimator__n_estimators': 100, 'feature_extraction__n_lags': 5, 'feature_extraction__params': ('tsfel', {'config_file': 'tsfel_config.json'}), 'feature_selection__strategy': 'pca', 'feature_selection__threshold': 0.95, 'imputation__params': ('interpolate', 'linear')}",0.5006909894969597,0.558480569149448,0.6154685924073102,0.5153390984786185,0.5851739541124853,0.5550306407289642,0.04266493542276745,517,0.8587850989030885,0.8148822594418068,0.7914188464978037,0.7594429529408381,0.7387691130602284,0.7926596541687532,0.042131930626416944
187.09218049049377,89.87041873769272,63.19450602531433,1.4984199887874652,3,100,5,"('tsfel', {'config_file': 'tsfel_config.json'})",pca,0.95,"('interpolate', ('polynomial', 2))","{'classifier__base_estimator__max_depth': 3, 'classifier__base_estimator__n_estimators': 100, 'feature_extraction__n_lags': 5, 'feature_extraction__params': ('tsfel', {'config_file': 'tsfel_config.json'}), 'feature_selection__strategy': 'pca', 'feature_selection__threshold': 0.95, 'imputation__params': ('interpolate', ('polynomial', 2))}",0.5006909894969597,0.558480569149448,0.6154685924073102,0.5153390984786185,0.5851739541124853,0.5550306407289642,0.04266493542276745,517,0.8587850989030885,0.8148822594418068,0.7914188464978037,0.7594429529408381,0.7387691130602284,0.7926596541687532,0.042131930626416944
186.548491191864,89.03414331462221,62.62580418586731,1.4389352995194655,3,100,5,"('tsfel', {'config_file': 'tsfel_config.json'})",pca,0.95,"('interpolate', ('polynomial', 3))","{'classifier__base_estimator__max_depth': 3, 'classifier__base_estimator__n_estimators': 100, 'feature_extraction__n_lags': 5, 'feature_extraction__params': ('tsfel', {'config_file': 'tsfel_config.json'}), 'feature_selection__strategy': 'pca', 'feature_selection__threshold': 0.95, 'imputation__params': ('interpolate', ('polynomial', 3))}",0.5006909894969597,0.558480569149448,0.6154685924073102,0.5153390984786185,0.5851739541124853,0.5550306407289642,0.04266493542276745,517,0.8587850989030885,0.8148822594418068,0.7914188464978037,0.7594429529408381,0.7387691130602284,0.7926596541687532,0.042131930626416944
186.21777186393737,87.15663363689296,62.804246473312375,0.8886881961619496,3,100,5,"('tsfel', {'config_file': 'tsfel_config.json'})",pca,0.95,"('ffill', None)","{'classifier__base_estimator__max_depth': 3, 'classifier__base_estimator__n_estimators': 100, 'feature_extraction__n_lags': 5, 'feature_extraction__params': ('tsfel', {'config_file': 'tsfel_config.json'}), 'feature_selection__strategy': 'pca', 'feature_selection__threshold': 0.95, 'imputation__params': ('ffill', None)}",0.5006909894969597,0.558480569149448,0.6154685924073102,0.5153390984786185,0.5851739541124853,0.5550306407289642,0.04266493542276745,517,0.8587850989030885,0.8148822594418068,0.7914188464978037,0.7594429529408381,0.7387691130602284,0.7926596541687532,0.042131930626416944
184.62927174568176,89.90037090230466,61.40564570426941,2.212043954890182,3,100,8,"('tsfel', {'config_file': 'tsfel_config.json'})",correlation,0.85,"('interpolate', 'linear')","{'classifier__base_estimator__max_depth': 3, 'classifier__base_estimator__n_estimators': 100, 'feature_extraction__n_lags': 8, 'feature_extraction__params': ('tsfel', {'config_file': 'tsfel_config.json'}), 'feature_selection__strategy': 'correlation', 'feature_selection__threshold': 0.85, 'imputation__params': ('interpolate', 'linear')}",0.44475901574813986,0.6596751478918546,0.603774609148813,0.6699380753138076,0.6693105232328895,0.6094914742671008,0.08593017715823568,125,0.9827408279972616,0.9614941759133209,0.962392024794628,0.9414574723930005,0.9242660755730414,0.9544701153342505,0.019964669620129296
182.76097831726074,86.24376701985736,61.27626223564148,1.814019605328744,3,100,8,"('tsfel', {'config_file': 'tsfel_config.json'})",correlation,0.85,"('interpolate', ('polynomial', 2))","{'classifier__base_estimator__max_depth': 3, 'classifier__base_estimator__n_estimators': 100, 'feature_extraction__n_lags': 8, 'feature_extraction__params': ('tsfel', {'config_file': 'tsfel_config.json'}), 'feature_selection__strategy': 'correlation', 'feature_selection__threshold': 0.85, 'imputation__params': ('interpolate', ('polynomial', 2))}",0.44475901574813986,0.6596751478918546,0.603774609148813,0.6699380753138076,0.6693105232328895,0.6094914742671008,0.08593017715823568,125,0.9827408279972616,0.9614941759133209,0.962392024794628,0.9414574723930005,0.9242660755730414,0.9544701153342505,0.019964669620129296
185.94895915985109,88.28633231827814,62.150567293167114,2.3230172587159084,3,100,8,"('tsfel', {'config_file': 'tsfel_config.json'})",correlation,0.85,"('interpolate', ('polynomial', 3))","{'classifier__base_estimator__max_depth': 3, 'classifier__base_estimator__n_estimators': 100, 'feature_extraction__n_lags': 8, 'feature_extraction__params': ('tsfel', {'config_file': 'tsfel_config.json'}), 'feature_selection__strategy': 'correlation', 'feature_selection__threshold': 0.85, 'imputation__params': ('interpolate', ('polynomial', 3))}",0.44475901574813986,0.6596751478918546,0.603774609148813,0.6699380753138076,0.6693105232328895,0.6094914742671008,0.08593017715823568,125,0.9827408279972616,0.9614941759133209,0.962392024794628,0.9414574723930005,0.9242660755730414,0.9544701153342505,0.019964669620129296
181.46434698104858,86.002667809493,60.871821546554564,1.0888669540836067,3,100,8,"('tsfel', {'config_file': 'tsfel_config.json'})",correlation,0.85,"('ffill', None)","{'classifier__base_estimator__max_depth': 3, 'classifier__base_estimator__n_estimators': 100, 'feature_extraction__n_lags': 8, 'feature_extraction__params': ('tsfel', {'config_file': 'tsfel_config.json'}), 'feature_selection__strategy': 'correlation', 'feature_selection__threshold': 0.85, 'imputation__params': ('ffill', None)}",0.44475901574813986,0.6596751478918546,0.603774609148813,0.6699380753138076,0.6693105232328895,0.6094914742671008,0.08593017715823568,125,0.9827408279972616,0.9614941759133209,0.962392024794628,0.9414574723930005,0.9242660755730414,0.9544701153342505,0.019964669620129296
185.34110527038575,89.45948724063435,61.61246767044067,1.5398470458435325,3,100,8,"('tsfel', {'config_file': 'tsfel_config.json'})",correlation,0.9,"('interpolate', 'linear')","{'classifier__base_estimator__max_depth': 3, 'classifier__base_estimator__n_estimators': 100, 'feature_extraction__n_lags': 8, 'feature_extraction__params': ('tsfel', {'config_file': 'tsfel_config.json'}), 'feature_selection__strategy': 'correlation', 'feature_selection__threshold': 0.9, 'imputation__params': ('interpolate', 'linear')}",0.439199958159111,0.6626604450093363,0.5743603430804864,0.5818722454672245,0.6565618924542966,0.582930976834091,0.0806368181849586,325,0.9832660451317574,0.9656081852084899,0.9650841167364868,0.9412971429239394,0.9252803028643374,0.9561071585730021,0.020386721170982152
182.22063927650453,85.63193155789259,61.41391019821167,0.9477008235252331,3,100,8,"('tsfel', {'config_file': 'tsfel_config.json'})",correlation,0.9,"('interpolate', ('polynomial', 2))","{'classifier__base_estimator__max_depth': 3, 'classifier__base_estimator__n_estimators': 100, 'feature_extraction__n_lags': 8, 'feature_extraction__params': ('tsfel', {'config_file': 'tsfel_config.json'}), 'feature_selection__strategy': 'correlation', 'feature_selection__threshold': 0.9, 'imputation__params': ('interpolate', ('polynomial', 2))}",0.439199958159111,0.6626604450093363,0.5743603430804864,0.5818722454672245,0.6565618924542966,0.582930976834091,0.0806368181849586,325,0.9832660451317574,0.9656081852084899,0.9650841167364868,0.9412971429239394,0.9252803028643374,0.9561071585730021,0.020386721170982152
186.34585556983947,89.53297544306724,61.62929544448853,2.0682686910162476,3,100,8,"('tsfel', {'config_file': 'tsfel_config.json'})",correlation,0.9,"('interpolate', ('polynomial', 3))","{'classifier__base_estimator__max_depth': 3, 'classifier__base_estimator__n_estimators': 100, 'feature_extraction__n_lags': 8, 'feature_extraction__params': ('tsfel', {'config_file': 'tsfel_config.json'}), 'feature_selection__strategy': 'correlation', 'feature_selection__threshold': 0.9, 'imputation__params': ('interpolate', ('polynomial', 3))}",0.439199958159111,0.6626604450093363,0.5743603430804864,0.5818722454672245,0.6565618924542966,0.582930976834091,0.0806368181849586,325,0.9832660451317574,0.9656081852084899,0.9650841167364868,0.9412971429239394,0.9252803028643374,0.9561071585730021,0.020386721170982152
182.20397758483887,85.57001411447581,61.144759798049925,1.7919598748843457,3,100,8,"('tsfel', {'config_file': 'tsfel_config.json'})",correlation,0.9,"('ffill', None)","{'classifier__base_estimator__max_depth': 3, 'classifier__base_estimator__n_estimators': 100, 'feature_extraction__n_lags': 8, 'feature_extraction__params': ('tsfel', {'config_file': 'tsfel_config.json'}), 'feature_selection__strategy': 'correlation', 'feature_selection__threshold': 0.9, 'imputation__params': ('ffill', None)}",0.439199958159111,0.6626604450093363,0.5743603430804864,0.5818722454672245,0.6565618924542966,0.582930976834091,0.0806368181849586,325,0.9832660451317574,0.9656081852084899,0.9650841167364868,0.9412971429239394,0.9252803028643374,0.9561071585730021,0.020386721170982152
183.67110767364503,89.01786930903889,61.355583095550536,1.8354211557475946,3,100,8,"('tsfel', {'config_file': 'tsfel_config.json'})",correlation,0.95,"('interpolate', 'linear')","{'classifier__base_estimator__max_depth': 3, 'classifier__base_estimator__n_estimators': 100, 'feature_extraction__n_lags': 8, 'feature_extraction__params': ('tsfel', {'config_file': 'tsfel_config.json'}), 'feature_selection__strategy': 'correlation', 'feature_selection__threshold': 0.95, 'imputation__params': ('interpolate', 'linear')}",0.4045779988493755,0.618118321329379,0.5569810364794442,0.6201149232914923,0.6860591266612421,0.5771702813221866,0.09547090286581567,385,0.982946384224021,0.9670506994643051,0.9648777354263782,0.9423818585298539,0.9268050064369303,0.9568123368162977,0.01980677529752263
184.0034984588623,86.72086524975421,61.435176610946655,1.521748526491823,3,100,8,"('tsfel', {'config_file': 'tsfel_config.json'})",correlation,0.95,"('interpolate', ('polynomial', 2))","{'classifier__base_estimator__max_depth': 3, 'classifier__base_estimator__n_estimators': 100, 'feature_extraction__n_lags': 8, 'feature_extraction__params': ('tsfel', {'config_file': 'tsfel_config.json'}), 'feature_selection__strategy': 'correlation', 'feature_selection__threshold': 0.95, 'imputation__params': ('interpolate', ('polynomial', 2))}",0.4045779988493755,0.618118321329379,0.5569810364794442,0.6201149232914923,0.6860591266612421,0.5771702813221866,0.09547090286581567,385,0.982946384224021,0.9670506994643051,0.9648777354263782,0.9423818585298539,0.9268050064369303,0.9568123368162977,0.01980677529752263
183.4040400981903,85.91095271506116,62.23964896202087,1.4665181974855268,3,100,8,"('tsfel', {'config_file': 'tsfel_config.json'})",correlation,0.95,"('interpolate', ('polynomial', 3))","{'classifier__base_estimator__max_depth': 3, 'classifier__base_estimator__n_estimators': 100, 'feature_extraction__n_lags': 8, 'feature_extraction__params': ('tsfel', {'config_file': 'tsfel_config.json'}), 'feature_selection__strategy': 'correlation', 'feature_selection__threshold': 0.95, 'imputation__params': ('interpolate', ('polynomial', 3))}",0.4045779988493755,0.618118321329379,0.5569810364794442,0.6201149232914923,0.6860591266612421,0.5771702813221866,0.09547090286581567,385,0.982946384224021,0.9670506994643051,0.9648777354263782,0.9423818585298539,0.9268050064369303,0.9568123368162977,0.01980677529752263
185.574299287796,91.18585793742443,62.501920509338376,1.663804526024712,3,100,8,"('tsfel', {'config_file': 'tsfel_config.json'})",correlation,0.95,"('ffill', None)","{'classifier__base_estimator__max_depth': 3, 'classifier__base_estimator__n_estimators': 100, 'feature_extraction__n_lags': 8, 'feature_extraction__params': ('tsfel', {'config_file': 'tsfel_config.json'}), 'feature_selection__strategy': 'correlation', 'feature_selection__threshold': 0.95, 'imputation__params': ('ffill', None)}",0.4045779988493755,0.618118321329379,0.5569810364794442,0.6201149232914923,0.6860591266612421,0.5771702813221866,0.09547090286581567,385,0.982946384224021,0.9670506994643051,0.9648777354263782,0.9423818585298539,0.9268050064369303,0.9568123368162977,0.01980677529752263
184.7777449607849,86.82533846489626,63.1409366607666,1.3940392930769572,3,100,8,"('tsfel', {'config_file': 'tsfel_config.json'})",pca,0.85,"('interpolate', 'linear')","{'classifier__base_estimator__max_depth': 3, 'classifier__base_estimator__n_estimators': 100, 'feature_extraction__n_lags': 8, 'feature_extraction__params': ('tsfel', {'config_file': 'tsfel_config.json'}), 'feature_selection__strategy': 'pca', 'feature_selection__threshold': 0.85, 'imputation__params': ('interpolate', 'linear')}",0.5140745043093363,0.59051707229048,0.6159678995367689,0.4593361227336123,0.6003172627879467,0.5560425723316289,0.05975489993370616,481,0.8490839743331589,0.8162084314182707,0.7932786682247891,0.7666005292225989,0.7433925216271838,0.7937128249652002,0.036984900953117926
185.181574344635,89.09006414504464,62.813352489471434,1.5732375046952198,3,100,8,"('tsfel', {'config_file': 'tsfel_config.json'})",pca,0.85,"('interpolate', ('polynomial', 2))","{'classifier__base_estimator__max_depth': 3, 'classifier__base_estimator__n_estimators': 100, 'feature_extraction__n_lags': 8, 'feature_extraction__params': ('tsfel', {'config_file': 'tsfel_config.json'}), 'feature_selection__strategy': 'pca', 'feature_selection__threshold': 0.85, 'imputation__params': ('interpolate', ('polynomial', 2))}",0.5140745043093363,0.59051707229048,0.6159678995367689,0.4593361227336123,0.6003172627879467,0.5560425723316289,0.05975489993370616,481,0.8490839743331589,0.8162084314182707,0.7932786682247891,0.7666005292225989,0.7433925216271838,0.7937128249652002,0.036984900953117926
184.21727113723756,84.93434305882633,62.95379457473755,1.0083670367353799,3,100,8,"('tsfel', {'config_file': 'tsfel_config.json'})",pca,0.85,"('interpolate', ('polynomial', 3))","{'classifier__base_estimator__max_depth': 3, 'classifier__base_estimator__n_estimators': 100, 'feature_extraction__n_lags': 8, 'feature_extraction__params': ('tsfel', {'config_file': 'tsfel_config.json'}), 'feature_selection__strategy': 'pca', 'feature_selection__threshold': 0.85, 'imputation__params': ('interpolate', ('polynomial', 3))}",0.5140745043093363,0.59051707229048,0.6159678995367689,0.4593361227336123,0.6003172627879467,0.5560425723316289,0.05975489993370616,481,0.8490839743331589,0.8162084314182707,0.7932786682247891,0.7666005292225989,0.7433925216271838,0.7937128249652002,0.036984900953117926
185.92280831336976,89.52661279548353,63.14834966659546,1.4587804409742875,3,100,8,"('tsfel', {'config_file': 'tsfel_config.json'})",pca,0.85,"('ffill', None)","{'classifier__base_estimator__max_depth': 3, 'classifier__base_estimator__n_estimators': 100, 'feature_extraction__n_lags': 8, 'feature_extraction__params': ('tsfel', {'config_file': 'tsfel_config.json'}), 'feature_selection__strategy': 'pca', 'feature_selection__threshold': 0.85, 'imputation__params': ('ffill', None)}",0.5140745043093363,0.59051707229048,0.6159678995367689,0.4593361227336123,0.6003172627879467,0.5560425723316289,0.05975489993370616,481,0.8490839743331589,0.8162084314182707,0.7932786682247891,0.7666005292225989,0.7433925216271838,0.7937128249652002,0.036984900953117926
183.42735915184022,89.4481040459443,61.99241404533386,1.7839859907022895,3,100,8,"('tsfel', {'config_file': 'tsfel_config.json'})",pca,0.9,"('interpolate', 'linear')","{'classifier__base_estimator__max_depth': 3, 'classifier__base_estimator__n_estimators': 100, 'feature_extraction__n_lags': 8, 'feature_extraction__params': ('tsfel', {'config_file': 'tsfel_config.json'}), 'feature_selection__strategy': 'pca', 'feature_selection__threshold': 0.9, 'imputation__params': ('interpolate', 'linear')}",0.5140745043093363,0.59051707229048,0.6159678995367689,0.4593361227336123,0.6003172627879467,0.5560425723316289,0.05975489993370616,481,0.8490839743331589,0.8162084314182707,0.7932786682247891,0.7666005292225989,0.7433925216271838,0.7937128249652002,0.036984900953117926
183.8892511844635,86.53404666506427,63.26768660545349,0.8651716009619167,3,100,8,"('tsfel', {'config_file': 'tsfel_config.json'})",pca,0.9,"('interpolate', ('polynomial', 2))","{'classifier__base_estimator__max_depth': 3, 'classifier__base_estimator__n_estimators': 100, 'feature_extraction__n_lags': 8, 'feature_extraction__params': ('tsfel', {'config_file': 'tsfel_config.json'}), 'feature_selection__strategy': 'pca', 'feature_selection__threshold': 0.9, 'imputation__params': ('interpolate', ('polynomial', 2))}",0.5140745043093363,0.59051707229048,0.6159678995367689,0.4593361227336123,0.6003172627879467,0.5560425723316289,0.05975489993370616,481,0.8490839743331589,0.8162084314182707,0.7932786682247891,0.7666005292225989,0.7433925216271838,0.7937128249652002,0.036984900953117926
183.9893482208252,86.63852454165308,62.95273790359497,1.8711476212889657,3,100,8,"('tsfel', {'config_file': 'tsfel_config.json'})",pca,0.9,"('interpolate', ('polynomial', 3))","{'classifier__base_estimator__max_depth': 3, 'classifier__base_estimator__n_estimators': 100, 'feature_extraction__n_lags': 8, 'feature_extraction__params': ('tsfel', {'config_file': 'tsfel_config.json'}), 'feature_selection__strategy': 'pca', 'feature_selection__threshold': 0.9, 'imputation__params': ('interpolate', ('polynomial', 3))}",0.5140745043093363,0.59051707229048,0.6159678995367689,0.4593361227336123,0.6003172627879467,0.5560425723316289,0.05975489993370616,481,0.8490839743331589,0.8162084314182707,0.7932786682247891,0.7666005292225989,0.7433925216271838,0.7937128249652002,0.036984900953117926
182.50792078971864,87.44777927715015,62.124497985839845,1.7562939636429316,3,100,8,"('tsfel', {'config_file': 'tsfel_config.json'})",pca,0.9,"('ffill', None)","{'classifier__base_estimator__max_depth': 3, 'classifier__base_estimator__n_estimators': 100, 'feature_extraction__n_lags': 8, 'feature_extraction__params': ('tsfel', {'config_file': 'tsfel_config.json'}), 'feature_selection__strategy': 'pca', 'feature_selection__threshold': 0.9, 'imputation__params': ('ffill', None)}",0.5140745043093363,0.59051707229048,0.6159678995367689,0.4593361227336123,0.6003172627879467,0.5560425723316289,0.05975489993370616,481,0.8490839743331589,0.8162084314182707,0.7932786682247891,0.7666005292225989,0.7433925216271838,0.7937128249652002,0.036984900953117926
184.0443034172058,86.27414661796935,63.15095672607422,0.8097532555518273,3,100,8,"('tsfel', {'config_file': 'tsfel_config.json'})",pca,0.95,"('interpolate', 'linear')","{'classifier__base_estimator__max_depth': 3, 'classifier__base_estimator__n_estimators': 100, 'feature_extraction__n_lags': 8, 'feature_extraction__params': ('tsfel', {'config_file': 'tsfel_config.json'}), 'feature_selection__strategy': 'pca', 'feature_selection__threshold': 0.95, 'imputation__params': ('interpolate', 'linear')}",0.5140745043093363,0.59051707229048,0.6159678995367689,0.4593361227336123,0.6003172627879467,0.5560425723316289,0.05975489993370616,481,0.8490839743331589,0.8162084314182707,0.7932786682247891,0.7666005292225989,0.7433925216271838,0.7937128249652002,0.036984900953117926
185.20835509300233,89.3210838014891,63.25865111351013,1.4449425816126746,3,100,8,"('tsfel', {'config_file': 'tsfel_config.json'})",pca,0.95,"('interpolate', ('polynomial', 2))","{'classifier__base_estimator__max_depth': 3, 'classifier__base_estimator__n_estimators': 100, 'feature_extraction__n_lags': 8, 'feature_extraction__params': ('tsfel', {'config_file': 'tsfel_config.json'}), 'feature_selection__strategy': 'pca', 'feature_selection__threshold': 0.95, 'imputation__params': ('interpolate', ('polynomial', 2))}",0.5140745043093363,0.59051707229048,0.6159678995367689,0.4593361227336123,0.6003172627879467,0.5560425723316289,0.05975489993370616,481,0.8490839743331589,0.8162084314182707,0.7932786682247891,0.7666005292225989,0.7433925216271838,0.7937128249652002,0.036984900953117926
184.8152210712433,88.45912255203814,62.549020528793335,2.324948881425121,3,100,8,"('tsfel', {'config_file': 'tsfel_config.json'})",pca,0.95,"('interpolate', ('polynomial', 3))","{'classifier__base_estimator__max_depth': 3, 'classifier__base_estimator__n_estimators': 100, 'feature_extraction__n_lags': 8, 'feature_extraction__params': ('tsfel', {'config_file': 'tsfel_config.json'}), 'feature_selection__strategy': 'pca', 'feature_selection__threshold': 0.95, 'imputation__params': ('interpolate', ('polynomial', 3))}",0.5140745043093363,0.59051707229048,0.6159678995367689,0.4593361227336123,0.6003172627879467,0.5560425723316289,0.05975489993370616,481,0.8490839743331589,0.8162084314182707,0.7932786682247891,0.7666005292225989,0.7433925216271838,0.7937128249652002,0.036984900953117926
183.29282641410828,85.8369085502796,62.93738851547241,0.3257296011432024,3,100,8,"('tsfel', {'config_file': 'tsfel_config.json'})",pca,0.95,"('ffill', None)","{'classifier__base_estimator__max_depth': 3, 'classifier__base_estimator__n_estimators': 100, 'feature_extraction__n_lags': 8, 'feature_extraction__params': ('tsfel', {'config_file': 'tsfel_config.json'}), 'feature_selection__strategy': 'pca', 'feature_selection__threshold': 0.95, 'imputation__params': ('ffill', None)}",0.5140745043093363,0.59051707229048,0.6159678995367689,0.4593361227336123,0.6003172627879467,0.5560425723316289,0.05975489993370616,481,0.8490839743331589,0.8162084314182707,0.7932786682247891,0.7666005292225989,0.7433925216271838,0.7937128249652002,0.036984900953117926
197.570161151886,96.55335361252882,63.95100107192993,1.8831586877798079,5,25,3,"('tsfel', {'config_file': 'tsfel_config.json'})",correlation,0.85,"('interpolate', 'linear')","{'classifier__base_estimator__max_depth': 5, 'classifier__base_estimator__n_estimators': 25, 'feature_extraction__n_lags': 3, 'feature_extraction__params': ('tsfel', {'config_file': 'tsfel_config.json'}), 'feature_selection__strategy': 'correlation', 'feature_selection__threshold': 0.85, 'imputation__params': ('interpolate', 'linear')}",0.5046968190235501,0.6562785818959509,0.6040111714975845,0.664945530611859,0.6476145214115746,0.6155093248881038,0.05924260862676064,109,0.9697936300807114,0.9629151946723294,0.9599658644632469,0.940618135364865,0.9283032982304404,0.9523192245623185,0.015425827294203135
192.51212887763978,88.51724022335867,63.37015142440796,0.9786672124103294,5,25,3,"('tsfel', {'config_file': 'tsfel_config.json'})",correlation,0.85,"('interpolate', ('polynomial', 2))","{'classifier__base_estimator__max_depth': 5, 'classifier__base_estimator__n_estimators': 25, 'feature_extraction__n_lags': 3, 'feature_extraction__params': ('tsfel', {'config_file': 'tsfel_config.json'}), 'feature_selection__strategy': 'correlation', 'feature_selection__threshold': 0.85, 'imputation__params': ('interpolate', ('polynomial', 2))}",0.5046968190235501,0.6562785818959509,0.6040111714975845,0.664945530611859,0.6476145214115746,0.6155093248881038,0.05924260862676064,109,0.9697936300807114,0.9629151946723294,0.9599658644632469,0.940618135364865,0.9283032982304404,0.9523192245623185,0.015425827294203135
196.36111879348755,93.29247673119129,65.41176042556762,2.5131578608091427,5,25,3,"('tsfel', {'config_file': 'tsfel_config.json'})",correlation,0.85,"('interpolate', ('polynomial', 3))","{'classifier__base_estimator__max_depth': 5, 'classifier__base_estimator__n_estimators': 25, 'feature_extraction__n_lags': 3, 'feature_extraction__params': ('tsfel', {'config_file': 'tsfel_config.json'}), 'feature_selection__strategy': 'correlation', 'feature_selection__threshold': 0.85, 'imputation__params': ('interpolate', ('polynomial', 3))}",0.5046968190235501,0.6562785818959509,0.6040111714975845,0.664945530611859,0.6476145214115746,0.6155093248881038,0.05924260862676064,109,0.9697936300807114,0.9629151946723294,0.9599658644632469,0.940618135364865,0.9283032982304404,0.9523192245623185,0.015425827294203135
196.31256532669067,92.39798594828099,65.08473687171936,2.0889385564726917,5,25,3,"('tsfel', {'config_file': 'tsfel_config.json'})",correlation,0.85,"('ffill', None)","{'classifier__base_estimator__max_depth': 5, 'classifier__base_estimator__n_estimators': 25, 'feature_extraction__n_lags': 3, 'feature_extraction__params': ('tsfel', {'config_file': 'tsfel_config.json'}), 'feature_selection__strategy': 'correlation', 'feature_selection__threshold': 0.85, 'imputation__params': ('ffill', None)}",0.5046968190235501,0.6562785818959509,0.6040111714975845,0.664945530611859,0.6476145214115746,0.6155093248881038,0.05924260862676064,109,0.9697936300807114,0.9629151946723294,0.9599658644632469,0.940618135364865,0.9283032982304404,0.9523192245623185,0.015425827294203135
195.16684713363648,90.77297575343495,64.83522729873657,0.5422622747715828,5,25,3,"('tsfel', {'config_file': 'tsfel_config.json'})",correlation,0.9,"('interpolate', 'linear')","{'classifier__base_estimator__max_depth': 5, 'classifier__base_estimator__n_estimators': 25, 'feature_extraction__n_lags': 3, 'feature_extraction__params': ('tsfel', {'config_file': 'tsfel_config.json'}), 'feature_selection__strategy': 'correlation', 'feature_selection__threshold': 0.9, 'imputation__params': ('interpolate', 'linear')}",0.5313848201401196,0.6318260792693915,0.5756695350241546,0.5884090570190638,0.6457036360603053,0.594598625502607,0.040963915415450435,217,0.9729336710760859,0.9675594877752267,0.9589580188208333,0.9459344219904476,0.9318549041005179,0.9554481007526222,0.014912406927443871
194.5728928565979,94.13388193367975,63.59393968582153,1.222291983448764,5,25,3,"('tsfel', {'config_file': 'tsfel_config.json'})",correlation,0.9,"('interpolate', ('polynomial', 2))","{'classifier__base_estimator__max_depth': 5, 'classifier__base_estimator__n_estimators': 25, 'feature_extraction__n_lags': 3, 'feature_extraction__params': ('tsfel', {'config_file': 'tsfel_config.json'}), 'feature_selection__strategy': 'correlation', 'feature_selection__threshold': 0.9, 'imputation__params': ('interpolate', ('polynomial', 2))}",0.5313848201401196,0.6318260792693915,0.5756695350241546,0.5884090570190638,0.6457036360603053,0.594598625502607,0.040963915415450435,217,0.9729336710760859,0.9675594877752267,0.9589580188208333,0.9459344219904476,0.9318549041005179,0.9554481007526222,0.014912406927443871
191.1188699245453,89.38918776213153,63.08850598335266,1.2616968087991491,5,25,3,"('tsfel', {'config_file': 'tsfel_config.json'})",correlation,0.9,"('interpolate', ('polynomial', 3))","{'classifier__base_estimator__max_depth': 5, 'classifier__base_estimator__n_estimators': 25, 'feature_extraction__n_lags': 3, 'feature_extraction__params': ('tsfel', {'config_file': 'tsfel_config.json'}), 'feature_selection__strategy': 'correlation', 'feature_selection__threshold': 0.9, 'imputation__params': ('interpolate', ('polynomial', 3))}",0.5313848201401196,0.6318260792693915,0.5756695350241546,0.5884090570190638,0.6457036360603053,0.594598625502607,0.040963915415450435,217,0.9729336710760859,0.9675594877752267,0.9589580188208333,0.9459344219904476,0.9318549041005179,0.9554481007526222,0.014912406927443871
197.2471019744873,94.64476410532932,65.107084608078,1.2877525761608082,5,25,3,"('tsfel', {'config_file': 'tsfel_config.json'})",correlation,0.9,"('ffill', None)","{'classifier__base_estimator__max_depth': 5, 'classifier__base_estimator__n_estimators': 25, 'feature_extraction__n_lags': 3, 'feature_extraction__params': ('tsfel', {'config_file': 'tsfel_config.json'}), 'feature_selection__strategy': 'correlation', 'feature_selection__threshold': 0.9, 'imputation__params': ('ffill', None)}",0.5313848201401196,0.6318260792693915,0.5756695350241546,0.5884090570190638,0.6457036360603053,0.594598625502607,0.040963915415450435,217,0.9729336710760859,0.9675594877752267,0.9589580188208333,0.9459344219904476,0.9318549041005179,0.9554481007526222,0.014912406927443871
194.90620789527892,91.45822538746386,63.39816288948059,1.7441082114287407,5,25,3,"('tsfel', {'config_file': 'tsfel_config.json'})",correlation,0.95,"('interpolate', 'linear')","{'classifier__base_estimator__max_depth': 5, 'classifier__base_estimator__n_estimators': 25, 'feature_extraction__n_lags': 3, 'feature_extraction__params': ('tsfel', {'config_file': 'tsfel_config.json'}), 'feature_selection__strategy': 'correlation', 'feature_selection__threshold': 0.95, 'imputation__params': ('interpolate', 'linear')}",0.5987179391320169,0.6149106969817517,0.5920833333333333,0.6675823656537272,0.6380721680262014,0.622273300625406,0.027651447330954537,37,0.9753317014786197,0.9674008297029516,0.9624439467380497,0.9443033619347234,0.9303115508451385,0.9559582781398965,0.016382411959054873
194.48394775390625,91.84739765201789,63.8565486907959,1.1439721394647755,5,25,3,"('tsfel', {'config_file': 'tsfel_config.json'})",correlation,0.95,"('interpolate', ('polynomial', 2))","{'classifier__base_estimator__max_depth': 5, 'classifier__base_estimator__n_estimators': 25, 'feature_extraction__n_lags': 3, 'feature_extraction__params': ('tsfel', {'config_file': 'tsfel_config.json'}), 'feature_selection__strategy': 'correlation', 'feature_selection__threshold': 0.95, 'imputation__params': ('interpolate', ('polynomial', 2))}",0.5987179391320169,0.6149106969817517,0.5920833333333333,0.6675823656537272,0.6380721680262014,0.622273300625406,0.027651447330954537,37,0.9753317014786197,0.9674008297029516,0.9624439467380497,0.9443033619347234,0.9303115508451385,0.9559582781398965,0.016382411959054873
195.0154920578003,95.22060413464715,63.65825548171997,1.6391778516531204,5,25,3,"('tsfel', {'config_file': 'tsfel_config.json'})",correlation,0.95,"('interpolate', ('polynomial', 3))","{'classifier__base_estimator__max_depth': 5, 'classifier__base_estimator__n_estimators': 25, 'feature_extraction__n_lags': 3, 'feature_extraction__params': ('tsfel', {'config_file': 'tsfel_config.json'}), 'feature_selection__strategy': 'correlation', 'feature_selection__threshold': 0.95, 'imputation__params': ('interpolate', ('polynomial', 3))}",0.5987179391320169,0.6149106969817517,0.5920833333333333,0.6675823656537272,0.6380721680262014,0.622273300625406,0.027651447330954537,37,0.9753317014786197,0.9674008297029516,0.9624439467380497,0.9443033619347234,0.9303115508451385,0.9559582781398965,0.016382411959054873
193.14019722938536,89.72905935000504,63.761545753479005,1.2816757928380973,5,25,3,"('tsfel', {'config_file': 'tsfel_config.json'})",correlation,0.95,"('ffill', None)","{'classifier__base_estimator__max_depth': 5, 'classifier__base_estimator__n_estimators': 25, 'feature_extraction__n_lags': 3, 'feature_extraction__params': ('tsfel', {'config_file': 'tsfel_config.json'}), 'feature_selection__strategy': 'correlation', 'feature_selection__threshold': 0.95, 'imputation__params': ('ffill', None)}",0.5987179391320169,0.6149106969817517,0.5920833333333333,0.6675823656537272,0.6380721680262014,0.622273300625406,0.027651447330954537,37,0.9753317014786197,0.9674008297029516,0.9624439467380497,0.9443033619347234,0.9303115508451385,0.9559582781398965,0.016382411959054873
195.47983293533326,93.3687655207494,65.29146604537964,1.5141101406159811,5,25,3,"('tsfel', {'config_file': 'tsfel_config.json'})",pca,0.85,"('interpolate', 'linear')","{'classifier__base_estimator__max_depth': 5, 'classifier__base_estimator__n_estimators': 25, 'feature_extraction__n_lags': 3, 'feature_extraction__params': ('tsfel', {'config_file': 'tsfel_config.json'}), 'feature_selection__strategy': 'pca', 'feature_selection__threshold': 0.85, 'imputation__params': ('interpolate', 'linear')}",0.48564410847670536,0.5033210250551663,0.6150551026570048,0.5637250886820865,0.6053247956307567,0.554614024100344,0.05233648600411624,541,0.872075668022755,0.8209646050719271,0.8010024126708665,0.7685957351630774,0.7553589417215395,0.803599472530033,0.041351402248550516
190.0732099056244,89.3639649012199,64.26014757156372,1.0509305853499933,5,25,3,"('tsfel', {'config_file': 'tsfel_config.json'})",pca,0.85,"('interpolate', ('polynomial', 2))","{'classifier__base_estimator__max_depth': 5, 'classifier__base_estimator__n_estimators': 25, 'feature_extraction__n_lags': 3, 'feature_extraction__params': ('tsfel', {'config_file': 'tsfel_config.json'}), 'feature_selection__strategy': 'pca', 'feature_selection__threshold': 0.85, 'imputation__params': ('interpolate', ('polynomial', 2))}",0.48564410847670536,0.5033210250551663,0.6150551026570048,0.5637250886820865,0.6053247956307567,0.554614024100344,0.05233648600411624,541,0.872075668022755,0.8209646050719271,0.8010024126708665,0.7685957351630774,0.7553589417215395,0.803599472530033,0.041351402248550516
191.42725963592528,89.73963501751514,64.67632246017456,1.531434688542627,5,25,3,"('tsfel', {'config_file': 'tsfel_config.json'})",pca,0.85,"('interpolate', ('polynomial', 3))","{'classifier__base_estimator__max_depth': 5, 'classifier__base_estimator__n_estimators': 25, 'feature_extraction__n_lags': 3, 'feature_extraction__params': ('tsfel', {'config_file': 'tsfel_config.json'}), 'feature_selection__strategy': 'pca', 'feature_selection__threshold': 0.85, 'imputation__params': ('interpolate', ('polynomial', 3))}",0.48564410847670536,0.5033210250551663,0.6150551026570048,0.5637250886820865,0.6053247956307567,0.554614024100344,0.05233648600411624,541,0.872075668022755,0.8209646050719271,0.8010024126708665,0.7685957351630774,0.7553589417215395,0.803599472530033,0.041351402248550516
190.9066234588623,87.82262813281781,64.99199838638306,1.246763288233863,5,25,3,"('tsfel', {'config_file': 'tsfel_config.json'})",pca,0.85,"('ffill', None)","{'classifier__base_estimator__max_depth': 5, 'classifier__base_estimator__n_estimators': 25, 'feature_extraction__n_lags': 3, 'feature_extraction__params': ('tsfel', {'config_file': 'tsfel_config.json'}), 'feature_selection__strategy': 'pca', 'feature_selection__threshold': 0.85, 'imputation__params': ('ffill', None)}",0.48564410847670536,0.5033210250551663,0.6150551026570048,0.5637250886820865,0.6053247956307567,0.554614024100344,0.05233648600411624,541,0.872075668022755,0.8209646050719271,0.8010024126708665,0.7685957351630774,0.7553589417215395,0.803599472530033,0.041351402248550516
194.14787821769715,92.89576259701995,65.88953061103821,3.2398897228874444,5,25,3,"('tsfel', {'config_file': 'tsfel_config.json'})",pca,0.9,"('interpolate', 'linear')","{'classifier__base_estimator__max_depth': 5, 'classifier__base_estimator__n_estimators': 25, 'feature_extraction__n_lags': 3, 'feature_extraction__params': ('tsfel', {'config_file': 'tsfel_config.json'}), 'feature_selection__strategy': 'pca', 'feature_selection__threshold': 0.9, 'imputation__params': ('interpolate', 'linear')}",0.48564410847670536,0.5033210250551663,0.6150551026570048,0.5637250886820865,0.6053247956307567,0.554614024100344,0.05233648600411624,541,0.872075668022755,0.8209646050719271,0.8010024126708665,0.7685957351630774,0.7553589417215395,0.803599472530033,0.041351402248550516
198.37453045845032,95.34099451327897,65.42577829360962,0.602009631753248,5,25,3,"('tsfel', {'config_file': 'tsfel_config.json'})",pca,0.9,"('interpolate', ('polynomial', 2))","{'classifier__base_estimator__max_depth': 5, 'classifier__base_estimator__n_estimators': 25, 'feature_extraction__n_lags': 3, 'feature_extraction__params': ('tsfel', {'config_file': 'tsfel_config.json'}), 'feature_selection__strategy': 'pca', 'feature_selection__threshold': 0.9, 'imputation__params': ('interpolate', ('polynomial', 2))}",0.48564410847670536,0.5033210250551663,0.6150551026570048,0.5637250886820865,0.6053247956307567,0.554614024100344,0.05233648600411624,541,0.872075668022755,0.8209646050719271,0.8010024126708665,0.7685957351630774,0.7553589417215395,0.803599472530033,0.041351402248550516
191.13416385650635,92.45342225727107,63.72190232276917,1.2072039801154084,5,25,3,"('tsfel', {'config_file': 'tsfel_config.json'})",pca,0.9,"('interpolate', ('polynomial', 3))","{'classifier__base_estimator__max_depth': 5, 'classifier__base_estimator__n_estimators': 25, 'feature_extraction__n_lags': 3, 'feature_extraction__params': ('tsfel', {'config_file': 'tsfel_config.json'}), 'feature_selection__strategy': 'pca', 'feature_selection__threshold': 0.9, 'imputation__params': ('interpolate', ('polynomial', 3))}",0.48564410847670536,0.5033210250551663,0.6150551026570048,0.5637250886820865,0.6053247956307567,0.554614024100344,0.05233648600411624,541,0.872075668022755,0.8209646050719271,0.8010024126708665,0.7685957351630774,0.7553589417215395,0.803599472530033,0.041351402248550516
191.6053201198578,89.96592169338447,63.665581941604614,1.0633152346639532,5,25,3,"('tsfel', {'config_file': 'tsfel_config.json'})",pca,0.9,"('ffill', None)","{'classifier__base_estimator__max_depth': 5, 'classifier__base_estimator__n_estimators': 25, 'feature_extraction__n_lags': 3, 'feature_extraction__params': ('tsfel', {'config_file': 'tsfel_config.json'}), 'feature_selection__strategy': 'pca', 'feature_selection__threshold': 0.9, 'imputation__params': ('ffill', None)}",0.48564410847670536,0.5033210250551663,0.6150551026570048,0.5637250886820865,0.6053247956307567,0.554614024100344,0.05233648600411624,541,0.872075668022755,0.8209646050719271,0.8010024126708665,0.7685957351630774,0.7553589417215395,0.803599472530033,0.041351402248550516
192.4214237689972,91.0037262436438,64.58597178459168,0.9482492074517498,5,25,3,"('tsfel', {'config_file': 'tsfel_config.json'})",pca,0.95,"('interpolate', 'linear')","{'classifier__base_estimator__max_depth': 5, 'classifier__base_estimator__n_estimators': 25, 'feature_extraction__n_lags': 3, 'feature_extraction__params': ('tsfel', {'config_file': 'tsfel_config.json'}), 'feature_selection__strategy': 'pca', 'feature_selection__threshold': 0.95, 'imputation__params': ('interpolate', 'linear')}",0.48564410847670536,0.5033210250551663,0.6150551026570048,0.5637250886820865,0.6053247956307567,0.554614024100344,0.05233648600411624,541,0.872075668022755,0.8209646050719271,0.8010024126708665,0.7685957351630774,0.7553589417215395,0.803599472530033,0.041351402248550516
191.92058691978454,92.80145112003099,64.34194173812867,1.8015036978815189,5,25,3,"('tsfel', {'config_file': 'tsfel_config.json'})",pca,0.95,"('interpolate', ('polynomial', 2))","{'classifier__base_estimator__max_depth': 5, 'classifier__base_estimator__n_estimators': 25, 'feature_extraction__n_lags': 3, 'feature_extraction__params': ('tsfel', {'config_file': 'tsfel_config.json'}), 'feature_selection__strategy': 'pca', 'feature_selection__threshold': 0.95, 'imputation__params': ('interpolate', ('polynomial', 2))}",0.48564410847670536,0.5033210250551663,0.6150551026570048,0.5637250886820865,0.6053247956307567,0.554614024100344,0.05233648600411624,541,0.872075668022755,0.8209646050719271,0.8010024126708665,0.7685957351630774,0.7553589417215395,0.803599472530033,0.041351402248550516
191.22191886901857,89.54958271462434,64.85802884101868,1.1816761269640699,5,25,3,"('tsfel', {'config_file': 'tsfel_config.json'})",pca,0.95,"('interpolate', ('polynomial', 3))","{'classifier__base_estimator__max_depth': 5, 'classifier__base_estimator__n_estimators': 25, 'feature_extraction__n_lags': 3, 'feature_extraction__params': ('tsfel', {'config_file': 'tsfel_config.json'}), 'feature_selection__strategy': 'pca', 'feature_selection__threshold': 0.95, 'imputation__params': ('interpolate', ('polynomial', 3))}",0.48564410847670536,0.5033210250551663,0.6150551026570048,0.5637250886820865,0.6053247956307567,0.554614024100344,0.05233648600411624,541,0.872075668022755,0.8209646050719271,0.8010024126708665,0.7685957351630774,0.7553589417215395,0.803599472530033,0.041351402248550516
191.8056866645813,92.61641850806703,64.1481291294098,1.122788911402296,5,25,3,"('tsfel', {'config_file': 'tsfel_config.json'})",pca,0.95,"('ffill', None)","{'classifier__base_estimator__max_depth': 5, 'classifier__base_estimator__n_estimators': 25, 'feature_extraction__n_lags': 3, 'feature_extraction__params': ('tsfel', {'config_file': 'tsfel_config.json'}), 'feature_selection__strategy': 'pca', 'feature_selection__threshold': 0.95, 'imputation__params': ('ffill', None)}",0.48564410847670536,0.5033210250551663,0.6150551026570048,0.5637250886820865,0.6053247956307567,0.554614024100344,0.05233648600411624,541,0.872075668022755,0.8209646050719271,0.8010024126708665,0.7685957351630774,0.7553589417215395,0.803599472530033,0.041351402248550516
187.09725699424743,86.94111244540076,62.43351573944092,1.1234092114528689,5,25,5,"('tsfel', {'config_file': 'tsfel_config.json'})",correlation,0.85,"('interpolate', 'linear')","{'classifier__base_estimator__max_depth': 5, 'classifier__base_estimator__n_estimators': 25, 'feature_extraction__n_lags': 5, 'feature_extraction__params': ('tsfel', {'config_file': 'tsfel_config.json'}), 'feature_selection__strategy': 'correlation', 'feature_selection__threshold': 0.85, 'imputation__params': ('interpolate', 'linear')}",0.4796042933480745,0.6333338085750234,0.5987243313026991,0.6301472981770833,0.6612827405386795,0.6006184943883119,0.06367168523562934,189,0.975747242633191,0.9686760747206133,0.9609083205107972,0.943969208023846,0.9345137738332445,0.9567629239443385,0.015350672154089131
192.32582759857178,90.72146854626314,63.67502608299255,0.6262283073170979,5,25,5,"('tsfel', {'config_file': 'tsfel_config.json'})",correlation,0.85,"('interpolate', ('polynomial', 2))","{'classifier__base_estimator__max_depth': 5, 'classifier__base_estimator__n_estimators': 25, 'feature_extraction__n_lags': 5, 'feature_extraction__params': ('tsfel', {'config_file': 'tsfel_config.json'}), 'feature_selection__strategy': 'correlation', 'feature_selection__threshold': 0.85, 'imputation__params': ('interpolate', ('polynomial', 2))}",0.4796042933480745,0.6333338085750234,0.5987243313026991,0.6301472981770833,0.6612827405386795,0.6006184943883119,0.06367168523562934,189,0.975747242633191,0.9686760747206133,0.9609083205107972,0.943969208023846,0.9345137738332445,0.9567629239443385,0.015350672154089131
191.8879572868347,93.7008508670351,63.9560546875,1.841268125953487,5,25,5,"('tsfel', {'config_file': 'tsfel_config.json'})",correlation,0.85,"('interpolate', ('polynomial', 3))","{'classifier__base_estimator__max_depth': 5, 'classifier__base_estimator__n_estimators': 25, 'feature_extraction__n_lags': 5, 'feature_extraction__params': ('tsfel', {'config_file': 'tsfel_config.json'}), 'feature_selection__strategy': 'correlation', 'feature_selection__threshold': 0.85, 'imputation__params': ('interpolate', ('polynomial', 3))}",0.4796042933480745,0.6333338085750234,0.5987243313026991,0.6301472981770833,0.6612827405386795,0.6006184943883119,0.06367168523562934,189,0.975747242633191,0.9686760747206133,0.9609083205107972,0.943969208023846,0.9345137738332445,0.9567629239443385,0.015350672154089131
190.78742942810058,89.59326361865892,62.40707416534424,1.0279304551843174,5,25,5,"('tsfel', {'config_file': 'tsfel_config.json'})",correlation,0.85,"('ffill', None)","{'classifier__base_estimator__max_depth': 5, 'classifier__base_estimator__n_estimators': 25, 'feature_extraction__n_lags': 5, 'feature_extraction__params': ('tsfel', {'config_file': 'tsfel_config.json'}), 'feature_selection__strategy': 'correlation', 'feature_selection__threshold': 0.85, 'imputation__params': ('ffill', None)}",0.4796042933480745,0.6333338085750234,0.5987243313026991,0.6301472981770833,0.6612827405386795,0.6006184943883119,0.06367168523562934,189,0.975747242633191,0.9686760747206133,0.9609083205107972,0.943969208023846,0.9345137738332445,0.9567629239443385,0.015350672154089131
191.66999888420105,91.63253034474371,63.033188581466675,1.6063084492106776,5,25,5,"('tsfel', {'config_file': 'tsfel_config.json'})",correlation,0.9,"('interpolate', 'linear')","{'classifier__base_estimator__max_depth': 5, 'classifier__base_estimator__n_estimators': 25, 'feature_extraction__n_lags': 5, 'feature_extraction__params': ('tsfel', {'config_file': 'tsfel_config.json'}), 'feature_selection__strategy': 'correlation', 'feature_selection__threshold': 0.9, 'imputation__params': ('interpolate', 'linear')}",0.4766355977315071,0.6171669773559215,0.5754129180618872,0.6258780496162282,0.6307491812106606,0.5851685447952409,0.05767725849317886,313,0.9758490879188859,0.9698812763254743,0.9616323622728109,0.9486109324601145,0.9344185223202237,0.9580784362595018,0.014947632855643933
190.56085696220399,90.06349455484032,63.61586680412292,0.4891200179111033,5,25,5,"('tsfel', {'config_file': 'tsfel_config.json'})",correlation,0.9,"('interpolate', ('polynomial', 2))","{'classifier__base_estimator__max_depth': 5, 'classifier__base_estimator__n_estimators': 25, 'feature_extraction__n_lags': 5, 'feature_extraction__params': ('tsfel', {'config_file': 'tsfel_config.json'}), 'feature_selection__strategy': 'correlation', 'feature_selection__threshold': 0.9, 'imputation__params': ('interpolate', ('polynomial', 2))}",0.4766355977315071,0.6171669773559215,0.5754129180618872,0.6258780496162282,0.6307491812106606,0.5851685447952409,0.05767725849317886,313,0.9758490879188859,0.9698812763254743,0.9616323622728109,0.9486109324601145,0.9344185223202237,0.9580784362595018,0.014947632855643933
190.76929359436036,89.08004549659448,63.13907675743103,1.186821024307435,5,25,5,"('tsfel', {'config_file': 'tsfel_config.json'})",correlation,0.9,"('interpolate', ('polynomial', 3))","{'classifier__base_estimator__max_depth': 5, 'classifier__base_estimator__n_estimators': 25, 'feature_extraction__n_lags': 5, 'feature_extraction__params': ('tsfel', {'config_file': 'tsfel_config.json'}), 'feature_selection__strategy': 'correlation', 'feature_selection__threshold': 0.9, 'imputation__params': ('interpolate', ('polynomial', 3))}",0.4766355977315071,0.6171669773559215,0.5754129180618872,0.6258780496162282,0.6307491812106606,0.5851685447952409,0.05767725849317886,313,0.9758490879188859,0.9698812763254743,0.9616323622728109,0.9486109324601145,0.9344185223202237,0.9580784362595018,0.014947632855643933
191.25854382514953,92.17545344540326,63.40765833854675,2.190222026770279,5,25,5,"('tsfel', {'config_file': 'tsfel_config.json'})",correlation,0.9,"('ffill', None)","{'classifier__base_estimator__max_depth': 5, 'classifier__base_estimator__n_estimators': 25, 'feature_extraction__n_lags': 5, 'feature_extraction__params': ('tsfel', {'config_file': 'tsfel_config.json'}), 'feature_selection__strategy': 'correlation', 'feature_selection__threshold': 0.9, 'imputation__params': ('ffill', None)}",0.4766355977315071,0.6171669773559215,0.5754129180618872,0.6258780496162282,0.6307491812106606,0.5851685447952409,0.05767725849317886,313,0.9758490879188859,0.9698812763254743,0.9616323622728109,0.9486109324601145,0.9344185223202237,0.9580784362595018,0.014947632855643933
190.6065800189972,87.16666197955233,63.54964179992676,1.1492779549685712,5,25,5,"('tsfel', {'config_file': 'tsfel_config.json'})",correlation,0.95,"('interpolate', 'linear')","{'classifier__base_estimator__max_depth': 5, 'classifier__base_estimator__n_estimators': 25, 'feature_extraction__n_lags': 5, 'feature_extraction__params': ('tsfel', {'config_file': 'tsfel_config.json'}), 'feature_selection__strategy': 'correlation', 'feature_selection__threshold': 0.95, 'imputation__params': ('interpolate', 'linear')}",0.5071914092090986,0.6512195295820131,0.5739984669383145,0.6576709412691886,0.626880346407479,0.6033921386812188,0.05639842537243536,161,0.9738672541002158,0.9719665674434307,0.9633429584549831,0.9494515891219785,0.9395215926406852,0.9596299923522587,0.0132410305914497
192.70320014953614,92.61361741451968,63.36299538612366,1.7366497889980483,5,25,5,"('tsfel', {'config_file': 'tsfel_config.json'})",correlation,0.95,"('interpolate', ('polynomial', 2))","{'classifier__base_estimator__max_depth': 5, 'classifier__base_estimator__n_estimators': 25, 'feature_extraction__n_lags': 5, 'feature_extraction__params': ('tsfel', {'config_file': 'tsfel_config.json'}), 'feature_selection__strategy': 'correlation', 'feature_selection__threshold': 0.95, 'imputation__params': ('interpolate', ('polynomial', 2))}",0.5071914092090986,0.6512195295820131,0.5739984669383145,0.6576709412691886,0.626880346407479,0.6033921386812188,0.05639842537243536,161,0.9738672541002158,0.9719665674434307,0.9633429584549831,0.9494515891219785,0.9395215926406852,0.9596299923522587,0.0132410305914497
189.4572416305542,88.55691391662914,62.78974142074585,0.9913507913925724,5,25,5,"('tsfel', {'config_file': 'tsfel_config.json'})",correlation,0.95,"('interpolate', ('polynomial', 3))","{'classifier__base_estimator__max_depth': 5, 'classifier__base_estimator__n_estimators': 25, 'feature_extraction__n_lags': 5, 'feature_extraction__params': ('tsfel', {'config_file': 'tsfel_config.json'}), 'feature_selection__strategy': 'correlation', 'feature_selection__threshold': 0.95, 'imputation__params': ('interpolate', ('polynomial', 3))}",0.5071914092090986,0.6512195295820131,0.5739984669383145,0.6576709412691886,0.626880346407479,0.6033921386812188,0.05639842537243536,161,0.9738672541002158,0.9719665674434307,0.9633429584549831,0.9494515891219785,0.9395215926406852,0.9596299923522587,0.0132410305914497
191.25003142356871,92.25880398314789,63.1834144115448,1.8444364357185685,5,25,5,"('tsfel', {'config_file': 'tsfel_config.json'})",correlation,0.95,"('ffill', None)","{'classifier__base_estimator__max_depth': 5, 'classifier__base_estimator__n_estimators': 25, 'feature_extraction__n_lags': 5, 'feature_extraction__params': ('tsfel', {'config_file': 'tsfel_config.json'}), 'feature_selection__strategy': 'correlation', 'feature_selection__threshold': 0.95, 'imputation__params': ('ffill', None)}",0.5071914092090986,0.6512195295820131,0.5739984669383145,0.6576709412691886,0.626880346407479,0.6033921386812188,0.05639842537243536,161,0.9738672541002158,0.9719665674434307,0.9633429584549831,0.9494515891219785,0.9395215926406852,0.9596299923522587,0.0132410305914497
188.57484755516052,91.03860426442363,67.84388785362243,6.863116085649877,5,25,5,"('tsfel', {'config_file': 'tsfel_config.json'})",pca,0.85,"('interpolate', 'linear')","{'classifier__base_estimator__max_depth': 5, 'classifier__base_estimator__n_estimators': 25, 'feature_extraction__n_lags': 5, 'feature_extraction__params': ('tsfel', {'config_file': 'tsfel_config.json'}), 'feature_selection__strategy': 'pca', 'feature_selection__threshold': 0.85, 'imputation__params': ('interpolate', 'linear')}",0.550831234772639,0.5134953788686158,0.6225126074151772,0.49885211074561403,0.6061943289458583,0.558377132149581,0.04901914730987742,445,0.8647796369781372,0.8211888210478369,0.7958799177713775,0.7611467261316262,0.7453197925787719,0.7976629789015498,0.04274233549499487
198.3686128139496,87.49866240041369,67.81001839637756,6.822771836759292,5,25,5,"('tsfel', {'config_file': 'tsfel_config.json'})",pca,0.85,"('interpolate', ('polynomial', 2))","{'classifier__base_estimator__max_depth': 5, 'classifier__base_estimator__n_estimators': 25, 'feature_extraction__n_lags': 5, 'feature_extraction__params': ('tsfel', {'config_file': 'tsfel_config.json'}), 'feature_selection__strategy': 'pca', 'feature_selection__threshold': 0.85, 'imputation__params': ('interpolate', ('polynomial', 2))}",0.550831234772639,0.5134953788686158,0.6225126074151772,0.49885211074561403,0.6061943289458583,0.558377132149581,0.04901914730987742,445,0.8647796369781372,0.8211888210478369,0.7958799177713775,0.7611467261316262,0.7453197925787719,0.7976629789015498,0.04274233549499487
188.81355600357057,90.5950194179587,63.47634873390198,1.2310348526931825,5,25,5,"('tsfel', {'config_file': 'tsfel_config.json'})",pca,0.85,"('interpolate', ('polynomial', 3))","{'classifier__base_estimator__max_depth': 5, 'classifier__base_estimator__n_estimators': 25, 'feature_extraction__n_lags': 5, 'feature_extraction__params': ('tsfel', {'config_file': 'tsfel_config.json'}), 'feature_selection__strategy': 'pca', 'feature_selection__threshold': 0.85, 'imputation__params': ('interpolate', ('polynomial', 3))}",0.550831234772639,0.5134953788686158,0.6225126074151772,0.49885211074561403,0.6061943289458583,0.558377132149581,0.04901914730987742,445,0.8647796369781372,0.8211888210478369,0.7958799177713775,0.7611467261316262,0.7453197925787719,0.7976629789015498,0.04274233549499487
185.9259569644928,87.7023590523247,63.12094793319702,1.8547981492321484,5,25,5,"('tsfel', {'config_file': 'tsfel_config.json'})",pca,0.85,"('ffill', None)","{'classifier__base_estimator__max_depth': 5, 'classifier__base_estimator__n_estimators': 25, 'feature_extraction__n_lags': 5, 'feature_extraction__params': ('tsfel', {'config_file': 'tsfel_config.json'}), 'feature_selection__strategy': 'pca', 'feature_selection__threshold': 0.85, 'imputation__params': ('ffill', None)}",0.550831234772639,0.5134953788686158,0.6225126074151772,0.49885211074561403,0.6061943289458583,0.558377132149581,0.04901914730987742,445,0.8647796369781372,0.8211888210478369,0.7958799177713775,0.7611467261316262,0.7453197925787719,0.7976629789015498,0.04274233549499487
188.94120554924012,87.03325338639574,64.32094192504883,0.5066396683013568,5,25,5,"('tsfel', {'config_file': 'tsfel_config.json'})",pca,0.9,"('interpolate', 'linear')","{'classifier__base_estimator__max_depth': 5, 'classifier__base_estimator__n_estimators': 25, 'feature_extraction__n_lags': 5, 'feature_extraction__params': ('tsfel', {'config_file': 'tsfel_config.json'}), 'feature_selection__strategy': 'pca', 'feature_selection__threshold': 0.9, 'imputation__params': ('interpolate', 'linear')}",0.550831234772639,0.5134953788686158,0.6225126074151772,0.49885211074561403,0.6061943289458583,0.558377132149581,0.04901914730987742,445,0.8647796369781372,0.8211888210478369,0.7958799177713775,0.7611467261316262,0.7453197925787719,0.7976629789015498,0.04274233549499487
190.2691373348236,92.10386940745309,64.44441595077515,1.1227676526606751,5,25,5,"('tsfel', {'config_file': 'tsfel_config.json'})",pca,0.9,"('interpolate', ('polynomial', 2))","{'classifier__base_estimator__max_depth': 5, 'classifier__base_estimator__n_estimators': 25, 'feature_extraction__n_lags': 5, 'feature_extraction__params': ('tsfel', {'config_file': 'tsfel_config.json'}), 'feature_selection__strategy': 'pca', 'feature_selection__threshold': 0.9, 'imputation__params': ('interpolate', ('polynomial', 2))}",0.550831234772639,0.5134953788686158,0.6225126074151772,0.49885211074561403,0.6061943289458583,0.558377132149581,0.04901914730987742,445,0.8647796369781372,0.8211888210478369,0.7958799177713775,0.7611467261316262,0.7453197925787719,0.7976629789015498,0.04274233549499487
186.41846227645874,87.00281060212977,62.81378464698791,1.9397037778947166,5,25,5,"('tsfel', {'config_file': 'tsfel_config.json'})",pca,0.9,"('interpolate', ('polynomial', 3))","{'classifier__base_estimator__max_depth': 5, 'classifier__base_estimator__n_estimators': 25, 'feature_extraction__n_lags': 5, 'feature_extraction__params': ('tsfel', {'config_file': 'tsfel_config.json'}), 'feature_selection__strategy': 'pca', 'feature_selection__threshold': 0.9, 'imputation__params': ('interpolate', ('polynomial', 3))}",0.550831234772639,0.5134953788686158,0.6225126074151772,0.49885211074561403,0.6061943289458583,0.558377132149581,0.04901914730987742,445,0.8647796369781372,0.8211888210478369,0.7958799177713775,0.7611467261316262,0.7453197925787719,0.7976629789015498,0.04274233549499487
188.45180053710936,89.46197787938954,63.840312480926514,1.1829933148193263,5,25,5,"('tsfel', {'config_file': 'tsfel_config.json'})",pca,0.9,"('ffill', None)","{'classifier__base_estimator__max_depth': 5, 'classifier__base_estimator__n_estimators': 25, 'feature_extraction__n_lags': 5, 'feature_extraction__params': ('tsfel', {'config_file': 'tsfel_config.json'}), 'feature_selection__strategy': 'pca', 'feature_selection__threshold': 0.9, 'imputation__params': ('ffill', None)}",0.550831234772639,0.5134953788686158,0.6225126074151772,0.49885211074561403,0.6061943289458583,0.558377132149581,0.04901914730987742,445,0.8647796369781372,0.8211888210478369,0.7958799177713775,0.7611467261316262,0.7453197925787719,0.7976629789015498,0.04274233549499487
186.64205651283265,89.31024319325466,63.05290956497193,1.5654354139171682,5,25,5,"('tsfel', {'config_file': 'tsfel_config.json'})",pca,0.95,"('interpolate', 'linear')","{'classifier__base_estimator__max_depth': 5, 'classifier__base_estimator__n_estimators': 25, 'feature_extraction__n_lags': 5, 'feature_extraction__params': ('tsfel', {'config_file': 'tsfel_config.json'}), 'feature_selection__strategy': 'pca', 'feature_selection__threshold': 0.95, 'imputation__params': ('interpolate', 'linear')}",0.550831234772639,0.5134953788686158,0.6225126074151772,0.49885211074561403,0.6061943289458583,0.558377132149581,0.04901914730987742,445,0.8647796369781372,0.8211888210478369,0.7958799177713775,0.7611467261316262,0.7453197925787719,0.7976629789015498,0.04274233549499487
188.0855080604553,88.36597767603672,63.44445514678955,1.0709645208939522,5,25,5,"('tsfel', {'config_file': 'tsfel_config.json'})",pca,0.95,"('interpolate', ('polynomial', 2))","{'classifier__base_estimator__max_depth': 5, 'classifier__base_estimator__n_estimators': 25, 'feature_extraction__n_lags': 5, 'feature_extraction__params': ('tsfel', {'config_file': 'tsfel_config.json'}), 'feature_selection__strategy': 'pca', 'feature_selection__threshold': 0.95, 'imputation__params': ('interpolate', ('polynomial', 2))}",0.550831234772639,0.5134953788686158,0.6225126074151772,0.49885211074561403,0.6061943289458583,0.558377132149581,0.04901914730987742,445,0.8647796369781372,0.8211888210478369,0.7958799177713775,0.7611467261316262,0.7453197925787719,0.7976629789015498,0.04274233549499487
190.00208687782288,92.41228554279552,63.42880206108093,1.3655588889925727,5,25,5,"('tsfel', {'config_file': 'tsfel_config.json'})",pca,0.95,"('interpolate', ('polynomial', 3))","{'classifier__base_estimator__max_depth': 5, 'classifier__base_estimator__n_estimators': 25, 'feature_extraction__n_lags': 5, 'feature_extraction__params': ('tsfel', {'config_file': 'tsfel_config.json'}), 'feature_selection__strategy': 'pca', 'feature_selection__threshold': 0.95, 'imputation__params': ('interpolate', ('polynomial', 3))}",0.550831234772639,0.5134953788686158,0.6225126074151772,0.49885211074561403,0.6061943289458583,0.558377132149581,0.04901914730987742,445,0.8647796369781372,0.8211888210478369,0.7958799177713775,0.7611467261316262,0.7453197925787719,0.7976629789015498,0.04274233549499487
185.94202461242676,86.38966624087126,63.080144739151,0.8720747314626975,5,25,5,"('tsfel', {'config_file': 'tsfel_config.json'})",pca,0.95,"('ffill', None)","{'classifier__base_estimator__max_depth': 5, 'classifier__base_estimator__n_estimators': 25, 'feature_extraction__n_lags': 5, 'feature_extraction__params': ('tsfel', {'config_file': 'tsfel_config.json'}), 'feature_selection__strategy': 'pca', 'feature_selection__threshold': 0.95, 'imputation__params': ('ffill', None)}",0.550831234772639,0.5134953788686158,0.6225126074151772,0.49885211074561403,0.6061943289458583,0.558377132149581,0.04901914730987742,445,0.8647796369781372,0.8211888210478369,0.7958799177713775,0.7611467261316262,0.7453197925787719,0.7976629789015498,0.04274233549499487
186.02228999137878,86.94624650428561,62.4343056678772,0.9287730210564175,5,25,8,"('tsfel', {'config_file': 'tsfel_config.json'})",correlation,0.85,"('interpolate', 'linear')","{'classifier__base_estimator__max_depth': 5, 'classifier__base_estimator__n_estimators': 25, 'feature_extraction__n_lags': 8, 'feature_extraction__params': ('tsfel', {'config_file': 'tsfel_config.json'}), 'feature_selection__strategy': 'correlation', 'feature_selection__threshold': 0.85, 'imputation__params': ('interpolate', 'linear')}",0.42748313289161827,0.6531484881294229,0.6601033222350897,0.6455587168758716,0.659446203216844,0.6091479726697694,0.0909838021973905,129,0.9826888096868162,0.9634363998566792,0.9666778766678824,0.9477111830112286,0.9374466005404702,0.9595921739526153,0.01568454146930029
186.88185367584228,90.98797934816164,62.352791500091556,1.548782276572991,5,25,8,"('tsfel', {'config_file': 'tsfel_config.json'})",correlation,0.85,"('interpolate', ('polynomial', 2))","{'classifier__base_estimator__max_depth': 5, 'classifier__base_estimator__n_estimators': 25, 'feature_extraction__n_lags': 8, 'feature_extraction__params': ('tsfel', {'config_file': 'tsfel_config.json'}), 'feature_selection__strategy': 'correlation', 'feature_selection__threshold': 0.85, 'imputation__params': ('interpolate', ('polynomial', 2))}",0.42748313289161827,0.6531484881294229,0.6601033222350897,0.6455587168758716,0.659446203216844,0.6091479726697694,0.0909838021973905,129,0.9826888096868162,0.9634363998566792,0.9666778766678824,0.9477111830112286,0.9374466005404702,0.9595921739526153,0.01568454146930029
182.87683267593383,86.04429428840842,61.513200235366824,1.3838182708832738,5,25,8,"('tsfel', {'config_file': 'tsfel_config.json'})",correlation,0.85,"('interpolate', ('polynomial', 3))","{'classifier__base_estimator__max_depth': 5, 'classifier__base_estimator__n_estimators': 25, 'feature_extraction__n_lags': 8, 'feature_extraction__params': ('tsfel', {'config_file': 'tsfel_config.json'}), 'feature_selection__strategy': 'correlation', 'feature_selection__threshold': 0.85, 'imputation__params': ('interpolate', ('polynomial', 3))}",0.42748313289161827,0.6531484881294229,0.6601033222350897,0.6455587168758716,0.659446203216844,0.6091479726697694,0.0909838021973905,129,0.9826888096868162,0.9634363998566792,0.9666778766678824,0.9477111830112286,0.9374466005404702,0.9595921739526153,0.01568454146930029
187.9103657245636,89.38201817367833,62.32135901451111,1.4741353959633188,5,25,8,"('tsfel', {'config_file': 'tsfel_config.json'})",correlation,0.85,"('ffill', None)","{'classifier__base_estimator__max_depth': 5, 'classifier__base_estimator__n_estimators': 25, 'feature_extraction__n_lags': 8, 'feature_extraction__params': ('tsfel', {'config_file': 'tsfel_config.json'}), 'feature_selection__strategy': 'correlation', 'feature_selection__threshold': 0.85, 'imputation__params': ('ffill', None)}",0.42748313289161827,0.6531484881294229,0.6601033222350897,0.6455587168758716,0.659446203216844,0.6091479726697694,0.0909838021973905,129,0.9826888096868162,0.9634363998566792,0.9666778766678824,0.9477111830112286,0.9374466005404702,0.9595921739526153,0.01568454146930029
183.46041235923767,85.89902194727263,61.53290109634399,1.3524850065787357,5,25,8,"('tsfel', {'config_file': 'tsfel_config.json'})",correlation,0.9,"('interpolate', 'linear')","{'classifier__base_estimator__max_depth': 5, 'classifier__base_estimator__n_estimators': 25, 'feature_extraction__n_lags': 8, 'feature_extraction__params': ('tsfel', {'config_file': 'tsfel_config.json'}), 'feature_selection__strategy': 'correlation', 'feature_selection__threshold': 0.9, 'imputation__params': ('interpolate', 'linear')}",0.43561595569270073,0.6525914418867391,0.5939418066010422,0.6404730822873083,0.6565903822879844,0.5958425337511549,0.08316104210397267,213,0.9816299853677527,0.9686276415719166,0.9649262293954199,0.9512154216523532,0.9360249506759744,0.9604848457326833,0.015603567746331995
186.09983763694763,89.81337944930281,61.849582004547116,1.8156244106834596,5,25,8,"('tsfel', {'config_file': 'tsfel_config.json'})",correlation,0.9,"('interpolate', ('polynomial', 2))","{'classifier__base_estimator__max_depth': 5, 'classifier__base_estimator__n_estimators': 25, 'feature_extraction__n_lags': 8, 'feature_extraction__params': ('tsfel', {'config_file': 'tsfel_config.json'}), 'feature_selection__strategy': 'correlation', 'feature_selection__threshold': 0.9, 'imputation__params': ('interpolate', ('polynomial', 2))}",0.43561595569270073,0.6525914418867391,0.5939418066010422,0.6404730822873083,0.6565903822879844,0.5958425337511549,0.08316104210397267,213,0.9816299853677527,0.9686276415719166,0.9649262293954199,0.9512154216523532,0.9360249506759744,0.9604848457326833,0.015603567746331995
183.60512528419494,86.10687739774848,61.68728523254394,0.8766881104078668,5,25,8,"('tsfel', {'config_file': 'tsfel_config.json'})",correlation,0.9,"('interpolate', ('polynomial', 3))","{'classifier__base_estimator__max_depth': 5, 'classifier__base_estimator__n_estimators': 25, 'feature_extraction__n_lags': 8, 'feature_extraction__params': ('tsfel', {'config_file': 'tsfel_config.json'}), 'feature_selection__strategy': 'correlation', 'feature_selection__threshold': 0.9, 'imputation__params': ('interpolate', ('polynomial', 3))}",0.43561595569270073,0.6525914418867391,0.5939418066010422,0.6404730822873083,0.6565903822879844,0.5958425337511549,0.08316104210397267,213,0.9816299853677527,0.9686276415719166,0.9649262293954199,0.9512154216523532,0.9360249506759744,0.9604848457326833,0.015603567746331995
186.96527280807496,91.03054793375274,62.12453951835632,1.9180633356604782,5,25,8,"('tsfel', {'config_file': 'tsfel_config.json'})",correlation,0.9,"('ffill', None)","{'classifier__base_estimator__max_depth': 5, 'classifier__base_estimator__n_estimators': 25, 'feature_extraction__n_lags': 8, 'feature_extraction__params': ('tsfel', {'config_file': 'tsfel_config.json'}), 'feature_selection__strategy': 'correlation', 'feature_selection__threshold': 0.9, 'imputation__params': ('ffill', None)}",0.43561595569270073,0.6525914418867391,0.5939418066010422,0.6404730822873083,0.6565903822879844,0.5958425337511549,0.08316104210397267,213,0.9816299853677527,0.9686276415719166,0.9649262293954199,0.9512154216523532,0.9360249506759744,0.9604848457326833,0.015603567746331995
185.48337469100952,87.7617611758504,61.31131358146668,0.9138114205321202,5,25,8,"('tsfel', {'config_file': 'tsfel_config.json'})",correlation,0.95,"('interpolate', 'linear')","{'classifier__base_estimator__max_depth': 5, 'classifier__base_estimator__n_estimators': 25, 'feature_extraction__n_lags': 8, 'feature_extraction__params': ('tsfel', {'config_file': 'tsfel_config.json'}), 'feature_selection__strategy': 'correlation', 'feature_selection__threshold': 0.95, 'imputation__params': ('interpolate', 'linear')}",0.4527321825253729,0.7022205353920506,0.5560030037637521,0.6061768479776848,0.6479830337342423,0.5930231206786205,0.08505260060614886,241,0.9844331010967474,0.9692597109904593,0.9683664817805903,0.9504081141723006,0.9371152903190887,0.9619165396718372,0.01643207402343506
185.32340903282164,88.93103488986947,61.40320863723755,2.0609258280237186,5,25,8,"('tsfel', {'config_file': 'tsfel_config.json'})",correlation,0.95,"('interpolate', ('polynomial', 2))","{'classifier__base_estimator__max_depth': 5, 'classifier__base_estimator__n_estimators': 25, 'feature_extraction__n_lags': 8, 'feature_extraction__params': ('tsfel', {'config_file': 'tsfel_config.json'}), 'feature_selection__strategy': 'correlation', 'feature_selection__threshold': 0.95, 'imputation__params': ('interpolate', ('polynomial', 2))}",0.4527321825253729,0.7022205353920506,0.5560030037637521,0.6061768479776848,0.6479830337342423,0.5930231206786205,0.08505260060614886,241,0.9844331010967474,0.9692597109904593,0.9683664817805903,0.9504081141723006,0.9371152903190887,0.9619165396718372,0.01643207402343506
185.3994351387024,89.08344982706686,61.949996614456175,1.9565473161088471,5,25,8,"('tsfel', {'config_file': 'tsfel_config.json'})",correlation,0.95,"('interpolate', ('polynomial', 3))","{'classifier__base_estimator__max_depth': 5, 'classifier__base_estimator__n_estimators': 25, 'feature_extraction__n_lags': 8, 'feature_extraction__params': ('tsfel', {'config_file': 'tsfel_config.json'}), 'feature_selection__strategy': 'correlation', 'feature_selection__threshold': 0.95, 'imputation__params': ('interpolate', ('polynomial', 3))}",0.4527321825253729,0.7022205353920506,0.5560030037637521,0.6061768479776848,0.6479830337342423,0.5930231206786205,0.08505260060614886,241,0.9844331010967474,0.9692597109904593,0.9683664817805903,0.9504081141723006,0.9371152903190887,0.9619165396718372,0.01643207402343506
186.67356538772583,88.56805684229799,61.85946989059448,1.125054679131122,5,25,8,"('tsfel', {'config_file': 'tsfel_config.json'})",correlation,0.95,"('ffill', None)","{'classifier__base_estimator__max_depth': 5, 'classifier__base_estimator__n_estimators': 25, 'feature_extraction__n_lags': 8, 'feature_extraction__params': ('tsfel', {'config_file': 'tsfel_config.json'}), 'feature_selection__strategy': 'correlation', 'feature_selection__threshold': 0.95, 'imputation__params': ('ffill', None)}",0.4527321825253729,0.7022205353920506,0.5560030037637521,0.6061768479776848,0.6479830337342423,0.5930231206786205,0.08505260060614886,241,0.9844331010967474,0.9692597109904593,0.9683664817805903,0.9504081141723006,0.9371152903190887,0.9619165396718372,0.01643207402343506
182.0759786605835,88.88641525879716,61.66186866760254,1.7525401734750476,5,25,8,"('tsfel', {'config_file': 'tsfel_config.json'})",pca,0.85,"('interpolate', 'linear')","{'classifier__base_estimator__max_depth': 5, 'classifier__base_estimator__n_estimators': 25, 'feature_extraction__n_lags': 8, 'feature_extraction__params': ('tsfel', {'config_file': 'tsfel_config.json'}), 'feature_selection__strategy': 'pca', 'feature_selection__threshold': 0.85, 'imputation__params': ('interpolate', 'linear')}",0.556490705541991,0.6154105666180232,0.618502099015634,0.4845790794979079,0.607206104573644,0.57643771104944,0.05112901615606297,389,0.857747540037319,0.8173352987374639,0.8000337653356537,0.7666901070073083,0.7491516493103656,0.7981916720856221,0.03824668768034114
180.27448616027831,85.14888461902382,61.98360333442688,1.0660905343228353,5,25,8,"('tsfel', {'config_file': 'tsfel_config.json'})",pca,0.85,"('interpolate', ('polynomial', 2))","{'classifier__base_estimator__max_depth': 5, 'classifier__base_estimator__n_estimators': 25, 'feature_extraction__n_lags': 8, 'feature_extraction__params': ('tsfel', {'config_file': 'tsfel_config.json'}), 'feature_selection__strategy': 'pca', 'feature_selection__threshold': 0.85, 'imputation__params': ('interpolate', ('polynomial', 2))}",0.556490705541991,0.6154105666180232,0.618502099015634,0.4845790794979079,0.607206104573644,0.57643771104944,0.05112901615606297,389,0.857747540037319,0.8173352987374639,0.8000337653356537,0.7666901070073083,0.7491516493103656,0.7981916720856221,0.03824668768034114
183.37900280952454,86.43444797612544,62.428012228012086,1.1119601519546238,5,25,8,"('tsfel', {'config_file': 'tsfel_config.json'})",pca,0.85,"('interpolate', ('polynomial', 3))","{'classifier__base_estimator__max_depth': 5, 'classifier__base_estimator__n_estimators': 25, 'feature_extraction__n_lags': 8, 'feature_extraction__params': ('tsfel', {'config_file': 'tsfel_config.json'}), 'feature_selection__strategy': 'pca', 'feature_selection__threshold': 0.85, 'imputation__params': ('interpolate', ('polynomial', 3))}",0.556490705541991,0.6154105666180232,0.618502099015634,0.4845790794979079,0.607206104573644,0.57643771104944,0.05112901615606297,389,0.857747540037319,0.8173352987374639,0.8000337653356537,0.7666901070073083,0.7491516493103656,0.7981916720856221,0.03824668768034114
183.2343837738037,88.07529130153779,62.169977283477785,1.4843619708713083,5,25,8,"('tsfel', {'config_file': 'tsfel_config.json'})",pca,0.85,"('ffill', None)","{'classifier__base_estimator__max_depth': 5, 'classifier__base_estimator__n_estimators': 25, 'feature_extraction__n_lags': 8, 'feature_extraction__params': ('tsfel', {'config_file': 'tsfel_config.json'}), 'feature_selection__strategy': 'pca', 'feature_selection__threshold': 0.85, 'imputation__params': ('ffill', None)}",0.556490705541991,0.6154105666180232,0.618502099015634,0.4845790794979079,0.607206104573644,0.57643771104944,0.05112901615606297,389,0.857747540037319,0.8173352987374639,0.8000337653356537,0.7666901070073083,0.7491516493103656,0.7981916720856221,0.03824668768034114
183.00870122909546,89.25110426438435,61.50938286781311,2.1531898758976284,5,25,8,"('tsfel', {'config_file': 'tsfel_config.json'})",pca,0.9,"('interpolate', 'linear')","{'classifier__base_estimator__max_depth': 5, 'classifier__base_estimator__n_estimators': 25, 'feature_extraction__n_lags': 8, 'feature_extraction__params': ('tsfel', {'config_file': 'tsfel_config.json'}), 'feature_selection__strategy': 'pca', 'feature_selection__threshold': 0.9, 'imputation__params': ('interpolate', 'linear')}",0.556490705541991,0.6154105666180232,0.618502099015634,0.4845790794979079,0.607206104573644,0.57643771104944,0.05112901615606297,389,0.857747540037319,0.8173352987374639,0.8000337653356537,0.7666901070073083,0.7491516493103656,0.7981916720856221,0.03824668768034114
181.11539654731752,88.9061496158208,62.20345687866211,2.49429792526465,5,25,8,"('tsfel', {'config_file': 'tsfel_config.json'})",pca,0.9,"('interpolate', ('polynomial', 2))","{'classifier__base_estimator__max_depth': 5, 'classifier__base_estimator__n_estimators': 25, 'feature_extraction__n_lags': 8, 'feature_extraction__params': ('tsfel', {'config_file': 'tsfel_config.json'}), 'feature_selection__strategy': 'pca', 'feature_selection__threshold': 0.9, 'imputation__params': ('interpolate', ('polynomial', 2))}",0.556490705541991,0.6154105666180232,0.618502099015634,0.4845790794979079,0.607206104573644,0.57643771104944,0.05112901615606297,389,0.857747540037319,0.8173352987374639,0.8000337653356537,0.7666901070073083,0.7491516493103656,0.7981916720856221,0.03824668768034114
183.77947115898132,89.50857549914346,61.88383588790894,1.8843480239906323,5,25,8,"('tsfel', {'config_file': 'tsfel_config.json'})",pca,0.9,"('interpolate', ('polynomial', 3))","{'classifier__base_estimator__max_depth': 5, 'classifier__base_estimator__n_estimators': 25, 'feature_extraction__n_lags': 8, 'feature_extraction__params': ('tsfel', {'config_file': 'tsfel_config.json'}), 'feature_selection__strategy': 'pca', 'feature_selection__threshold': 0.9, 'imputation__params': ('interpolate', ('polynomial', 3))}",0.556490705541991,0.6154105666180232,0.618502099015634,0.4845790794979079,0.607206104573644,0.57643771104944,0.05112901615606297,389,0.857747540037319,0.8173352987374639,0.8000337653356537,0.7666901070073083,0.7491516493103656,0.7981916720856221,0.03824668768034114
183.5057255268097,88.08033806273312,62.34846248626709,1.658108427667677,5,25,8,"('tsfel', {'config_file': 'tsfel_config.json'})",pca,0.9,"('ffill', None)","{'classifier__base_estimator__max_depth': 5, 'classifier__base_estimator__n_estimators': 25, 'feature_extraction__n_lags': 8, 'feature_extraction__params': ('tsfel', {'config_file': 'tsfel_config.json'}), 'feature_selection__strategy': 'pca', 'feature_selection__threshold': 0.9, 'imputation__params': ('ffill', None)}",0.556490705541991,0.6154105666180232,0.618502099015634,0.4845790794979079,0.607206104573644,0.57643771104944,0.05112901615606297,389,0.857747540037319,0.8173352987374639,0.8000337653356537,0.7666901070073083,0.7491516493103656,0.7981916720856221,0.03824668768034114
183.2274425983429,88.9168962945949,61.71681098937988,2.057580283594627,5,25,8,"('tsfel', {'config_file': 'tsfel_config.json'})",pca,0.95,"('interpolate', 'linear')","{'classifier__base_estimator__max_depth': 5, 'classifier__base_estimator__n_estimators': 25, 'feature_extraction__n_lags': 8, 'feature_extraction__params': ('tsfel', {'config_file': 'tsfel_config.json'}), 'feature_selection__strategy': 'pca', 'feature_selection__threshold': 0.95, 'imputation__params': ('interpolate', 'linear')}",0.556490705541991,0.6154105666180232,0.618502099015634,0.4845790794979079,0.607206104573644,0.57643771104944,0.05112901615606297,389,0.857747540037319,0.8173352987374639,0.8000337653356537,0.7666901070073083,0.7491516493103656,0.7981916720856221,0.03824668768034114
181.15159788131714,87.31559187881938,62.19650745391846,1.501779424200337,5,25,8,"('tsfel', {'config_file': 'tsfel_config.json'})",pca,0.95,"('interpolate', ('polynomial', 2))","{'classifier__base_estimator__max_depth': 5, 'classifier__base_estimator__n_estimators': 25, 'feature_extraction__n_lags': 8, 'feature_extraction__params': ('tsfel', {'config_file': 'tsfel_config.json'}), 'feature_selection__strategy': 'pca', 'feature_selection__threshold': 0.95, 'imputation__params': ('interpolate', ('polynomial', 2))}",0.556490705541991,0.6154105666180232,0.618502099015634,0.4845790794979079,0.607206104573644,0.57643771104944,0.05112901615606297,389,0.857747540037319,0.8173352987374639,0.8000337653356537,0.7666901070073083,0.7491516493103656,0.7981916720856221,0.03824668768034114
182.10179114341736,86.25913223709408,61.92740111351013,1.7418781866591442,5,25,8,"('tsfel', {'config_file': 'tsfel_config.json'})",pca,0.95,"('interpolate', ('polynomial', 3))","{'classifier__base_estimator__max_depth': 5, 'classifier__base_estimator__n_estimators': 25, 'feature_extraction__n_lags': 8, 'feature_extraction__params': ('tsfel', {'config_file': 'tsfel_config.json'}), 'feature_selection__strategy': 'pca', 'feature_selection__threshold': 0.95, 'imputation__params': ('interpolate', ('polynomial', 3))}",0.556490705541991,0.6154105666180232,0.618502099015634,0.4845790794979079,0.607206104573644,0.57643771104944,0.05112901615606297,389,0.857747540037319,0.8173352987374639,0.8000337653356537,0.7666901070073083,0.7491516493103656,0.7981916720856221,0.03824668768034114
182.75628929138185,85.80213282207889,62.63403973579407,1.1413663380779746,5,25,8,"('tsfel', {'config_file': 'tsfel_config.json'})",pca,0.95,"('ffill', None)","{'classifier__base_estimator__max_depth': 5, 'classifier__base_estimator__n_estimators': 25, 'feature_extraction__n_lags': 8, 'feature_extraction__params': ('tsfel', {'config_file': 'tsfel_config.json'}), 'feature_selection__strategy': 'pca', 'feature_selection__threshold': 0.95, 'imputation__params': ('ffill', None)}",0.556490705541991,0.6154105666180232,0.618502099015634,0.4845790794979079,0.607206104573644,0.57643771104944,0.05112901615606297,389,0.857747540037319,0.8173352987374639,0.8000337653356537,0.7666901070073083,0.7491516493103656,0.7981916720856221,0.03824668768034114
193.52984204292298,89.5741824310387,64.23910574913025,1.205150645945935,5,50,3,"('tsfel', {'config_file': 'tsfel_config.json'})",correlation,0.85,"('interpolate', 'linear')","{'classifier__base_estimator__max_depth': 5, 'classifier__base_estimator__n_estimators': 50, 'feature_extraction__n_lags': 3, 'feature_extraction__params': ('tsfel', {'config_file': 'tsfel_config.json'}), 'feature_selection__strategy': 'correlation', 'feature_selection__threshold': 0.85, 'imputation__params': ('interpolate', 'linear')}",0.5452372585231875,0.6922462947662618,0.6060160024154589,0.6483642381741466,0.6549134229543319,0.6293554433666774,0.05018047890500643,9,0.9847098909159139,0.9770341877764419,0.9770502063450439,0.9602834866172876,0.9508327575760647,0.9699821058461502,0.012468827622440322
193.41302285194396,90.3493704191519,63.834104251861575,1.4280151995101176,5,50,3,"('tsfel', {'config_file': 'tsfel_config.json'})",correlation,0.85,"('interpolate', ('polynomial', 2))","{'classifier__base_estimator__max_depth': 5, 'classifier__base_estimator__n_estimators': 50, 'feature_extraction__n_lags': 3, 'feature_extraction__params': ('tsfel', {'config_file': 'tsfel_config.json'}), 'feature_selection__strategy': 'correlation', 'feature_selection__threshold': 0.85, 'imputation__params': ('interpolate', ('polynomial', 2))}",0.5452372585231875,0.6922462947662618,0.6060160024154589,0.6483642381741466,0.6549134229543319,0.6293554433666774,0.05018047890500643,9,0.9847098909159139,0.9770341877764419,0.9770502063450439,0.9602834866172876,0.9508327575760647,0.9699821058461502,0.012468827622440322
193.06512050628663,88.94853677001608,64.15576529502869,1.057669004966778,5,50,3,"('tsfel', {'config_file': 'tsfel_config.json'})",correlation,0.85,"('interpolate', ('polynomial', 3))","{'classifier__base_estimator__max_depth': 5, 'classifier__base_estimator__n_estimators': 50, 'feature_extraction__n_lags': 3, 'feature_extraction__params': ('tsfel', {'config_file': 'tsfel_config.json'}), 'feature_selection__strategy': 'correlation', 'feature_selection__threshold': 0.85, 'imputation__params': ('interpolate', ('polynomial', 3))}",0.5452372585231875,0.6922462947662618,0.6060160024154589,0.6483642381741466,0.6549134229543319,0.6293554433666774,0.05018047890500643,9,0.9847098909159139,0.9770341877764419,0.9770502063450439,0.9602834866172876,0.9508327575760647,0.9699821058461502,0.012468827622440322
194.79520325660707,91.56987818132619,64.04348773956299,1.0053279297506181,5,50,3,"('tsfel', {'config_file': 'tsfel_config.json'})",correlation,0.85,"('ffill', None)","{'classifier__base_estimator__max_depth': 5, 'classifier__base_estimator__n_estimators': 50, 'feature_extraction__n_lags': 3, 'feature_extraction__params': ('tsfel', {'config_file': 'tsfel_config.json'}), 'feature_selection__strategy': 'correlation', 'feature_selection__threshold': 0.85, 'imputation__params': ('ffill', None)}",0.5452372585231875,0.6922462947662618,0.6060160024154589,0.6483642381741466,0.6549134229543319,0.6293554433666774,0.05018047890500643,9,0.9847098909159139,0.9770341877764419,0.9770502063450439,0.9602834866172876,0.9508327575760647,0.9699821058461502,0.012468827622440322
194.86307110786439,94.78065174710449,63.835072708129886,1.2142640917305723,5,50,3,"('tsfel', {'config_file': 'tsfel_config.json'})",correlation,0.9,"('interpolate', 'linear')","{'classifier__base_estimator__max_depth': 5, 'classifier__base_estimator__n_estimators': 50, 'feature_extraction__n_lags': 3, 'feature_extraction__params': ('tsfel', {'config_file': 'tsfel_config.json'}), 'feature_selection__strategy': 'correlation', 'feature_selection__threshold': 0.9, 'imputation__params': ('interpolate', 'linear')}",0.5458865136866977,0.6316577754657255,0.5513715277777778,0.5632577881669009,0.6531781502717606,0.5890703510737725,0.044442844480404364,293,0.9852393908121463,0.9798538005247194,0.978976165338073,0.9654639750084695,0.9549916184381972,0.9729049900243212,0.011077365805137402
193.558123254776,92.66072138454443,62.57869763374329,1.346093800054711,5,50,3,"('tsfel', {'config_file': 'tsfel_config.json'})",correlation,0.9,"('interpolate', ('polynomial', 2))","{'classifier__base_estimator__max_depth': 5, 'classifier__base_estimator__n_estimators': 50, 'feature_extraction__n_lags': 3, 'feature_extraction__params': ('tsfel', {'config_file': 'tsfel_config.json'}), 'feature_selection__strategy': 'correlation', 'feature_selection__threshold': 0.9, 'imputation__params': ('interpolate', ('polynomial', 2))}",0.5458865136866977,0.6316577754657255,0.5513715277777778,0.5632577881669009,0.6531781502717606,0.5890703510737725,0.044442844480404364,293,0.9852393908121463,0.9798538005247194,0.978976165338073,0.9654639750084695,0.9549916184381972,0.9729049900243212,0.011077365805137402
192.76360702514648,92.1714507262356,63.41863679885864,1.3357498644365078,5,50,3,"('tsfel', {'config_file': 'tsfel_config.json'})",correlation,0.9,"('interpolate', ('polynomial', 3))","{'classifier__base_estimator__max_depth': 5, 'classifier__base_estimator__n_estimators': 50, 'feature_extraction__n_lags': 3, 'feature_extraction__params': ('tsfel', {'config_file': 'tsfel_config.json'}), 'feature_selection__strategy': 'correlation', 'feature_selection__threshold': 0.9, 'imputation__params': ('interpolate', ('polynomial', 3))}",0.5458865136866977,0.6316577754657255,0.5513715277777778,0.5632577881669009,0.6531781502717606,0.5890703510737725,0.044442844480404364,293,0.9852393908121463,0.9798538005247194,0.978976165338073,0.9654639750084695,0.9549916184381972,0.9729049900243212,0.011077365805137402
194.3500014781952,91.62393560493737,63.54836783409119,1.09887869116499,5,50,3,"('tsfel', {'config_file': 'tsfel_config.json'})",correlation,0.9,"('ffill', None)","{'classifier__base_estimator__max_depth': 5, 'classifier__base_estimator__n_estimators': 50, 'feature_extraction__n_lags': 3, 'feature_extraction__params': ('tsfel', {'config_file': 'tsfel_config.json'}), 'feature_selection__strategy': 'correlation', 'feature_selection__threshold': 0.9, 'imputation__params': ('ffill', None)}",0.5458865136866977,0.6316577754657255,0.5513715277777778,0.5632577881669009,0.6531781502717606,0.5890703510737725,0.044442844480404364,293,0.9852393908121463,0.9798538005247194,0.978976165338073,0.9654639750084695,0.9549916184381972,0.9729049900243212,0.011077365805137402
193.78069639205933,93.85411847665168,63.39826903343201,1.7716563904797498,5,50,3,"('tsfel', {'config_file': 'tsfel_config.json'})",correlation,0.95,"('interpolate', 'linear')","{'classifier__base_estimator__max_depth': 5, 'classifier__base_estimator__n_estimators': 50, 'feature_extraction__n_lags': 3, 'feature_extraction__params': ('tsfel', {'config_file': 'tsfel_config.json'}), 'feature_selection__strategy': 'correlation', 'feature_selection__threshold': 0.95, 'imputation__params': ('interpolate', 'linear')}",0.6053974164379943,0.6257832927024152,0.5687122584541062,0.6363435887419431,0.6661273894298735,0.6204727891532664,0.03246797084731138,45,0.9859067739028335,0.9783549880972688,0.9777343292604352,0.964260835450629,0.9524391414713034,0.971739213636494,0.01190670880498062
194.624817609787,91.76912528870997,64.05405149459838,1.6140477277107261,5,50,3,"('tsfel', {'config_file': 'tsfel_config.json'})",correlation,0.95,"('interpolate', ('polynomial', 2))","{'classifier__base_estimator__max_depth': 5, 'classifier__base_estimator__n_estimators': 50, 'feature_extraction__n_lags': 3, 'feature_extraction__params': ('tsfel', {'config_file': 'tsfel_config.json'}), 'feature_selection__strategy': 'correlation', 'feature_selection__threshold': 0.95, 'imputation__params': ('interpolate', ('polynomial', 2))}",0.6053974164379943,0.6257832927024152,0.5687122584541062,0.6363435887419431,0.6661273894298735,0.6204727891532664,0.03246797084731138,45,0.9859067739028335,0.9783549880972688,0.9777343292604352,0.964260835450629,0.9524391414713034,0.971739213636494,0.01190670880498062
195.15564918518066,87.68786373639091,64.58516345024108,0.9086670117641185,5,50,3,"('tsfel', {'config_file': 'tsfel_config.json'})",correlation,0.95,"('interpolate', ('polynomial', 3))","{'classifier__base_estimator__max_depth': 5, 'classifier__base_estimator__n_estimators': 50, 'feature_extraction__n_lags': 3, 'feature_extraction__params': ('tsfel', {'config_file': 'tsfel_config.json'}), 'feature_selection__strategy': 'correlation', 'feature_selection__threshold': 0.95, 'imputation__params': ('interpolate', ('polynomial', 3))}",0.6053974164379943,0.6257832927024152,0.5687122584541062,0.6363435887419431,0.6661273894298735,0.6204727891532664,0.03246797084731138,45,0.9859067739028335,0.9783549880972688,0.9777343292604352,0.964260835450629,0.9524391414713034,0.971739213636494,0.01190670880498062
192.96271257400514,92.52289078489302,63.29982876777649,1.3497097577721617,5,50,3,"('tsfel', {'config_file': 'tsfel_config.json'})",correlation,0.95,"('ffill', None)","{'classifier__base_estimator__max_depth': 5, 'classifier__base_estimator__n_estimators': 50, 'feature_extraction__n_lags': 3, 'feature_extraction__params': ('tsfel', {'config_file': 'tsfel_config.json'}), 'feature_selection__strategy': 'correlation', 'feature_selection__threshold': 0.95, 'imputation__params': ('ffill', None)}",0.6053974164379943,0.6257832927024152,0.5687122584541062,0.6363435887419431,0.6661273894298735,0.6204727891532664,0.03246797084731138,45,0.9859067739028335,0.9783549880972688,0.9777343292604352,0.964260835450629,0.9524391414713034,0.971739213636494,0.01190670880498062
190.44194993972778,88.77289101825117,64.17336149215699,1.1547237870034435,5,50,3,"('tsfel', {'config_file': 'tsfel_config.json'})",pca,0.85,"('interpolate', 'linear')","{'classifier__base_estimator__max_depth': 5, 'classifier__base_estimator__n_estimators': 50, 'feature_extraction__n_lags': 3, 'feature_extraction__params': ('tsfel', {'config_file': 'tsfel_config.json'}), 'feature_selection__strategy': 'pca', 'feature_selection__threshold': 0.85, 'imputation__params': ('interpolate', 'linear')}",0.4520074570880968,0.511289105133776,0.6173354468599035,0.584359819296466,0.591420662586599,0.5512824981929683,0.06086571894692736,577,0.8805277656952297,0.8364408560964534,0.8148901274669271,0.7816336353023354,0.7661271863291294,0.815923914178015,0.04062316723578993
190.17027640342712,90.7919092851312,64.11925044059754,2.1956012070342723,5,50,3,"('tsfel', {'config_file': 'tsfel_config.json'})",pca,0.85,"('interpolate', ('polynomial', 2))","{'classifier__base_estimator__max_depth': 5, 'classifier__base_estimator__n_estimators': 50, 'feature_extraction__n_lags': 3, 'feature_extraction__params': ('tsfel', {'config_file': 'tsfel_config.json'}), 'feature_selection__strategy': 'pca', 'feature_selection__threshold': 0.85, 'imputation__params': ('interpolate', ('polynomial', 2))}",0.4520074570880968,0.511289105133776,0.6173354468599035,0.584359819296466,0.591420662586599,0.5512824981929683,0.06086571894692736,577,0.8805277656952297,0.8364408560964534,0.8148901274669271,0.7816336353023354,0.7661271863291294,0.815923914178015,0.04062316723578993
191.35846996307373,91.41125249534446,63.59312839508057,1.5578660082177986,5,50,3,"('tsfel', {'config_file': 'tsfel_config.json'})",pca,0.85,"('interpolate', ('polynomial', 3))","{'classifier__base_estimator__max_depth': 5, 'classifier__base_estimator__n_estimators': 50, 'feature_extraction__n_lags': 3, 'feature_extraction__params': ('tsfel', {'config_file': 'tsfel_config.json'}), 'feature_selection__strategy': 'pca', 'feature_selection__threshold': 0.85, 'imputation__params': ('interpolate', ('polynomial', 3))}",0.4520074570880968,0.511289105133776,0.6173354468599035,0.584359819296466,0.591420662586599,0.5512824981929683,0.06086571894692736,577,0.8805277656952297,0.8364408560964534,0.8148901274669271,0.7816336353023354,0.7661271863291294,0.815923914178015,0.04062316723578993
191.81647644042968,91.29065688428368,64.21180844306946,1.169072705638015,5,50,3,"('tsfel', {'config_file': 'tsfel_config.json'})",pca,0.85,"('ffill', None)","{'classifier__base_estimator__max_depth': 5, 'classifier__base_estimator__n_estimators': 50, 'feature_extraction__n_lags': 3, 'feature_extraction__params': ('tsfel', {'config_file': 'tsfel_config.json'}), 'feature_selection__strategy': 'pca', 'feature_selection__threshold': 0.85, 'imputation__params': ('ffill', None)}",0.4520074570880968,0.511289105133776,0.6173354468599035,0.584359819296466,0.591420662586599,0.5512824981929683,0.06086571894692736,577,0.8805277656952297,0.8364408560964534,0.8148901274669271,0.7816336353023354,0.7661271863291294,0.815923914178015,0.04062316723578993
194.05067653656005,95.71238881397392,64.84101219177246,2.152019781398253,5,50,3,"('tsfel', {'config_file': 'tsfel_config.json'})",pca,0.9,"('interpolate', 'linear')","{'classifier__base_estimator__max_depth': 5, 'classifier__base_estimator__n_estimators': 50, 'feature_extraction__n_lags': 3, 'feature_extraction__params': ('tsfel', {'config_file': 'tsfel_config.json'}), 'feature_selection__strategy': 'pca', 'feature_selection__threshold': 0.9, 'imputation__params': ('interpolate', 'linear')}",0.4520074570880968,0.511289105133776,0.6173354468599035,0.584359819296466,0.591420662586599,0.5512824981929683,0.06086571894692736,577,0.8805277656952297,0.8364408560964534,0.8148901274669271,0.7816336353023354,0.7661271863291294,0.815923914178015,0.04062316723578993
190.4432970046997,88.36689446568377,63.89377574920654,0.9678841852861381,5,50,3,"('tsfel', {'config_file': 'tsfel_config.json'})",pca,0.9,"('interpolate', ('polynomial', 2))","{'classifier__base_estimator__max_depth': 5, 'classifier__base_estimator__n_estimators': 50, 'feature_extraction__n_lags': 3, 'feature_extraction__params': ('tsfel', {'config_file': 'tsfel_config.json'}), 'feature_selection__strategy': 'pca', 'feature_selection__threshold': 0.9, 'imputation__params': ('interpolate', ('polynomial', 2))}",0.4520074570880968,0.511289105133776,0.6173354468599035,0.584359819296466,0.591420662586599,0.5512824981929683,0.06086571894692736,577,0.8805277656952297,0.8364408560964534,0.8148901274669271,0.7816336353023354,0.7661271863291294,0.815923914178015,0.04062316723578993
189.55242023468017,91.05599381892462,63.64665942192077,1.8103700247264984,5,50,3,"('tsfel', {'config_file': 'tsfel_config.json'})",pca,0.9,"('interpolate', ('polynomial', 3))","{'classifier__base_estimator__max_depth': 5, 'classifier__base_estimator__n_estimators': 50, 'feature_extraction__n_lags': 3, 'feature_extraction__params': ('tsfel', {'config_file': 'tsfel_config.json'}), 'feature_selection__strategy': 'pca', 'feature_selection__threshold': 0.9, 'imputation__params': ('interpolate', ('polynomial', 3))}",0.4520074570880968,0.511289105133776,0.6173354468599035,0.584359819296466,0.591420662586599,0.5512824981929683,0.06086571894692736,577,0.8805277656952297,0.8364408560964534,0.8148901274669271,0.7816336353023354,0.7661271863291294,0.815923914178015,0.04062316723578993
190.78452973365785,88.42922162359655,64.03711619377137,1.2821932643515113,5,50,3,"('tsfel', {'config_file': 'tsfel_config.json'})",pca,0.9,"('ffill', None)","{'classifier__base_estimator__max_depth': 5, 'classifier__base_estimator__n_estimators': 50, 'feature_extraction__n_lags': 3, 'feature_extraction__params': ('tsfel', {'config_file': 'tsfel_config.json'}), 'feature_selection__strategy': 'pca', 'feature_selection__threshold': 0.9, 'imputation__params': ('ffill', None)}",0.4520074570880968,0.511289105133776,0.6173354468599035,0.584359819296466,0.591420662586599,0.5512824981929683,0.06086571894692736,577,0.8805277656952297,0.8364408560964534,0.8148901274669271,0.7816336353023354,0.7661271863291294,0.815923914178015,0.04062316723578993
190.46490859985352,89.00322659798725,64.034628200531,0.8588496138230824,5,50,3,"('tsfel', {'config_file': 'tsfel_config.json'})",pca,0.95,"('interpolate', 'linear')","{'classifier__base_estimator__max_depth': 5, 'classifier__base_estimator__n_estimators': 50, 'feature_extraction__n_lags': 3, 'feature_extraction__params': ('tsfel', {'config_file': 'tsfel_config.json'}), 'feature_selection__strategy': 'pca', 'feature_selection__threshold': 0.95, 'imputation__params': ('interpolate', 'linear')}",0.4520074570880968,0.511289105133776,0.6173354468599035,0.584359819296466,0.591420662586599,0.5512824981929683,0.06086571894692736,577,0.8805277656952297,0.8364408560964534,0.8148901274669271,0.7816336353023354,0.7661271863291294,0.815923914178015,0.04062316723578993
189.7422544002533,91.2509121842395,63.15076155662537,1.4261773495480232,5,50,3,"('tsfel', {'config_file': 'tsfel_config.json'})",pca,0.95,"('interpolate', ('polynomial', 2))","{'classifier__base_estimator__max_depth': 5, 'classifier__base_estimator__n_estimators': 50, 'feature_extraction__n_lags': 3, 'feature_extraction__params': ('tsfel', {'config_file': 'tsfel_config.json'}), 'feature_selection__strategy': 'pca', 'feature_selection__threshold': 0.95, 'imputation__params': ('interpolate', ('polynomial', 2))}",0.4520074570880968,0.511289105133776,0.6173354468599035,0.584359819296466,0.591420662586599,0.5512824981929683,0.06086571894692736,577,0.8805277656952297,0.8364408560964534,0.8148901274669271,0.7816336353023354,0.7661271863291294,0.815923914178015,0.04062316723578993
189.5563504219055,87.38677886621358,64.04902167320252,0.6777432394261531,5,50,3,"('tsfel', {'config_file': 'tsfel_config.json'})",pca,0.95,"('interpolate', ('polynomial', 3))","{'classifier__base_estimator__max_depth': 5, 'classifier__base_estimator__n_estimators': 50, 'feature_extraction__n_lags': 3, 'feature_extraction__params': ('tsfel', {'config_file': 'tsfel_config.json'}), 'feature_selection__strategy': 'pca', 'feature_selection__threshold': 0.95, 'imputation__params': ('interpolate', ('polynomial', 3))}",0.4520074570880968,0.511289105133776,0.6173354468599035,0.584359819296466,0.591420662586599,0.5512824981929683,0.06086571894692736,577,0.8805277656952297,0.8364408560964534,0.8148901274669271,0.7816336353023354,0.7661271863291294,0.815923914178015,0.04062316723578993
193.6888146877289,93.07837907566815,64.49121007919311,0.9545412884333848,5,50,3,"('tsfel', {'config_file': 'tsfel_config.json'})",pca,0.95,"('ffill', None)","{'classifier__base_estimator__max_depth': 5, 'classifier__base_estimator__n_estimators': 50, 'feature_extraction__n_lags': 3, 'feature_extraction__params': ('tsfel', {'config_file': 'tsfel_config.json'}), 'feature_selection__strategy': 'pca', 'feature_selection__threshold': 0.95, 'imputation__params': ('ffill', None)}",0.4520074570880968,0.511289105133776,0.6173354468599035,0.584359819296466,0.591420662586599,0.5512824981929683,0.06086571894692736,577,0.8805277656952297,0.8364408560964534,0.8148901274669271,0.7816336353023354,0.7661271863291294,0.815923914178015,0.04062316723578993
189.78182678222657,91.47609428370669,62.30964527130127,1.364566865257519,5,50,5,"('tsfel', {'config_file': 'tsfel_config.json'})",correlation,0.85,"('interpolate', 'linear')","{'classifier__base_estimator__max_depth': 5, 'classifier__base_estimator__n_estimators': 50, 'feature_extraction__n_lags': 5, 'feature_extraction__params': ('tsfel', {'config_file': 'tsfel_config.json'}), 'feature_selection__strategy': 'correlation', 'feature_selection__threshold': 0.85, 'imputation__params': ('interpolate', 'linear')}",0.5035931453841902,0.6732790607323237,0.6090313470770968,0.6143938031112939,0.6728605542166548,0.6146315821043119,0.0619533591391801,113,0.9876616322404453,0.9813316346089013,0.978527594755254,0.9667257905483084,0.9590418494010178,0.9746577003107854,0.010347847310182859
189.89407839775086,90.69622101699018,62.713636302948,1.6419314283375213,5,50,5,"('tsfel', {'config_file': 'tsfel_config.json'})",correlation,0.85,"('interpolate', ('polynomial', 2))","{'classifier__base_estimator__max_depth': 5, 'classifier__base_estimator__n_estimators': 50, 'feature_extraction__n_lags': 5, 'feature_extraction__params': ('tsfel', {'config_file': 'tsfel_config.json'}), 'feature_selection__strategy': 'correlation', 'feature_selection__threshold': 0.85, 'imputation__params': ('interpolate', ('polynomial', 2))}",0.5035931453841902,0.6732790607323237,0.6090313470770968,0.6143938031112939,0.6728605542166548,0.6146315821043119,0.0619533591391801,113,0.9876616322404453,0.9813316346089013,0.978527594755254,0.9667257905483084,0.9590418494010178,0.9746577003107854,0.010347847310182859
189.4460485935211,91.22545870278881,62.94815330505371,1.8013218540005629,5,50,5,"('tsfel', {'config_file': 'tsfel_config.json'})",correlation,0.85,"('interpolate', ('polynomial', 3))","{'classifier__base_estimator__max_depth': 5, 'classifier__base_estimator__n_estimators': 50, 'feature_extraction__n_lags': 5, 'feature_extraction__params': ('tsfel', {'config_file': 'tsfel_config.json'}), 'feature_selection__strategy': 'correlation', 'feature_selection__threshold': 0.85, 'imputation__params': ('interpolate', ('polynomial', 3))}",0.5035931453841902,0.6732790607323237,0.6090313470770968,0.6143938031112939,0.6728605542166548,0.6146315821043119,0.0619533591391801,113,0.9876616322404453,0.9813316346089013,0.978527594755254,0.9667257905483084,0.9590418494010178,0.9746577003107854,0.010347847310182859
190.44634647369384,89.29794794160178,62.71378765106201,0.5676636056004767,5,50,5,"('tsfel', {'config_file': 'tsfel_config.json'})",correlation,0.85,"('ffill', None)","{'classifier__base_estimator__max_depth': 5, 'classifier__base_estimator__n_estimators': 50, 'feature_extraction__n_lags': 5, 'feature_extraction__params': ('tsfel', {'config_file': 'tsfel_config.json'}), 'feature_selection__strategy': 'correlation', 'feature_selection__threshold': 0.85, 'imputation__params': ('ffill', None)}",0.5035931453841902,0.6732790607323237,0.6090313470770968,0.6143938031112939,0.6728605542166548,0.6146315821043119,0.0619533591391801,113,0.9876616322404453,0.9813316346089013,0.978527594755254,0.9667257905483084,0.9590418494010178,0.9746577003107854,0.010347847310182859
191.16351985931396,93.34961712794889,62.95961184501648,1.8191074577185096,5,50,5,"('tsfel', {'config_file': 'tsfel_config.json'})",correlation,0.9,"('interpolate', 'linear')","{'classifier__base_estimator__max_depth': 5, 'classifier__base_estimator__n_estimators': 50, 'feature_extraction__n_lags': 5, 'feature_extraction__params': ('tsfel', {'config_file': 'tsfel_config.json'}), 'feature_selection__strategy': 'correlation', 'feature_selection__threshold': 0.9, 'imputation__params': ('interpolate', 'linear')}",0.46704747865610224,0.6422775601566871,0.5757792391172792,0.6208142732319079,0.6403252646168243,0.5892487631557601,0.06562290110993957,289,0.9866454426120675,0.9820672036635112,0.9811361794431731,0.9693990720452345,0.9559728633452641,0.97504415222185,0.011105016664105658
188.66760120391845,88.49151761266481,62.4491774559021,0.9351964640391858,5,50,5,"('tsfel', {'config_file': 'tsfel_config.json'})",correlation,0.9,"('interpolate', ('polynomial', 2))","{'classifier__base_estimator__max_depth': 5, 'classifier__base_estimator__n_estimators': 50, 'feature_extraction__n_lags': 5, 'feature_extraction__params': ('tsfel', {'config_file': 'tsfel_config.json'}), 'feature_selection__strategy': 'correlation', 'feature_selection__threshold': 0.9, 'imputation__params': ('interpolate', ('polynomial', 2))}",0.46704747865610224,0.6422775601566871,0.5757792391172792,0.6208142732319079,0.6403252646168243,0.5892487631557601,0.06562290110993957,289,0.9866454426120675,0.9820672036635112,0.9811361794431731,0.9693990720452345,0.9559728633452641,0.97504415222185,0.011105016664105658
191.3795117378235,90.24563030829607,63.727185821533205,1.1635404588492906,5,50,5,"('tsfel', {'config_file': 'tsfel_config.json'})",correlation,0.9,"('interpolate', ('polynomial', 3))","{'classifier__base_estimator__max_depth': 5, 'classifier__base_estimator__n_estimators': 50, 'feature_extraction__n_lags': 5, 'feature_extraction__params': ('tsfel', {'config_file': 'tsfel_config.json'}), 'feature_selection__strategy': 'correlation', 'feature_selection__threshold': 0.9, 'imputation__params': ('interpolate', ('polynomial', 3))}",0.46704747865610224,0.6422775601566871,0.5757792391172792,0.6208142732319079,0.6403252646168243,0.5892487631557601,0.06562290110993957,289,0.9866454426120675,0.9820672036635112,0.9811361794431731,0.9693990720452345,0.9559728633452641,0.97504415222185,0.011105016664105658
190.5102897167206,91.3209110023238,62.97052974700928,1.3722317211608346,5,50,5,"('tsfel', {'config_file': 'tsfel_config.json'})",correlation,0.9,"('ffill', None)","{'classifier__base_estimator__max_depth': 5, 'classifier__base_estimator__n_estimators': 50, 'feature_extraction__n_lags': 5, 'feature_extraction__params': ('tsfel', {'config_file': 'tsfel_config.json'}), 'feature_selection__strategy': 'correlation', 'feature_selection__threshold': 0.9, 'imputation__params': ('ffill', None)}",0.46704747865610224,0.6422775601566871,0.5757792391172792,0.6208142732319079,0.6403252646168243,0.5892487631557601,0.06562290110993957,289,0.9866454426120675,0.9820672036635112,0.9811361794431731,0.9693990720452345,0.9559728633452641,0.97504415222185,0.011105016664105658
188.2278911113739,90.06719093911397,62.098997592926025,1.7084331926747804,5,50,5,"('tsfel', {'config_file': 'tsfel_config.json'})",correlation,0.95,"('interpolate', 'linear')","{'classifier__base_estimator__max_depth': 5, 'classifier__base_estimator__n_estimators': 50, 'feature_extraction__n_lags': 5, 'feature_extraction__params': ('tsfel', {'config_file': 'tsfel_config.json'}), 'feature_selection__strategy': 'correlation', 'feature_selection__threshold': 0.95, 'imputation__params': ('interpolate', 'linear')}",0.518272833364044,0.6422891441728835,0.5686004760559971,0.6363129197505484,0.6351421736098237,0.6001235093906592,0.04900439943333888,193,0.9874194667833487,0.9826749911708138,0.9794446937715352,0.9681276652282691,0.9622217533370652,0.9759777140582064,0.009366289515843186
191.79439520835876,92.13400836163838,62.95867748260498,1.3711092836006153,5,50,5,"('tsfel', {'config_file': 'tsfel_config.json'})",correlation,0.95,"('interpolate', ('polynomial', 2))","{'classifier__base_estimator__max_depth': 5, 'classifier__base_estimator__n_estimators': 50, 'feature_extraction__n_lags': 5, 'feature_extraction__params': ('tsfel', {'config_file': 'tsfel_config.json'}), 'feature_selection__strategy': 'correlation', 'feature_selection__threshold': 0.95, 'imputation__params': ('interpolate', ('polynomial', 2))}",0.518272833364044,0.6422891441728835,0.5686004760559971,0.6363129197505484,0.6351421736098237,0.6001235093906592,0.04900439943333888,193,0.9874194667833487,0.9826749911708138,0.9794446937715352,0.9681276652282691,0.9622217533370652,0.9759777140582064,0.009366289515843186
189.47883167266846,86.54390475602207,63.30024943351746,0.8607900641668365,5,50,5,"('tsfel', {'config_file': 'tsfel_config.json'})",correlation,0.95,"('interpolate', ('polynomial', 3))","{'classifier__base_estimator__max_depth': 5, 'classifier__base_estimator__n_estimators': 50, 'feature_extraction__n_lags': 5, 'feature_extraction__params': ('tsfel', {'config_file': 'tsfel_config.json'}), 'feature_selection__strategy': 'correlation', 'feature_selection__threshold': 0.95, 'imputation__params': ('interpolate', ('polynomial', 3))}",0.518272833364044,0.6422891441728835,0.5686004760559971,0.6363129197505484,0.6351421736098237,0.6001235093906592,0.04900439943333888,193,0.9874194667833487,0.9826749911708138,0.9794446937715352,0.9681276652282691,0.9622217533370652,0.9759777140582064,0.009366289515843186
191.86635193824767,92.29941913292109,63.29215703010559,1.3884852125448244,5,50,5,"('tsfel', {'config_file': 'tsfel_config.json'})",correlation,0.95,"('ffill', None)","{'classifier__base_estimator__max_depth': 5, 'classifier__base_estimator__n_estimators': 50, 'feature_extraction__n_lags': 5, 'feature_extraction__params': ('tsfel', {'config_file': 'tsfel_config.json'}), 'feature_selection__strategy': 'correlation', 'feature_selection__threshold': 0.95, 'imputation__params': ('ffill', None)}",0.518272833364044,0.6422891441728835,0.5686004760559971,0.6363129197505484,0.6351421736098237,0.6001235093906592,0.04900439943333888,193,0.9874194667833487,0.9826749911708138,0.9794446937715352,0.9681276652282691,0.9622217533370652,0.9759777140582064,0.009366289515843186
186.49812574386596,90.44446242728111,62.53720231056214,1.6532168190375054,5,50,5,"('tsfel', {'config_file': 'tsfel_config.json'})",pca,0.85,"('interpolate', 'linear')","{'classifier__base_estimator__max_depth': 5, 'classifier__base_estimator__n_estimators': 50, 'feature_extraction__n_lags': 5, 'feature_extraction__params': ('tsfel', {'config_file': 'tsfel_config.json'}), 'feature_selection__strategy': 'pca', 'feature_selection__threshold': 0.85, 'imputation__params': ('interpolate', 'linear')}",0.5569029850746269,0.5191635271012515,0.6191769879372252,0.5010804293448465,0.5904861534115486,0.5573620165738997,0.04369268015313069,469,0.8738823422906891,0.8363622903922893,0.8077466201109971,0.7738383344342197,0.7547864438223606,0.809323206210111,0.042743220106348644
200.47397556304932,105.25912712402416,65.1447726726532,4.306076355595929,5,50,5,"('tsfel', {'config_file': 'tsfel_config.json'})",pca,0.85,"('interpolate', ('polynomial', 2))","{'classifier__base_estimator__max_depth': 5, 'classifier__base_estimator__n_estimators': 50, 'feature_extraction__n_lags': 5, 'feature_extraction__params': ('tsfel', {'config_file': 'tsfel_config.json'}), 'feature_selection__strategy': 'pca', 'feature_selection__threshold': 0.85, 'imputation__params': ('interpolate', ('polynomial', 2))}",0.5569029850746269,0.5191635271012515,0.6191769879372252,0.5010804293448465,0.5904861534115486,0.5573620165738997,0.04369268015313069,469,0.8738823422906891,0.8363622903922893,0.8077466201109971,0.7738383344342197,0.7547864438223606,0.809323206210111,0.042743220106348644
197.60981764793397,85.4264166341967,70.18223996162415,15.756739617576534,5,50,5,"('tsfel', {'config_file': 'tsfel_config.json'})",pca,0.85,"('interpolate', ('polynomial', 3))","{'classifier__base_estimator__max_depth': 5, 'classifier__base_estimator__n_estimators': 50, 'feature_extraction__n_lags': 5, 'feature_extraction__params': ('tsfel', {'config_file': 'tsfel_config.json'}), 'feature_selection__strategy': 'pca', 'feature_selection__threshold': 0.85, 'imputation__params': ('interpolate', ('polynomial', 3))}",0.5569029850746269,0.5191635271012515,0.6191769879372252,0.5010804293448465,0.5904861534115486,0.5573620165738997,0.04369268015313069,469,0.8738823422906891,0.8363622903922893,0.8077466201109971,0.7738383344342197,0.7547864438223606,0.809323206210111,0.042743220106348644
185.9968292236328,89.9394939519699,61.93289070129394,1.7243923794155074,5,50,5,"('tsfel', {'config_file': 'tsfel_config.json'})",pca,0.85,"('ffill', None)","{'classifier__base_estimator__max_depth': 5, 'classifier__base_estimator__n_estimators': 50, 'feature_extraction__n_lags': 5, 'feature_extraction__params': ('tsfel', {'config_file': 'tsfel_config.json'}), 'feature_selection__strategy': 'pca', 'feature_selection__threshold': 0.85, 'imputation__params': ('ffill', None)}",0.5569029850746269,0.5191635271012515,0.6191769879372252,0.5010804293448465,0.5904861534115486,0.5573620165738997,0.04369268015313069,469,0.8738823422906891,0.8363622903922893,0.8077466201109971,0.7738383344342197,0.7547864438223606,0.809323206210111,0.042743220106348644
184.32094964981079,89.43183742622533,62.29079246520996,1.7376431376347068,5,50,5,"('tsfel', {'config_file': 'tsfel_config.json'})",pca,0.9,"('interpolate', 'linear')","{'classifier__base_estimator__max_depth': 5, 'classifier__base_estimator__n_estimators': 50, 'feature_extraction__n_lags': 5, 'feature_extraction__params': ('tsfel', {'config_file': 'tsfel_config.json'}), 'feature_selection__strategy': 'pca', 'feature_selection__threshold': 0.9, 'imputation__params': ('interpolate', 'linear')}",0.5569029850746269,0.5191635271012515,0.6191769879372252,0.5010804293448465,0.5904861534115486,0.5573620165738997,0.04369268015313069,469,0.8738823422906891,0.8363622903922893,0.8077466201109971,0.7738383344342197,0.7547864438223606,0.809323206210111,0.042743220106348644
185.46976022720338,88.6393147371173,62.35593156814575,1.4577694876133678,5,50,5,"('tsfel', {'config_file': 'tsfel_config.json'})",pca,0.9,"('interpolate', ('polynomial', 2))","{'classifier__base_estimator__max_depth': 5, 'classifier__base_estimator__n_estimators': 50, 'feature_extraction__n_lags': 5, 'feature_extraction__params': ('tsfel', {'config_file': 'tsfel_config.json'}), 'feature_selection__strategy': 'pca', 'feature_selection__threshold': 0.9, 'imputation__params': ('interpolate', ('polynomial', 2))}",0.5569029850746269,0.5191635271012515,0.6191769879372252,0.5010804293448465,0.5904861534115486,0.5573620165738997,0.04369268015313069,469,0.8738823422906891,0.8363622903922893,0.8077466201109971,0.7738383344342197,0.7547864438223606,0.809323206210111,0.042743220106348644
185.75571146011353,87.11470752824913,63.30514039993286,1.1741691557930156,5,50,5,"('tsfel', {'config_file': 'tsfel_config.json'})",pca,0.9,"('interpolate', ('polynomial', 3))","{'classifier__base_estimator__max_depth': 5, 'classifier__base_estimator__n_estimators': 50, 'feature_extraction__n_lags': 5, 'feature_extraction__params': ('tsfel', {'config_file': 'tsfel_config.json'}), 'feature_selection__strategy': 'pca', 'feature_selection__threshold': 0.9, 'imputation__params': ('interpolate', ('polynomial', 3))}",0.5569029850746269,0.5191635271012515,0.6191769879372252,0.5010804293448465,0.5904861534115486,0.5573620165738997,0.04369268015313069,469,0.8738823422906891,0.8363622903922893,0.8077466201109971,0.7738383344342197,0.7547864438223606,0.809323206210111,0.042743220106348644
188.08103175163268,92.58417449721823,62.95728998184204,1.3516384809934159,5,50,5,"('tsfel', {'config_file': 'tsfel_config.json'})",pca,0.9,"('ffill', None)","{'classifier__base_estimator__max_depth': 5, 'classifier__base_estimator__n_estimators': 50, 'feature_extraction__n_lags': 5, 'feature_extraction__params': ('tsfel', {'config_file': 'tsfel_config.json'}), 'feature_selection__strategy': 'pca', 'feature_selection__threshold': 0.9, 'imputation__params': ('ffill', None)}",0.5569029850746269,0.5191635271012515,0.6191769879372252,0.5010804293448465,0.5904861534115486,0.5573620165738997,0.04369268015313069,469,0.8738823422906891,0.8363622903922893,0.8077466201109971,0.7738383344342197,0.7547864438223606,0.809323206210111,0.042743220106348644
184.545316362381,86.09832864421723,62.04340863227844,1.2376539191141898,5,50,5,"('tsfel', {'config_file': 'tsfel_config.json'})",pca,0.95,"('interpolate', 'linear')","{'classifier__base_estimator__max_depth': 5, 'classifier__base_estimator__n_estimators': 50, 'feature_extraction__n_lags': 5, 'feature_extraction__params': ('tsfel', {'config_file': 'tsfel_config.json'}), 'feature_selection__strategy': 'pca', 'feature_selection__threshold': 0.95, 'imputation__params': ('interpolate', 'linear')}",0.5569029850746269,0.5191635271012515,0.6191769879372252,0.5010804293448465,0.5904861534115486,0.5573620165738997,0.04369268015313069,469,0.8738823422906891,0.8363622903922893,0.8077466201109971,0.7738383344342197,0.7547864438223606,0.809323206210111,0.042743220106348644
187.7097870349884,88.84388406926327,63.39870624542236,0.8519084627274603,5,50,5,"('tsfel', {'config_file': 'tsfel_config.json'})",pca,0.95,"('interpolate', ('polynomial', 2))","{'classifier__base_estimator__max_depth': 5, 'classifier__base_estimator__n_estimators': 50, 'feature_extraction__n_lags': 5, 'feature_extraction__params': ('tsfel', {'config_file': 'tsfel_config.json'}), 'feature_selection__strategy': 'pca', 'feature_selection__threshold': 0.95, 'imputation__params': ('interpolate', ('polynomial', 2))}",0.5569029850746269,0.5191635271012515,0.6191769879372252,0.5010804293448465,0.5904861534115486,0.5573620165738997,0.04369268015313069,469,0.8738823422906891,0.8363622903922893,0.8077466201109971,0.7738383344342197,0.7547864438223606,0.809323206210111,0.042743220106348644
187.77199883460997,90.94300552970725,63.588165283203125,1.178639510414521,5,50,5,"('tsfel', {'config_file': 'tsfel_config.json'})",pca,0.95,"('interpolate', ('polynomial', 3))","{'classifier__base_estimator__max_depth': 5, 'classifier__base_estimator__n_estimators': 50, 'feature_extraction__n_lags': 5, 'feature_extraction__params': ('tsfel', {'config_file': 'tsfel_config.json'}), 'feature_selection__strategy': 'pca', 'feature_selection__threshold': 0.95, 'imputation__params': ('interpolate', ('polynomial', 3))}",0.5569029850746269,0.5191635271012515,0.6191769879372252,0.5010804293448465,0.5904861534115486,0.5573620165738997,0.04369268015313069,469,0.8738823422906891,0.8363622903922893,0.8077466201109971,0.7738383344342197,0.7547864438223606,0.809323206210111,0.042743220106348644
184.54822130203246,87.39553058071702,61.928940010070804,1.2565335557803712,5,50,5,"('tsfel', {'config_file': 'tsfel_config.json'})",pca,0.95,"('ffill', None)","{'classifier__base_estimator__max_depth': 5, 'classifier__base_estimator__n_estimators': 50, 'feature_extraction__n_lags': 5, 'feature_extraction__params': ('tsfel', {'config_file': 'tsfel_config.json'}), 'feature_selection__strategy': 'pca', 'feature_selection__threshold': 0.95, 'imputation__params': ('ffill', None)}",0.5569029850746269,0.5191635271012515,0.6191769879372252,0.5010804293448465,0.5904861534115486,0.5573620165738997,0.04369268015313069,469,0.8738823422906891,0.8363622903922893,0.8077466201109971,0.7738383344342197,0.7547864438223606,0.809323206210111,0.042743220106348644
183.80194420814513,88.84728007059428,60.472802352905276,1.9635004693990996,5,50,8,"('tsfel', {'config_file': 'tsfel_config.json'})",correlation,0.85,"('interpolate', 'linear')","{'classifier__base_estimator__max_depth': 5, 'classifier__base_estimator__n_estimators': 50, 'feature_extraction__n_lags': 8, 'feature_extraction__params': ('tsfel', {'config_file': 'tsfel_config.json'}), 'feature_selection__strategy': 'correlation', 'feature_selection__threshold': 0.85, 'imputation__params': ('interpolate', 'linear')}",0.4216570643661518,0.6516499552793861,0.6502804719166184,0.623281450488145,0.6629550111338269,0.6019647906368257,0.0910912770571132,173,0.9924170727450901,0.9830636417642518,0.9827780999431379,0.9688330217183061,0.9601999652702156,0.9774583602882003,0.011451904233201526
183.24490098953248,85.1435897162313,61.216267824172974,0.8897210475481028,5,50,8,"('tsfel', {'config_file': 'tsfel_config.json'})",correlation,0.85,"('interpolate', ('polynomial', 2))","{'classifier__base_estimator__max_depth': 5, 'classifier__base_estimator__n_estimators': 50, 'feature_extraction__n_lags': 8, 'feature_extraction__params': ('tsfel', {'config_file': 'tsfel_config.json'}), 'feature_selection__strategy': 'correlation', 'feature_selection__threshold': 0.85, 'imputation__params': ('interpolate', ('polynomial', 2))}",0.4216570643661518,0.6516499552793861,0.6502804719166184,0.623281450488145,0.6629550111338269,0.6019647906368257,0.0910912770571132,173,0.9924170727450901,0.9830636417642518,0.9827780999431379,0.9688330217183061,0.9601999652702156,0.9774583602882003,0.011451904233201526
185.481094455719,88.73149189697439,61.83751606941223,1.5048180176377173,5,50,8,"('tsfel', {'config_file': 'tsfel_config.json'})",correlation,0.85,"('interpolate', ('polynomial', 3))","{'classifier__base_estimator__max_depth': 5, 'classifier__base_estimator__n_estimators': 50, 'feature_extraction__n_lags': 8, 'feature_extraction__params': ('tsfel', {'config_file': 'tsfel_config.json'}), 'feature_selection__strategy': 'correlation', 'feature_selection__threshold': 0.85, 'imputation__params': ('interpolate', ('polynomial', 3))}",0.4216570643661518,0.6516499552793861,0.6502804719166184,0.623281450488145,0.6629550111338269,0.6019647906368257,0.0910912770571132,173,0.9924170727450901,0.9830636417642518,0.9827780999431379,0.9688330217183061,0.9601999652702156,0.9774583602882003,0.011451904233201526
182.4466685771942,89.2527309943308,60.759000301361084,1.7950293543669311,5,50,8,"('tsfel', {'config_file': 'tsfel_config.json'})",correlation,0.85,"('ffill', None)","{'classifier__base_estimator__max_depth': 5, 'classifier__base_estimator__n_estimators': 50, 'feature_extraction__n_lags': 8, 'feature_extraction__params': ('tsfel', {'config_file': 'tsfel_config.json'}), 'feature_selection__strategy': 'correlation', 'feature_selection__threshold': 0.85, 'imputation__params': ('ffill', None)}",0.4216570643661518,0.6516499552793861,0.6502804719166184,0.623281450488145,0.6629550111338269,0.6019647906368257,0.0910912770571132,173,0.9924170727450901,0.9830636417642518,0.9827780999431379,0.9688330217183061,0.9601999652702156,0.9774583602882003,0.011451904233201526
183.4475345134735,87.0335115070807,61.16363081932068,1.2675782347683393,5,50,8,"('tsfel', {'config_file': 'tsfel_config.json'})",correlation,0.9,"('interpolate', 'linear')","{'classifier__base_estimator__max_depth': 5, 'classifier__base_estimator__n_estimators': 50, 'feature_extraction__n_lags': 8, 'feature_extraction__params': ('tsfel', {'config_file': 'tsfel_config.json'}), 'feature_selection__strategy': 'correlation', 'feature_selection__threshold': 0.9, 'imputation__params': ('interpolate', 'linear')}",0.40411004153809316,0.6669245947684728,0.6033502822814129,0.6115894002789399,0.6702951318851381,0.5912538901504114,0.09752563681470235,265,0.99035395943243,0.9847708754820661,0.9809281114125257,0.97124528501547,0.9592041418650473,0.9773004746415077,0.01098637960213978
185.39441699981688,89.62320564295231,61.222764778137204,2.4871725282783466,5,50,8,"('tsfel', {'config_file': 'tsfel_config.json'})",correlation,0.9,"('interpolate', ('polynomial', 2))","{'classifier__base_estimator__max_depth': 5, 'classifier__base_estimator__n_estimators': 50, 'feature_extraction__n_lags': 8, 'feature_extraction__params': ('tsfel', {'config_file': 'tsfel_config.json'}), 'feature_selection__strategy': 'correlation', 'feature_selection__threshold': 0.9, 'imputation__params': ('interpolate', ('polynomial', 2))}",0.40411004153809316,0.6669245947684728,0.6033502822814129,0.6115894002789399,0.6702951318851381,0.5912538901504114,0.09752563681470235,265,0.99035395943243,0.9847708754820661,0.9809281114125257,0.97124528501547,0.9592041418650473,0.9773004746415077,0.01098637960213978
184.61978788375853,85.54164986744652,61.41644444465637,0.5796958561187129,5,50,8,"('tsfel', {'config_file': 'tsfel_config.json'})",correlation,0.9,"('interpolate', ('polynomial', 3))","{'classifier__base_estimator__max_depth': 5, 'classifier__base_estimator__n_estimators': 50, 'feature_extraction__n_lags': 8, 'feature_extraction__params': ('tsfel', {'config_file': 'tsfel_config.json'}), 'feature_selection__strategy': 'correlation', 'feature_selection__threshold': 0.9, 'imputation__params': ('interpolate', ('polynomial', 3))}",0.40411004153809316,0.6669245947684728,0.6033502822814129,0.6115894002789399,0.6702951318851381,0.5912538901504114,0.09752563681470235,265,0.99035395943243,0.9847708754820661,0.9809281114125257,0.97124528501547,0.9592041418650473,0.9773004746415077,0.01098637960213978
186.5200176715851,90.71216404567701,62.075022554397584,1.912692124088951,5,50,8,"('tsfel', {'config_file': 'tsfel_config.json'})",correlation,0.9,"('ffill', None)","{'classifier__base_estimator__max_depth': 5, 'classifier__base_estimator__n_estimators': 50, 'feature_extraction__n_lags': 8, 'feature_extraction__params': ('tsfel', {'config_file': 'tsfel_config.json'}), 'feature_selection__strategy': 'correlation', 'feature_selection__threshold': 0.9, 'imputation__params': ('ffill', None)}",0.40411004153809316,0.6669245947684728,0.6033502822814129,0.6115894002789399,0.6702951318851381,0.5912538901504114,0.09752563681470235,265,0.99035395943243,0.9847708754820661,0.9809281114125257,0.97124528501547,0.9592041418650473,0.9773004746415077,0.01098637960213978
184.02898082733154,89.60093466589349,60.775233793258664,1.9500101177127291,5,50,8,"('tsfel', {'config_file': 'tsfel_config.json'})",correlation,0.95,"('interpolate', 'linear')","{'classifier__base_estimator__max_depth': 5, 'classifier__base_estimator__n_estimators': 50, 'feature_extraction__n_lags': 8, 'feature_extraction__params': ('tsfel', {'config_file': 'tsfel_config.json'}), 'feature_selection__strategy': 'correlation', 'feature_selection__threshold': 0.95, 'imputation__params': ('interpolate', 'linear')}",0.4017220829055194,0.6953594517409657,0.5694964171974523,0.6246337517433751,0.6577402319756218,0.5897903871125869,0.10272059301274877,285,0.9914069107164433,0.9821280756187689,0.9835842275959554,0.9711620441207504,0.9579300855293426,0.9772422687162521,0.011616007791755345
184.1612277507782,88.63348405455815,61.48462467193603,1.9376141358342165,5,50,8,"('tsfel', {'config_file': 'tsfel_config.json'})",correlation,0.95,"('interpolate', ('polynomial', 2))","{'classifier__base_estimator__max_depth': 5, 'classifier__base_estimator__n_estimators': 50, 'feature_extraction__n_lags': 8, 'feature_extraction__params': ('tsfel', {'config_file': 'tsfel_config.json'}), 'feature_selection__strategy': 'correlation', 'feature_selection__threshold': 0.95, 'imputation__params': ('interpolate', ('polynomial', 2))}",0.4017220829055194,0.6953594517409657,0.5694964171974523,0.6246337517433751,0.6577402319756218,0.5897903871125869,0.10272059301274877,285,0.9914069107164433,0.9821280756187689,0.9835842275959554,0.9711620441207504,0.9579300855293426,0.9772422687162521,0.011616007791755345
184.4253587245941,88.92855959981058,61.373434972763064,1.7264655017701465,5,50,8,"('tsfel', {'config_file': 'tsfel_config.json'})",correlation,0.95,"('interpolate', ('polynomial', 3))","{'classifier__base_estimator__max_depth': 5, 'classifier__base_estimator__n_estimators': 50, 'feature_extraction__n_lags': 8, 'feature_extraction__params': ('tsfel', {'config_file': 'tsfel_config.json'}), 'feature_selection__strategy': 'correlation', 'feature_selection__threshold': 0.95, 'imputation__params': ('interpolate', ('polynomial', 3))}",0.4017220829055194,0.6953594517409657,0.5694964171974523,0.6246337517433751,0.6577402319756218,0.5897903871125869,0.10272059301274877,285,0.9914069107164433,0.9821280756187689,0.9835842275959554,0.9711620441207504,0.9579300855293426,0.9772422687162521,0.011616007791755345
185.0770263671875,86.80952850417926,61.80574631690979,1.1104377591165062,5,50,8,"('tsfel', {'config_file': 'tsfel_config.json'})",correlation,0.95,"('ffill', None)","{'classifier__base_estimator__max_depth': 5, 'classifier__base_estimator__n_estimators': 50, 'feature_extraction__n_lags': 8, 'feature_extraction__params': ('tsfel', {'config_file': 'tsfel_config.json'}), 'feature_selection__strategy': 'correlation', 'feature_selection__threshold': 0.95, 'imputation__params': ('ffill', None)}",0.4017220829055194,0.6953594517409657,0.5694964171974523,0.6246337517433751,0.6577402319756218,0.5897903871125869,0.10272059301274877,285,0.9914069107164433,0.9821280756187689,0.9835842275959554,0.9711620441207504,0.9579300855293426,0.9772422687162521,0.011616007791755345
181.8936327457428,89.04429238622673,61.17631225585937,2.138712116205508,5,50,8,"('tsfel', {'config_file': 'tsfel_config.json'})",pca,0.85,"('interpolate', 'linear')","{'classifier__base_estimator__max_depth': 5, 'classifier__base_estimator__n_estimators': 50, 'feature_extraction__n_lags': 8, 'feature_extraction__params': ('tsfel', {'config_file': 'tsfel_config.json'}), 'feature_selection__strategy': 'pca', 'feature_selection__threshold': 0.85, 'imputation__params': ('interpolate', 'linear')}",0.544307299308249,0.6002212493527279,0.6184930515344528,0.4649907949790795,0.5898751689447137,0.5635775128238446,0.055028590024578994,421,0.8698417972158458,0.832904370611383,0.8104764340738024,0.7818799399287438,0.757811060308689,0.8105827204276927,0.03903486458432452
179.04162192344666,84.87916871409062,60.98062462806702,1.338975543946188,5,50,8,"('tsfel', {'config_file': 'tsfel_config.json'})",pca,0.85,"('interpolate', ('polynomial', 2))","{'classifier__base_estimator__max_depth': 5, 'classifier__base_estimator__n_estimators': 50, 'feature_extraction__n_lags': 8, 'feature_extraction__params': ('tsfel', {'config_file': 'tsfel_config.json'}), 'feature_selection__strategy': 'pca', 'feature_selection__threshold': 0.85, 'imputation__params': ('interpolate', ('polynomial', 2))}",0.544307299308249,0.6002212493527279,0.6184930515344528,0.4649907949790795,0.5898751689447137,0.5635775128238446,0.055028590024578994,421,0.8698417972158458,0.832904370611383,0.8104764340738024,0.7818799399287438,0.757811060308689,0.8105827204276927,0.03903486458432452
183.49657745361327,87.84963300921316,62.40554370880127,1.1527276708033531,5,50,8,"('tsfel', {'config_file': 'tsfel_config.json'})",pca,0.85,"('interpolate', ('polynomial', 3))","{'classifier__base_estimator__max_depth': 5, 'classifier__base_estimator__n_estimators': 50, 'feature_extraction__n_lags': 8, 'feature_extraction__params': ('tsfel', {'config_file': 'tsfel_config.json'}), 'feature_selection__strategy': 'pca', 'feature_selection__threshold': 0.85, 'imputation__params': ('interpolate', ('polynomial', 3))}",0.544307299308249,0.6002212493527279,0.6184930515344528,0.4649907949790795,0.5898751689447137,0.5635775128238446,0.055028590024578994,421,0.8698417972158458,0.832904370611383,0.8104764340738024,0.7818799399287438,0.757811060308689,0.8105827204276927,0.03903486458432452
183.50440535545349,88.66547440761757,62.379126167297365,1.867787289492747,5,50,8,"('tsfel', {'config_file': 'tsfel_config.json'})",pca,0.85,"('ffill', None)","{'classifier__base_estimator__max_depth': 5, 'classifier__base_estimator__n_estimators': 50, 'feature_extraction__n_lags': 8, 'feature_extraction__params': ('tsfel', {'config_file': 'tsfel_config.json'}), 'feature_selection__strategy': 'pca', 'feature_selection__threshold': 0.85, 'imputation__params': ('ffill', None)}",0.544307299308249,0.6002212493527279,0.6184930515344528,0.4649907949790795,0.5898751689447137,0.5635775128238446,0.055028590024578994,421,0.8698417972158458,0.832904370611383,0.8104764340738024,0.7818799399287438,0.757811060308689,0.8105827204276927,0.03903486458432452
182.86097898483277,88.87174534032998,62.065366220474246,2.1629735555479774,5,50,8,"('tsfel', {'config_file': 'tsfel_config.json'})",pca,0.9,"('interpolate', 'linear')","{'classifier__base_estimator__max_depth': 5, 'classifier__base_estimator__n_estimators': 50, 'feature_extraction__n_lags': 8, 'feature_extraction__params': ('tsfel', {'config_file': 'tsfel_config.json'}), 'feature_selection__strategy': 'pca', 'feature_selection__threshold': 0.9, 'imputation__params': ('interpolate', 'linear')}",0.544307299308249,0.6002212493527279,0.6184930515344528,0.4649907949790795,0.5898751689447137,0.5635775128238446,0.055028590024578994,421,0.8698417972158458,0.832904370611383,0.8104764340738024,0.7818799399287438,0.757811060308689,0.8105827204276927,0.03903486458432452
180.92719202041627,88.83776189785057,61.018988370895386,2.0928407102055244,5,50,8,"('tsfel', {'config_file': 'tsfel_config.json'})",pca,0.9,"('interpolate', ('polynomial', 2))","{'classifier__base_estimator__max_depth': 5, 'classifier__base_estimator__n_estimators': 50, 'feature_extraction__n_lags': 8, 'feature_extraction__params': ('tsfel', {'config_file': 'tsfel_config.json'}), 'feature_selection__strategy': 'pca', 'feature_selection__threshold': 0.9, 'imputation__params': ('interpolate', ('polynomial', 2))}",0.544307299308249,0.6002212493527279,0.6184930515344528,0.4649907949790795,0.5898751689447137,0.5635775128238446,0.055028590024578994,421,0.8698417972158458,0.832904370611383,0.8104764340738024,0.7818799399287438,0.757811060308689,0.8105827204276927,0.03903486458432452
181.73750648498535,85.76806559245938,61.72664203643799,2.069610750311805,5,50,8,"('tsfel', {'config_file': 'tsfel_config.json'})",pca,0.9,"('interpolate', ('polynomial', 3))","{'classifier__base_estimator__max_depth': 5, 'classifier__base_estimator__n_estimators': 50, 'feature_extraction__n_lags': 8, 'feature_extraction__params': ('tsfel', {'config_file': 'tsfel_config.json'}), 'feature_selection__strategy': 'pca', 'feature_selection__threshold': 0.9, 'imputation__params': ('interpolate', ('polynomial', 3))}",0.544307299308249,0.6002212493527279,0.6184930515344528,0.4649907949790795,0.5898751689447137,0.5635775128238446,0.055028590024578994,421,0.8698417972158458,0.832904370611383,0.8104764340738024,0.7818799399287438,0.757811060308689,0.8105827204276927,0.03903486458432452
183.84606881141661,88.928103052268,62.45376834869385,2.232086249292105,5,50,8,"('tsfel', {'config_file': 'tsfel_config.json'})",pca,0.9,"('ffill', None)","{'classifier__base_estimator__max_depth': 5, 'classifier__base_estimator__n_estimators': 50, 'feature_extraction__n_lags': 8, 'feature_extraction__params': ('tsfel', {'config_file': 'tsfel_config.json'}), 'feature_selection__strategy': 'pca', 'feature_selection__threshold': 0.9, 'imputation__params': ('ffill', None)}",0.544307299308249,0.6002212493527279,0.6184930515344528,0.4649907949790795,0.5898751689447137,0.5635775128238446,0.055028590024578994,421,0.8698417972158458,0.832904370611383,0.8104764340738024,0.7818799399287438,0.757811060308689,0.8105827204276927,0.03903486458432452
180.52628207206726,85.09322019819507,61.47870607376099,1.21829237555677,5,50,8,"('tsfel', {'config_file': 'tsfel_config.json'})",pca,0.95,"('interpolate', 'linear')","{'classifier__base_estimator__max_depth': 5, 'classifier__base_estimator__n_estimators': 50, 'feature_extraction__n_lags': 8, 'feature_extraction__params': ('tsfel', {'config_file': 'tsfel_config.json'}), 'feature_selection__strategy': 'pca', 'feature_selection__threshold': 0.95, 'imputation__params': ('interpolate', 'linear')}",0.544307299308249,0.6002212493527279,0.6184930515344528,0.4649907949790795,0.5898751689447137,0.5635775128238446,0.055028590024578994,421,0.8698417972158458,0.832904370611383,0.8104764340738024,0.7818799399287438,0.757811060308689,0.8105827204276927,0.03903486458432452
183.45943393707276,85.06827133156277,62.36825938224793,0.5988953554146597,5,50,8,"('tsfel', {'config_file': 'tsfel_config.json'})",pca,0.95,"('interpolate', ('polynomial', 2))","{'classifier__base_estimator__max_depth': 5, 'classifier__base_estimator__n_estimators': 50, 'feature_extraction__n_lags': 8, 'feature_extraction__params': ('tsfel', {'config_file': 'tsfel_config.json'}), 'feature_selection__strategy': 'pca', 'feature_selection__threshold': 0.95, 'imputation__params': ('interpolate', ('polynomial', 2))}",0.544307299308249,0.6002212493527279,0.6184930515344528,0.4649907949790795,0.5898751689447137,0.5635775128238446,0.055028590024578994,421,0.8698417972158458,0.832904370611383,0.8104764340738024,0.7818799399287438,0.757811060308689,0.8105827204276927,0.03903486458432452
183.11924729347228,87.44077800152736,62.26541075706482,1.7561546603676015,5,50,8,"('tsfel', {'config_file': 'tsfel_config.json'})",pca,0.95,"('interpolate', ('polynomial', 3))","{'classifier__base_estimator__max_depth': 5, 'classifier__base_estimator__n_estimators': 50, 'feature_extraction__n_lags': 8, 'feature_extraction__params': ('tsfel', {'config_file': 'tsfel_config.json'}), 'feature_selection__strategy': 'pca', 'feature_selection__threshold': 0.95, 'imputation__params': ('interpolate', ('polynomial', 3))}",0.544307299308249,0.6002212493527279,0.6184930515344528,0.4649907949790795,0.5898751689447137,0.5635775128238446,0.055028590024578994,421,0.8698417972158458,0.832904370611383,0.8104764340738024,0.7818799399287438,0.757811060308689,0.8105827204276927,0.03903486458432452
182.41603016853333,88.3644702668916,61.415277528762815,2.1005616507162634,5,50,8,"('tsfel', {'config_file': 'tsfel_config.json'})",pca,0.95,"('ffill', None)","{'classifier__base_estimator__max_depth': 5, 'classifier__base_estimator__n_estimators': 50, 'feature_extraction__n_lags': 8, 'feature_extraction__params': ('tsfel', {'config_file': 'tsfel_config.json'}), 'feature_selection__strategy': 'pca', 'feature_selection__threshold': 0.95, 'imputation__params': ('ffill', None)}",0.544307299308249,0.6002212493527279,0.6184930515344528,0.4649907949790795,0.5898751689447137,0.5635775128238446,0.055028590024578994,421,0.8698417972158458,0.832904370611383,0.8104764340738024,0.7818799399287438,0.757811060308689,0.8105827204276927,0.03903486458432452
194.8173216342926,93.37195509495568,64.43590965270997,1.6992463097662704,5,100,3,"('tsfel', {'config_file': 'tsfel_config.json'})",correlation,0.85,"('interpolate', 'linear')","{'classifier__base_estimator__max_depth': 5, 'classifier__base_estimator__n_estimators': 100, 'feature_extraction__n_lags': 3, 'feature_extraction__params': ('tsfel', {'config_file': 'tsfel_config.json'}), 'feature_selection__strategy': 'correlation', 'feature_selection__threshold': 0.85, 'imputation__params': ('interpolate', 'linear')}",0.5035378798641176,0.6655871422694153,0.6084956219806763,0.6191857839832486,0.6392114552143792,0.6072035766623674,0.055362377818234304,145,0.9946524064171123,0.9900707052385069,0.9890147080542725,0.9786285743185066,0.9711825040739401,0.9847097796204677,0.008556821858096239
196.74053468704224,95.40397850815533,63.93272414207458,1.3223590558985248,5,100,3,"('tsfel', {'config_file': 'tsfel_config.json'})",correlation,0.85,"('interpolate', ('polynomial', 2))","{'classifier__base_estimator__max_depth': 5, 'classifier__base_estimator__n_estimators': 100, 'feature_extraction__n_lags': 3, 'feature_extraction__params': ('tsfel', {'config_file': 'tsfel_config.json'}), 'feature_selection__strategy': 'correlation', 'feature_selection__threshold': 0.85, 'imputation__params': ('interpolate', ('polynomial', 2))}",0.5035378798641176,0.6655871422694153,0.6084956219806763,0.6191857839832486,0.6392114552143792,0.6072035766623674,0.055362377818234304,145,0.9946524064171123,0.9900707052385069,0.9890147080542725,0.9786285743185066,0.9711825040739401,0.9847097796204677,0.008556821858096239
193.3828176021576,90.96189326983763,63.78583493232727,0.9743897882162674,5,100,3,"('tsfel', {'config_file': 'tsfel_config.json'})",correlation,0.85,"('interpolate', ('polynomial', 3))","{'classifier__base_estimator__max_depth': 5, 'classifier__base_estimator__n_estimators': 100, 'feature_extraction__n_lags': 3, 'feature_extraction__params': ('tsfel', {'config_file': 'tsfel_config.json'}), 'feature_selection__strategy': 'correlation', 'feature_selection__threshold': 0.85, 'imputation__params': ('interpolate', ('polynomial', 3))}",0.5035378798641176,0.6655871422694153,0.6084956219806763,0.6191857839832486,0.6392114552143792,0.6072035766623674,0.055362377818234304,145,0.9946524064171123,0.9900707052385069,0.9890147080542725,0.9786285743185066,0.9711825040739401,0.9847097796204677,0.008556821858096239
194.2105182170868,92.4736874503257,63.891023778915404,1.6123629972590108,5,100,3,"('tsfel', {'config_file': 'tsfel_config.json'})",correlation,0.85,"('ffill', None)","{'classifier__base_estimator__max_depth': 5, 'classifier__base_estimator__n_estimators': 100, 'feature_extraction__n_lags': 3, 'feature_extraction__params': ('tsfel', {'config_file': 'tsfel_config.json'}), 'feature_selection__strategy': 'correlation', 'feature_selection__threshold': 0.85, 'imputation__params': ('ffill', None)}",0.5035378798641176,0.6655871422694153,0.6084956219806763,0.6191857839832486,0.6392114552143792,0.6072035766623674,0.055362377818234304,145,0.9946524064171123,0.9900707052385069,0.9890147080542725,0.9786285743185066,0.9711825040739401,0.9847097796204677,0.008556821858096239
195.4225827217102,92.58355161629324,64.34180006980895,1.4409367307158778,5,100,3,"('tsfel', {'config_file': 'tsfel_config.json'})",correlation,0.9,"('interpolate', 'linear')","{'classifier__base_estimator__max_depth': 5, 'classifier__base_estimator__n_estimators': 100, 'feature_extraction__n_lags': 3, 'feature_extraction__params': ('tsfel', {'config_file': 'tsfel_config.json'}), 'feature_selection__strategy': 'correlation', 'feature_selection__threshold': 0.9, 'imputation__params': ('interpolate', 'linear')}",0.5680534059103405,0.6231992343026953,0.547048611111111,0.5685461598398788,0.6520136187624576,0.5917722059852967,0.03929100802286947,249,0.995654547160317,0.989709504946306,0.9890610942553877,0.9819431198488455,0.9744284236582463,0.9861593379738206,0.0073016945773180545
194.65044627189636,90.26883541029409,64.34335079193116,1.1772207151571914,5,100,3,"('tsfel', {'config_file': 'tsfel_config.json'})",correlation,0.9,"('interpolate', ('polynomial', 2))","{'classifier__base_estimator__max_depth': 5, 'classifier__base_estimator__n_estimators': 100, 'feature_extraction__n_lags': 3, 'feature_extraction__params': ('tsfel', {'config_file': 'tsfel_config.json'}), 'feature_selection__strategy': 'correlation', 'feature_selection__threshold': 0.9, 'imputation__params': ('interpolate', ('polynomial', 2))}",0.5680534059103405,0.6231992343026953,0.547048611111111,0.5685461598398788,0.6520136187624576,0.5917722059852967,0.03929100802286947,249,0.995654547160317,0.989709504946306,0.9890610942553877,0.9819431198488455,0.9744284236582463,0.9861593379738206,0.0073016945773180545
196.4766420841217,96.03883535387605,64.91219162940979,2.728729009737638,5,100,3,"('tsfel', {'config_file': 'tsfel_config.json'})",correlation,0.9,"('interpolate', ('polynomial', 3))","{'classifier__base_estimator__max_depth': 5, 'classifier__base_estimator__n_estimators': 100, 'feature_extraction__n_lags': 3, 'feature_extraction__params': ('tsfel', {'config_file': 'tsfel_config.json'}), 'feature_selection__strategy': 'correlation', 'feature_selection__threshold': 0.9, 'imputation__params': ('interpolate', ('polynomial', 3))}",0.5680534059103405,0.6231992343026953,0.547048611111111,0.5685461598398788,0.6520136187624576,0.5917722059852967,0.03929100802286947,249,0.995654547160317,0.989709504946306,0.9890610942553877,0.9819431198488455,0.9744284236582463,0.9861593379738206,0.0073016945773180545
193.56832184791566,89.03468707692764,63.560769987106326,1.186087127612971,5,100,3,"('tsfel', {'config_file': 'tsfel_config.json'})",correlation,0.9,"('ffill', None)","{'classifier__base_estimator__max_depth': 5, 'classifier__base_estimator__n_estimators': 100, 'feature_extraction__n_lags': 3, 'feature_extraction__params': ('tsfel', {'config_file': 'tsfel_config.json'}), 'feature_selection__strategy': 'correlation', 'feature_selection__threshold': 0.9, 'imputation__params': ('ffill', None)}",0.5680534059103405,0.6231992343026953,0.547048611111111,0.5685461598398788,0.6520136187624576,0.5917722059852967,0.03929100802286947,249,0.995654547160317,0.989709504946306,0.9890610942553877,0.9819431198488455,0.9744284236582463,0.9861593379738206,0.0073016945773180545
195.19649591445923,90.67911353704447,64.56608567237853,0.9538246856876229,5,100,3,"('tsfel', {'config_file': 'tsfel_config.json'})",correlation,0.95,"('interpolate', 'linear')","{'classifier__base_estimator__max_depth': 5, 'classifier__base_estimator__n_estimators': 100, 'feature_extraction__n_lags': 3, 'feature_extraction__params': ('tsfel', {'config_file': 'tsfel_config.json'}), 'feature_selection__strategy': 'correlation', 'feature_selection__threshold': 0.95, 'imputation__params': ('interpolate', 'linear')}",0.5802122977152698,0.6510407635212555,0.5769248188405798,0.621974885485121,0.6672798475682036,0.619486522626086,0.03644180936419595,57,0.9951982532900068,0.9895560229529845,0.989459250653967,0.9794378619655121,0.9702605181984344,0.984782381412181,0.008861146040492953
194.8435926437378,93.74628427781259,64.20066647529602,1.3370741305311795,5,100,3,"('tsfel', {'config_file': 'tsfel_config.json'})",correlation,0.95,"('interpolate', ('polynomial', 2))","{'classifier__base_estimator__max_depth': 5, 'classifier__base_estimator__n_estimators': 100, 'feature_extraction__n_lags': 3, 'feature_extraction__params': ('tsfel', {'config_file': 'tsfel_config.json'}), 'feature_selection__strategy': 'correlation', 'feature_selection__threshold': 0.95, 'imputation__params': ('interpolate', ('polynomial', 2))}",0.5802122977152698,0.6510407635212555,0.5769248188405798,0.621974885485121,0.6672798475682036,0.619486522626086,0.03644180936419595,57,0.9951982532900068,0.9895560229529845,0.989459250653967,0.9794378619655121,0.9702605181984344,0.984782381412181,0.008861146040492953
192.7151640892029,91.11741964266548,63.592839860916136,1.3410761952393229,5,100,3,"('tsfel', {'config_file': 'tsfel_config.json'})",correlation,0.95,"('interpolate', ('polynomial', 3))","{'classifier__base_estimator__max_depth': 5, 'classifier__base_estimator__n_estimators': 100, 'feature_extraction__n_lags': 3, 'feature_extraction__params': ('tsfel', {'config_file': 'tsfel_config.json'}), 'feature_selection__strategy': 'correlation', 'feature_selection__threshold': 0.95, 'imputation__params': ('interpolate', ('polynomial', 3))}",0.5802122977152698,0.6510407635212555,0.5769248188405798,0.621974885485121,0.6672798475682036,0.619486522626086,0.03644180936419595,57,0.9951982532900068,0.9895560229529845,0.989459250653967,0.9794378619655121,0.9702605181984344,0.984782381412181,0.008861146040492953
195.0213791847229,93.65613470651675,63.342494297027585,1.4473020243239068,5,100,3,"('tsfel', {'config_file': 'tsfel_config.json'})",correlation,0.95,"('ffill', None)","{'classifier__base_estimator__max_depth': 5, 'classifier__base_estimator__n_estimators': 100, 'feature_extraction__n_lags': 3, 'feature_extraction__params': ('tsfel', {'config_file': 'tsfel_config.json'}), 'feature_selection__strategy': 'correlation', 'feature_selection__threshold': 0.95, 'imputation__params': ('ffill', None)}",0.5802122977152698,0.6510407635212555,0.5769248188405798,0.621974885485121,0.6672798475682036,0.619486522626086,0.03644180936419595,57,0.9951982532900068,0.9895560229529845,0.989459250653967,0.9794378619655121,0.9702605181984344,0.984782381412181,0.008861146040492953
189.77479448318482,87.39435699952253,64.26830821037292,0.6017847667248201,5,100,3,"('tsfel', {'config_file': 'tsfel_config.json'})",pca,0.85,"('interpolate', 'linear')","{'classifier__base_estimator__max_depth': 5, 'classifier__base_estimator__n_estimators': 100, 'feature_extraction__n_lags': 3, 'feature_extraction__params': ('tsfel', {'config_file': 'tsfel_config.json'}), 'feature_selection__strategy': 'pca', 'feature_selection__threshold': 0.85, 'imputation__params': ('interpolate', 'linear')}",0.46090138050838797,0.5344529786373172,0.6051464371980676,0.5870418092195766,0.5847276247508495,0.5544540460628398,0.05234560979423017,553,0.8928974518617074,0.8509336521197843,0.8240235018188686,0.7899042080206764,0.7745034339909073,0.8264524495623888,0.04255500340733349
194.50953345298768,93.37028803593961,64.80398421287536,1.1256946051694439,5,100,3,"('tsfel', {'config_file': 'tsfel_config.json'})",pca,0.85,"('interpolate', ('polynomial', 2))","{'classifier__base_estimator__max_depth': 5, 'classifier__base_estimator__n_estimators': 100, 'feature_extraction__n_lags': 3, 'feature_extraction__params': ('tsfel', {'config_file': 'tsfel_config.json'}), 'feature_selection__strategy': 'pca', 'feature_selection__threshold': 0.85, 'imputation__params': ('interpolate', ('polynomial', 2))}",0.46090138050838797,0.5344529786373172,0.6051464371980676,0.5870418092195766,0.5847276247508495,0.5544540460628398,0.05234560979423017,553,0.8928974518617074,0.8509336521197843,0.8240235018188686,0.7899042080206764,0.7745034339909073,0.8264524495623888,0.04255500340733349
192.26733283996583,92.8122968812167,63.32846784591675,1.5774875772078378,5,100,3,"('tsfel', {'config_file': 'tsfel_config.json'})",pca,0.85,"('interpolate', ('polynomial', 3))","{'classifier__base_estimator__max_depth': 5, 'classifier__base_estimator__n_estimators': 100, 'feature_extraction__n_lags': 3, 'feature_extraction__params': ('tsfel', {'config_file': 'tsfel_config.json'}), 'feature_selection__strategy': 'pca', 'feature_selection__threshold': 0.85, 'imputation__params': ('interpolate', ('polynomial', 3))}",0.46090138050838797,0.5344529786373172,0.6051464371980676,0.5870418092195766,0.5847276247508495,0.5544540460628398,0.05234560979423017,553,0.8928974518617074,0.8509336521197843,0.8240235018188686,0.7899042080206764,0.7745034339909073,0.8264524495623888,0.04255500340733349
191.1680922985077,88.8463845394937,64.43436203002929,1.9538930217965989,5,100,3,"('tsfel', {'config_file': 'tsfel_config.json'})",pca,0.85,"('ffill', None)","{'classifier__base_estimator__max_depth': 5, 'classifier__base_estimator__n_estimators': 100, 'feature_extraction__n_lags': 3, 'feature_extraction__params': ('tsfel', {'config_file': 'tsfel_config.json'}), 'feature_selection__strategy': 'pca', 'feature_selection__threshold': 0.85, 'imputation__params': ('ffill', None)}",0.46090138050838797,0.5344529786373172,0.6051464371980676,0.5870418092195766,0.5847276247508495,0.5544540460628398,0.05234560979423017,553,0.8928974518617074,0.8509336521197843,0.8240235018188686,0.7899042080206764,0.7745034339909073,0.8264524495623888,0.04255500340733349
193.68658781051636,93.40963918235379,63.60198402404785,1.8827410890435272,5,100,3,"('tsfel', {'config_file': 'tsfel_config.json'})",pca,0.9,"('interpolate', 'linear')","{'classifier__base_estimator__max_depth': 5, 'classifier__base_estimator__n_estimators': 100, 'feature_extraction__n_lags': 3, 'feature_extraction__params': ('tsfel', {'config_file': 'tsfel_config.json'}), 'feature_selection__strategy': 'pca', 'feature_selection__threshold': 0.9, 'imputation__params': ('interpolate', 'linear')}",0.46090138050838797,0.5344529786373172,0.6051464371980676,0.5870418092195766,0.5847276247508495,0.5544540460628398,0.05234560979423017,553,0.8928974518617074,0.8509336521197843,0.8240235018188686,0.7899042080206764,0.7745034339909073,0.8264524495623888,0.04255500340733349
189.52953634262084,86.656761264797,64.37045903205872,0.8655763174704499,5,100,3,"('tsfel', {'config_file': 'tsfel_config.json'})",pca,0.9,"('interpolate', ('polynomial', 2))","{'classifier__base_estimator__max_depth': 5, 'classifier__base_estimator__n_estimators': 100, 'feature_extraction__n_lags': 3, 'feature_extraction__params': ('tsfel', {'config_file': 'tsfel_config.json'}), 'feature_selection__strategy': 'pca', 'feature_selection__threshold': 0.9, 'imputation__params': ('interpolate', ('polynomial', 2))}",0.46090138050838797,0.5344529786373172,0.6051464371980676,0.5870418092195766,0.5847276247508495,0.5544540460628398,0.05234560979423017,553,0.8928974518617074,0.8509336521197843,0.8240235018188686,0.7899042080206764,0.7745034339909073,0.8264524495623888,0.04255500340733349
192.64105715751649,92.23701202984813,64.34529910087585,1.0949933657006585,5,100,3,"('tsfel', {'config_file': 'tsfel_config.json'})",pca,0.9,"('interpolate', ('polynomial', 3))","{'classifier__base_estimator__max_depth': 5, 'classifier__base_estimator__n_estimators': 100, 'feature_extraction__n_lags': 3, 'feature_extraction__params': ('tsfel', {'config_file': 'tsfel_config.json'}), 'feature_selection__strategy': 'pca', 'feature_selection__threshold': 0.9, 'imputation__params': ('interpolate', ('polynomial', 3))}",0.46090138050838797,0.5344529786373172,0.6051464371980676,0.5870418092195766,0.5847276247508495,0.5544540460628398,0.05234560979423017,553,0.8928974518617074,0.8509336521197843,0.8240235018188686,0.7899042080206764,0.7745034339909073,0.8264524495623888,0.04255500340733349
188.37274231910706,90.71330108838633,62.88363118171692,1.0899793879162212,5,100,3,"('tsfel', {'config_file': 'tsfel_config.json'})",pca,0.9,"('ffill', None)","{'classifier__base_estimator__max_depth': 5, 'classifier__base_estimator__n_estimators': 100, 'feature_extraction__n_lags': 3, 'feature_extraction__params': ('tsfel', {'config_file': 'tsfel_config.json'}), 'feature_selection__strategy': 'pca', 'feature_selection__threshold': 0.9, 'imputation__params': ('ffill', None)}",0.46090138050838797,0.5344529786373172,0.6051464371980676,0.5870418092195766,0.5847276247508495,0.5544540460628398,0.05234560979423017,553,0.8928974518617074,0.8509336521197843,0.8240235018188686,0.7899042080206764,0.7745034339909073,0.8264524495623888,0.04255500340733349
192.4256808757782,92.35732718701541,64.21389036178589,2.438015973511429,5,100,3,"('tsfel', {'config_file': 'tsfel_config.json'})",pca,0.95,"('interpolate', 'linear')","{'classifier__base_estimator__max_depth': 5, 'classifier__base_estimator__n_estimators': 100, 'feature_extraction__n_lags': 3, 'feature_extraction__params': ('tsfel', {'config_file': 'tsfel_config.json'}), 'feature_selection__strategy': 'pca', 'feature_selection__threshold': 0.95, 'imputation__params': ('interpolate', 'linear')}",0.46090138050838797,0.5344529786373172,0.6051464371980676,0.5870418092195766,0.5847276247508495,0.5544540460628398,0.05234560979423017,553,0.8928974518617074,0.8509336521197843,0.8240235018188686,0.7899042080206764,0.7745034339909073,0.8264524495623888,0.04255500340733349
193.21169996261597,91.45148765267142,65.55754141807556,3.0067518780154985,5,100,3,"('tsfel', {'config_file': 'tsfel_config.json'})",pca,0.95,"('interpolate', ('polynomial', 2))","{'classifier__base_estimator__max_depth': 5, 'classifier__base_estimator__n_estimators': 100, 'feature_extraction__n_lags': 3, 'feature_extraction__params': ('tsfel', {'config_file': 'tsfel_config.json'}), 'feature_selection__strategy': 'pca', 'feature_selection__threshold': 0.95, 'imputation__params': ('interpolate', ('polynomial', 2))}",0.46090138050838797,0.5344529786373172,0.6051464371980676,0.5870418092195766,0.5847276247508495,0.5544540460628398,0.05234560979423017,553,0.8928974518617074,0.8509336521197843,0.8240235018188686,0.7899042080206764,0.7745034339909073,0.8264524495623888,0.04255500340733349
187.73999691009521,87.43653801910544,63.15074791908264,1.1540149521741159,5,100,3,"('tsfel', {'config_file': 'tsfel_config.json'})",pca,0.95,"('interpolate', ('polynomial', 3))","{'classifier__base_estimator__max_depth': 5, 'classifier__base_estimator__n_estimators': 100, 'feature_extraction__n_lags': 3, 'feature_extraction__params': ('tsfel', {'config_file': 'tsfel_config.json'}), 'feature_selection__strategy': 'pca', 'feature_selection__threshold': 0.95, 'imputation__params': ('interpolate', ('polynomial', 3))}",0.46090138050838797,0.5344529786373172,0.6051464371980676,0.5870418092195766,0.5847276247508495,0.5544540460628398,0.05234560979423017,553,0.8928974518617074,0.8509336521197843,0.8240235018188686,0.7899042080206764,0.7745034339909073,0.8264524495623888,0.04255500340733349
191.30039429664612,88.42605796862907,64.61865601539611,0.5748829461102715,5,100,3,"('tsfel', {'config_file': 'tsfel_config.json'})",pca,0.95,"('ffill', None)","{'classifier__base_estimator__max_depth': 5, 'classifier__base_estimator__n_estimators': 100, 'feature_extraction__n_lags': 3, 'feature_extraction__params': ('tsfel', {'config_file': 'tsfel_config.json'}), 'feature_selection__strategy': 'pca', 'feature_selection__threshold': 0.95, 'imputation__params': ('ffill', None)}",0.46090138050838797,0.5344529786373172,0.6051464371980676,0.5870418092195766,0.5847276247508495,0.5544540460628398,0.05234560979423017,553,0.8928974518617074,0.8509336521197843,0.8240235018188686,0.7899042080206764,0.7745034339909073,0.8264524495623888,0.04255500340733349
191.49670352935792,90.73104573753271,63.18938736915588,1.2079866214900272,5,100,5,"('tsfel', {'config_file': 'tsfel_config.json'})",correlation,0.85,"('interpolate', 'linear')","{'classifier__base_estimator__max_depth': 5, 'classifier__base_estimator__n_estimators': 100, 'feature_extraction__n_lags': 5, 'feature_extraction__params': ('tsfel', {'config_file': 'tsfel_config.json'}), 'feature_selection__strategy': 'correlation', 'feature_selection__threshold': 0.85, 'imputation__params': ('interpolate', 'linear')}",0.4564727801322605,0.6686659490517146,0.6080800419574777,0.6018173485471492,0.6784618678107647,0.6026995974998732,0.07937693720843457,169,0.9953611358389788,0.9916013102559544,0.9892558860372446,0.9842339535674851,0.9763695888459593,0.9873643749091243,0.006575142267681011
190.15457787513733,91.80548872346485,62.77952919006348,1.424345360072396,5,100,5,"('tsfel', {'config_file': 'tsfel_config.json'})",correlation,0.85,"('interpolate', ('polynomial', 2))","{'classifier__base_estimator__max_depth': 5, 'classifier__base_estimator__n_estimators': 100, 'feature_extraction__n_lags': 5, 'feature_extraction__params': ('tsfel', {'config_file': 'tsfel_config.json'}), 'feature_selection__strategy': 'correlation', 'feature_selection__threshold': 0.85, 'imputation__params': ('interpolate', ('polynomial', 2))}",0.4564727801322605,0.6686659490517146,0.6080800419574777,0.6018173485471492,0.6784618678107647,0.6026995974998732,0.07937693720843457,169,0.9953611358389788,0.9916013102559544,0.9892558860372446,0.9842339535674851,0.9763695888459593,0.9873643749091243,0.006575142267681011
191.78169136047364,92.3162462980524,63.1667546749115,1.54000304195957,5,100,5,"('tsfel', {'config_file': 'tsfel_config.json'})",correlation,0.85,"('interpolate', ('polynomial', 3))","{'classifier__base_estimator__max_depth': 5, 'classifier__base_estimator__n_estimators': 100, 'feature_extraction__n_lags': 5, 'feature_extraction__params': ('tsfel', {'config_file': 'tsfel_config.json'}), 'feature_selection__strategy': 'correlation', 'feature_selection__threshold': 0.85, 'imputation__params': ('interpolate', ('polynomial', 3))}",0.4564727801322605,0.6686659490517146,0.6080800419574777,0.6018173485471492,0.6784618678107647,0.6026995974998732,0.07937693720843457,169,0.9953611358389788,0.9916013102559544,0.9892558860372446,0.9842339535674851,0.9763695888459593,0.9873643749091243,0.006575142267681011
190.03491764068605,90.41705465933596,62.66168336868286,1.3134385018928838,5,100,5,"('tsfel', {'config_file': 'tsfel_config.json'})",correlation,0.85,"('ffill', None)","{'classifier__base_estimator__max_depth': 5, 'classifier__base_estimator__n_estimators': 100, 'feature_extraction__n_lags': 5, 'feature_extraction__params': ('tsfel', {'config_file': 'tsfel_config.json'}), 'feature_selection__strategy': 'correlation', 'feature_selection__threshold': 0.85, 'imputation__params': ('ffill', None)}",0.4564727801322605,0.6686659490517146,0.6080800419574777,0.6018173485471492,0.6784618678107647,0.6026995974998732,0.07937693720843457,169,0.9953611358389788,0.9916013102559544,0.9892558860372446,0.9842339535674851,0.9763695888459593,0.9873643749091243,0.006575142267681011
189.39582328796388,90.95652289713321,62.64787397384644,1.8430494609552193,5,100,5,"('tsfel', {'config_file': 'tsfel_config.json'})",correlation,0.9,"('interpolate', 'linear')","{'classifier__base_estimator__max_depth': 5, 'classifier__base_estimator__n_estimators': 100, 'feature_extraction__n_lags': 5, 'feature_extraction__params': ('tsfel', {'config_file': 'tsfel_config.json'}), 'feature_selection__strategy': 'correlation', 'feature_selection__threshold': 0.9, 'imputation__params': ('interpolate', 'linear')}",0.43032010728251746,0.6755539832976307,0.5736853996046314,0.6142321134868421,0.6452810367506202,0.5878145280844483,0.08567686419706648,301,0.9953475564675529,0.9924078428635892,0.9910654253465372,0.9848583155790778,0.9769540733623909,0.9881266427238297,0.006551564419217405
190.48165922164918,88.72560653120392,63.17985234260559,0.4721669266386315,5,100,5,"('tsfel', {'config_file': 'tsfel_config.json'})",correlation,0.9,"('interpolate', ('polynomial', 2))","{'classifier__base_estimator__max_depth': 5, 'classifier__base_estimator__n_estimators': 100, 'feature_extraction__n_lags': 5, 'feature_extraction__params': ('tsfel', {'config_file': 'tsfel_config.json'}), 'feature_selection__strategy': 'correlation', 'feature_selection__threshold': 0.9, 'imputation__params': ('interpolate', ('polynomial', 2))}",0.43032010728251746,0.6755539832976307,0.5736853996046314,0.6142321134868421,0.6452810367506202,0.5878145280844483,0.08567686419706648,301,0.9953475564675529,0.9924078428635892,0.9910654253465372,0.9848583155790778,0.9769540733623909,0.9881266427238297,0.006551564419217405
193.88836908340454,92.62228906785202,64.118115234375,1.8290878821126786,5,100,5,"('tsfel', {'config_file': 'tsfel_config.json'})",correlation,0.9,"('interpolate', ('polynomial', 3))","{'classifier__base_estimator__max_depth': 5, 'classifier__base_estimator__n_estimators': 100, 'feature_extraction__n_lags': 5, 'feature_extraction__params': ('tsfel', {'config_file': 'tsfel_config.json'}), 'feature_selection__strategy': 'correlation', 'feature_selection__threshold': 0.9, 'imputation__params': ('interpolate', ('polynomial', 3))}",0.43032010728251746,0.6755539832976307,0.5736853996046314,0.6142321134868421,0.6452810367506202,0.5878145280844483,0.08567686419706648,301,0.9953475564675529,0.9924078428635892,0.9910654253465372,0.9848583155790778,0.9769540733623909,0.9881266427238297,0.006551564419217405
190.92978563308716,91.9440241452922,63.0798421382904,1.7290724208648165,5,100,5,"('tsfel', {'config_file': 'tsfel_config.json'})",correlation,0.9,"('ffill', None)","{'classifier__base_estimator__max_depth': 5, 'classifier__base_estimator__n_estimators': 100, 'feature_extraction__n_lags': 5, 'feature_extraction__params': ('tsfel', {'config_file': 'tsfel_config.json'}), 'feature_selection__strategy': 'correlation', 'feature_selection__threshold': 0.9, 'imputation__params': ('ffill', None)}",0.43032010728251746,0.6755539832976307,0.5736853996046314,0.6142321134868421,0.6452810367506202,0.5878145280844483,0.08567686419706648,301,0.9953475564675529,0.9924078428635892,0.9910654253465372,0.9848583155790778,0.9769540733623909,0.9881266427238297,0.006551564419217405
190.40720853805541,89.68734712088425,62.923030853271484,1.624123586567675,5,100,5,"('tsfel', {'config_file': 'tsfel_config.json'})",correlation,0.95,"('interpolate', 'linear')","{'classifier__base_estimator__max_depth': 5, 'classifier__base_estimator__n_estimators': 100, 'feature_extraction__n_lags': 5, 'feature_extraction__params': ('tsfel', {'config_file': 'tsfel_config.json'}), 'feature_selection__strategy': 'correlation', 'feature_selection__threshold': 0.95, 'imputation__params': ('interpolate', 'linear')}",0.4406440022111664,0.599416700230611,0.5577948117965064,0.6296151144462719,0.6375897137106386,0.573012068479039,0.0718668929658172,401,0.9958492388007907,0.9921503936944758,0.989896601863542,0.9858579747241225,0.9790281529411964,0.9885564724048255,0.005761378662128938
190.11768889427185,91.62312418277817,63.625852251052855,2.718157289094843,5,100,5,"('tsfel', {'config_file': 'tsfel_config.json'})",correlation,0.95,"('interpolate', ('polynomial', 2))","{'classifier__base_estimator__max_depth': 5, 'classifier__base_estimator__n_estimators': 100, 'feature_extraction__n_lags': 5, 'feature_extraction__params': ('tsfel', {'config_file': 'tsfel_config.json'}), 'feature_selection__strategy': 'correlation', 'feature_selection__threshold': 0.95, 'imputation__params': ('interpolate', ('polynomial', 2))}",0.4406440022111664,0.599416700230611,0.5577948117965064,0.6296151144462719,0.6375897137106386,0.573012068479039,0.0718668929658172,401,0.9958492388007907,0.9921503936944758,0.989896601863542,0.9858579747241225,0.9790281529411964,0.9885564724048255,0.005761378662128938
195.96429286003112,91.39768772453674,63.19331269264221,0.5609169769750749,5,100,5,"('tsfel', {'config_file': 'tsfel_config.json'})",correlation,0.95,"('interpolate', ('polynomial', 3))","{'classifier__base_estimator__max_depth': 5, 'classifier__base_estimator__n_estimators': 100, 'feature_extraction__n_lags': 5, 'feature_extraction__params': ('tsfel', {'config_file': 'tsfel_config.json'}), 'feature_selection__strategy': 'correlation', 'feature_selection__threshold': 0.95, 'imputation__params': ('interpolate', ('polynomial', 3))}",0.4406440022111664,0.599416700230611,0.5577948117965064,0.6296151144462719,0.6375897137106386,0.573012068479039,0.0718668929658172,401,0.9958492388007907,0.9921503936944758,0.989896601863542,0.9858579747241225,0.9790281529411964,0.9885564724048255,0.005761378662128938
193.24924173355103,92.94068703171038,63.54002747535706,1.3712750099751974,5,100,5,"('tsfel', {'config_file': 'tsfel_config.json'})",correlation,0.95,"('ffill', None)","{'classifier__base_estimator__max_depth': 5, 'classifier__base_estimator__n_estimators': 100, 'feature_extraction__n_lags': 5, 'feature_extraction__params': ('tsfel', {'config_file': 'tsfel_config.json'}), 'feature_selection__strategy': 'correlation', 'feature_selection__threshold': 0.95, 'imputation__params': ('ffill', None)}",0.4406440022111664,0.599416700230611,0.5577948117965064,0.6296151144462719,0.6375897137106386,0.573012068479039,0.0718668929658172,401,0.9958492388007907,0.9921503936944758,0.989896601863542,0.9858579747241225,0.9790281529411964,0.9885564724048255,0.005761378662128938
186.5611355304718,90.12849737079077,62.42667608261108,1.4159944043104746,5,100,5,"('tsfel', {'config_file': 'tsfel_config.json'})",pca,0.85,"('interpolate', 'linear')","{'classifier__base_estimator__max_depth': 5, 'classifier__base_estimator__n_estimators': 100, 'feature_extraction__n_lags': 5, 'feature_extraction__params': ('tsfel', {'config_file': 'tsfel_config.json'}), 'feature_selection__strategy': 'pca', 'feature_selection__threshold': 0.85, 'imputation__params': ('interpolate', 'linear')}",0.5538472759658497,0.49445036516383367,0.61367248961149,0.49521462959155704,0.5765016287507614,0.5467372778166985,0.04648719340446478,601,0.8863172744692729,0.8473052946354855,0.8185809439030484,0.7818662600186055,0.7653468286738607,0.8198833203400546,0.0437873427342367
187.62099385261536,89.89473351319087,62.79312009811402,1.8623457803334091,5,100,5,"('tsfel', {'config_file': 'tsfel_config.json'})",pca,0.85,"('interpolate', ('polynomial', 2))","{'classifier__base_estimator__max_depth': 5, 'classifier__base_estimator__n_estimators': 100, 'feature_extraction__n_lags': 5, 'feature_extraction__params': ('tsfel', {'config_file': 'tsfel_config.json'}), 'feature_selection__strategy': 'pca', 'feature_selection__threshold': 0.85, 'imputation__params': ('interpolate', ('polynomial', 2))}",0.5538472759658497,0.49445036516383367,0.61367248961149,0.49521462959155704,0.5765016287507614,0.5467372778166985,0.04648719340446478,601,0.8863172744692729,0.8473052946354855,0.8185809439030484,0.7818662600186055,0.7653468286738607,0.8198833203400546,0.0437873427342367
186.3729194164276,89.29432521338633,63.12061929702759,1.182430004384886,5,100,5,"('tsfel', {'config_file': 'tsfel_config.json'})",pca,0.85,"('interpolate', ('polynomial', 3))","{'classifier__base_estimator__max_depth': 5, 'classifier__base_estimator__n_estimators': 100, 'feature_extraction__n_lags': 5, 'feature_extraction__params': ('tsfel', {'config_file': 'tsfel_config.json'}), 'feature_selection__strategy': 'pca', 'feature_selection__threshold': 0.85, 'imputation__params': ('interpolate', ('polynomial', 3))}",0.5538472759658497,0.49445036516383367,0.61367248961149,0.49521462959155704,0.5765016287507614,0.5467372778166985,0.04648719340446478,601,0.8863172744692729,0.8473052946354855,0.8185809439030484,0.7818662600186055,0.7653468286738607,0.8198833203400546,0.0437873427342367
188.49348058700562,89.24856519904613,63.39731659889221,1.266109281500034,5,100,5,"('tsfel', {'config_file': 'tsfel_config.json'})",pca,0.85,"('ffill', None)","{'classifier__base_estimator__max_depth': 5, 'classifier__base_estimator__n_estimators': 100, 'feature_extraction__n_lags': 5, 'feature_extraction__params': ('tsfel', {'config_file': 'tsfel_config.json'}), 'feature_selection__strategy': 'pca', 'feature_selection__threshold': 0.85, 'imputation__params': ('ffill', None)}",0.5538472759658497,0.49445036516383367,0.61367248961149,0.49521462959155704,0.5765016287507614,0.5467372778166985,0.04648719340446478,601,0.8863172744692729,0.8473052946354855,0.8185809439030484,0.7818662600186055,0.7653468286738607,0.8198833203400546,0.0437873427342367
188.7900763988495,92.49931443738025,63.22755355834961,1.8175514621429294,5,100,5,"('tsfel', {'config_file': 'tsfel_config.json'})",pca,0.9,"('interpolate', 'linear')","{'classifier__base_estimator__max_depth': 5, 'classifier__base_estimator__n_estimators': 100, 'feature_extraction__n_lags': 5, 'feature_extraction__params': ('tsfel', {'config_file': 'tsfel_config.json'}), 'feature_selection__strategy': 'pca', 'feature_selection__threshold': 0.9, 'imputation__params': ('interpolate', 'linear')}",0.5538472759658497,0.49445036516383367,0.61367248961149,0.49521462959155704,0.5765016287507614,0.5467372778166985,0.04648719340446478,601,0.8863172744692729,0.8473052946354855,0.8185809439030484,0.7818662600186055,0.7653468286738607,0.8198833203400546,0.0437873427342367
185.41778688430787,86.42271537296695,62.447005939483645,1.5355845869172375,5,100,5,"('tsfel', {'config_file': 'tsfel_config.json'})",pca,0.9,"('interpolate', ('polynomial', 2))","{'classifier__base_estimator__max_depth': 5, 'classifier__base_estimator__n_estimators': 100, 'feature_extraction__n_lags': 5, 'feature_extraction__params': ('tsfel', {'config_file': 'tsfel_config.json'}), 'feature_selection__strategy': 'pca', 'feature_selection__threshold': 0.9, 'imputation__params': ('interpolate', ('polynomial', 2))}",0.5538472759658497,0.49445036516383367,0.61367248961149,0.49521462959155704,0.5765016287507614,0.5467372778166985,0.04648719340446478,601,0.8863172744692729,0.8473052946354855,0.8185809439030484,0.7818662600186055,0.7653468286738607,0.8198833203400546,0.0437873427342367
188.69650526046752,89.3739999377429,63.99246969223022,0.7589296214287876,5,100,5,"('tsfel', {'config_file': 'tsfel_config.json'})",pca,0.9,"('interpolate', ('polynomial', 3))","{'classifier__base_estimator__max_depth': 5, 'classifier__base_estimator__n_estimators': 100, 'feature_extraction__n_lags': 5, 'feature_extraction__params': ('tsfel', {'config_file': 'tsfel_config.json'}), 'feature_selection__strategy': 'pca', 'feature_selection__threshold': 0.9, 'imputation__params': ('interpolate', ('polynomial', 3))}",0.5538472759658497,0.49445036516383367,0.61367248961149,0.49521462959155704,0.5765016287507614,0.5467372778166985,0.04648719340446478,601,0.8863172744692729,0.8473052946354855,0.8185809439030484,0.7818662600186055,0.7653468286738607,0.8198833203400546,0.0437873427342367
188.81104617118837,91.7417519615377,63.48039178848266,1.4408261793164798,5,100,5,"('tsfel', {'config_file': 'tsfel_config.json'})",pca,0.9,"('ffill', None)","{'classifier__base_estimator__max_depth': 5, 'classifier__base_estimator__n_estimators': 100, 'feature_extraction__n_lags': 5, 'feature_extraction__params': ('tsfel', {'config_file': 'tsfel_config.json'}), 'feature_selection__strategy': 'pca', 'feature_selection__threshold': 0.9, 'imputation__params': ('ffill', None)}",0.5538472759658497,0.49445036516383367,0.61367248961149,0.49521462959155704,0.5765016287507614,0.5467372778166985,0.04648719340446478,601,0.8863172744692729,0.8473052946354855,0.8185809439030484,0.7818662600186055,0.7653468286738607,0.8198833203400546,0.0437873427342367
186.37798404693604,89.11227021095634,62.647579717636106,1.0393070447835364,5,100,5,"('tsfel', {'config_file': 'tsfel_config.json'})",pca,0.95,"('interpolate', 'linear')","{'classifier__base_estimator__max_depth': 5, 'classifier__base_estimator__n_estimators': 100, 'feature_extraction__n_lags': 5, 'feature_extraction__params': ('tsfel', {'config_file': 'tsfel_config.json'}), 'feature_selection__strategy': 'pca', 'feature_selection__threshold': 0.95, 'imputation__params': ('interpolate', 'linear')}",0.5538472759658497,0.49445036516383367,0.61367248961149,0.49521462959155704,0.5765016287507614,0.5467372778166985,0.04648719340446478,601,0.8863172744692729,0.8473052946354855,0.8185809439030484,0.7818662600186055,0.7653468286738607,0.8198833203400546,0.0437873427342367
188.26403865814208,90.55683689619535,62.91041722297668,1.748523837032856,5,100,5,"('tsfel', {'config_file': 'tsfel_config.json'})",pca,0.95,"('interpolate', ('polynomial', 2))","{'classifier__base_estimator__max_depth': 5, 'classifier__base_estimator__n_estimators': 100, 'feature_extraction__n_lags': 5, 'feature_extraction__params': ('tsfel', {'config_file': 'tsfel_config.json'}), 'feature_selection__strategy': 'pca', 'feature_selection__threshold': 0.95, 'imputation__params': ('interpolate', ('polynomial', 2))}",0.5538472759658497,0.49445036516383367,0.61367248961149,0.49521462959155704,0.5765016287507614,0.5467372778166985,0.04648719340446478,601,0.8863172744692729,0.8473052946354855,0.8185809439030484,0.7818662600186055,0.7653468286738607,0.8198833203400546,0.0437873427342367
187.54053926467896,87.0159663883652,63.68630809783936,0.7594577802504597,5,100,5,"('tsfel', {'config_file': 'tsfel_config.json'})",pca,0.95,"('interpolate', ('polynomial', 3))","{'classifier__base_estimator__max_depth': 5, 'classifier__base_estimator__n_estimators': 100, 'feature_extraction__n_lags': 5, 'feature_extraction__params': ('tsfel', {'config_file': 'tsfel_config.json'}), 'feature_selection__strategy': 'pca', 'feature_selection__threshold': 0.95, 'imputation__params': ('interpolate', ('polynomial', 3))}",0.5538472759658497,0.49445036516383367,0.61367248961149,0.49521462959155704,0.5765016287507614,0.5467372778166985,0.04648719340446478,601,0.8863172744692729,0.8473052946354855,0.8185809439030484,0.7818662600186055,0.7653468286738607,0.8198833203400546,0.0437873427342367
190.39774928092956,90.86981188197095,64.15517916679383,1.278404171014634,5,100,5,"('tsfel', {'config_file': 'tsfel_config.json'})",pca,0.95,"('ffill', None)","{'classifier__base_estimator__max_depth': 5, 'classifier__base_estimator__n_estimators': 100, 'feature_extraction__n_lags': 5, 'feature_extraction__params': ('tsfel', {'config_file': 'tsfel_config.json'}), 'feature_selection__strategy': 'pca', 'feature_selection__threshold': 0.95, 'imputation__params': ('ffill', None)}",0.5538472759658497,0.49445036516383367,0.61367248961149,0.49521462959155704,0.5765016287507614,0.5467372778166985,0.04648719340446478,601,0.8863172744692729,0.8473052946354855,0.8185809439030484,0.7818662600186055,0.7653468286738607,0.8198833203400546,0.0437873427342367
184.3732319355011,89.48258223444469,60.928976678848265,1.653653308082903,5,100,8,"('tsfel', {'config_file': 'tsfel_config.json'})",correlation,0.85,"('interpolate', 'linear')","{'classifier__base_estimator__max_depth': 5, 'classifier__base_estimator__n_estimators': 100, 'feature_extraction__n_lags': 8, 'feature_extraction__params': ('tsfel', {'config_file': 'tsfel_config.json'}), 'feature_selection__strategy': 'correlation', 'feature_selection__threshold': 0.85, 'imputation__params': ('interpolate', 'linear')}",0.3880632347962045,0.6719203580787396,0.6353973653734801,0.6380295676429568,0.6601413551588251,0.5987103762100412,0.10620510232042389,205,0.998099653658733,0.99483693643062,0.9930437093059475,0.9868780850041496,0.9795021785046476,0.9904721125808196,0.0065893955369086005
185.78828845024108,89.81847044927369,61.926261854171756,1.6941533135065818,5,100,8,"('tsfel', {'config_file': 'tsfel_config.json'})",correlation,0.85,"('interpolate', ('polynomial', 2))","{'classifier__base_estimator__max_depth': 5, 'classifier__base_estimator__n_estimators': 100, 'feature_extraction__n_lags': 8, 'feature_extraction__params': ('tsfel', {'config_file': 'tsfel_config.json'}), 'feature_selection__strategy': 'correlation', 'feature_selection__threshold': 0.85, 'imputation__params': ('interpolate', ('polynomial', 2))}",0.3880632347962045,0.6719203580787396,0.6353973653734801,0.6380295676429568,0.6601413551588251,0.5987103762100412,0.10620510232042389,205,0.998099653658733,0.99483693643062,0.9930437093059475,0.9868780850041496,0.9795021785046476,0.9904721125808196,0.0065893955369086005
187.29079194068908,90.32863928225612,61.82301740646362,2.444722945180674,5,100,8,"('tsfel', {'config_file': 'tsfel_config.json'})",correlation,0.85,"('interpolate', ('polynomial', 3))","{'classifier__base_estimator__max_depth': 5, 'classifier__base_estimator__n_estimators': 100, 'feature_extraction__n_lags': 8, 'feature_extraction__params': ('tsfel', {'config_file': 'tsfel_config.json'}), 'feature_selection__strategy': 'correlation', 'feature_selection__threshold': 0.85, 'imputation__params': ('interpolate', ('polynomial', 3))}",0.3880632347962045,0.6719203580787396,0.6353973653734801,0.6380295676429568,0.6601413551588251,0.5987103762100412,0.10620510232042389,205,0.998099653658733,0.99483693643062,0.9930437093059475,0.9868780850041496,0.9795021785046476,0.9904721125808196,0.0065893955369086005
185.3346514225006,87.22889415522401,62.1274715423584,1.2910067082768952,5,100,8,"('tsfel', {'config_file': 'tsfel_config.json'})",correlation,0.85,"('ffill', None)","{'classifier__base_estimator__max_depth': 5, 'classifier__base_estimator__n_estimators': 100, 'feature_extraction__n_lags': 8, 'feature_extraction__params': ('tsfel', {'config_file': 'tsfel_config.json'}), 'feature_selection__strategy': 'correlation', 'feature_selection__threshold': 0.85, 'imputation__params': ('ffill', None)}",0.3880632347962045,0.6719203580787396,0.6353973653734801,0.6380295676429568,0.6601413551588251,0.5987103762100412,0.10620510232042389,205,0.998099653658733,0.99483693643062,0.9930437093059475,0.9868780850041496,0.9795021785046476,0.9904721125808196,0.0065893955369086005
186.4309235572815,91.87100837837852,62.12411036491394,3.214930477338762,5,100,8,"('tsfel', {'config_file': 'tsfel_config.json'})",correlation,0.9,"('interpolate', 'linear')","{'classifier__base_estimator__max_depth': 5, 'classifier__base_estimator__n_estimators': 100, 'feature_extraction__n_lags': 8, 'feature_extraction__params': ('tsfel', {'config_file': 'tsfel_config.json'}), 'feature_selection__strategy': 'correlation', 'feature_selection__threshold': 0.9, 'imputation__params': ('interpolate', 'linear')}",0.37385384867361626,0.663120400445637,0.6016728792704111,0.6089082287308228,0.6614336540149013,0.5817978022270778,0.10707559535498924,333,0.9974527807981958,0.9936353582476399,0.9925021557260889,0.9876076886778233,0.9789105962569155,0.9900217159413327,0.006383043559635969
185.64418058395387,87.83663033913423,62.11868515014648,1.544605909153666,5,100,8,"('tsfel', {'config_file': 'tsfel_config.json'})",correlation,0.9,"('interpolate', ('polynomial', 2))","{'classifier__base_estimator__max_depth': 5, 'classifier__base_estimator__n_estimators': 100, 'feature_extraction__n_lags': 8, 'feature_extraction__params': ('tsfel', {'config_file': 'tsfel_config.json'}), 'feature_selection__strategy': 'correlation', 'feature_selection__threshold': 0.9, 'imputation__params': ('interpolate', ('polynomial', 2))}",0.37385384867361626,0.663120400445637,0.6016728792704111,0.6089082287308228,0.6614336540149013,0.5817978022270778,0.10707559535498924,333,0.9974527807981958,0.9936353582476399,0.9925021557260889,0.9876076886778233,0.9789105962569155,0.9900217159413327,0.006383043559635969
189.88547291755677,90.0591048290932,63.39152894020081,1.60558440664427,5,100,8,"('tsfel', {'config_file': 'tsfel_config.json'})",correlation,0.9,"('interpolate', ('polynomial', 3))","{'classifier__base_estimator__max_depth': 5, 'classifier__base_estimator__n_estimators': 100, 'feature_extraction__n_lags': 8, 'feature_extraction__params': ('tsfel', {'config_file': 'tsfel_config.json'}), 'feature_selection__strategy': 'correlation', 'feature_selection__threshold': 0.9, 'imputation__params': ('interpolate', ('polynomial', 3))}",0.37385384867361626,0.663120400445637,0.6016728792704111,0.6089082287308228,0.6614336540149013,0.5817978022270778,0.10707559535498924,333,0.9974527807981958,0.9936353582476399,0.9925021557260889,0.9876076886778233,0.9789105962569155,0.9900217159413327,0.006383043559635969
188.59422216415405,91.72569332332924,62.26333131790161,1.7885016640629774,5,100,8,"('tsfel', {'config_file': 'tsfel_config.json'})",correlation,0.9,"('ffill', None)","{'classifier__base_estimator__max_depth': 5, 'classifier__base_estimator__n_estimators': 100, 'feature_extraction__n_lags': 8, 'feature_extraction__params': ('tsfel', {'config_file': 'tsfel_config.json'}), 'feature_selection__strategy': 'correlation', 'feature_selection__threshold': 0.9, 'imputation__params': ('ffill', None)}",0.37385384867361626,0.663120400445637,0.6016728792704111,0.6089082287308228,0.6614336540149013,0.5817978022270778,0.10707559535498924,333,0.9974527807981958,0.9936353582476399,0.9925021557260889,0.9876076886778233,0.9789105962569155,0.9900217159413327,0.006383043559635969
186.09593596458436,89.44764304375455,61.60500845909119,1.9725522407632525,5,100,8,"('tsfel', {'config_file': 'tsfel_config.json'})",correlation,0.95,"('interpolate', 'linear')","{'classifier__base_estimator__max_depth': 5, 'classifier__base_estimator__n_estimators': 100, 'feature_extraction__n_lags': 8, 'feature_extraction__params': ('tsfel', {'config_file': 'tsfel_config.json'}), 'feature_selection__strategy': 'correlation', 'feature_selection__threshold': 0.95, 'imputation__params': ('interpolate', 'linear')}",0.3823706717389569,0.6548470868835223,0.5454970686160973,0.6256903765690377,0.6862448803768864,0.5789300168369002,0.10882991397167945,353,0.9984939860121085,0.9941267954519956,0.9932117465475113,0.986556564741175,0.9791983734347435,0.9903174932375067,0.00674569385637413
187.14352407455445,89.78046651076872,61.8484365940094,1.8838824174382154,5,100,8,"('tsfel', {'config_file': 'tsfel_config.json'})",correlation,0.95,"('interpolate', ('polynomial', 2))","{'classifier__base_estimator__max_depth': 5, 'classifier__base_estimator__n_estimators': 100, 'feature_extraction__n_lags': 8, 'feature_extraction__params': ('tsfel', {'config_file': 'tsfel_config.json'}), 'feature_selection__strategy': 'correlation', 'feature_selection__threshold': 0.95, 'imputation__params': ('interpolate', ('polynomial', 2))}",0.3823706717389569,0.6548470868835223,0.5454970686160973,0.6256903765690377,0.6862448803768864,0.5789300168369002,0.10882991397167945,353,0.9984939860121085,0.9941267954519956,0.9932117465475113,0.986556564741175,0.9791983734347435,0.9903174932375067,0.00674569385637413
190.29241414070128,88.93587516978238,63.17020373344421,0.4162114098947469,5,100,8,"('tsfel', {'config_file': 'tsfel_config.json'})",correlation,0.95,"('interpolate', ('polynomial', 3))","{'classifier__base_estimator__max_depth': 5, 'classifier__base_estimator__n_estimators': 100, 'feature_extraction__n_lags': 8, 'feature_extraction__params': ('tsfel', {'config_file': 'tsfel_config.json'}), 'feature_selection__strategy': 'correlation', 'feature_selection__threshold': 0.95, 'imputation__params': ('interpolate', ('polynomial', 3))}",0.3823706717389569,0.6548470868835223,0.5454970686160973,0.6256903765690377,0.6862448803768864,0.5789300168369002,0.10882991397167945,353,0.9984939860121085,0.9941267954519956,0.9932117465475113,0.986556564741175,0.9791983734347435,0.9903174932375067,0.00674569385637413
190.52917881011962,91.5309129984479,63.054358053207395,1.8151744965223744,5,100,8,"('tsfel', {'config_file': 'tsfel_config.json'})",correlation,0.95,"('ffill', None)","{'classifier__base_estimator__max_depth': 5, 'classifier__base_estimator__n_estimators': 100, 'feature_extraction__n_lags': 8, 'feature_extraction__params': ('tsfel', {'config_file': 'tsfel_config.json'}), 'feature_selection__strategy': 'correlation', 'feature_selection__threshold': 0.95, 'imputation__params': ('ffill', None)}",0.3823706717389569,0.6548470868835223,0.5454970686160973,0.6256903765690377,0.6862448803768864,0.5789300168369002,0.10882991397167945,353,0.9984939860121085,0.9941267954519956,0.9932117465475113,0.986556564741175,0.9791983734347435,0.9903174932375067,0.00674569385637413
185.62201962471008,91.4614803021944,61.89021010398865,2.0433043105672146,5,100,8,"('tsfel', {'config_file': 'tsfel_config.json'})",pca,0.85,"('interpolate', 'linear')","{'classifier__base_estimator__max_depth': 5, 'classifier__base_estimator__n_estimators': 100, 'feature_extraction__n_lags': 8, 'feature_extraction__params': ('tsfel', {'config_file': 'tsfel_config.json'}), 'feature_selection__strategy': 'pca', 'feature_selection__threshold': 0.85, 'imputation__params': ('interpolate', 'linear')}",0.5095449528051288,0.5923647397574103,0.6212670092646208,0.4615564853556485,0.574259321303786,0.5517985016973188,0.05814630777403763,565,0.881102922422241,0.8441161704814016,0.8196508163564971,0.7901428753361474,0.7676390173983978,0.8205303603989369,0.039867261550996055
184.67181725502013,89.3347072988405,62.745933532714844,2.102014605591032,5,100,8,"('tsfel', {'config_file': 'tsfel_config.json'})",pca,0.85,"('interpolate', ('polynomial', 2))","{'classifier__base_estimator__max_depth': 5, 'classifier__base_estimator__n_estimators': 100, 'feature_extraction__n_lags': 8, 'feature_extraction__params': ('tsfel', {'config_file': 'tsfel_config.json'}), 'feature_selection__strategy': 'pca', 'feature_selection__threshold': 0.85, 'imputation__params': ('interpolate', ('polynomial', 2))}",0.5095449528051288,0.5923647397574103,0.6212670092646208,0.4615564853556485,0.574259321303786,0.5517985016973188,0.05814630777403763,565,0.881102922422241,0.8441161704814016,0.8196508163564971,0.7901428753361474,0.7676390173983978,0.8205303603989369,0.039867261550996055
185.6317120552063,90.29310907170833,62.642674922943115,1.8857066089405747,5,100,8,"('tsfel', {'config_file': 'tsfel_config.json'})",pca,0.85,"('interpolate', ('polynomial', 3))","{'classifier__base_estimator__max_depth': 5, 'classifier__base_estimator__n_estimators': 100, 'feature_extraction__n_lags': 8, 'feature_extraction__params': ('tsfel', {'config_file': 'tsfel_config.json'}), 'feature_selection__strategy': 'pca', 'feature_selection__threshold': 0.85, 'imputation__params': ('interpolate', ('polynomial', 3))}",0.5095449528051288,0.5923647397574103,0.6212670092646208,0.4615564853556485,0.574259321303786,0.5517985016973188,0.05814630777403763,565,0.881102922422241,0.8441161704814016,0.8196508163564971,0.7901428753361474,0.7676390173983978,0.8205303603989369,0.039867261550996055
185.1549551486969,87.51119690759441,63.18631386756897,1.093721108850686,5,100,8,"('tsfel', {'config_file': 'tsfel_config.json'})",pca,0.85,"('ffill', None)","{'classifier__base_estimator__max_depth': 5, 'classifier__base_estimator__n_estimators': 100, 'feature_extraction__n_lags': 8, 'feature_extraction__params': ('tsfel', {'config_file': 'tsfel_config.json'}), 'feature_selection__strategy': 'pca', 'feature_selection__threshold': 0.85, 'imputation__params': ('ffill', None)}",0.5095449528051288,0.5923647397574103,0.6212670092646208,0.4615564853556485,0.574259321303786,0.5517985016973188,0.05814630777403763,565,0.881102922422241,0.8441161704814016,0.8196508163564971,0.7901428753361474,0.7676390173983978,0.8205303603989369,0.039867261550996055
185.22481145858765,90.74368215744404,62.40597267150879,2.319775760275469,5,100,8,"('tsfel', {'config_file': 'tsfel_config.json'})",pca,0.9,"('interpolate', 'linear')","{'classifier__base_estimator__max_depth': 5, 'classifier__base_estimator__n_estimators': 100, 'feature_extraction__n_lags': 8, 'feature_extraction__params': ('tsfel', {'config_file': 'tsfel_config.json'}), 'feature_selection__strategy': 'pca', 'feature_selection__threshold': 0.9, 'imputation__params': ('interpolate', 'linear')}",0.5095449528051288,0.5923647397574103,0.6212670092646208,0.4615564853556485,0.574259321303786,0.5517985016973188,0.05814630777403763,565,0.881102922422241,0.8441161704814016,0.8196508163564971,0.7901428753361474,0.7676390173983978,0.8205303603989369,0.039867261550996055
182.14654331207277,86.26271976381182,61.964930629730226,1.517237613324666,5,100,8,"('tsfel', {'config_file': 'tsfel_config.json'})",pca,0.9,"('interpolate', ('polynomial', 2))","{'classifier__base_estimator__max_depth': 5, 'classifier__base_estimator__n_estimators': 100, 'feature_extraction__n_lags': 8, 'feature_extraction__params': ('tsfel', {'config_file': 'tsfel_config.json'}), 'feature_selection__strategy': 'pca', 'feature_selection__threshold': 0.9, 'imputation__params': ('interpolate', ('polynomial', 2))}",0.5095449528051288,0.5923647397574103,0.6212670092646208,0.4615564853556485,0.574259321303786,0.5517985016973188,0.05814630777403763,565,0.881102922422241,0.8441161704814016,0.8196508163564971,0.7901428753361474,0.7676390173983978,0.8205303603989369,0.039867261550996055
185.41815314292907,86.71891437405394,63.3692111492157,0.8912161773776743,5,100,8,"('tsfel', {'config_file': 'tsfel_config.json'})",pca,0.9,"('interpolate', ('polynomial', 3))","{'classifier__base_estimator__max_depth': 5, 'classifier__base_estimator__n_estimators': 100, 'feature_extraction__n_lags': 8, 'feature_extraction__params': ('tsfel', {'config_file': 'tsfel_config.json'}), 'feature_selection__strategy': 'pca', 'feature_selection__threshold': 0.9, 'imputation__params': ('interpolate', ('polynomial', 3))}",0.5095449528051288,0.5923647397574103,0.6212670092646208,0.4615564853556485,0.574259321303786,0.5517985016973188,0.05814630777403763,565,0.881102922422241,0.8441161704814016,0.8196508163564971,0.7901428753361474,0.7676390173983978,0.8205303603989369,0.039867261550996055
184.54457859992982,89.65444548928902,62.90340147018433,1.684426974845415,5,100,8,"('tsfel', {'config_file': 'tsfel_config.json'})",pca,0.9,"('ffill', None)","{'classifier__base_estimator__max_depth': 5, 'classifier__base_estimator__n_estimators': 100, 'feature_extraction__n_lags': 8, 'feature_extraction__params': ('tsfel', {'config_file': 'tsfel_config.json'}), 'feature_selection__strategy': 'pca', 'feature_selection__threshold': 0.9, 'imputation__params': ('ffill', None)}",0.5095449528051288,0.5923647397574103,0.6212670092646208,0.4615564853556485,0.574259321303786,0.5517985016973188,0.05814630777403763,565,0.881102922422241,0.8441161704814016,0.8196508163564971,0.7901428753361474,0.7676390173983978,0.8205303603989369,0.039867261550996055
182.3189224720001,85.47954727662061,62.07429451942444,1.107014264147028,5,100,8,"('tsfel', {'config_file': 'tsfel_config.json'})",pca,0.95,"('interpolate', 'linear')","{'classifier__base_estimator__max_depth': 5, 'classifier__base_estimator__n_estimators': 100, 'feature_extraction__n_lags': 8, 'feature_extraction__params': ('tsfel', {'config_file': 'tsfel_config.json'}), 'feature_selection__strategy': 'pca', 'feature_selection__threshold': 0.95, 'imputation__params': ('interpolate', 'linear')}",0.5095449528051288,0.5923647397574103,0.6212670092646208,0.4615564853556485,0.574259321303786,0.5517985016973188,0.05814630777403763,565,0.881102922422241,0.8441161704814016,0.8196508163564971,0.7901428753361474,0.7676390173983978,0.8205303603989369,0.039867261550996055
186.57893319129943,89.37502949129613,63.33545541763306,1.613993757306541,5,100,8,"('tsfel', {'config_file': 'tsfel_config.json'})",pca,0.95,"('interpolate', ('polynomial', 2))","{'classifier__base_estimator__max_depth': 5, 'classifier__base_estimator__n_estimators': 100, 'feature_extraction__n_lags': 8, 'feature_extraction__params': ('tsfel', {'config_file': 'tsfel_config.json'}), 'feature_selection__strategy': 'pca', 'feature_selection__threshold': 0.95, 'imputation__params': ('interpolate', ('polynomial', 2))}",0.5095449528051288,0.5923647397574103,0.6212670092646208,0.4615564853556485,0.574259321303786,0.5517985016973188,0.05814630777403763,565,0.881102922422241,0.8441161704814016,0.8196508163564971,0.7901428753361474,0.7676390173983978,0.8205303603989369,0.039867261550996055
186.63010778427125,89.22066040737116,62.32113008499145,1.6069573608935106,5,100,8,"('tsfel', {'config_file': 'tsfel_config.json'})",pca,0.95,"('interpolate', ('polynomial', 3))","{'classifier__base_estimator__max_depth': 5, 'classifier__base_estimator__n_estimators': 100, 'feature_extraction__n_lags': 8, 'feature_extraction__params': ('tsfel', {'config_file': 'tsfel_config.json'}), 'feature_selection__strategy': 'pca', 'feature_selection__threshold': 0.95, 'imputation__params': ('interpolate', ('polynomial', 3))}",0.5095449528051288,0.5923647397574103,0.6212670092646208,0.4615564853556485,0.574259321303786,0.5517985016973188,0.05814630777403763,565,0.881102922422241,0.8441161704814016,0.8196508163564971,0.7901428753361474,0.7676390173983978,0.8205303603989369,0.039867261550996055
184.23458409309387,89.85821362436238,62.11873354911804,2.178771384768051,5,100,8,"('tsfel', {'config_file': 'tsfel_config.json'})",pca,0.95,"('ffill', None)","{'classifier__base_estimator__max_depth': 5, 'classifier__base_estimator__n_estimators': 100, 'feature_extraction__n_lags': 8, 'feature_extraction__params': ('tsfel', {'config_file': 'tsfel_config.json'}), 'feature_selection__strategy': 'pca', 'feature_selection__threshold': 0.95, 'imputation__params': ('ffill', None)}",0.5095449528051288,0.5923647397574103,0.6212670092646208,0.4615564853556485,0.574259321303786,0.5517985016973188,0.05814630777403763,565,0.881102922422241,0.8441161704814016,0.8196508163564971,0.7901428753361474,0.7676390173983978,0.8205303603989369,0.039867261550996055
194.38498768806457,94.17403965849522,64.40166854858398,1.1804417440707153,7,25,3,"('tsfel', {'config_file': 'tsfel_config.json'})",correlation,0.85,"('interpolate', 'linear')","{'classifier__base_estimator__max_depth': 7, 'classifier__base_estimator__n_estimators': 25, 'feature_extraction__n_lags': 3, 'feature_extraction__params': ('tsfel', {'config_file': 'tsfel_config.json'}), 'feature_selection__strategy': 'correlation', 'feature_selection__threshold': 0.85, 'imputation__params': ('interpolate', 'linear')}",0.5634026952189399,0.6280494439174326,0.6433748490338165,0.5883008953267849,0.6185407465294546,0.6083337260052857,0.028778064342098546,137,0.9846708003195479,0.9827035695590746,0.9737764977496318,0.9575626549882654,0.9504605917377003,0.969834822870844,0.013617742878855015
196.10471935272216,92.61850804323078,64.6947525024414,1.2223175029146605,7,25,3,"('tsfel', {'config_file': 'tsfel_config.json'})",correlation,0.85,"('interpolate', ('polynomial', 2))","{'classifier__base_estimator__max_depth': 7, 'classifier__base_estimator__n_estimators': 25, 'feature_extraction__n_lags': 3, 'feature_extraction__params': ('tsfel', {'config_file': 'tsfel_config.json'}), 'feature_selection__strategy': 'correlation', 'feature_selection__threshold': 0.85, 'imputation__params': ('interpolate', ('polynomial', 2))}",0.5634026952189399,0.6280494439174326,0.6433748490338165,0.5883008953267849,0.6185407465294546,0.6083337260052857,0.028778064342098546,137,0.9846708003195479,0.9827035695590746,0.9737764977496318,0.9575626549882654,0.9504605917377003,0.969834822870844,0.013617742878855015
196.21224522590637,93.0856519977251,64.59490532875061,1.6537599064907766,7,25,3,"('tsfel', {'config_file': 'tsfel_config.json'})",correlation,0.85,"('interpolate', ('polynomial', 3))","{'classifier__base_estimator__max_depth': 7, 'classifier__base_estimator__n_estimators': 25, 'feature_extraction__n_lags': 3, 'feature_extraction__params': ('tsfel', {'config_file': 'tsfel_config.json'}), 'feature_selection__strategy': 'correlation', 'feature_selection__threshold': 0.85, 'imputation__params': ('interpolate', ('polynomial', 3))}",0.5634026952189399,0.6280494439174326,0.6433748490338165,0.5883008953267849,0.6185407465294546,0.6083337260052857,0.028778064342098546,137,0.9846708003195479,0.9827035695590746,0.9737764977496318,0.9575626549882654,0.9504605917377003,0.969834822870844,0.013617742878855015
194.5621663570404,89.27562962517571,64.43846979141236,0.6702714277584566,7,25,3,"('tsfel', {'config_file': 'tsfel_config.json'})",correlation,0.85,"('ffill', None)","{'classifier__base_estimator__max_depth': 7, 'classifier__base_estimator__n_estimators': 25, 'feature_extraction__n_lags': 3, 'feature_extraction__params': ('tsfel', {'config_file': 'tsfel_config.json'}), 'feature_selection__strategy': 'correlation', 'feature_selection__threshold': 0.85, 'imputation__params': ('ffill', None)}",0.5634026952189399,0.6280494439174326,0.6433748490338165,0.5883008953267849,0.6185407465294546,0.6083337260052857,0.028778064342098546,137,0.9846708003195479,0.9827035695590746,0.9737764977496318,0.9575626549882654,0.9504605917377003,0.969834822870844,0.013617742878855015
197.89910831451417,95.33638294203907,65.19210300445556,1.141048268261406,7,25,3,"('tsfel', {'config_file': 'tsfel_config.json'})",correlation,0.9,"('interpolate', 'linear')","{'classifier__base_estimator__max_depth': 7, 'classifier__base_estimator__n_estimators': 25, 'feature_extraction__n_lags': 3, 'feature_extraction__params': ('tsfel', {'config_file': 'tsfel_config.json'}), 'feature_selection__strategy': 'correlation', 'feature_selection__threshold': 0.9, 'imputation__params': ('interpolate', 'linear')}",0.505009607979483,0.6702732981765388,0.6222033514492753,0.5691657268150687,0.6407711152282526,0.6014846199297237,0.05840636195915651,177,0.9880489385836979,0.9802899414382928,0.9753995244482738,0.9596146525395592,0.9480961860937586,0.9702898486207164,0.01447766823399255
194.15605816841125,94.07664273767601,63.650463342666626,1.1416848927451442,7,25,3,"('tsfel', {'config_file': 'tsfel_config.json'})",correlation,0.9,"('interpolate', ('polynomial', 2))","{'classifier__base_estimator__max_depth': 7, 'classifier__base_estimator__n_estimators': 25, 'feature_extraction__n_lags': 3, 'feature_extraction__params': ('tsfel', {'config_file': 'tsfel_config.json'}), 'feature_selection__strategy': 'correlation', 'feature_selection__threshold': 0.9, 'imputation__params': ('interpolate', ('polynomial', 2))}",0.505009607979483,0.6702732981765388,0.6222033514492753,0.5691657268150687,0.6407711152282526,0.6014846199297237,0.05840636195915651,177,0.9880489385836979,0.9802899414382928,0.9753995244482738,0.9596146525395592,0.9480961860937586,0.9702898486207164,0.01447766823399255
195.12520184516907,91.41452717930075,64.9803565979004,0.9541381621932671,7,25,3,"('tsfel', {'config_file': 'tsfel_config.json'})",correlation,0.9,"('interpolate', ('polynomial', 3))","{'classifier__base_estimator__max_depth': 7, 'classifier__base_estimator__n_estimators': 25, 'feature_extraction__n_lags': 3, 'feature_extraction__params': ('tsfel', {'config_file': 'tsfel_config.json'}), 'feature_selection__strategy': 'correlation', 'feature_selection__threshold': 0.9, 'imputation__params': ('interpolate', ('polynomial', 3))}",0.505009607979483,0.6702732981765388,0.6222033514492753,0.5691657268150687,0.6407711152282526,0.6014846199297237,0.05840636195915651,177,0.9880489385836979,0.9802899414382928,0.9753995244482738,0.9596146525395592,0.9480961860937586,0.9702898486207164,0.01447766823399255
197.2956862449646,94.35525148031198,64.84688487052918,0.8923731574275933,7,25,3,"('tsfel', {'config_file': 'tsfel_config.json'})",correlation,0.9,"('ffill', None)","{'classifier__base_estimator__max_depth': 7, 'classifier__base_estimator__n_estimators': 25, 'feature_extraction__n_lags': 3, 'feature_extraction__params': ('tsfel', {'config_file': 'tsfel_config.json'}), 'feature_selection__strategy': 'correlation', 'feature_selection__threshold': 0.9, 'imputation__params': ('ffill', None)}",0.505009607979483,0.6702732981765388,0.6222033514492753,0.5691657268150687,0.6407711152282526,0.6014846199297237,0.05840636195915651,177,0.9880489385836979,0.9802899414382928,0.9753995244482738,0.9596146525395592,0.9480961860937586,0.9702898486207164,0.01447766823399255
195.95438899993897,93.23345455811003,64.39504489898681,1.4976099151138684,7,25,3,"('tsfel', {'config_file': 'tsfel_config.json'})",correlation,0.95,"('interpolate', 'linear')","{'classifier__base_estimator__max_depth': 7, 'classifier__base_estimator__n_estimators': 25, 'feature_extraction__n_lags': 3, 'feature_extraction__params': ('tsfel', {'config_file': 'tsfel_config.json'}), 'feature_selection__strategy': 'correlation', 'feature_selection__threshold': 0.95, 'imputation__params': ('interpolate', 'linear')}",0.5265097986436673,0.6784436828272318,0.6257057669082126,0.6399465282197006,0.6287218909972165,0.6198655335192058,0.05032391588992832,49,0.9875023809726878,0.9829767765090633,0.9743571588422397,0.9594853611936787,0.9478921019616852,0.9704427558958709,0.014778711191704588
195.81071443557738,91.3312037007123,64.4458044052124,0.9219006500204128,7,25,3,"('tsfel', {'config_file': 'tsfel_config.json'})",correlation,0.95,"('interpolate', ('polynomial', 2))","{'classifier__base_estimator__max_depth': 7, 'classifier__base_estimator__n_estimators': 25, 'feature_extraction__n_lags': 3, 'feature_extraction__params': ('tsfel', {'config_file': 'tsfel_config.json'}), 'feature_selection__strategy': 'correlation', 'feature_selection__threshold': 0.95, 'imputation__params': ('interpolate', ('polynomial', 2))}",0.5265097986436673,0.6784436828272318,0.6257057669082126,0.6399465282197006,0.6287218909972165,0.6198655335192058,0.05032391588992832,49,0.9875023809726878,0.9829767765090633,0.9743571588422397,0.9594853611936787,0.9478921019616852,0.9704427558958709,0.014778711191704588
195.53322467803955,94.54580893657011,64.2075026512146,1.9382717109989833,7,25,3,"('tsfel', {'config_file': 'tsfel_config.json'})",correlation,0.95,"('interpolate', ('polynomial', 3))","{'classifier__base_estimator__max_depth': 7, 'classifier__base_estimator__n_estimators': 25, 'feature_extraction__n_lags': 3, 'feature_extraction__params': ('tsfel', {'config_file': 'tsfel_config.json'}), 'feature_selection__strategy': 'correlation', 'feature_selection__threshold': 0.95, 'imputation__params': ('interpolate', ('polynomial', 3))}",0.5265097986436673,0.6784436828272318,0.6257057669082126,0.6399465282197006,0.6287218909972165,0.6198655335192058,0.05032391588992832,49,0.9875023809726878,0.9829767765090633,0.9743571588422397,0.9594853611936787,0.9478921019616852,0.9704427558958709,0.014778711191704588
193.15654425621034,90.17219646158142,64.19873852729798,0.803489681444302,7,25,3,"('tsfel', {'config_file': 'tsfel_config.json'})",correlation,0.95,"('ffill', None)","{'classifier__base_estimator__max_depth': 7, 'classifier__base_estimator__n_estimators': 25, 'feature_extraction__n_lags': 3, 'feature_extraction__params': ('tsfel', {'config_file': 'tsfel_config.json'}), 'feature_selection__strategy': 'correlation', 'feature_selection__threshold': 0.95, 'imputation__params': ('ffill', None)}",0.5265097986436673,0.6784436828272318,0.6257057669082126,0.6399465282197006,0.6287218909972165,0.6198655335192058,0.05032391588992832,49,0.9875023809726878,0.9829767765090633,0.9743571588422397,0.9594853611936787,0.9478921019616852,0.9704427558958709,0.014778711191704588
194.77668070793152,92.0918765334073,65.68861179351806,0.6819456337295233,7,25,3,"('tsfel', {'config_file': 'tsfel_config.json'})",pca,0.85,"('interpolate', 'linear')","{'classifier__base_estimator__max_depth': 7, 'classifier__base_estimator__n_estimators': 25, 'feature_extraction__n_lags': 3, 'feature_extraction__params': ('tsfel', {'config_file': 'tsfel_config.json'}), 'feature_selection__strategy': 'pca', 'feature_selection__threshold': 0.85, 'imputation__params': ('interpolate', 'linear')}",0.48576000239264855,0.5104535362499192,0.6068493357487923,0.5768966625292196,0.5972147830744509,0.555434863999006,0.04843041301774661,505,0.8829051846924068,0.8349298911358073,0.8101390232693975,0.7785779369714212,0.7637667926857148,0.8140637657509494,0.042376808038575256
191.8545081615448,91.31923788100427,64.66929039955139,1.6547852032883543,7,25,3,"('tsfel', {'config_file': 'tsfel_config.json'})",pca,0.85,"('interpolate', ('polynomial', 2))","{'classifier__base_estimator__max_depth': 7, 'classifier__base_estimator__n_estimators': 25, 'feature_extraction__n_lags': 3, 'feature_extraction__params': ('tsfel', {'config_file': 'tsfel_config.json'}), 'feature_selection__strategy': 'pca', 'feature_selection__threshold': 0.85, 'imputation__params': ('interpolate', ('polynomial', 2))}",0.48576000239264855,0.5104535362499192,0.6068493357487923,0.5768966625292196,0.5972147830744509,0.555434863999006,0.04843041301774661,505,0.8829051846924068,0.8349298911358073,0.8101390232693975,0.7785779369714212,0.7637667926857148,0.8140637657509494,0.042376808038575256
192.53809142112732,89.68670960630058,65.49040718078614,0.7967218894383378,7,25,3,"('tsfel', {'config_file': 'tsfel_config.json'})",pca,0.85,"('interpolate', ('polynomial', 3))","{'classifier__base_estimator__max_depth': 7, 'classifier__base_estimator__n_estimators': 25, 'feature_extraction__n_lags': 3, 'feature_extraction__params': ('tsfel', {'config_file': 'tsfel_config.json'}), 'feature_selection__strategy': 'pca', 'feature_selection__threshold': 0.85, 'imputation__params': ('interpolate', ('polynomial', 3))}",0.48576000239264855,0.5104535362499192,0.6068493357487923,0.5768966625292196,0.5972147830744509,0.555434863999006,0.04843041301774661,505,0.8829051846924068,0.8349298911358073,0.8101390232693975,0.7785779369714212,0.7637667926857148,0.8140637657509494,0.042376808038575256
193.32726945877076,94.00815733875875,65.13666038513183,1.212755552748355,7,25,3,"('tsfel', {'config_file': 'tsfel_config.json'})",pca,0.85,"('ffill', None)","{'classifier__base_estimator__max_depth': 7, 'classifier__base_estimator__n_estimators': 25, 'feature_extraction__n_lags': 3, 'feature_extraction__params': ('tsfel', {'config_file': 'tsfel_config.json'}), 'feature_selection__strategy': 'pca', 'feature_selection__threshold': 0.85, 'imputation__params': ('ffill', None)}",0.48576000239264855,0.5104535362499192,0.6068493357487923,0.5768966625292196,0.5972147830744509,0.555434863999006,0.04843041301774661,505,0.8829051846924068,0.8349298911358073,0.8101390232693975,0.7785779369714212,0.7637667926857148,0.8140637657509494,0.042376808038575256
190.84038677215577,89.76141930565018,64.44002599716187,1.4515563106396538,7,25,3,"('tsfel', {'config_file': 'tsfel_config.json'})",pca,0.9,"('interpolate', 'linear')","{'classifier__base_estimator__max_depth': 7, 'classifier__base_estimator__n_estimators': 25, 'feature_extraction__n_lags': 3, 'feature_extraction__params': ('tsfel', {'config_file': 'tsfel_config.json'}), 'feature_selection__strategy': 'pca', 'feature_selection__threshold': 0.9, 'imputation__params': ('interpolate', 'linear')}",0.48576000239264855,0.5104535362499192,0.6068493357487923,0.5768966625292196,0.5972147830744509,0.555434863999006,0.04843041301774661,505,0.8829051846924068,0.8349298911358073,0.8101390232693975,0.7785779369714212,0.7637667926857148,0.8140637657509494,0.042376808038575256
200.26505742073059,96.45748802152949,65.94094281196594,1.7964111964741958,7,25,3,"('tsfel', {'config_file': 'tsfel_config.json'})",pca,0.9,"('interpolate', ('polynomial', 2))","{'classifier__base_estimator__max_depth': 7, 'classifier__base_estimator__n_estimators': 25, 'feature_extraction__n_lags': 3, 'feature_extraction__params': ('tsfel', {'config_file': 'tsfel_config.json'}), 'feature_selection__strategy': 'pca', 'feature_selection__threshold': 0.9, 'imputation__params': ('interpolate', ('polynomial', 2))}",0.48576000239264855,0.5104535362499192,0.6068493357487923,0.5768966625292196,0.5972147830744509,0.555434863999006,0.04843041301774661,505,0.8829051846924068,0.8349298911358073,0.8101390232693975,0.7785779369714212,0.7637667926857148,0.8140637657509494,0.042376808038575256
190.070485496521,88.973000450912,64.16862063407898,0.9674018022771675,7,25,3,"('tsfel', {'config_file': 'tsfel_config.json'})",pca,0.9,"('interpolate', ('polynomial', 3))","{'classifier__base_estimator__max_depth': 7, 'classifier__base_estimator__n_estimators': 25, 'feature_extraction__n_lags': 3, 'feature_extraction__params': ('tsfel', {'config_file': 'tsfel_config.json'}), 'feature_selection__strategy': 'pca', 'feature_selection__threshold': 0.9, 'imputation__params': ('interpolate', ('polynomial', 3))}",0.48576000239264855,0.5104535362499192,0.6068493357487923,0.5768966625292196,0.5972147830744509,0.555434863999006,0.04843041301774661,505,0.8829051846924068,0.8349298911358073,0.8101390232693975,0.7785779369714212,0.7637667926857148,0.8140637657509494,0.042376808038575256
194.9335174560547,90.83370030500745,66.05077395439147,0.6031155548264523,7,25,3,"('tsfel', {'config_file': 'tsfel_config.json'})",pca,0.9,"('ffill', None)","{'classifier__base_estimator__max_depth': 7, 'classifier__base_estimator__n_estimators': 25, 'feature_extraction__n_lags': 3, 'feature_extraction__params': ('tsfel', {'config_file': 'tsfel_config.json'}), 'feature_selection__strategy': 'pca', 'feature_selection__threshold': 0.9, 'imputation__params': ('ffill', None)}",0.48576000239264855,0.5104535362499192,0.6068493357487923,0.5768966625292196,0.5972147830744509,0.555434863999006,0.04843041301774661,505,0.8829051846924068,0.8349298911358073,0.8101390232693975,0.7785779369714212,0.7637667926857148,0.8140637657509494,0.042376808038575256
197.30405287742616,95.8004056989224,66.38413128852844,2.837540477064391,7,25,3,"('tsfel', {'config_file': 'tsfel_config.json'})",pca,0.95,"('interpolate', 'linear')","{'classifier__base_estimator__max_depth': 7, 'classifier__base_estimator__n_estimators': 25, 'feature_extraction__n_lags': 3, 'feature_extraction__params': ('tsfel', {'config_file': 'tsfel_config.json'}), 'feature_selection__strategy': 'pca', 'feature_selection__threshold': 0.95, 'imputation__params': ('interpolate', 'linear')}",0.48576000239264855,0.5104535362499192,0.6068493357487923,0.5768966625292196,0.5972147830744509,0.555434863999006,0.04843041301774661,505,0.8829051846924068,0.8349298911358073,0.8101390232693975,0.7785779369714212,0.7637667926857148,0.8140637657509494,0.042376808038575256
195.74236426353454,91.62882851495702,66.06509571075439,2.1465454838442652,7,25,3,"('tsfel', {'config_file': 'tsfel_config.json'})",pca,0.95,"('interpolate', ('polynomial', 2))","{'classifier__base_estimator__max_depth': 7, 'classifier__base_estimator__n_estimators': 25, 'feature_extraction__n_lags': 3, 'feature_extraction__params': ('tsfel', {'config_file': 'tsfel_config.json'}), 'feature_selection__strategy': 'pca', 'feature_selection__threshold': 0.95, 'imputation__params': ('interpolate', ('polynomial', 2))}",0.48576000239264855,0.5104535362499192,0.6068493357487923,0.5768966625292196,0.5972147830744509,0.555434863999006,0.04843041301774661,505,0.8829051846924068,0.8349298911358073,0.8101390232693975,0.7785779369714212,0.7637667926857148,0.8140637657509494,0.042376808038575256
195.8664851665497,93.8100522758013,65.0501838684082,0.9901731653908287,7,25,3,"('tsfel', {'config_file': 'tsfel_config.json'})",pca,0.95,"('interpolate', ('polynomial', 3))","{'classifier__base_estimator__max_depth': 7, 'classifier__base_estimator__n_estimators': 25, 'feature_extraction__n_lags': 3, 'feature_extraction__params': ('tsfel', {'config_file': 'tsfel_config.json'}), 'feature_selection__strategy': 'pca', 'feature_selection__threshold': 0.95, 'imputation__params': ('interpolate', ('polynomial', 3))}",0.48576000239264855,0.5104535362499192,0.6068493357487923,0.5768966625292196,0.5972147830744509,0.555434863999006,0.04843041301774661,505,0.8829051846924068,0.8349298911358073,0.8101390232693975,0.7785779369714212,0.7637667926857148,0.8140637657509494,0.042376808038575256
195.61607990264892,93.62708035135867,65.06459431648254,1.380490182442282,7,25,3,"('tsfel', {'config_file': 'tsfel_config.json'})",pca,0.95,"('ffill', None)","{'classifier__base_estimator__max_depth': 7, 'classifier__base_estimator__n_estimators': 25, 'feature_extraction__n_lags': 3, 'feature_extraction__params': ('tsfel', {'config_file': 'tsfel_config.json'}), 'feature_selection__strategy': 'pca', 'feature_selection__threshold': 0.95, 'imputation__params': ('ffill', None)}",0.48576000239264855,0.5104535362499192,0.6068493357487923,0.5768966625292196,0.5972147830744509,0.555434863999006,0.04843041301774661,505,0.8829051846924068,0.8349298911358073,0.8101390232693975,0.7785779369714212,0.7637667926857148,0.8140637657509494,0.042376808038575256
191.38807702064514,90.66729655956094,63.4002703666687,0.8785732953240486,7,25,5,"('tsfel', {'config_file': 'tsfel_config.json'})",correlation,0.85,"('interpolate', 'linear')","{'classifier__base_estimator__max_depth': 7, 'classifier__base_estimator__n_estimators': 25, 'feature_extraction__n_lags': 5, 'feature_extraction__params': ('tsfel', {'config_file': 'tsfel_config.json'}), 'feature_selection__strategy': 'correlation', 'feature_selection__threshold': 0.85, 'imputation__params': ('interpolate', 'linear')}",0.5523667669881047,0.6341393432397464,0.6511945778028805,0.6119684587445176,0.668757779602214,0.6236853852754927,0.040301844431055896,29,0.9896902394495828,0.9811050699097089,0.9748271423498778,0.9635330340616424,0.9509449915877137,0.9720200954717052,0.013556109146901798
192.21630182266236,92.65649055723415,63.61370553970337,2.110532123677654,7,25,5,"('tsfel', {'config_file': 'tsfel_config.json'})",correlation,0.85,"('interpolate', ('polynomial', 2))","{'classifier__base_estimator__max_depth': 7, 'classifier__base_estimator__n_estimators': 25, 'feature_extraction__n_lags': 5, 'feature_extraction__params': ('tsfel', {'config_file': 'tsfel_config.json'}), 'feature_selection__strategy': 'correlation', 'feature_selection__threshold': 0.85, 'imputation__params': ('interpolate', ('polynomial', 2))}",0.5523667669881047,0.6341393432397464,0.6511945778028805,0.6119684587445176,0.668757779602214,0.6236853852754927,0.040301844431055896,29,0.9896902394495828,0.9811050699097089,0.9748271423498778,0.9635330340616424,0.9509449915877137,0.9720200954717052,0.013556109146901798
192.06794452667236,90.05929671559953,64.5405396938324,1.8327141808689154,7,25,5,"('tsfel', {'config_file': 'tsfel_config.json'})",correlation,0.85,"('interpolate', ('polynomial', 3))","{'classifier__base_estimator__max_depth': 7, 'classifier__base_estimator__n_estimators': 25, 'feature_extraction__n_lags': 5, 'feature_extraction__params': ('tsfel', {'config_file': 'tsfel_config.json'}), 'feature_selection__strategy': 'correlation', 'feature_selection__threshold': 0.85, 'imputation__params': ('interpolate', ('polynomial', 3))}",0.5523667669881047,0.6341393432397464,0.6511945778028805,0.6119684587445176,0.668757779602214,0.6236853852754927,0.040301844431055896,29,0.9896902394495828,0.9811050699097089,0.9748271423498778,0.9635330340616424,0.9509449915877137,0.9720200954717052,0.013556109146901798
192.98434443473815,90.28483785495834,64.4453513622284,0.8071885427055991,7,25,5,"('tsfel', {'config_file': 'tsfel_config.json'})",correlation,0.85,"('ffill', None)","{'classifier__base_estimator__max_depth': 7, 'classifier__base_estimator__n_estimators': 25, 'feature_extraction__n_lags': 5, 'feature_extraction__params': ('tsfel', {'config_file': 'tsfel_config.json'}), 'feature_selection__strategy': 'correlation', 'feature_selection__threshold': 0.85, 'imputation__params': ('ffill', None)}",0.5523667669881047,0.6341393432397464,0.6511945778028805,0.6119684587445176,0.668757779602214,0.6236853852754927,0.040301844431055896,29,0.9896902394495828,0.9811050699097089,0.9748271423498778,0.9635330340616424,0.9509449915877137,0.9720200954717052,0.013556109146901798
192.31375255584717,92.13163730672964,64.13622431755066,0.8912737527052014,7,25,5,"('tsfel', {'config_file': 'tsfel_config.json'})",correlation,0.9,"('interpolate', 'linear')","{'classifier__base_estimator__max_depth': 7, 'classifier__base_estimator__n_estimators': 25, 'feature_extraction__n_lags': 5, 'feature_extraction__params': ('tsfel', {'config_file': 'tsfel_config.json'}), 'feature_selection__strategy': 'correlation', 'feature_selection__threshold': 0.9, 'imputation__params': ('interpolate', 'linear')}",0.5104057899801404,0.6835754689744404,0.6342243918182918,0.6379030461896931,0.5782473494177988,0.6088712092760729,0.05949725611559287,133,0.9900417942876111,0.9847602822887703,0.977226744358084,0.9646912498364275,0.9497893666135632,0.9733018874768913,0.014518302319197906
192.11417698860168,89.76123886306948,64.24819321632386,1.5013215393028967,7,25,5,"('tsfel', {'config_file': 'tsfel_config.json'})",correlation,0.9,"('interpolate', ('polynomial', 2))","{'classifier__base_estimator__max_depth': 7, 'classifier__base_estimator__n_estimators': 25, 'feature_extraction__n_lags': 5, 'feature_extraction__params': ('tsfel', {'config_file': 'tsfel_config.json'}), 'feature_selection__strategy': 'correlation', 'feature_selection__threshold': 0.9, 'imputation__params': ('interpolate', ('polynomial', 2))}",0.5104057899801404,0.6835754689744404,0.6342243918182918,0.6379030461896931,0.5782473494177988,0.6088712092760729,0.05949725611559287,133,0.9900417942876111,0.9847602822887703,0.977226744358084,0.9646912498364275,0.9497893666135632,0.9733018874768913,0.014518302319197906
193.06398062705995,93.34421182407384,64.28262081146241,1.7452214373998693,7,25,5,"('tsfel', {'config_file': 'tsfel_config.json'})",correlation,0.9,"('interpolate', ('polynomial', 3))","{'classifier__base_estimator__max_depth': 7, 'classifier__base_estimator__n_estimators': 25, 'feature_extraction__n_lags': 5, 'feature_extraction__params': ('tsfel', {'config_file': 'tsfel_config.json'}), 'feature_selection__strategy': 'correlation', 'feature_selection__threshold': 0.9, 'imputation__params': ('interpolate', ('polynomial', 3))}",0.5104057899801404,0.6835754689744404,0.6342243918182918,0.6379030461896931,0.5782473494177988,0.6088712092760729,0.05949725611559287,133,0.9900417942876111,0.9847602822887703,0.977226744358084,0.9646912498364275,0.9497893666135632,0.9733018874768913,0.014518302319197906
192.24526453018188,88.42429842026787,64.1052553653717,0.677878843770632,7,25,5,"('tsfel', {'config_file': 'tsfel_config.json'})",correlation,0.9,"('ffill', None)","{'classifier__base_estimator__max_depth': 7, 'classifier__base_estimator__n_estimators': 25, 'feature_extraction__n_lags': 5, 'feature_extraction__params': ('tsfel', {'config_file': 'tsfel_config.json'}), 'feature_selection__strategy': 'correlation', 'feature_selection__threshold': 0.9, 'imputation__params': ('ffill', None)}",0.5104057899801404,0.6835754689744404,0.6342243918182918,0.6379030461896931,0.5782473494177988,0.6088712092760729,0.05949725611559287,133,0.9900417942876111,0.9847602822887703,0.977226744358084,0.9646912498364275,0.9497893666135632,0.9733018874768913,0.014518302319197906
194.27763271331787,93.66693765118087,64.33781051635742,1.6593083260051047,7,25,5,"('tsfel', {'config_file': 'tsfel_config.json'})",correlation,0.95,"('interpolate', 'linear')","{'classifier__base_estimator__max_depth': 7, 'classifier__base_estimator__n_estimators': 25, 'feature_extraction__n_lags': 5, 'feature_extraction__params': ('tsfel', {'config_file': 'tsfel_config.json'}), 'feature_selection__strategy': 'correlation', 'feature_selection__threshold': 0.95, 'imputation__params': ('interpolate', 'linear')}",0.5381694920459431,0.6836057656321844,0.6354379311735991,0.6001490542763158,0.6246568147108417,0.6164038115677768,0.047605332234470575,93,0.988978831268766,0.9848470417157242,0.9788014093282307,0.964817091969979,0.9521810126725061,0.9739250773910412,0.01360472838829604
191.28116326332093,92.5919152681841,63.26069598197937,1.4429427175046805,7,25,5,"('tsfel', {'config_file': 'tsfel_config.json'})",correlation,0.95,"('interpolate', ('polynomial', 2))","{'classifier__base_estimator__max_depth': 7, 'classifier__base_estimator__n_estimators': 25, 'feature_extraction__n_lags': 5, 'feature_extraction__params': ('tsfel', {'config_file': 'tsfel_config.json'}), 'feature_selection__strategy': 'correlation', 'feature_selection__threshold': 0.95, 'imputation__params': ('interpolate', ('polynomial', 2))}",0.5381694920459431,0.6836057656321844,0.6354379311735991,0.6001490542763158,0.6246568147108417,0.6164038115677768,0.047605332234470575,93,0.988978831268766,0.9848470417157242,0.9788014093282307,0.964817091969979,0.9521810126725061,0.9739250773910412,0.01360472838829604
191.44206461906433,90.86736784084461,64.08389782905579,2.0157335556649105,7,25,5,"('tsfel', {'config_file': 'tsfel_config.json'})",correlation,0.95,"('interpolate', ('polynomial', 3))","{'classifier__base_estimator__max_depth': 7, 'classifier__base_estimator__n_estimators': 25, 'feature_extraction__n_lags': 5, 'feature_extraction__params': ('tsfel', {'config_file': 'tsfel_config.json'}), 'feature_selection__strategy': 'correlation', 'feature_selection__threshold': 0.95, 'imputation__params': ('interpolate', ('polynomial', 3))}",0.5381694920459431,0.6836057656321844,0.6354379311735991,0.6001490542763158,0.6246568147108417,0.6164038115677768,0.047605332234470575,93,0.988978831268766,0.9848470417157242,0.9788014093282307,0.964817091969979,0.9521810126725061,0.9739250773910412,0.01360472838829604
192.35913400650026,92.9261182805531,64.52026300430298,2.0063890628836227,7,25,5,"('tsfel', {'config_file': 'tsfel_config.json'})",correlation,0.95,"('ffill', None)","{'classifier__base_estimator__max_depth': 7, 'classifier__base_estimator__n_estimators': 25, 'feature_extraction__n_lags': 5, 'feature_extraction__params': ('tsfel', {'config_file': 'tsfel_config.json'}), 'feature_selection__strategy': 'correlation', 'feature_selection__threshold': 0.95, 'imputation__params': ('ffill', None)}",0.5381694920459431,0.6836057656321844,0.6354379311735991,0.6001490542763158,0.6246568147108417,0.6164038115677768,0.047605332234470575,93,0.988978831268766,0.9848470417157242,0.9788014093282307,0.964817091969979,0.9521810126725061,0.9739250773910412,0.01360472838829604
187.61699056625366,87.81069691896283,63.40534944534302,1.7708257170088897,7,25,5,"('tsfel', {'config_file': 'tsfel_config.json'})",pca,0.85,"('interpolate', 'linear')","{'classifier__base_estimator__max_depth': 7, 'classifier__base_estimator__n_estimators': 25, 'feature_extraction__n_lags': 5, 'feature_extraction__params': ('tsfel', {'config_file': 'tsfel_config.json'}), 'feature_selection__strategy': 'pca', 'feature_selection__threshold': 0.85, 'imputation__params': ('interpolate', 'linear')}",0.5408733083553426,0.49576916085386674,0.623959333521604,0.5052447402686403,0.582347917052888,0.5496388920104683,0.04804796030262216,589,0.8743116013096549,0.8339144014519001,0.8058055676109315,0.7724267624419304,0.7537982093747689,0.8080513084378371,0.043074067323475115
190.75382428169252,87.84874443232769,65.2361060142517,1.2600695335325125,7,25,5,"('tsfel', {'config_file': 'tsfel_config.json'})",pca,0.85,"('interpolate', ('polynomial', 2))","{'classifier__base_estimator__max_depth': 7, 'classifier__base_estimator__n_estimators': 25, 'feature_extraction__n_lags': 5, 'feature_extraction__params': ('tsfel', {'config_file': 'tsfel_config.json'}), 'feature_selection__strategy': 'pca', 'feature_selection__threshold': 0.85, 'imputation__params': ('interpolate', ('polynomial', 2))}",0.5408733083553426,0.49576916085386674,0.623959333521604,0.5052447402686403,0.582347917052888,0.5496388920104683,0.04804796030262216,589,0.8743116013096549,0.8339144014519001,0.8058055676109315,0.7724267624419304,0.7537982093747689,0.8080513084378371,0.043074067323475115
190.30642886161803,90.58699795310918,64.36729955673218,0.682443167095325,7,25,5,"('tsfel', {'config_file': 'tsfel_config.json'})",pca,0.85,"('interpolate', ('polynomial', 3))","{'classifier__base_estimator__max_depth': 7, 'classifier__base_estimator__n_estimators': 25, 'feature_extraction__n_lags': 5, 'feature_extraction__params': ('tsfel', {'config_file': 'tsfel_config.json'}), 'feature_selection__strategy': 'pca', 'feature_selection__threshold': 0.85, 'imputation__params': ('interpolate', ('polynomial', 3))}",0.5408733083553426,0.49576916085386674,0.623959333521604,0.5052447402686403,0.582347917052888,0.5496388920104683,0.04804796030262216,589,0.8743116013096549,0.8339144014519001,0.8058055676109315,0.7724267624419304,0.7537982093747689,0.8080513084378371,0.043074067323475115
190.16969089508058,91.20297327222141,64.36353945732117,1.7040909242129891,7,25,5,"('tsfel', {'config_file': 'tsfel_config.json'})",pca,0.85,"('ffill', None)","{'classifier__base_estimator__max_depth': 7, 'classifier__base_estimator__n_estimators': 25, 'feature_extraction__n_lags': 5, 'feature_extraction__params': ('tsfel', {'config_file': 'tsfel_config.json'}), 'feature_selection__strategy': 'pca', 'feature_selection__threshold': 0.85, 'imputation__params': ('ffill', None)}",0.5408733083553426,0.49576916085386674,0.623959333521604,0.5052447402686403,0.582347917052888,0.5496388920104683,0.04804796030262216,589,0.8743116013096549,0.8339144014519001,0.8058055676109315,0.7724267624419304,0.7537982093747689,0.8080513084378371,0.043074067323475115
191.66791162490844,91.27339419406633,64.29088134765625,1.047722999957295,7,25,5,"('tsfel', {'config_file': 'tsfel_config.json'})",pca,0.9,"('interpolate', 'linear')","{'classifier__base_estimator__max_depth': 7, 'classifier__base_estimator__n_estimators': 25, 'feature_extraction__n_lags': 5, 'feature_extraction__params': ('tsfel', {'config_file': 'tsfel_config.json'}), 'feature_selection__strategy': 'pca', 'feature_selection__threshold': 0.9, 'imputation__params': ('interpolate', 'linear')}",0.5408733083553426,0.49576916085386674,0.623959333521604,0.5052447402686403,0.582347917052888,0.5496388920104683,0.04804796030262216,589,0.8743116013096549,0.8339144014519001,0.8058055676109315,0.7724267624419304,0.7537982093747689,0.8080513084378371,0.043074067323475115
191.9870482444763,93.78455385780082,63.96726236343384,1.2889673415496288,7,25,5,"('tsfel', {'config_file': 'tsfel_config.json'})",pca,0.9,"('interpolate', ('polynomial', 2))","{'classifier__base_estimator__max_depth': 7, 'classifier__base_estimator__n_estimators': 25, 'feature_extraction__n_lags': 5, 'feature_extraction__params': ('tsfel', {'config_file': 'tsfel_config.json'}), 'feature_selection__strategy': 'pca', 'feature_selection__threshold': 0.9, 'imputation__params': ('interpolate', ('polynomial', 2))}",0.5408733083553426,0.49576916085386674,0.623959333521604,0.5052447402686403,0.582347917052888,0.5496388920104683,0.04804796030262216,589,0.8743116013096549,0.8339144014519001,0.8058055676109315,0.7724267624419304,0.7537982093747689,0.8080513084378371,0.043074067323475115
188.80640797615052,88.82644177693548,64.22353520393372,1.1934896964910964,7,25,5,"('tsfel', {'config_file': 'tsfel_config.json'})",pca,0.9,"('interpolate', ('polynomial', 3))","{'classifier__base_estimator__max_depth': 7, 'classifier__base_estimator__n_estimators': 25, 'feature_extraction__n_lags': 5, 'feature_extraction__params': ('tsfel', {'config_file': 'tsfel_config.json'}), 'feature_selection__strategy': 'pca', 'feature_selection__threshold': 0.9, 'imputation__params': ('interpolate', ('polynomial', 3))}",0.5408733083553426,0.49576916085386674,0.623959333521604,0.5052447402686403,0.582347917052888,0.5496388920104683,0.04804796030262216,589,0.8743116013096549,0.8339144014519001,0.8058055676109315,0.7724267624419304,0.7537982093747689,0.8080513084378371,0.043074067323475115
189.90651330947875,90.86853856151697,63.7484546661377,2.1177125126253475,7,25,5,"('tsfel', {'config_file': 'tsfel_config.json'})",pca,0.9,"('ffill', None)","{'classifier__base_estimator__max_depth': 7, 'classifier__base_estimator__n_estimators': 25, 'feature_extraction__n_lags': 5, 'feature_extraction__params': ('tsfel', {'config_file': 'tsfel_config.json'}), 'feature_selection__strategy': 'pca', 'feature_selection__threshold': 0.9, 'imputation__params': ('ffill', None)}",0.5408733083553426,0.49576916085386674,0.623959333521604,0.5052447402686403,0.582347917052888,0.5496388920104683,0.04804796030262216,589,0.8743116013096549,0.8339144014519001,0.8058055676109315,0.7724267624419304,0.7537982093747689,0.8080513084378371,0.043074067323475115
189.68247518539428,90.39880624726834,64.4558626651764,1.5338573213939433,7,25,5,"('tsfel', {'config_file': 'tsfel_config.json'})",pca,0.95,"('interpolate', 'linear')","{'classifier__base_estimator__max_depth': 7, 'classifier__base_estimator__n_estimators': 25, 'feature_extraction__n_lags': 5, 'feature_extraction__params': ('tsfel', {'config_file': 'tsfel_config.json'}), 'feature_selection__strategy': 'pca', 'feature_selection__threshold': 0.95, 'imputation__params': ('interpolate', 'linear')}",0.5408733083553426,0.49576916085386674,0.623959333521604,0.5052447402686403,0.582347917052888,0.5496388920104683,0.04804796030262216,589,0.8743116013096549,0.8339144014519001,0.8058055676109315,0.7724267624419304,0.7537982093747689,0.8080513084378371,0.043074067323475115
190.65440497398376,89.7316847590254,64.77233390808105,0.4926868643057421,7,25,5,"('tsfel', {'config_file': 'tsfel_config.json'})",pca,0.95,"('interpolate', ('polynomial', 2))","{'classifier__base_estimator__max_depth': 7, 'classifier__base_estimator__n_estimators': 25, 'feature_extraction__n_lags': 5, 'feature_extraction__params': ('tsfel', {'config_file': 'tsfel_config.json'}), 'feature_selection__strategy': 'pca', 'feature_selection__threshold': 0.95, 'imputation__params': ('interpolate', ('polynomial', 2))}",0.5408733083553426,0.49576916085386674,0.623959333521604,0.5052447402686403,0.582347917052888,0.5496388920104683,0.04804796030262216,589,0.8743116013096549,0.8339144014519001,0.8058055676109315,0.7724267624419304,0.7537982093747689,0.8080513084378371,0.043074067323475115
192.82150535583497,94.43190330433733,65.25318303108216,1.4569003989857492,7,25,5,"('tsfel', {'config_file': 'tsfel_config.json'})",pca,0.95,"('interpolate', ('polynomial', 3))","{'classifier__base_estimator__max_depth': 7, 'classifier__base_estimator__n_estimators': 25, 'feature_extraction__n_lags': 5, 'feature_extraction__params': ('tsfel', {'config_file': 'tsfel_config.json'}), 'feature_selection__strategy': 'pca', 'feature_selection__threshold': 0.95, 'imputation__params': ('interpolate', ('polynomial', 3))}",0.5408733083553426,0.49576916085386674,0.623959333521604,0.5052447402686403,0.582347917052888,0.5496388920104683,0.04804796030262216,589,0.8743116013096549,0.8339144014519001,0.8058055676109315,0.7724267624419304,0.7537982093747689,0.8080513084378371,0.043074067323475115
188.30248522758484,88.37608977592791,64.46430554389954,2.3240772494418094,7,25,5,"('tsfel', {'config_file': 'tsfel_config.json'})",pca,0.95,"('ffill', None)","{'classifier__base_estimator__max_depth': 7, 'classifier__base_estimator__n_estimators': 25, 'feature_extraction__n_lags': 5, 'feature_extraction__params': ('tsfel', {'config_file': 'tsfel_config.json'}), 'feature_selection__strategy': 'pca', 'feature_selection__threshold': 0.95, 'imputation__params': ('ffill', None)}",0.5408733083553426,0.49576916085386674,0.623959333521604,0.5052447402686403,0.582347917052888,0.5496388920104683,0.04804796030262216,589,0.8743116013096549,0.8339144014519001,0.8058055676109315,0.7724267624419304,0.7537982093747689,0.8080513084378371,0.043074067323475115
187.8062756061554,87.66360451755973,63.813884592056276,1.5233708132623902,7,25,8,"('tsfel', {'config_file': 'tsfel_config.json'})",correlation,0.85,"('interpolate', 'linear')","{'classifier__base_estimator__max_depth': 7, 'classifier__base_estimator__n_estimators': 25, 'feature_extraction__n_lags': 8, 'feature_extraction__params': ('tsfel', {'config_file': 'tsfel_config.json'}), 'feature_selection__strategy': 'correlation', 'feature_selection__threshold': 0.85, 'imputation__params': ('interpolate', 'linear')}",0.4029002342539247,0.630382165105368,0.6007527504342791,0.5920680613668061,0.670160659870132,0.579252774206102,0.0923094331041439,349,0.9934230397487012,0.9849495094158955,0.9818833298259788,0.9657101038942343,0.956513993074662,0.9764959951918943,0.013435966465581378
186.60005717277528,90.79174681747836,62.65893454551697,1.373138060010787,7,25,8,"('tsfel', {'config_file': 'tsfel_config.json'})",correlation,0.85,"('interpolate', ('polynomial', 2))","{'classifier__base_estimator__max_depth': 7, 'classifier__base_estimator__n_estimators': 25, 'feature_extraction__n_lags': 8, 'feature_extraction__params': ('tsfel', {'config_file': 'tsfel_config.json'}), 'feature_selection__strategy': 'correlation', 'feature_selection__threshold': 0.85, 'imputation__params': ('interpolate', ('polynomial', 2))}",0.4029002342539247,0.630382165105368,0.6007527504342791,0.5920680613668061,0.670160659870132,0.579252774206102,0.0923094331041439,349,0.9934230397487012,0.9849495094158955,0.9818833298259788,0.9657101038942343,0.956513993074662,0.9764959951918943,0.013435966465581378
183.5692808151245,88.59272076672586,61.697258949279785,1.9038688955015746,7,25,8,"('tsfel', {'config_file': 'tsfel_config.json'})",correlation,0.85,"('interpolate', ('polynomial', 3))","{'classifier__base_estimator__max_depth': 7, 'classifier__base_estimator__n_estimators': 25, 'feature_extraction__n_lags': 8, 'feature_extraction__params': ('tsfel', {'config_file': 'tsfel_config.json'}), 'feature_selection__strategy': 'correlation', 'feature_selection__threshold': 0.85, 'imputation__params': ('interpolate', ('polynomial', 3))}",0.4029002342539247,0.630382165105368,0.6007527504342791,0.5920680613668061,0.670160659870132,0.579252774206102,0.0923094331041439,349,0.9934230397487012,0.9849495094158955,0.9818833298259788,0.9657101038942343,0.956513993074662,0.9764959951918943,0.013435966465581378
186.02056808471679,90.20131120158334,61.989568376541136,1.9830033903393647,7,25,8,"('tsfel', {'config_file': 'tsfel_config.json'})",correlation,0.85,"('ffill', None)","{'classifier__base_estimator__max_depth': 7, 'classifier__base_estimator__n_estimators': 25, 'feature_extraction__n_lags': 8, 'feature_extraction__params': ('tsfel', {'config_file': 'tsfel_config.json'}), 'feature_selection__strategy': 'correlation', 'feature_selection__threshold': 0.85, 'imputation__params': ('ffill', None)}",0.4029002342539247,0.630382165105368,0.6007527504342791,0.5920680613668061,0.670160659870132,0.579252774206102,0.0923094331041439,349,0.9934230397487012,0.9849495094158955,0.9818833298259788,0.9657101038942343,0.956513993074662,0.9764959951918943,0.013435966465581378
184.7194351196289,85.09067515819392,62.2226957321167,0.5148102260553756,7,25,8,"('tsfel', {'config_file': 'tsfel_config.json'})",correlation,0.9,"('interpolate', 'linear')","{'classifier__base_estimator__max_depth': 7, 'classifier__base_estimator__n_estimators': 25, 'feature_extraction__n_lags': 8, 'feature_extraction__params': ('tsfel', {'config_file': 'tsfel_config.json'}), 'feature_selection__strategy': 'correlation', 'feature_selection__threshold': 0.9, 'imputation__params': ('interpolate', 'linear')}",0.4046220418904374,0.659615324263679,0.6010703170237406,0.6486571827057183,0.6543556397335175,0.5936641011234185,0.09679774574594512,237,0.9928651014189253,0.9834198755715122,0.9826032961012428,0.9679331218165587,0.9595752801901053,0.9772793350196688,0.011914295386344259
186.94408688545226,90.5255305492487,62.688416481018066,1.5816957661443134,7,25,8,"('tsfel', {'config_file': 'tsfel_config.json'})",correlation,0.9,"('interpolate', ('polynomial', 2))","{'classifier__base_estimator__max_depth': 7, 'classifier__base_estimator__n_estimators': 25, 'feature_extraction__n_lags': 8, 'feature_extraction__params': ('tsfel', {'config_file': 'tsfel_config.json'}), 'feature_selection__strategy': 'correlation', 'feature_selection__threshold': 0.9, 'imputation__params': ('interpolate', ('polynomial', 2))}",0.4046220418904374,0.659615324263679,0.6010703170237406,0.6486571827057183,0.6543556397335175,0.5936641011234185,0.09679774574594512,237,0.9928651014189253,0.9834198755715122,0.9826032961012428,0.9679331218165587,0.9595752801901053,0.9772793350196688,0.011914295386344259
183.56844353675842,89.37573170607698,61.384627151489255,1.7516023169022747,7,25,8,"('tsfel', {'config_file': 'tsfel_config.json'})",correlation,0.9,"('interpolate', ('polynomial', 3))","{'classifier__base_estimator__max_depth': 7, 'classifier__base_estimator__n_estimators': 25, 'feature_extraction__n_lags': 8, 'feature_extraction__params': ('tsfel', {'config_file': 'tsfel_config.json'}), 'feature_selection__strategy': 'correlation', 'feature_selection__threshold': 0.9, 'imputation__params': ('interpolate', ('polynomial', 3))}",0.4046220418904374,0.659615324263679,0.6010703170237406,0.6486571827057183,0.6543556397335175,0.5936641011234185,0.09679774574594512,237,0.9928651014189253,0.9834198755715122,0.9826032961012428,0.9679331218165587,0.9595752801901053,0.9772793350196688,0.011914295386344259
185.15513701438903,89.70626555391516,62.105604314804076,1.7028887840072036,7,25,8,"('tsfel', {'config_file': 'tsfel_config.json'})",correlation,0.9,"('ffill', None)","{'classifier__base_estimator__max_depth': 7, 'classifier__base_estimator__n_estimators': 25, 'feature_extraction__n_lags': 8, 'feature_extraction__params': ('tsfel', {'config_file': 'tsfel_config.json'}), 'feature_selection__strategy': 'correlation', 'feature_selection__threshold': 0.9, 'imputation__params': ('ffill', None)}",0.4046220418904374,0.659615324263679,0.6010703170237406,0.6486571827057183,0.6543556397335175,0.5936641011234185,0.09679774574594512,237,0.9928651014189253,0.9834198755715122,0.9826032961012428,0.9679331218165587,0.9595752801901053,0.9772793350196688,0.011914295386344259
186.25509519577025,89.81614915267176,61.90230922698974,2.347949693483092,7,25,8,"('tsfel', {'config_file': 'tsfel_config.json'})",correlation,0.95,"('interpolate', 'linear')","{'classifier__base_estimator__max_depth': 7, 'classifier__base_estimator__n_estimators': 25, 'feature_extraction__n_lags': 8, 'feature_extraction__params': ('tsfel', {'config_file': 'tsfel_config.json'}), 'feature_selection__strategy': 'correlation', 'feature_selection__threshold': 0.95, 'imputation__params': ('interpolate', 'linear')}",0.4370583652874772,0.5946556905019693,0.5659624710480603,0.6600435146443515,0.6575157320861624,0.5830471547136041,0.08150261298349322,321,0.9930261903803042,0.9857263472902189,0.9812310295540292,0.9658736940930958,0.9594590981080965,0.9770632718851487,0.01250877637405416
185.8941819190979,87.36756361679093,62.203677606582644,1.2964096711179078,7,25,8,"('tsfel', {'config_file': 'tsfel_config.json'})",correlation,0.95,"('interpolate', ('polynomial', 2))","{'classifier__base_estimator__max_depth': 7, 'classifier__base_estimator__n_estimators': 25, 'feature_extraction__n_lags': 8, 'feature_extraction__params': ('tsfel', {'config_file': 'tsfel_config.json'}), 'feature_selection__strategy': 'correlation', 'feature_selection__threshold': 0.95, 'imputation__params': ('interpolate', ('polynomial', 2))}",0.4370583652874772,0.5946556905019693,0.5659624710480603,0.6600435146443515,0.6575157320861624,0.5830471547136041,0.08150261298349322,321,0.9930261903803042,0.9857263472902189,0.9812310295540292,0.9658736940930958,0.9594590981080965,0.9770632718851487,0.01250877637405416
187.41075863838196,93.31641006040563,64.06861701011658,5.758472868044539,7,25,8,"('tsfel', {'config_file': 'tsfel_config.json'})",correlation,0.95,"('interpolate', ('polynomial', 3))","{'classifier__base_estimator__max_depth': 7, 'classifier__base_estimator__n_estimators': 25, 'feature_extraction__n_lags': 8, 'feature_extraction__params': ('tsfel', {'config_file': 'tsfel_config.json'}), 'feature_selection__strategy': 'correlation', 'feature_selection__threshold': 0.95, 'imputation__params': ('interpolate', ('polynomial', 3))}",0.4370583652874772,0.5946556905019693,0.5659624710480603,0.6600435146443515,0.6575157320861624,0.5830471547136041,0.08150261298349322,321,0.9930261903803042,0.9857263472902189,0.9812310295540292,0.9658736940930958,0.9594590981080965,0.9770632718851487,0.01250877637405416
206.90657653808594,105.01203883681028,66.33645396232605,6.4346860786179665,7,25,8,"('tsfel', {'config_file': 'tsfel_config.json'})",correlation,0.95,"('ffill', None)","{'classifier__base_estimator__max_depth': 7, 'classifier__base_estimator__n_estimators': 25, 'feature_extraction__n_lags': 8, 'feature_extraction__params': ('tsfel', {'config_file': 'tsfel_config.json'}), 'feature_selection__strategy': 'correlation', 'feature_selection__threshold': 0.95, 'imputation__params': ('ffill', None)}",0.4370583652874772,0.5946556905019693,0.5659624710480603,0.6600435146443515,0.6575157320861624,0.5830471547136041,0.08150261298349322,321,0.9930261903803042,0.9857263472902189,0.9812310295540292,0.9658736940930958,0.9594590981080965,0.9770632718851487,0.01250877637405416
190.2106264591217,82.0761694514048,63.169706630706784,1.618029375120307,7,25,8,"('tsfel', {'config_file': 'tsfel_config.json'})",pca,0.85,"('interpolate', 'linear')","{'classifier__base_estimator__max_depth': 7, 'classifier__base_estimator__n_estimators': 25, 'feature_extraction__n_lags': 8, 'feature_extraction__params': ('tsfel', {'config_file': 'tsfel_config.json'}), 'feature_selection__strategy': 'pca', 'feature_selection__threshold': 0.85, 'imputation__params': ('interpolate', 'linear')}",0.5414348672239947,0.5858782893188345,0.6122828604516503,0.47253110181311025,0.5980904973869126,0.5620435232389005,0.05065305857524892,433,0.8687284375713153,0.8355063250889421,0.8104553448361028,0.7778748408856142,0.757285603183542,0.8099701103131032,0.039775968500870305
184.60186948776246,89.99125195533718,61.99015951156616,2.0730911345243346,7,25,8,"('tsfel', {'config_file': 'tsfel_config.json'})",pca,0.85,"('interpolate', ('polynomial', 2))","{'classifier__base_estimator__max_depth': 7, 'classifier__base_estimator__n_estimators': 25, 'feature_extraction__n_lags': 8, 'feature_extraction__params': ('tsfel', {'config_file': 'tsfel_config.json'}), 'feature_selection__strategy': 'pca', 'feature_selection__threshold': 0.85, 'imputation__params': ('interpolate', ('polynomial', 2))}",0.5414348672239947,0.5858782893188345,0.6122828604516503,0.47253110181311025,0.5980904973869126,0.5620435232389005,0.05065305857524892,433,0.8687284375713153,0.8355063250889421,0.8104553448361028,0.7778748408856142,0.757285603183542,0.8099701103131032,0.039775968500870305
181.22325272560118,86.38552664922325,61.88537340164184,1.7170867593609827,7,25,8,"('tsfel', {'config_file': 'tsfel_config.json'})",pca,0.85,"('interpolate', ('polynomial', 3))","{'classifier__base_estimator__max_depth': 7, 'classifier__base_estimator__n_estimators': 25, 'feature_extraction__n_lags': 8, 'feature_extraction__params': ('tsfel', {'config_file': 'tsfel_config.json'}), 'feature_selection__strategy': 'pca', 'feature_selection__threshold': 0.85, 'imputation__params': ('interpolate', ('polynomial', 3))}",0.5414348672239947,0.5858782893188345,0.6122828604516503,0.47253110181311025,0.5980904973869126,0.5620435232389005,0.05065305857524892,433,0.8687284375713153,0.8355063250889421,0.8104553448361028,0.7778748408856142,0.757285603183542,0.8099701103131032,0.039775968500870305
182.6803681373596,88.11699853922521,62.568506956100464,1.1193086003372972,7,25,8,"('tsfel', {'config_file': 'tsfel_config.json'})",pca,0.85,"('ffill', None)","{'classifier__base_estimator__max_depth': 7, 'classifier__base_estimator__n_estimators': 25, 'feature_extraction__n_lags': 8, 'feature_extraction__params': ('tsfel', {'config_file': 'tsfel_config.json'}), 'feature_selection__strategy': 'pca', 'feature_selection__threshold': 0.85, 'imputation__params': ('ffill', None)}",0.5414348672239947,0.5858782893188345,0.6122828604516503,0.47253110181311025,0.5980904973869126,0.5620435232389005,0.05065305857524892,433,0.8687284375713153,0.8355063250889421,0.8104553448361028,0.7778748408856142,0.757285603183542,0.8099701103131032,0.039775968500870305
182.4651427268982,84.48177137269643,62.72975759506225,0.8890091212529256,7,25,8,"('tsfel', {'config_file': 'tsfel_config.json'})",pca,0.9,"('interpolate', 'linear')","{'classifier__base_estimator__max_depth': 7, 'classifier__base_estimator__n_estimators': 25, 'feature_extraction__n_lags': 8, 'feature_extraction__params': ('tsfel', {'config_file': 'tsfel_config.json'}), 'feature_selection__strategy': 'pca', 'feature_selection__threshold': 0.9, 'imputation__params': ('interpolate', 'linear')}",0.5414348672239947,0.5858782893188345,0.6122828604516503,0.47253110181311025,0.5980904973869126,0.5620435232389005,0.05065305857524892,433,0.8687284375713153,0.8355063250889421,0.8104553448361028,0.7778748408856142,0.757285603183542,0.8099701103131032,0.039775968500870305
184.95114016532898,88.98784870820324,62.60189986228943,1.4170439029104753,7,25,8,"('tsfel', {'config_file': 'tsfel_config.json'})",pca,0.9,"('interpolate', ('polynomial', 2))","{'classifier__base_estimator__max_depth': 7, 'classifier__base_estimator__n_estimators': 25, 'feature_extraction__n_lags': 8, 'feature_extraction__params': ('tsfel', {'config_file': 'tsfel_config.json'}), 'feature_selection__strategy': 'pca', 'feature_selection__threshold': 0.9, 'imputation__params': ('interpolate', ('polynomial', 2))}",0.5414348672239947,0.5858782893188345,0.6122828604516503,0.47253110181311025,0.5980904973869126,0.5620435232389005,0.05065305857524892,433,0.8687284375713153,0.8355063250889421,0.8104553448361028,0.7778748408856142,0.757285603183542,0.8099701103131032,0.039775968500870305
182.83606753349304,89.78453904253098,61.04812512397766,1.9777631147978725,7,25,8,"('tsfel', {'config_file': 'tsfel_config.json'})",pca,0.9,"('interpolate', ('polynomial', 3))","{'classifier__base_estimator__max_depth': 7, 'classifier__base_estimator__n_estimators': 25, 'feature_extraction__n_lags': 8, 'feature_extraction__params': ('tsfel', {'config_file': 'tsfel_config.json'}), 'feature_selection__strategy': 'pca', 'feature_selection__threshold': 0.9, 'imputation__params': ('interpolate', ('polynomial', 3))}",0.5414348672239947,0.5858782893188345,0.6122828604516503,0.47253110181311025,0.5980904973869126,0.5620435232389005,0.05065305857524892,433,0.8687284375713153,0.8355063250889421,0.8104553448361028,0.7778748408856142,0.757285603183542,0.8099701103131032,0.039775968500870305
181.395170211792,84.69678305237954,61.749673986434935,1.6446888155379527,7,25,8,"('tsfel', {'config_file': 'tsfel_config.json'})",pca,0.9,"('ffill', None)","{'classifier__base_estimator__max_depth': 7, 'classifier__base_estimator__n_estimators': 25, 'feature_extraction__n_lags': 8, 'feature_extraction__params': ('tsfel', {'config_file': 'tsfel_config.json'}), 'feature_selection__strategy': 'pca', 'feature_selection__threshold': 0.9, 'imputation__params': ('ffill', None)}",0.5414348672239947,0.5858782893188345,0.6122828604516503,0.47253110181311025,0.5980904973869126,0.5620435232389005,0.05065305857524892,433,0.8687284375713153,0.8355063250889421,0.8104553448361028,0.7778748408856142,0.757285603183542,0.8099701103131032,0.039775968500870305
183.4338098526001,89.74384872440494,62.63856725692749,1.8521006363199028,7,25,8,"('tsfel', {'config_file': 'tsfel_config.json'})",pca,0.95,"('interpolate', 'linear')","{'classifier__base_estimator__max_depth': 7, 'classifier__base_estimator__n_estimators': 25, 'feature_extraction__n_lags': 8, 'feature_extraction__params': ('tsfel', {'config_file': 'tsfel_config.json'}), 'feature_selection__strategy': 'pca', 'feature_selection__threshold': 0.95, 'imputation__params': ('interpolate', 'linear')}",0.5414348672239947,0.5858782893188345,0.6122828604516503,0.47253110181311025,0.5980904973869126,0.5620435232389005,0.05065305857524892,433,0.8687284375713153,0.8355063250889421,0.8104553448361028,0.7778748408856142,0.757285603183542,0.8099701103131032,0.039775968500870305
180.11862058639525,84.13699615143472,62.325605154037476,0.9649296853549393,7,25,8,"('tsfel', {'config_file': 'tsfel_config.json'})",pca,0.95,"('interpolate', ('polynomial', 2))","{'classifier__base_estimator__max_depth': 7, 'classifier__base_estimator__n_estimators': 25, 'feature_extraction__n_lags': 8, 'feature_extraction__params': ('tsfel', {'config_file': 'tsfel_config.json'}), 'feature_selection__strategy': 'pca', 'feature_selection__threshold': 0.95, 'imputation__params': ('interpolate', ('polynomial', 2))}",0.5414348672239947,0.5858782893188345,0.6122828604516503,0.47253110181311025,0.5980904973869126,0.5620435232389005,0.05065305857524892,433,0.8687284375713153,0.8355063250889421,0.8104553448361028,0.7778748408856142,0.757285603183542,0.8099701103131032,0.039775968500870305
184.29296584129332,87.71447891599475,62.576283836364745,1.575968260332578,7,25,8,"('tsfel', {'config_file': 'tsfel_config.json'})",pca,0.95,"('interpolate', ('polynomial', 3))","{'classifier__base_estimator__max_depth': 7, 'classifier__base_estimator__n_estimators': 25, 'feature_extraction__n_lags': 8, 'feature_extraction__params': ('tsfel', {'config_file': 'tsfel_config.json'}), 'feature_selection__strategy': 'pca', 'feature_selection__threshold': 0.95, 'imputation__params': ('interpolate', ('polynomial', 3))}",0.5414348672239947,0.5858782893188345,0.6122828604516503,0.47253110181311025,0.5980904973869126,0.5620435232389005,0.05065305857524892,433,0.8687284375713153,0.8355063250889421,0.8104553448361028,0.7778748408856142,0.757285603183542,0.8099701103131032,0.039775968500870305
183.1792844772339,88.4774283588349,61.4328058719635,1.4749339129541408,7,25,8,"('tsfel', {'config_file': 'tsfel_config.json'})",pca,0.95,"('ffill', None)","{'classifier__base_estimator__max_depth': 7, 'classifier__base_estimator__n_estimators': 25, 'feature_extraction__n_lags': 8, 'feature_extraction__params': ('tsfel', {'config_file': 'tsfel_config.json'}), 'feature_selection__strategy': 'pca', 'feature_selection__threshold': 0.95, 'imputation__params': ('ffill', None)}",0.5414348672239947,0.5858782893188345,0.6122828604516503,0.47253110181311025,0.5980904973869126,0.5620435232389005,0.05065305857524892,433,0.8687284375713153,0.8355063250889421,0.8104553448361028,0.7778748408856142,0.757285603183542,0.8099701103131032,0.039775968500870305
194.51828446388245,90.52034384472215,64.48621878623962,0.8650310754234447,7,50,3,"('tsfel', {'config_file': 'tsfel_config.json'})",correlation,0.85,"('interpolate', 'linear')","{'classifier__base_estimator__max_depth': 7, 'classifier__base_estimator__n_estimators': 50, 'feature_extraction__n_lags': 3, 'feature_extraction__params': ('tsfel', {'config_file': 'tsfel_config.json'}), 'feature_selection__strategy': 'correlation', 'feature_selection__threshold': 0.85, 'imputation__params': ('interpolate', 'linear')}",0.5598648153548222,0.6039445991479407,0.6268953804347825,0.5996767750593839,0.6457508319650179,0.6072264803923895,0.028920191573424014,141,0.9942081950947699,0.9911045707477724,0.9885344686740156,0.9765025675229873,0.9711090563099054,0.9842917716698901,0.008912977596633107
194.01049880981446,94.49828694357421,63.94009699821472,1.0213117845484687,7,50,3,"('tsfel', {'config_file': 'tsfel_config.json'})",correlation,0.85,"('interpolate', ('polynomial', 2))","{'classifier__base_estimator__max_depth': 7, 'classifier__base_estimator__n_estimators': 50, 'feature_extraction__n_lags': 3, 'feature_extraction__params': ('tsfel', {'config_file': 'tsfel_config.json'}), 'feature_selection__strategy': 'correlation', 'feature_selection__threshold': 0.85, 'imputation__params': ('interpolate', ('polynomial', 2))}",0.5598648153548222,0.6039445991479407,0.6268953804347825,0.5996767750593839,0.6457508319650179,0.6072264803923895,0.028920191573424014,141,0.9942081950947699,0.9911045707477724,0.9885344686740156,0.9765025675229873,0.9711090563099054,0.9842917716698901,0.008912977596633107
190.8528522491455,89.46738376324946,63.55348048210144,1.117593866638729,7,50,3,"('tsfel', {'config_file': 'tsfel_config.json'})",correlation,0.85,"('interpolate', ('polynomial', 3))","{'classifier__base_estimator__max_depth': 7, 'classifier__base_estimator__n_estimators': 50, 'feature_extraction__n_lags': 3, 'feature_extraction__params': ('tsfel', {'config_file': 'tsfel_config.json'}), 'feature_selection__strategy': 'correlation', 'feature_selection__threshold': 0.85, 'imputation__params': ('interpolate', ('polynomial', 3))}",0.5598648153548222,0.6039445991479407,0.6268953804347825,0.5996767750593839,0.6457508319650179,0.6072264803923895,0.028920191573424014,141,0.9942081950947699,0.9911045707477724,0.9885344686740156,0.9765025675229873,0.9711090563099054,0.9842917716698901,0.008912977596633107
195.3645540714264,92.27010058260676,64.60860629081726,1.073827087747356,7,50,3,"('tsfel', {'config_file': 'tsfel_config.json'})",correlation,0.85,"('ffill', None)","{'classifier__base_estimator__max_depth': 7, 'classifier__base_estimator__n_estimators': 50, 'feature_extraction__n_lags': 3, 'feature_extraction__params': ('tsfel', {'config_file': 'tsfel_config.json'}), 'feature_selection__strategy': 'correlation', 'feature_selection__threshold': 0.85, 'imputation__params': ('ffill', None)}",0.5598648153548222,0.6039445991479407,0.6268953804347825,0.5996767750593839,0.6457508319650179,0.6072264803923895,0.028920191573424014,141,0.9942081950947699,0.9911045707477724,0.9885344686740156,0.9765025675229873,0.9711090563099054,0.9842917716698901,0.008912977596633107
195.4132966518402,93.21252778735445,63.568006324768064,1.619723617270264,7,50,3,"('tsfel', {'config_file': 'tsfel_config.json'})",correlation,0.9,"('interpolate', 'linear')","{'classifier__base_estimator__max_depth': 7, 'classifier__base_estimator__n_estimators': 50, 'feature_extraction__n_lags': 3, 'feature_extraction__params': ('tsfel', {'config_file': 'tsfel_config.json'}), 'feature_selection__strategy': 'correlation', 'feature_selection__threshold': 0.9, 'imputation__params': ('interpolate', 'linear')}",0.5103220355457856,0.6824719238654794,0.6080540458937198,0.5455203207466727,0.6415690552916488,0.5975874762686613,0.06257082969818624,209,0.9955671263720799,0.9903263585294355,0.9882203566186832,0.9791665829059065,0.9707752508274575,0.9848111350507125,0.008793166049485893
193.60797276496888,90.99975005648874,63.740306282043456,1.2796677356062476,7,50,3,"('tsfel', {'config_file': 'tsfel_config.json'})",correlation,0.9,"('interpolate', ('polynomial', 2))","{'classifier__base_estimator__max_depth': 7, 'classifier__base_estimator__n_estimators': 50, 'feature_extraction__n_lags': 3, 'feature_extraction__params': ('tsfel', {'config_file': 'tsfel_config.json'}), 'feature_selection__strategy': 'correlation', 'feature_selection__threshold': 0.9, 'imputation__params': ('interpolate', ('polynomial', 2))}",0.5103220355457856,0.6824719238654794,0.6080540458937198,0.5455203207466727,0.6415690552916488,0.5975874762686613,0.06257082969818624,209,0.9955671263720799,0.9903263585294355,0.9882203566186832,0.9791665829059065,0.9707752508274575,0.9848111350507125,0.008793166049485893
194.58473715782165,94.5746685504964,63.74387936592102,1.7978470779364322,7,50,3,"('tsfel', {'config_file': 'tsfel_config.json'})",correlation,0.9,"('interpolate', ('polynomial', 3))","{'classifier__base_estimator__max_depth': 7, 'classifier__base_estimator__n_estimators': 50, 'feature_extraction__n_lags': 3, 'feature_extraction__params': ('tsfel', {'config_file': 'tsfel_config.json'}), 'feature_selection__strategy': 'correlation', 'feature_selection__threshold': 0.9, 'imputation__params': ('interpolate', ('polynomial', 3))}",0.5103220355457856,0.6824719238654794,0.6080540458937198,0.5455203207466727,0.6415690552916488,0.5975874762686613,0.06257082969818624,209,0.9955671263720799,0.9903263585294355,0.9882203566186832,0.9791665829059065,0.9707752508274575,0.9848111350507125,0.008793166049485893
192.1808253288269,89.32616551279867,64.30462918281555,0.9865403042685514,7,50,3,"('tsfel', {'config_file': 'tsfel_config.json'})",correlation,0.9,"('ffill', None)","{'classifier__base_estimator__max_depth': 7, 'classifier__base_estimator__n_estimators': 50, 'feature_extraction__n_lags': 3, 'feature_extraction__params': ('tsfel', {'config_file': 'tsfel_config.json'}), 'feature_selection__strategy': 'correlation', 'feature_selection__threshold': 0.9, 'imputation__params': ('ffill', None)}",0.5103220355457856,0.6824719238654794,0.6080540458937198,0.5455203207466727,0.6415690552916488,0.5975874762686613,0.06257082969818624,209,0.9955671263720799,0.9903263585294355,0.9882203566186832,0.9791665829059065,0.9707752508274575,0.9848111350507125,0.008793166049485893
196.20593671798707,90.11821746247793,65.51247024536133,0.8859105861148021,7,50,3,"('tsfel', {'config_file': 'tsfel_config.json'})",correlation,0.95,"('interpolate', 'linear')","{'classifier__base_estimator__max_depth': 7, 'classifier__base_estimator__n_estimators': 50, 'feature_extraction__n_lags': 3, 'feature_extraction__params': ('tsfel', {'config_file': 'tsfel_config.json'}), 'feature_selection__strategy': 'correlation', 'feature_selection__threshold': 0.95, 'imputation__params': ('interpolate', 'linear')}",0.5537461150614736,0.6788355416832421,0.6128472222222223,0.6215632409863505,0.6577824949291842,0.6249549229764945,0.042917513444948194,17,0.9945656963669911,0.9901890799137081,0.9884268879919365,0.9807913476792415,0.9707863366183875,0.9849518697140528,0.00836542954194564
193.32304372787476,92.68076171543827,63.59740190505981,1.5829916104302415,7,50,3,"('tsfel', {'config_file': 'tsfel_config.json'})",correlation,0.95,"('interpolate', ('polynomial', 2))","{'classifier__base_estimator__max_depth': 7, 'classifier__base_estimator__n_estimators': 50, 'feature_extraction__n_lags': 3, 'feature_extraction__params': ('tsfel', {'config_file': 'tsfel_config.json'}), 'feature_selection__strategy': 'correlation', 'feature_selection__threshold': 0.95, 'imputation__params': ('interpolate', ('polynomial', 2))}",0.5537461150614736,0.6788355416832421,0.6128472222222223,0.6215632409863505,0.6577824949291842,0.6249549229764945,0.042917513444948194,17,0.9945656963669911,0.9901890799137081,0.9884268879919365,0.9807913476792415,0.9707863366183875,0.9849518697140528,0.00836542954194564
193.24292168617248,88.92320229122576,64.48425703048706,1.419086006091309,7,50,3,"('tsfel', {'config_file': 'tsfel_config.json'})",correlation,0.95,"('interpolate', ('polynomial', 3))","{'classifier__base_estimator__max_depth': 7, 'classifier__base_estimator__n_estimators': 50, 'feature_extraction__n_lags': 3, 'feature_extraction__params': ('tsfel', {'config_file': 'tsfel_config.json'}), 'feature_selection__strategy': 'correlation', 'feature_selection__threshold': 0.95, 'imputation__params': ('interpolate', ('polynomial', 3))}",0.5537461150614736,0.6788355416832421,0.6128472222222223,0.6215632409863505,0.6577824949291842,0.6249549229764945,0.042917513444948194,17,0.9945656963669911,0.9901890799137081,0.9884268879919365,0.9807913476792415,0.9707863366183875,0.9849518697140528,0.00836542954194564
199.60663838386535,95.69814438874428,64.7280065536499,1.4135096605150008,7,50,3,"('tsfel', {'config_file': 'tsfel_config.json'})",correlation,0.95,"('ffill', None)","{'classifier__base_estimator__max_depth': 7, 'classifier__base_estimator__n_estimators': 50, 'feature_extraction__n_lags': 3, 'feature_extraction__params': ('tsfel', {'config_file': 'tsfel_config.json'}), 'feature_selection__strategy': 'correlation', 'feature_selection__threshold': 0.95, 'imputation__params': ('ffill', None)}",0.5537461150614736,0.6788355416832421,0.6128472222222223,0.6215632409863505,0.6577824949291842,0.6249549229764945,0.042917513444948194,17,0.9945656963669911,0.9901890799137081,0.9884268879919365,0.9807913476792415,0.9707863366183875,0.9849518697140528,0.00836542954194564
193.2318165779114,91.47406116901001,64.09572086334228,1.3518228408940156,7,50,3,"('tsfel', {'config_file': 'tsfel_config.json'})",pca,0.85,"('interpolate', 'linear')","{'classifier__base_estimator__max_depth': 7, 'classifier__base_estimator__n_estimators': 50, 'feature_extraction__n_lags': 3, 'feature_extraction__params': ('tsfel', {'config_file': 'tsfel_config.json'}), 'feature_selection__strategy': 'pca', 'feature_selection__threshold': 0.85, 'imputation__params': ('interpolate', 'linear')}",0.4862098701738907,0.5050729146478711,0.6125150966183575,0.5936585744919026,0.5900442982956791,0.5575001508455402,0.051427845776001485,457,0.8924553727537122,0.8497818620291401,0.8221589334429604,0.7892955229856102,0.7747678389028347,0.8256919060228516,0.04235121173188669
191.8641234397888,91.61813516642951,65.19124097824097,0.5485529616480324,7,50,3,"('tsfel', {'config_file': 'tsfel_config.json'})",pca,0.85,"('interpolate', ('polynomial', 2))","{'classifier__base_estimator__max_depth': 7, 'classifier__base_estimator__n_estimators': 50, 'feature_extraction__n_lags': 3, 'feature_extraction__params': ('tsfel', {'config_file': 'tsfel_config.json'}), 'feature_selection__strategy': 'pca', 'feature_selection__threshold': 0.85, 'imputation__params': ('interpolate', ('polynomial', 2))}",0.4862098701738907,0.5050729146478711,0.6125150966183575,0.5936585744919026,0.5900442982956791,0.5575001508455402,0.051427845776001485,457,0.8924553727537122,0.8497818620291401,0.8221589334429604,0.7892955229856102,0.7747678389028347,0.8256919060228516,0.04235121173188669
191.42114901542664,91.5981927233501,64.59733109474182,1.6024608159501341,7,50,3,"('tsfel', {'config_file': 'tsfel_config.json'})",pca,0.85,"('interpolate', ('polynomial', 3))","{'classifier__base_estimator__max_depth': 7, 'classifier__base_estimator__n_estimators': 50, 'feature_extraction__n_lags': 3, 'feature_extraction__params': ('tsfel', {'config_file': 'tsfel_config.json'}), 'feature_selection__strategy': 'pca', 'feature_selection__threshold': 0.85, 'imputation__params': ('interpolate', ('polynomial', 3))}",0.4862098701738907,0.5050729146478711,0.6125150966183575,0.5936585744919026,0.5900442982956791,0.5575001508455402,0.051427845776001485,457,0.8924553727537122,0.8497818620291401,0.8221589334429604,0.7892955229856102,0.7747678389028347,0.8256919060228516,0.04235121173188669
191.56557297706604,89.4907679705374,64.05033535957337,1.0994345608512148,7,50,3,"('tsfel', {'config_file': 'tsfel_config.json'})",pca,0.85,"('ffill', None)","{'classifier__base_estimator__max_depth': 7, 'classifier__base_estimator__n_estimators': 50, 'feature_extraction__n_lags': 3, 'feature_extraction__params': ('tsfel', {'config_file': 'tsfel_config.json'}), 'feature_selection__strategy': 'pca', 'feature_selection__threshold': 0.85, 'imputation__params': ('ffill', None)}",0.4862098701738907,0.5050729146478711,0.6125150966183575,0.5936585744919026,0.5900442982956791,0.5575001508455402,0.051427845776001485,457,0.8924553727537122,0.8497818620291401,0.8221589334429604,0.7892955229856102,0.7747678389028347,0.8256919060228516,0.04235121173188669
192.16909980773926,93.55019419624381,64.33891701698303,1.6964753356067044,7,50,3,"('tsfel', {'config_file': 'tsfel_config.json'})",pca,0.9,"('interpolate', 'linear')","{'classifier__base_estimator__max_depth': 7, 'classifier__base_estimator__n_estimators': 50, 'feature_extraction__n_lags': 3, 'feature_extraction__params': ('tsfel', {'config_file': 'tsfel_config.json'}), 'feature_selection__strategy': 'pca', 'feature_selection__threshold': 0.9, 'imputation__params': ('interpolate', 'linear')}",0.4862098701738907,0.5050729146478711,0.6125150966183575,0.5936585744919026,0.5900442982956791,0.5575001508455402,0.051427845776001485,457,0.8924553727537122,0.8497818620291401,0.8221589334429604,0.7892955229856102,0.7747678389028347,0.8256919060228516,0.04235121173188669
189.27063012123108,88.60181282251034,63.89573993682861,0.7658810199136854,7,50,3,"('tsfel', {'config_file': 'tsfel_config.json'})",pca,0.9,"('interpolate', ('polynomial', 2))","{'classifier__base_estimator__max_depth': 7, 'classifier__base_estimator__n_estimators': 50, 'feature_extraction__n_lags': 3, 'feature_extraction__params': ('tsfel', {'config_file': 'tsfel_config.json'}), 'feature_selection__strategy': 'pca', 'feature_selection__threshold': 0.9, 'imputation__params': ('interpolate', ('polynomial', 2))}",0.4862098701738907,0.5050729146478711,0.6125150966183575,0.5936585744919026,0.5900442982956791,0.5575001508455402,0.051427845776001485,457,0.8924553727537122,0.8497818620291401,0.8221589334429604,0.7892955229856102,0.7747678389028347,0.8256919060228516,0.04235121173188669
191.86685547828674,88.79711016313921,65.1967490196228,0.5842921017495913,7,50,3,"('tsfel', {'config_file': 'tsfel_config.json'})",pca,0.9,"('interpolate', ('polynomial', 3))","{'classifier__base_estimator__max_depth': 7, 'classifier__base_estimator__n_estimators': 50, 'feature_extraction__n_lags': 3, 'feature_extraction__params': ('tsfel', {'config_file': 'tsfel_config.json'}), 'feature_selection__strategy': 'pca', 'feature_selection__threshold': 0.9, 'imputation__params': ('interpolate', ('polynomial', 3))}",0.4862098701738907,0.5050729146478711,0.6125150966183575,0.5936585744919026,0.5900442982956791,0.5575001508455402,0.051427845776001485,457,0.8924553727537122,0.8497818620291401,0.8221589334429604,0.7892955229856102,0.7747678389028347,0.8256919060228516,0.04235121173188669
190.15892238616942,90.32379747750205,63.66242156028748,1.6411309691763232,7,50,3,"('tsfel', {'config_file': 'tsfel_config.json'})",pca,0.9,"('ffill', None)","{'classifier__base_estimator__max_depth': 7, 'classifier__base_estimator__n_estimators': 50, 'feature_extraction__n_lags': 3, 'feature_extraction__params': ('tsfel', {'config_file': 'tsfel_config.json'}), 'feature_selection__strategy': 'pca', 'feature_selection__threshold': 0.9, 'imputation__params': ('ffill', None)}",0.4862098701738907,0.5050729146478711,0.6125150966183575,0.5936585744919026,0.5900442982956791,0.5575001508455402,0.051427845776001485,457,0.8924553727537122,0.8497818620291401,0.8221589334429604,0.7892955229856102,0.7747678389028347,0.8256919060228516,0.04235121173188669
190.45178275108339,88.44027247809282,64.80298399925232,0.7037259822106221,7,50,3,"('tsfel', {'config_file': 'tsfel_config.json'})",pca,0.95,"('interpolate', 'linear')","{'classifier__base_estimator__max_depth': 7, 'classifier__base_estimator__n_estimators': 50, 'feature_extraction__n_lags': 3, 'feature_extraction__params': ('tsfel', {'config_file': 'tsfel_config.json'}), 'feature_selection__strategy': 'pca', 'feature_selection__threshold': 0.95, 'imputation__params': ('interpolate', 'linear')}",0.4862098701738907,0.5050729146478711,0.6125150966183575,0.5936585744919026,0.5900442982956791,0.5575001508455402,0.051427845776001485,457,0.8924553727537122,0.8497818620291401,0.8221589334429604,0.7892955229856102,0.7747678389028347,0.8256919060228516,0.04235121173188669
190.55898547172546,89.22803820153183,64.54620742797852,1.1587844135844507,7,50,3,"('tsfel', {'config_file': 'tsfel_config.json'})",pca,0.95,"('interpolate', ('polynomial', 2))","{'classifier__base_estimator__max_depth': 7, 'classifier__base_estimator__n_estimators': 50, 'feature_extraction__n_lags': 3, 'feature_extraction__params': ('tsfel', {'config_file': 'tsfel_config.json'}), 'feature_selection__strategy': 'pca', 'feature_selection__threshold': 0.95, 'imputation__params': ('interpolate', ('polynomial', 2))}",0.4862098701738907,0.5050729146478711,0.6125150966183575,0.5936585744919026,0.5900442982956791,0.5575001508455402,0.051427845776001485,457,0.8924553727537122,0.8497818620291401,0.8221589334429604,0.7892955229856102,0.7747678389028347,0.8256919060228516,0.04235121173188669
190.9262405872345,91.45450498641974,64.03320517539979,1.5464504790655742,7,50,3,"('tsfel', {'config_file': 'tsfel_config.json'})",pca,0.95,"('interpolate', ('polynomial', 3))","{'classifier__base_estimator__max_depth': 7, 'classifier__base_estimator__n_estimators': 50, 'feature_extraction__n_lags': 3, 'feature_extraction__params': ('tsfel', {'config_file': 'tsfel_config.json'}), 'feature_selection__strategy': 'pca', 'feature_selection__threshold': 0.95, 'imputation__params': ('interpolate', ('polynomial', 3))}",0.4862098701738907,0.5050729146478711,0.6125150966183575,0.5936585744919026,0.5900442982956791,0.5575001508455402,0.051427845776001485,457,0.8924553727537122,0.8497818620291401,0.8221589334429604,0.7892955229856102,0.7747678389028347,0.8256919060228516,0.04235121173188669
191.67124166488648,88.79120042309808,64.95924067497253,1.6128079399232584,7,50,3,"('tsfel', {'config_file': 'tsfel_config.json'})",pca,0.95,"('ffill', None)","{'classifier__base_estimator__max_depth': 7, 'classifier__base_estimator__n_estimators': 50, 'feature_extraction__n_lags': 3, 'feature_extraction__params': ('tsfel', {'config_file': 'tsfel_config.json'}), 'feature_selection__strategy': 'pca', 'feature_selection__threshold': 0.95, 'imputation__params': ('ffill', None)}",0.4862098701738907,0.5050729146478711,0.6125150966183575,0.5936585744919026,0.5900442982956791,0.5575001508455402,0.051427845776001485,457,0.8924553727537122,0.8497818620291401,0.8221589334429604,0.7892955229856102,0.7747678389028347,0.8256919060228516,0.04235121173188669
192.20419912338258,91.53541426210255,63.32368960380554,1.6653033883116364,7,50,5,"('tsfel', {'config_file': 'tsfel_config.json'})",correlation,0.85,"('interpolate', 'linear')","{'classifier__base_estimator__max_depth': 7, 'classifier__base_estimator__n_estimators': 50, 'feature_extraction__n_lags': 5, 'feature_extraction__params': ('tsfel', {'config_file': 'tsfel_config.json'}), 'feature_selection__strategy': 'correlation', 'feature_selection__threshold': 0.85, 'imputation__params': ('interpolate', 'linear')}",0.5319134778780992,0.6543391942514765,0.6555476661153024,0.6383741947642544,0.6891425443823547,0.6338634154782974,0.05358989315327831,5,0.9952260965342428,0.9912488500839538,0.9872714752820958,0.9815238891617264,0.9729862433076044,0.9856513108739247,0.007785543588062868
188.19084253311158,87.51403335465541,62.44461588859558,0.7525050441663177,7,50,5,"('tsfel', {'config_file': 'tsfel_config.json'})",correlation,0.85,"('interpolate', ('polynomial', 2))","{'classifier__base_estimator__max_depth': 7, 'classifier__base_estimator__n_estimators': 50, 'feature_extraction__n_lags': 5, 'feature_extraction__params': ('tsfel', {'config_file': 'tsfel_config.json'}), 'feature_selection__strategy': 'correlation', 'feature_selection__threshold': 0.85, 'imputation__params': ('interpolate', ('polynomial', 2))}",0.5319134778780992,0.6543391942514765,0.6555476661153024,0.6383741947642544,0.6891425443823547,0.6338634154782974,0.05358989315327831,5,0.9952260965342428,0.9912488500839538,0.9872714752820958,0.9815238891617264,0.9729862433076044,0.9856513108739247,0.007785543588062868
191.7331289768219,92.57313452863293,63.41179885864258,1.478586697157768,7,50,5,"('tsfel', {'config_file': 'tsfel_config.json'})",correlation,0.85,"('interpolate', ('polynomial', 3))","{'classifier__base_estimator__max_depth': 7, 'classifier__base_estimator__n_estimators': 50, 'feature_extraction__n_lags': 5, 'feature_extraction__params': ('tsfel', {'config_file': 'tsfel_config.json'}), 'feature_selection__strategy': 'correlation', 'feature_selection__threshold': 0.85, 'imputation__params': ('interpolate', ('polynomial', 3))}",0.5319134778780992,0.6543391942514765,0.6555476661153024,0.6383741947642544,0.6891425443823547,0.6338634154782974,0.05358989315327831,5,0.9952260965342428,0.9912488500839538,0.9872714752820958,0.9815238891617264,0.9729862433076044,0.9856513108739247,0.007785543588062868
188.00966730117798,88.96450581925927,62.58950343132019,1.605689337878357,7,50,5,"('tsfel', {'config_file': 'tsfel_config.json'})",correlation,0.85,"('ffill', None)","{'classifier__base_estimator__max_depth': 7, 'classifier__base_estimator__n_estimators': 50, 'feature_extraction__n_lags': 5, 'feature_extraction__params': ('tsfel', {'config_file': 'tsfel_config.json'}), 'feature_selection__strategy': 'correlation', 'feature_selection__threshold': 0.85, 'imputation__params': ('ffill', None)}",0.5319134778780992,0.6543391942514765,0.6555476661153024,0.6383741947642544,0.6891425443823547,0.6338634154782974,0.05358989315327831,5,0.9952260965342428,0.9912488500839538,0.9872714752820958,0.9815238891617264,0.9729862433076044,0.9856513108739247,0.007785543588062868
192.39596791267394,88.82964836845241,63.5416259765625,0.31029613727753136,7,50,5,"('tsfel', {'config_file': 'tsfel_config.json'})",correlation,0.9,"('interpolate', 'linear')","{'classifier__base_estimator__max_depth': 7, 'classifier__base_estimator__n_estimators': 50, 'feature_extraction__n_lags': 5, 'feature_extraction__params': ('tsfel', {'config_file': 'tsfel_config.json'}), 'feature_selection__strategy': 'correlation', 'feature_selection__threshold': 0.9, 'imputation__params': ('interpolate', 'linear')}",0.49919512519706,0.7076818066788091,0.637321176423125,0.6426584344161185,0.5954893756014019,0.6164691836633029,0.06875141044353394,89,0.995791903676992,0.9909859784506558,0.9896361440990031,0.9827620798973824,0.9747482119882876,0.9867848636224641,0.0073207883204026575
190.9860284805298,92.80457616093283,63.15819029808044,1.056969825239512,7,50,5,"('tsfel', {'config_file': 'tsfel_config.json'})",correlation,0.9,"('interpolate', ('polynomial', 2))","{'classifier__base_estimator__max_depth': 7, 'classifier__base_estimator__n_estimators': 50, 'feature_extraction__n_lags': 5, 'feature_extraction__params': ('tsfel', {'config_file': 'tsfel_config.json'}), 'feature_selection__strategy': 'correlation', 'feature_selection__threshold': 0.9, 'imputation__params': ('interpolate', ('polynomial', 2))}",0.49919512519706,0.7076818066788091,0.637321176423125,0.6426584344161185,0.5954893756014019,0.6164691836633029,0.06875141044353394,89,0.995791903676992,0.9909859784506558,0.9896361440990031,0.9827620798973824,0.9747482119882876,0.9867848636224641,0.0073207883204026575
187.26606698036193,88.0077045017871,62.28511471748352,1.7509588701127483,7,50,5,"('tsfel', {'config_file': 'tsfel_config.json'})",correlation,0.9,"('interpolate', ('polynomial', 3))","{'classifier__base_estimator__max_depth': 7, 'classifier__base_estimator__n_estimators': 50, 'feature_extraction__n_lags': 5, 'feature_extraction__params': ('tsfel', {'config_file': 'tsfel_config.json'}), 'feature_selection__strategy': 'correlation', 'feature_selection__threshold': 0.9, 'imputation__params': ('interpolate', ('polynomial', 3))}",0.49919512519706,0.7076818066788091,0.637321176423125,0.6426584344161185,0.5954893756014019,0.6164691836633029,0.06875141044353394,89,0.995791903676992,0.9909859784506558,0.9896361440990031,0.9827620798973824,0.9747482119882876,0.9867848636224641,0.0073207883204026575
193.26052284240723,92.63932446706599,63.55927557945252,0.7389182727494629,7,50,5,"('tsfel', {'config_file': 'tsfel_config.json'})",correlation,0.9,"('ffill', None)","{'classifier__base_estimator__max_depth': 7, 'classifier__base_estimator__n_estimators': 50, 'feature_extraction__n_lags': 5, 'feature_extraction__params': ('tsfel', {'config_file': 'tsfel_config.json'}), 'feature_selection__strategy': 'correlation', 'feature_selection__threshold': 0.9, 'imputation__params': ('ffill', None)}",0.49919512519706,0.7076818066788091,0.637321176423125,0.6426584344161185,0.5954893756014019,0.6164691836633029,0.06875141044353394,89,0.995791903676992,0.9909859784506558,0.9896361440990031,0.9827620798973824,0.9747482119882876,0.9867848636224641,0.0073207883204026575
191.1061233520508,91.18972697754141,63.119403171539304,1.4669291158625346,7,50,5,"('tsfel', {'config_file': 'tsfel_config.json'})",correlation,0.95,"('interpolate', 'linear')","{'classifier__base_estimator__max_depth': 7, 'classifier__base_estimator__n_estimators': 50, 'feature_extraction__n_lags': 5, 'feature_extraction__params': ('tsfel', {'config_file': 'tsfel_config.json'}), 'feature_selection__strategy': 'correlation', 'feature_selection__threshold': 0.95, 'imputation__params': ('interpolate', 'linear')}",0.49334986589685315,0.719023449613094,0.634764997781095,0.6033228824013157,0.627499404115575,0.6155921199615866,0.0725274092773506,105,0.9954795781341945,0.9917255554135761,0.9893228755687946,0.9835290035465412,0.9753608222417297,0.9870835669809672,0.00703012415645398
192.56455240249633,94.98682227907604,63.38471717834473,1.86394918250647,7,50,5,"('tsfel', {'config_file': 'tsfel_config.json'})",correlation,0.95,"('interpolate', ('polynomial', 2))","{'classifier__base_estimator__max_depth': 7, 'classifier__base_estimator__n_estimators': 50, 'feature_extraction__n_lags': 5, 'feature_extraction__params': ('tsfel', {'config_file': 'tsfel_config.json'}), 'feature_selection__strategy': 'correlation', 'feature_selection__threshold': 0.95, 'imputation__params': ('interpolate', ('polynomial', 2))}",0.49334986589685315,0.719023449613094,0.634764997781095,0.6033228824013157,0.627499404115575,0.6155921199615866,0.0725274092773506,105,0.9954795781341945,0.9917255554135761,0.9893228755687946,0.9835290035465412,0.9753608222417297,0.9870835669809672,0.00703012415645398
189.97349376678466,91.11183785303346,62.670070552825926,1.8697578114228022,7,50,5,"('tsfel', {'config_file': 'tsfel_config.json'})",correlation,0.95,"('interpolate', ('polynomial', 3))","{'classifier__base_estimator__max_depth': 7, 'classifier__base_estimator__n_estimators': 50, 'feature_extraction__n_lags': 5, 'feature_extraction__params': ('tsfel', {'config_file': 'tsfel_config.json'}), 'feature_selection__strategy': 'correlation', 'feature_selection__threshold': 0.95, 'imputation__params': ('interpolate', ('polynomial', 3))}",0.49334986589685315,0.719023449613094,0.634764997781095,0.6033228824013157,0.627499404115575,0.6155921199615866,0.0725274092773506,105,0.9954795781341945,0.9917255554135761,0.9893228755687946,0.9835290035465412,0.9753608222417297,0.9870835669809672,0.00703012415645398
191.70119066238402,92.40579773496754,63.99907064437866,1.5389192143401351,7,50,5,"('tsfel', {'config_file': 'tsfel_config.json'})",correlation,0.95,"('ffill', None)","{'classifier__base_estimator__max_depth': 7, 'classifier__base_estimator__n_estimators': 50, 'feature_extraction__n_lags': 5, 'feature_extraction__params': ('tsfel', {'config_file': 'tsfel_config.json'}), 'feature_selection__strategy': 'correlation', 'feature_selection__threshold': 0.95, 'imputation__params': ('ffill', None)}",0.49334986589685315,0.719023449613094,0.634764997781095,0.6033228824013157,0.627499404115575,0.6155921199615866,0.0725274092773506,105,0.9954795781341945,0.9917255554135761,0.9893228755687946,0.9835290035465412,0.9753608222417297,0.9870835669809672,0.00703012415645398
188.62127046585084,89.48537697931113,64.05181946754456,1.845501988574982,7,50,5,"('tsfel', {'config_file': 'tsfel_config.json'})",pca,0.85,"('interpolate', 'linear')","{'classifier__base_estimator__max_depth': 7, 'classifier__base_estimator__n_estimators': 50, 'feature_extraction__n_lags': 5, 'feature_extraction__params': ('tsfel', {'config_file': 'tsfel_config.json'}), 'feature_selection__strategy': 'pca', 'feature_selection__threshold': 0.85, 'imputation__params': ('interpolate', 'linear')}",0.5446084904694634,0.4908441718141282,0.6079743413886312,0.5063315943667763,0.5764365228598921,0.5452390241797782,0.04331740892640159,613,0.8869577681548652,0.8449833011679044,0.815888314066651,0.7825222218927861,0.7613730638305307,0.8183449338225476,0.04461483899097976
187.40350008010864,87.41600229596598,63.24555630683899,0.8084929423205192,7,50,5,"('tsfel', {'config_file': 'tsfel_config.json'})",pca,0.85,"('interpolate', ('polynomial', 2))","{'classifier__base_estimator__max_depth': 7, 'classifier__base_estimator__n_estimators': 50, 'feature_extraction__n_lags': 5, 'feature_extraction__params': ('tsfel', {'config_file': 'tsfel_config.json'}), 'feature_selection__strategy': 'pca', 'feature_selection__threshold': 0.85, 'imputation__params': ('interpolate', ('polynomial', 2))}",0.5446084904694634,0.4908441718141282,0.6079743413886312,0.5063315943667763,0.5764365228598921,0.5452390241797782,0.04331740892640159,613,0.8869577681548652,0.8449833011679044,0.815888314066651,0.7825222218927861,0.7613730638305307,0.8183449338225476,0.04461483899097976
190.33657584190368,93.49753125956948,62.96911773681641,1.8802352691592885,7,50,5,"('tsfel', {'config_file': 'tsfel_config.json'})",pca,0.85,"('interpolate', ('polynomial', 3))","{'classifier__base_estimator__max_depth': 7, 'classifier__base_estimator__n_estimators': 50, 'feature_extraction__n_lags': 5, 'feature_extraction__params': ('tsfel', {'config_file': 'tsfel_config.json'}), 'feature_selection__strategy': 'pca', 'feature_selection__threshold': 0.85, 'imputation__params': ('interpolate', ('polynomial', 3))}",0.5446084904694634,0.4908441718141282,0.6079743413886312,0.5063315943667763,0.5764365228598921,0.5452390241797782,0.04331740892640159,613,0.8869577681548652,0.8449833011679044,0.815888314066651,0.7825222218927861,0.7613730638305307,0.8183449338225476,0.04461483899097976
184.49341378211975,86.34681510341674,62.999169731140135,0.44911540267639277,7,50,5,"('tsfel', {'config_file': 'tsfel_config.json'})",pca,0.85,"('ffill', None)","{'classifier__base_estimator__max_depth': 7, 'classifier__base_estimator__n_estimators': 50, 'feature_extraction__n_lags': 5, 'feature_extraction__params': ('tsfel', {'config_file': 'tsfel_config.json'}), 'feature_selection__strategy': 'pca', 'feature_selection__threshold': 0.85, 'imputation__params': ('ffill', None)}",0.5446084904694634,0.4908441718141282,0.6079743413886312,0.5063315943667763,0.5764365228598921,0.5452390241797782,0.04331740892640159,613,0.8869577681548652,0.8449833011679044,0.815888314066651,0.7825222218927861,0.7613730638305307,0.8183449338225476,0.04461483899097976
188.42659177780152,87.7761916191834,64.47623591423034,0.9911809880344057,7,50,5,"('tsfel', {'config_file': 'tsfel_config.json'})",pca,0.9,"('interpolate', 'linear')","{'classifier__base_estimator__max_depth': 7, 'classifier__base_estimator__n_estimators': 50, 'feature_extraction__n_lags': 5, 'feature_extraction__params': ('tsfel', {'config_file': 'tsfel_config.json'}), 'feature_selection__strategy': 'pca', 'feature_selection__threshold': 0.9, 'imputation__params': ('interpolate', 'linear')}",0.5446084904694634,0.4908441718141282,0.6079743413886312,0.5063315943667763,0.5764365228598921,0.5452390241797782,0.04331740892640159,613,0.8869577681548652,0.8449833011679044,0.815888314066651,0.7825222218927861,0.7613730638305307,0.8183449338225476,0.04461483899097976
187.6507031917572,89.06750799272203,63.646012496948245,0.9545256197852752,7,50,5,"('tsfel', {'config_file': 'tsfel_config.json'})",pca,0.9,"('interpolate', ('polynomial', 2))","{'classifier__base_estimator__max_depth': 7, 'classifier__base_estimator__n_estimators': 50, 'feature_extraction__n_lags': 5, 'feature_extraction__params': ('tsfel', {'config_file': 'tsfel_config.json'}), 'feature_selection__strategy': 'pca', 'feature_selection__threshold': 0.9, 'imputation__params': ('interpolate', ('polynomial', 2))}",0.5446084904694634,0.4908441718141282,0.6079743413886312,0.5063315943667763,0.5764365228598921,0.5452390241797782,0.04331740892640159,613,0.8869577681548652,0.8449833011679044,0.815888314066651,0.7825222218927861,0.7613730638305307,0.8183449338225476,0.04461483899097976
187.01142797470092,90.18463551887024,63.53586354255676,2.5920612213018956,7,50,5,"('tsfel', {'config_file': 'tsfel_config.json'})",pca,0.9,"('interpolate', ('polynomial', 3))","{'classifier__base_estimator__max_depth': 7, 'classifier__base_estimator__n_estimators': 50, 'feature_extraction__n_lags': 5, 'feature_extraction__params': ('tsfel', {'config_file': 'tsfel_config.json'}), 'feature_selection__strategy': 'pca', 'feature_selection__threshold': 0.9, 'imputation__params': ('interpolate', ('polynomial', 3))}",0.5446084904694634,0.4908441718141282,0.6079743413886312,0.5063315943667763,0.5764365228598921,0.5452390241797782,0.04331740892640159,613,0.8869577681548652,0.8449833011679044,0.815888314066651,0.7825222218927861,0.7613730638305307,0.8183449338225476,0.04461483899097976
187.70129585266113,90.02019684807486,62.606439876556394,1.8574575340653317,7,50,5,"('tsfel', {'config_file': 'tsfel_config.json'})",pca,0.9,"('ffill', None)","{'classifier__base_estimator__max_depth': 7, 'classifier__base_estimator__n_estimators': 50, 'feature_extraction__n_lags': 5, 'feature_extraction__params': ('tsfel', {'config_file': 'tsfel_config.json'}), 'feature_selection__strategy': 'pca', 'feature_selection__threshold': 0.9, 'imputation__params': ('ffill', None)}",0.5446084904694634,0.4908441718141282,0.6079743413886312,0.5063315943667763,0.5764365228598921,0.5452390241797782,0.04331740892640159,613,0.8869577681548652,0.8449833011679044,0.815888314066651,0.7825222218927861,0.7613730638305307,0.8183449338225476,0.04461483899097976
186.92377762794496,87.26053619646578,63.864768409729,0.6752674118805858,7,50,5,"('tsfel', {'config_file': 'tsfel_config.json'})",pca,0.95,"('interpolate', 'linear')","{'classifier__base_estimator__max_depth': 7, 'classifier__base_estimator__n_estimators': 50, 'feature_extraction__n_lags': 5, 'feature_extraction__params': ('tsfel', {'config_file': 'tsfel_config.json'}), 'feature_selection__strategy': 'pca', 'feature_selection__threshold': 0.95, 'imputation__params': ('interpolate', 'linear')}",0.5446084904694634,0.4908441718141282,0.6079743413886312,0.5063315943667763,0.5764365228598921,0.5452390241797782,0.04331740892640159,613,0.8869577681548652,0.8449833011679044,0.815888314066651,0.7825222218927861,0.7613730638305307,0.8183449338225476,0.04461483899097976
187.85879030227662,92.12443341558262,63.712796688079834,1.293872046763092,7,50,5,"('tsfel', {'config_file': 'tsfel_config.json'})",pca,0.95,"('interpolate', ('polynomial', 2))","{'classifier__base_estimator__max_depth': 7, 'classifier__base_estimator__n_estimators': 50, 'feature_extraction__n_lags': 5, 'feature_extraction__params': ('tsfel', {'config_file': 'tsfel_config.json'}), 'feature_selection__strategy': 'pca', 'feature_selection__threshold': 0.95, 'imputation__params': ('interpolate', ('polynomial', 2))}",0.5446084904694634,0.4908441718141282,0.6079743413886312,0.5063315943667763,0.5764365228598921,0.5452390241797782,0.04331740892640159,613,0.8869577681548652,0.8449833011679044,0.815888314066651,0.7825222218927861,0.7613730638305307,0.8183449338225476,0.04461483899097976
184.96865301132203,86.33511337099213,62.7487576007843,1.5242376781163376,7,50,5,"('tsfel', {'config_file': 'tsfel_config.json'})",pca,0.95,"('interpolate', ('polynomial', 3))","{'classifier__base_estimator__max_depth': 7, 'classifier__base_estimator__n_estimators': 50, 'feature_extraction__n_lags': 5, 'feature_extraction__params': ('tsfel', {'config_file': 'tsfel_config.json'}), 'feature_selection__strategy': 'pca', 'feature_selection__threshold': 0.95, 'imputation__params': ('interpolate', ('polynomial', 3))}",0.5446084904694634,0.4908441718141282,0.6079743413886312,0.5063315943667763,0.5764365228598921,0.5452390241797782,0.04331740892640159,613,0.8869577681548652,0.8449833011679044,0.815888314066651,0.7825222218927861,0.7613730638305307,0.8183449338225476,0.04461483899097976
188.09032945632936,86.96455509024958,64.07862296104432,0.88928072205987,7,50,5,"('tsfel', {'config_file': 'tsfel_config.json'})",pca,0.95,"('ffill', None)","{'classifier__base_estimator__max_depth': 7, 'classifier__base_estimator__n_estimators': 50, 'feature_extraction__n_lags': 5, 'feature_extraction__params': ('tsfel', {'config_file': 'tsfel_config.json'}), 'feature_selection__strategy': 'pca', 'feature_selection__threshold': 0.95, 'imputation__params': ('ffill', None)}",0.5446084904694634,0.4908441718141282,0.6079743413886312,0.5063315943667763,0.5764365228598921,0.5452390241797782,0.04331740892640159,613,0.8869577681548652,0.8449833011679044,0.815888314066651,0.7825222218927861,0.7613730638305307,0.8183449338225476,0.04461483899097976
185.5197313785553,90.14974082890943,61.94128308296204,1.4590359365844676,7,50,8,"('tsfel', {'config_file': 'tsfel_config.json'})",correlation,0.85,"('interpolate', 'linear')","{'classifier__base_estimator__max_depth': 7, 'classifier__base_estimator__n_estimators': 50, 'feature_extraction__n_lags': 8, 'feature_extraction__params': ('tsfel', {'config_file': 'tsfel_config.json'}), 'feature_selection__strategy': 'correlation', 'feature_selection__threshold': 0.85, 'imputation__params': ('interpolate', 'linear')}",0.3743617199908611,0.648459688681762,0.6127171395483497,0.5836206415620642,0.6728808691906379,0.5784080117947349,0.10646270255300473,369,0.9977380425006377,0.9949354306835708,0.9915398323822876,0.9855424162500008,0.9776345666380152,0.9894780576909025,0.007183574845261409
182.16773290634154,85.7971611502387,61.28134145736694,1.9899248625856756,7,50,8,"('tsfel', {'config_file': 'tsfel_config.json'})",correlation,0.85,"('interpolate', ('polynomial', 2))","{'classifier__base_estimator__max_depth': 7, 'classifier__base_estimator__n_estimators': 50, 'feature_extraction__n_lags': 8, 'feature_extraction__params': ('tsfel', {'config_file': 'tsfel_config.json'}), 'feature_selection__strategy': 'correlation', 'feature_selection__threshold': 0.85, 'imputation__params': ('interpolate', ('polynomial', 2))}",0.3743617199908611,0.648459688681762,0.6127171395483497,0.5836206415620642,0.6728808691906379,0.5784080117947349,0.10646270255300473,369,0.9977380425006377,0.9949354306835708,0.9915398323822876,0.9855424162500008,0.9776345666380152,0.9894780576909025,0.007183574845261409
185.33473925590516,87.97308985977068,61.95484027862549,1.2326950113074355,7,50,8,"('tsfel', {'config_file': 'tsfel_config.json'})",correlation,0.85,"('interpolate', ('polynomial', 3))","{'classifier__base_estimator__max_depth': 7, 'classifier__base_estimator__n_estimators': 50, 'feature_extraction__n_lags': 8, 'feature_extraction__params': ('tsfel', {'config_file': 'tsfel_config.json'}), 'feature_selection__strategy': 'correlation', 'feature_selection__threshold': 0.85, 'imputation__params': ('interpolate', ('polynomial', 3))}",0.3743617199908611,0.648459688681762,0.6127171395483497,0.5836206415620642,0.6728808691906379,0.5784080117947349,0.10646270255300473,369,0.9977380425006377,0.9949354306835708,0.9915398323822876,0.9855424162500008,0.9776345666380152,0.9894780576909025,0.007183574845261409
185.1563898563385,88.35472593771158,62.01925258636474,1.7617249066148692,7,50,8,"('tsfel', {'config_file': 'tsfel_config.json'})",correlation,0.85,"('ffill', None)","{'classifier__base_estimator__max_depth': 7, 'classifier__base_estimator__n_estimators': 50, 'feature_extraction__n_lags': 8, 'feature_extraction__params': ('tsfel', {'config_file': 'tsfel_config.json'}), 'feature_selection__strategy': 'correlation', 'feature_selection__threshold': 0.85, 'imputation__params': ('ffill', None)}",0.3743617199908611,0.648459688681762,0.6127171395483497,0.5836206415620642,0.6728808691906379,0.5784080117947349,0.10646270255300473,369,0.9977380425006377,0.9949354306835708,0.9915398323822876,0.9855424162500008,0.9776345666380152,0.9894780576909025,0.007183574845261409
186.8343424797058,92.33507301592677,61.6141921043396,2.9540239098944823,7,50,8,"('tsfel', {'config_file': 'tsfel_config.json'})",correlation,0.9,"('interpolate', 'linear')","{'classifier__base_estimator__max_depth': 7, 'classifier__base_estimator__n_estimators': 50, 'feature_extraction__n_lags': 8, 'feature_extraction__params': ('tsfel', {'config_file': 'tsfel_config.json'}), 'feature_selection__strategy': 'correlation', 'feature_selection__threshold': 0.9, 'imputation__params': ('interpolate', 'linear')}",0.358288762693342,0.6762963093724992,0.609477236537348,0.5940864714086471,0.6744261577698614,0.5825149875563396,0.11694516796907406,329,0.9967807377874431,0.9944468371453108,0.9919476328289284,0.9857528256069419,0.9810466954513648,0.9899949457639978,0.005792168231576966
184.8766559123993,89.78507794499785,61.098656845092776,1.4992954410263133,7,50,8,"('tsfel', {'config_file': 'tsfel_config.json'})",correlation,0.9,"('interpolate', ('polynomial', 2))","{'classifier__base_estimator__max_depth': 7, 'classifier__base_estimator__n_estimators': 50, 'feature_extraction__n_lags': 8, 'feature_extraction__params': ('tsfel', {'config_file': 'tsfel_config.json'}), 'feature_selection__strategy': 'correlation', 'feature_selection__threshold': 0.9, 'imputation__params': ('interpolate', ('polynomial', 2))}",0.358288762693342,0.6762963093724992,0.609477236537348,0.5940864714086471,0.6744261577698614,0.5825149875563396,0.11694516796907406,329,0.9967807377874431,0.9944468371453108,0.9919476328289284,0.9857528256069419,0.9810466954513648,0.9899949457639978,0.005792168231576966
184.29574856758117,88.60625344469915,61.60563402175903,1.6223639656348663,7,50,8,"('tsfel', {'config_file': 'tsfel_config.json'})",correlation,0.9,"('interpolate', ('polynomial', 3))","{'classifier__base_estimator__max_depth': 7, 'classifier__base_estimator__n_estimators': 50, 'feature_extraction__n_lags': 8, 'feature_extraction__params': ('tsfel', {'config_file': 'tsfel_config.json'}), 'feature_selection__strategy': 'correlation', 'feature_selection__threshold': 0.9, 'imputation__params': ('interpolate', ('polynomial', 3))}",0.358288762693342,0.6762963093724992,0.609477236537348,0.5940864714086471,0.6744261577698614,0.5825149875563396,0.11694516796907406,329,0.9967807377874431,0.9944468371453108,0.9919476328289284,0.9857528256069419,0.9810466954513648,0.9899949457639978,0.005792168231576966
184.92012052536012,89.49718793959697,61.91186156272888,1.5785773554525508,7,50,8,"('tsfel', {'config_file': 'tsfel_config.json'})",correlation,0.9,"('ffill', None)","{'classifier__base_estimator__max_depth': 7, 'classifier__base_estimator__n_estimators': 50, 'feature_extraction__n_lags': 8, 'feature_extraction__params': ('tsfel', {'config_file': 'tsfel_config.json'}), 'feature_selection__strategy': 'correlation', 'feature_selection__threshold': 0.9, 'imputation__params': ('ffill', None)}",0.358288762693342,0.6762963093724992,0.609477236537348,0.5940864714086471,0.6744261577698614,0.5825149875563396,0.11694516796907406,329,0.9967807377874431,0.9944468371453108,0.9919476328289284,0.9857528256069419,0.9810466954513648,0.9899949457639978,0.005792168231576966
185.5676197052002,86.5634687861597,62.09817090034485,1.6571185507555375,7,50,8,"('tsfel', {'config_file': 'tsfel_config.json'})",correlation,0.95,"('interpolate', 'linear')","{'classifier__base_estimator__max_depth': 7, 'classifier__base_estimator__n_estimators': 50, 'feature_extraction__n_lags': 8, 'feature_extraction__params': ('tsfel', {'config_file': 'tsfel_config.json'}), 'feature_selection__strategy': 'correlation', 'feature_selection__threshold': 0.95, 'imputation__params': ('interpolate', 'linear')}",0.409040109446957,0.6681544116493277,0.5629252316155182,0.6560635983263599,0.6745560714114776,0.5941478844899282,0.10101063373720191,233,0.9974561368182246,0.9943077560217215,0.9925685811860091,0.9849077428797659,0.9790442157189967,0.9896568865249435,0.00672487925557791
185.6360641479492,91.02217246921937,61.26240792274475,2.3257186964180834,7,50,8,"('tsfel', {'config_file': 'tsfel_config.json'})",correlation,0.95,"('interpolate', ('polynomial', 2))","{'classifier__base_estimator__max_depth': 7, 'classifier__base_estimator__n_estimators': 50, 'feature_extraction__n_lags': 8, 'feature_extraction__params': ('tsfel', {'config_file': 'tsfel_config.json'}), 'feature_selection__strategy': 'correlation', 'feature_selection__threshold': 0.95, 'imputation__params': ('interpolate', ('polynomial', 2))}",0.409040109446957,0.6681544116493277,0.5629252316155182,0.6560635983263599,0.6745560714114776,0.5941478844899282,0.10101063373720191,233,0.9974561368182246,0.9943077560217215,0.9925685811860091,0.9849077428797659,0.9790442157189967,0.9896568865249435,0.00672487925557791
183.1751781463623,86.24061690658714,61.33696546554565,1.9237960040195206,7,50,8,"('tsfel', {'config_file': 'tsfel_config.json'})",correlation,0.95,"('interpolate', ('polynomial', 3))","{'classifier__base_estimator__max_depth': 7, 'classifier__base_estimator__n_estimators': 50, 'feature_extraction__n_lags': 8, 'feature_extraction__params': ('tsfel', {'config_file': 'tsfel_config.json'}), 'feature_selection__strategy': 'correlation', 'feature_selection__threshold': 0.95, 'imputation__params': ('interpolate', ('polynomial', 3))}",0.409040109446957,0.6681544116493277,0.5629252316155182,0.6560635983263599,0.6745560714114776,0.5941478844899282,0.10101063373720191,233,0.9974561368182246,0.9943077560217215,0.9925685811860091,0.9849077428797659,0.9790442157189967,0.9896568865249435,0.00672487925557791
184.9549066543579,87.88613977814998,61.901889610290525,1.2333626474760575,7,50,8,"('tsfel', {'config_file': 'tsfel_config.json'})",correlation,0.95,"('ffill', None)","{'classifier__base_estimator__max_depth': 7, 'classifier__base_estimator__n_estimators': 50, 'feature_extraction__n_lags': 8, 'feature_extraction__params': ('tsfel', {'config_file': 'tsfel_config.json'}), 'feature_selection__strategy': 'correlation', 'feature_selection__threshold': 0.95, 'imputation__params': ('ffill', None)}",0.409040109446957,0.6681544116493277,0.5629252316155182,0.6560635983263599,0.6745560714114776,0.5941478844899282,0.10101063373720191,233,0.9974561368182246,0.9943077560217215,0.9925685811860091,0.9849077428797659,0.9790442157189967,0.9896568865249435,0.00672487925557791
182.0292103290558,87.8080675292962,61.791716957092284,1.162259755622292,7,50,8,"('tsfel', {'config_file': 'tsfel_config.json'})",pca,0.85,"('interpolate', 'linear')","{'classifier__base_estimator__max_depth': 7, 'classifier__base_estimator__n_estimators': 50, 'feature_extraction__n_lags': 8, 'feature_extraction__params': ('tsfel', {'config_file': 'tsfel_config.json'}), 'feature_selection__strategy': 'pca', 'feature_selection__threshold': 0.85, 'imputation__params': ('interpolate', 'linear')}",0.5451234719129269,0.5794850068257779,0.6195298928778229,0.4459748953974895,0.5838740703767268,0.5547974674781488,0.05929780555422421,529,0.8789324164686614,0.8436575646946963,0.8200810593609036,0.7900636334496737,0.7664648736261116,0.8198399095200093,0.0394836277513459
182.59185390472413,89.35959095469762,62.04504714012146,1.6384544913884485,7,50,8,"('tsfel', {'config_file': 'tsfel_config.json'})",pca,0.85,"('interpolate', ('polynomial', 2))","{'classifier__base_estimator__max_depth': 7, 'classifier__base_estimator__n_estimators': 50, 'feature_extraction__n_lags': 8, 'feature_extraction__params': ('tsfel', {'config_file': 'tsfel_config.json'}), 'feature_selection__strategy': 'pca', 'feature_selection__threshold': 0.85, 'imputation__params': ('interpolate', ('polynomial', 2))}",0.5451234719129269,0.5794850068257779,0.6195298928778229,0.4459748953974895,0.5838740703767268,0.5547974674781488,0.05929780555422421,529,0.8789324164686614,0.8436575646946963,0.8200810593609036,0.7900636334496737,0.7664648736261116,0.8198399095200093,0.0394836277513459
181.35443120002748,88.45803786980984,61.22616014480591,1.8858423117817718,7,50,8,"('tsfel', {'config_file': 'tsfel_config.json'})",pca,0.85,"('interpolate', ('polynomial', 3))","{'classifier__base_estimator__max_depth': 7, 'classifier__base_estimator__n_estimators': 50, 'feature_extraction__n_lags': 8, 'feature_extraction__params': ('tsfel', {'config_file': 'tsfel_config.json'}), 'feature_selection__strategy': 'pca', 'feature_selection__threshold': 0.85, 'imputation__params': ('interpolate', ('polynomial', 3))}",0.5451234719129269,0.5794850068257779,0.6195298928778229,0.4459748953974895,0.5838740703767268,0.5547974674781488,0.05929780555422421,529,0.8789324164686614,0.8436575646946963,0.8200810593609036,0.7900636334496737,0.7664648736261116,0.8198399095200093,0.0394836277513459
181.65159797668457,86.80551593897637,62.182346773147586,0.7224329354020548,7,50,8,"('tsfel', {'config_file': 'tsfel_config.json'})",pca,0.85,"('ffill', None)","{'classifier__base_estimator__max_depth': 7, 'classifier__base_estimator__n_estimators': 50, 'feature_extraction__n_lags': 8, 'feature_extraction__params': ('tsfel', {'config_file': 'tsfel_config.json'}), 'feature_selection__strategy': 'pca', 'feature_selection__threshold': 0.85, 'imputation__params': ('ffill', None)}",0.5451234719129269,0.5794850068257779,0.6195298928778229,0.4459748953974895,0.5838740703767268,0.5547974674781488,0.05929780555422421,529,0.8789324164686614,0.8436575646946963,0.8200810593609036,0.7900636334496737,0.7664648736261116,0.8198399095200093,0.0394836277513459
182.32888445854186,88.71795755570184,62.21437668800354,1.8565937448053456,7,50,8,"('tsfel', {'config_file': 'tsfel_config.json'})",pca,0.9,"('interpolate', 'linear')","{'classifier__base_estimator__max_depth': 7, 'classifier__base_estimator__n_estimators': 50, 'feature_extraction__n_lags': 8, 'feature_extraction__params': ('tsfel', {'config_file': 'tsfel_config.json'}), 'feature_selection__strategy': 'pca', 'feature_selection__threshold': 0.9, 'imputation__params': ('interpolate', 'linear')}",0.5451234719129269,0.5794850068257779,0.6195298928778229,0.4459748953974895,0.5838740703767268,0.5547974674781488,0.05929780555422421,529,0.8789324164686614,0.8436575646946963,0.8200810593609036,0.7900636334496737,0.7664648736261116,0.8198399095200093,0.0394836277513459
178.65038418769836,84.4450796560167,61.496070051193236,0.9726372195029824,7,50,8,"('tsfel', {'config_file': 'tsfel_config.json'})",pca,0.9,"('interpolate', ('polynomial', 2))","{'classifier__base_estimator__max_depth': 7, 'classifier__base_estimator__n_estimators': 50, 'feature_extraction__n_lags': 8, 'feature_extraction__params': ('tsfel', {'config_file': 'tsfel_config.json'}), 'feature_selection__strategy': 'pca', 'feature_selection__threshold': 0.9, 'imputation__params': ('interpolate', ('polynomial', 2))}",0.5451234719129269,0.5794850068257779,0.6195298928778229,0.4459748953974895,0.5838740703767268,0.5547974674781488,0.05929780555422421,529,0.8789324164686614,0.8436575646946963,0.8200810593609036,0.7900636334496737,0.7664648736261116,0.8198399095200093,0.0394836277513459
182.15357728004454,84.8044938493936,62.06775879859924,0.8051667415313862,7,50,8,"('tsfel', {'config_file': 'tsfel_config.json'})",pca,0.9,"('interpolate', ('polynomial', 3))","{'classifier__base_estimator__max_depth': 7, 'classifier__base_estimator__n_estimators': 50, 'feature_extraction__n_lags': 8, 'feature_extraction__params': ('tsfel', {'config_file': 'tsfel_config.json'}), 'feature_selection__strategy': 'pca', 'feature_selection__threshold': 0.9, 'imputation__params': ('interpolate', ('polynomial', 3))}",0.5451234719129269,0.5794850068257779,0.6195298928778229,0.4459748953974895,0.5838740703767268,0.5547974674781488,0.05929780555422421,529,0.8789324164686614,0.8436575646946963,0.8200810593609036,0.7900636334496737,0.7664648736261116,0.8198399095200093,0.0394836277513459
184.20186104774476,89.66318850728833,62.17466011047363,1.2448312137882735,7,50,8,"('tsfel', {'config_file': 'tsfel_config.json'})",pca,0.9,"('ffill', None)","{'classifier__base_estimator__max_depth': 7, 'classifier__base_estimator__n_estimators': 50, 'feature_extraction__n_lags': 8, 'feature_extraction__params': ('tsfel', {'config_file': 'tsfel_config.json'}), 'feature_selection__strategy': 'pca', 'feature_selection__threshold': 0.9, 'imputation__params': ('ffill', None)}",0.5451234719129269,0.5794850068257779,0.6195298928778229,0.4459748953974895,0.5838740703767268,0.5547974674781488,0.05929780555422421,529,0.8789324164686614,0.8436575646946963,0.8200810593609036,0.7900636334496737,0.7664648736261116,0.8198399095200093,0.0394836277513459
180.75377917289734,83.97082140411088,61.941381978988645,0.7687710704659452,7,50,8,"('tsfel', {'config_file': 'tsfel_config.json'})",pca,0.95,"('interpolate', 'linear')","{'classifier__base_estimator__max_depth': 7, 'classifier__base_estimator__n_estimators': 50, 'feature_extraction__n_lags': 8, 'feature_extraction__params': ('tsfel', {'config_file': 'tsfel_config.json'}), 'feature_selection__strategy': 'pca', 'feature_selection__threshold': 0.95, 'imputation__params': ('interpolate', 'linear')}",0.5451234719129269,0.5794850068257779,0.6195298928778229,0.4459748953974895,0.5838740703767268,0.5547974674781488,0.05929780555422421,529,0.8789324164686614,0.8436575646946963,0.8200810593609036,0.7900636334496737,0.7664648736261116,0.8198399095200093,0.0394836277513459
182.428360080719,86.36427923587586,62.459851837158205,1.1772457804748748,7,50,8,"('tsfel', {'config_file': 'tsfel_config.json'})",pca,0.95,"('interpolate', ('polynomial', 2))","{'classifier__base_estimator__max_depth': 7, 'classifier__base_estimator__n_estimators': 50, 'feature_extraction__n_lags': 8, 'feature_extraction__params': ('tsfel', {'config_file': 'tsfel_config.json'}), 'feature_selection__strategy': 'pca', 'feature_selection__threshold': 0.95, 'imputation__params': ('interpolate', ('polynomial', 2))}",0.5451234719129269,0.5794850068257779,0.6195298928778229,0.4459748953974895,0.5838740703767268,0.5547974674781488,0.05929780555422421,529,0.8789324164686614,0.8436575646946963,0.8200810593609036,0.7900636334496737,0.7664648736261116,0.8198399095200093,0.0394836277513459
182.26944766044616,87.75785823093108,62.008886861801145,1.3787147320368873,7,50,8,"('tsfel', {'config_file': 'tsfel_config.json'})",pca,0.95,"('interpolate', ('polynomial', 3))","{'classifier__base_estimator__max_depth': 7, 'classifier__base_estimator__n_estimators': 50, 'feature_extraction__n_lags': 8, 'feature_extraction__params': ('tsfel', {'config_file': 'tsfel_config.json'}), 'feature_selection__strategy': 'pca', 'feature_selection__threshold': 0.95, 'imputation__params': ('interpolate', ('polynomial', 3))}",0.5451234719129269,0.5794850068257779,0.6195298928778229,0.4459748953974895,0.5838740703767268,0.5547974674781488,0.05929780555422421,529,0.8789324164686614,0.8436575646946963,0.8200810593609036,0.7900636334496737,0.7664648736261116,0.8198399095200093,0.0394836277513459
182.48057641983033,89.73636935250873,61.598625898361206,1.8798308876344476,7,50,8,"('tsfel', {'config_file': 'tsfel_config.json'})",pca,0.95,"('ffill', None)","{'classifier__base_estimator__max_depth': 7, 'classifier__base_estimator__n_estimators': 50, 'feature_extraction__n_lags': 8, 'feature_extraction__params': ('tsfel', {'config_file': 'tsfel_config.json'}), 'feature_selection__strategy': 'pca', 'feature_selection__threshold': 0.95, 'imputation__params': ('ffill', None)}",0.5451234719129269,0.5794850068257779,0.6195298928778229,0.4459748953974895,0.5838740703767268,0.5547974674781488,0.05929780555422421,529,0.8789324164686614,0.8436575646946963,0.8200810593609036,0.7900636334496737,0.7664648736261116,0.8198399095200093,0.0394836277513459
192.64158234596252,93.23605350532227,63.42235169410706,1.3352769408551821,7,100,3,"('tsfel', {'config_file': 'tsfel_config.json'})",correlation,0.85,"('interpolate', 'linear')","{'classifier__base_estimator__max_depth': 7, 'classifier__base_estimator__n_estimators': 100, 'feature_extraction__n_lags': 3, 'feature_extraction__params': ('tsfel', {'config_file': 'tsfel_config.json'}), 'feature_selection__strategy': 'correlation', 'feature_selection__threshold': 0.85, 'imputation__params': ('interpolate', 'linear')}",0.49030603470835854,0.6078733879385674,0.6243644323671498,0.6136264830228148,0.6610455978294274,0.5994431871732636,0.05761784042275724,201,0.9985038962663505,0.9968117604114578,0.9952184946981455,0.9885590384278848,0.9860566089051208,0.993029959741792,0.00485123575847667
193.76312880516053,92.1735049211168,64.46271843910218,1.0153281711612223,7,100,3,"('tsfel', {'config_file': 'tsfel_config.json'})",correlation,0.85,"('interpolate', ('polynomial', 2))","{'classifier__base_estimator__max_depth': 7, 'classifier__base_estimator__n_estimators': 100, 'feature_extraction__n_lags': 3, 'feature_extraction__params': ('tsfel', {'config_file': 'tsfel_config.json'}), 'feature_selection__strategy': 'correlation', 'feature_selection__threshold': 0.85, 'imputation__params': ('interpolate', ('polynomial', 2))}",0.49030603470835854,0.6078733879385674,0.6243644323671498,0.6136264830228148,0.6610455978294274,0.5994431871732636,0.05761784042275724,201,0.9985038962663505,0.9968117604114578,0.9952184946981455,0.9885590384278848,0.9860566089051208,0.993029959741792,0.00485123575847667
193.64802107810974,90.3575763572608,63.997002077102664,0.8256088554618594,7,100,3,"('tsfel', {'config_file': 'tsfel_config.json'})",correlation,0.85,"('interpolate', ('polynomial', 3))","{'classifier__base_estimator__max_depth': 7, 'classifier__base_estimator__n_estimators': 100, 'feature_extraction__n_lags': 3, 'feature_extraction__params': ('tsfel', {'config_file': 'tsfel_config.json'}), 'feature_selection__strategy': 'correlation', 'feature_selection__threshold': 0.85, 'imputation__params': ('interpolate', ('polynomial', 3))}",0.49030603470835854,0.6078733879385674,0.6243644323671498,0.6136264830228148,0.6610455978294274,0.5994431871732636,0.05761784042275724,201,0.9985038962663505,0.9968117604114578,0.9952184946981455,0.9885590384278848,0.9860566089051208,0.993029959741792,0.00485123575847667
194.39415578842164,92.60230154698301,63.79620966911316,1.39368030790316,7,100,3,"('tsfel', {'config_file': 'tsfel_config.json'})",correlation,0.85,"('ffill', None)","{'classifier__base_estimator__max_depth': 7, 'classifier__base_estimator__n_estimators': 100, 'feature_extraction__n_lags': 3, 'feature_extraction__params': ('tsfel', {'config_file': 'tsfel_config.json'}), 'feature_selection__strategy': 'correlation', 'feature_selection__threshold': 0.85, 'imputation__params': ('ffill', None)}",0.49030603470835854,0.6078733879385674,0.6243644323671498,0.6136264830228148,0.6610455978294274,0.5994431871732636,0.05761784042275724,201,0.9985038962663505,0.9968117604114578,0.9952184946981455,0.9885590384278848,0.9860566089051208,0.993029959741792,0.00485123575847667
194.7685277938843,89.98201968615541,64.02738451957703,1.1726655920686218,7,100,3,"('tsfel', {'config_file': 'tsfel_config.json'})",correlation,0.9,"('interpolate', 'linear')","{'classifier__base_estimator__max_depth': 7, 'classifier__base_estimator__n_estimators': 100, 'feature_extraction__n_lags': 3, 'feature_extraction__params': ('tsfel', {'config_file': 'tsfel_config.json'}), 'feature_selection__strategy': 'correlation', 'feature_selection__threshold': 0.9, 'imputation__params': ('interpolate', 'linear')}",0.5063716730346012,0.6382513744810633,0.6171112620772947,0.5342347507765589,0.6638817424288987,0.5919701605596834,0.0610012786159359,245,0.9990291317338883,0.9969107810523103,0.9960518772289649,0.9907627046733849,0.9856724422581622,0.9936853873893423,0.004843725962427644
193.98905296325682,90.03163158367154,63.641143274307254,0.8392373389267853,7,100,3,"('tsfel', {'config_file': 'tsfel_config.json'})",correlation,0.9,"('interpolate', ('polynomial', 2))","{'classifier__base_estimator__max_depth': 7, 'classifier__base_estimator__n_estimators': 100, 'feature_extraction__n_lags': 3, 'feature_extraction__params': ('tsfel', {'config_file': 'tsfel_config.json'}), 'feature_selection__strategy': 'correlation', 'feature_selection__threshold': 0.9, 'imputation__params': ('interpolate', ('polynomial', 2))}",0.5063716730346012,0.6382513744810633,0.6171112620772947,0.5342347507765589,0.6638817424288987,0.5919701605596834,0.0610012786159359,245,0.9990291317338883,0.9969107810523103,0.9960518772289649,0.9907627046733849,0.9856724422581622,0.9936853873893423,0.004843725962427644
194.65275859832764,92.61110368839527,63.86157326698303,1.1480687457082832,7,100,3,"('tsfel', {'config_file': 'tsfel_config.json'})",correlation,0.9,"('interpolate', ('polynomial', 3))","{'classifier__base_estimator__max_depth': 7, 'classifier__base_estimator__n_estimators': 100, 'feature_extraction__n_lags': 3, 'feature_extraction__params': ('tsfel', {'config_file': 'tsfel_config.json'}), 'feature_selection__strategy': 'correlation', 'feature_selection__threshold': 0.9, 'imputation__params': ('interpolate', ('polynomial', 3))}",0.5063716730346012,0.6382513744810633,0.6171112620772947,0.5342347507765589,0.6638817424288987,0.5919701605596834,0.0610012786159359,245,0.9990291317338883,0.9969107810523103,0.9960518772289649,0.9907627046733849,0.9856724422581622,0.9936853873893423,0.004843725962427644
193.92061972618103,90.40746357923531,64.30468816757202,1.10153167299171,7,100,3,"('tsfel', {'config_file': 'tsfel_config.json'})",correlation,0.9,"('ffill', None)","{'classifier__base_estimator__max_depth': 7, 'classifier__base_estimator__n_estimators': 100, 'feature_extraction__n_lags': 3, 'feature_extraction__params': ('tsfel', {'config_file': 'tsfel_config.json'}), 'feature_selection__strategy': 'correlation', 'feature_selection__threshold': 0.9, 'imputation__params': ('ffill', None)}",0.5063716730346012,0.6382513744810633,0.6171112620772947,0.5342347507765589,0.6638817424288987,0.5919701605596834,0.0610012786159359,245,0.9990291317338883,0.9969107810523103,0.9960518772289649,0.9907627046733849,0.9856724422581622,0.9936853873893423,0.004843725962427644
193.47947664260863,91.90087439017496,63.69537591934204,1.4268744040983066,7,100,3,"('tsfel', {'config_file': 'tsfel_config.json'})",correlation,0.95,"('interpolate', 'linear')","{'classifier__base_estimator__max_depth': 7, 'classifier__base_estimator__n_estimators': 100, 'feature_extraction__n_lags': 3, 'feature_extraction__params': ('tsfel', {'config_file': 'tsfel_config.json'}), 'feature_selection__strategy': 'correlation', 'feature_selection__threshold': 0.95, 'imputation__params': ('interpolate', 'linear')}",0.5044986778124213,0.6790318961208524,0.6132419987922706,0.5642112912405831,0.65290375547692,0.6027775238886094,0.06258268051069166,165,0.9987640264167142,0.9965155986765442,0.9959485134742598,0.9909665342788178,0.9862004778363014,0.9936790301365275,0.004524162710541694
193.11357007026672,88.50212447704146,63.732860040664676,0.5008455560701164,7,100,3,"('tsfel', {'config_file': 'tsfel_config.json'})",correlation,0.95,"('interpolate', ('polynomial', 2))","{'classifier__base_estimator__max_depth': 7, 'classifier__base_estimator__n_estimators': 100, 'feature_extraction__n_lags': 3, 'feature_extraction__params': ('tsfel', {'config_file': 'tsfel_config.json'}), 'feature_selection__strategy': 'correlation', 'feature_selection__threshold': 0.95, 'imputation__params': ('interpolate', ('polynomial', 2))}",0.5044986778124213,0.6790318961208524,0.6132419987922706,0.5642112912405831,0.65290375547692,0.6027775238886094,0.06258268051069166,165,0.9987640264167142,0.9965155986765442,0.9959485134742598,0.9909665342788178,0.9862004778363014,0.9936790301365275,0.004524162710541694
196.6564199924469,94.43878901392198,64.610098695755,1.8625900369476742,7,100,3,"('tsfel', {'config_file': 'tsfel_config.json'})",correlation,0.95,"('interpolate', ('polynomial', 3))","{'classifier__base_estimator__max_depth': 7, 'classifier__base_estimator__n_estimators': 100, 'feature_extraction__n_lags': 3, 'feature_extraction__params': ('tsfel', {'config_file': 'tsfel_config.json'}), 'feature_selection__strategy': 'correlation', 'feature_selection__threshold': 0.95, 'imputation__params': ('interpolate', ('polynomial', 3))}",0.5044986778124213,0.6790318961208524,0.6132419987922706,0.5642112912405831,0.65290375547692,0.6027775238886094,0.06258268051069166,165,0.9987640264167142,0.9965155986765442,0.9959485134742598,0.9909665342788178,0.9862004778363014,0.9936790301365275,0.004524162710541694
196.36030983924866,96.86859944377099,64.66187648773193,2.2758557531484027,7,100,3,"('tsfel', {'config_file': 'tsfel_config.json'})",correlation,0.95,"('ffill', None)","{'classifier__base_estimator__max_depth': 7, 'classifier__base_estimator__n_estimators': 100, 'feature_extraction__n_lags': 3, 'feature_extraction__params': ('tsfel', {'config_file': 'tsfel_config.json'}), 'feature_selection__strategy': 'correlation', 'feature_selection__threshold': 0.95, 'imputation__params': ('ffill', None)}",0.5044986778124213,0.6790318961208524,0.6132419987922706,0.5642112912405831,0.65290375547692,0.6027775238886094,0.06258268051069166,165,0.9987640264167142,0.9965155986765442,0.9959485134742598,0.9909665342788178,0.9862004778363014,0.9936790301365275,0.004524162710541694
192.1025775909424,90.84799939448453,65.40099053382873,1.586254594577804,7,100,3,"('tsfel', {'config_file': 'tsfel_config.json'})",pca,0.85,"('interpolate', 'linear')","{'classifier__base_estimator__max_depth': 7, 'classifier__base_estimator__n_estimators': 100, 'feature_extraction__n_lags': 3, 'feature_extraction__params': ('tsfel', {'config_file': 'tsfel_config.json'}), 'feature_selection__strategy': 'pca', 'feature_selection__threshold': 0.85, 'imputation__params': ('interpolate', 'linear')}",0.4877326913059625,0.5052684190662708,0.6047478864734299,0.5978957825340919,0.5818936753097369,0.5555076909378984,0.04906119107831729,493,0.8972883919407983,0.8561342611867444,0.8279001329607009,0.7973383546057449,0.7810907165404788,0.8319503714468933,0.04160533159059734
193.44347534179687,93.00907867558236,64.42282137870788,1.1815769204010294,7,100,3,"('tsfel', {'config_file': 'tsfel_config.json'})",pca,0.85,"('interpolate', ('polynomial', 2))","{'classifier__base_estimator__max_depth': 7, 'classifier__base_estimator__n_estimators': 100, 'feature_extraction__n_lags': 3, 'feature_extraction__params': ('tsfel', {'config_file': 'tsfel_config.json'}), 'feature_selection__strategy': 'pca', 'feature_selection__threshold': 0.85, 'imputation__params': ('interpolate', ('polynomial', 2))}",0.4877326913059625,0.5052684190662708,0.6047478864734299,0.5978957825340919,0.5818936753097369,0.5555076909378984,0.04906119107831729,493,0.8972883919407983,0.8561342611867444,0.8279001329607009,0.7973383546057449,0.7810907165404788,0.8319503714468933,0.04160533159059734
192.83638048171997,88.9127128260578,64.88094553947448,0.7297361065399354,7,100,3,"('tsfel', {'config_file': 'tsfel_config.json'})",pca,0.85,"('interpolate', ('polynomial', 3))","{'classifier__base_estimator__max_depth': 7, 'classifier__base_estimator__n_estimators': 100, 'feature_extraction__n_lags': 3, 'feature_extraction__params': ('tsfel', {'config_file': 'tsfel_config.json'}), 'feature_selection__strategy': 'pca', 'feature_selection__threshold': 0.85, 'imputation__params': ('interpolate', ('polynomial', 3))}",0.4877326913059625,0.5052684190662708,0.6047478864734299,0.5978957825340919,0.5818936753097369,0.5555076909378984,0.04906119107831729,493,0.8972883919407983,0.8561342611867444,0.8279001329607009,0.7973383546057449,0.7810907165404788,0.8319503714468933,0.04160533159059734
196.2105035305023,94.04335889374254,65.93616089820861,1.1130820119419518,7,100,3,"('tsfel', {'config_file': 'tsfel_config.json'})",pca,0.85,"('ffill', None)","{'classifier__base_estimator__max_depth': 7, 'classifier__base_estimator__n_estimators': 100, 'feature_extraction__n_lags': 3, 'feature_extraction__params': ('tsfel', {'config_file': 'tsfel_config.json'}), 'feature_selection__strategy': 'pca', 'feature_selection__threshold': 0.85, 'imputation__params': ('ffill', None)}",0.4877326913059625,0.5052684190662708,0.6047478864734299,0.5978957825340919,0.5818936753097369,0.5555076909378984,0.04906119107831729,493,0.8972883919407983,0.8561342611867444,0.8279001329607009,0.7973383546057449,0.7810907165404788,0.8319503714468933,0.04160533159059734
193.97435221672058,93.64497129114858,64.53150053024292,1.4296266506110602,7,100,3,"('tsfel', {'config_file': 'tsfel_config.json'})",pca,0.9,"('interpolate', 'linear')","{'classifier__base_estimator__max_depth': 7, 'classifier__base_estimator__n_estimators': 100, 'feature_extraction__n_lags': 3, 'feature_extraction__params': ('tsfel', {'config_file': 'tsfel_config.json'}), 'feature_selection__strategy': 'pca', 'feature_selection__threshold': 0.9, 'imputation__params': ('interpolate', 'linear')}",0.4877326913059625,0.5052684190662708,0.6047478864734299,0.5978957825340919,0.5818936753097369,0.5555076909378984,0.04906119107831729,493,0.8972883919407983,0.8561342611867444,0.8279001329607009,0.7973383546057449,0.7810907165404788,0.8319503714468933,0.04160533159059734
192.68118996620177,90.0486804741337,65.4731616973877,0.7381611507784884,7,100,3,"('tsfel', {'config_file': 'tsfel_config.json'})",pca,0.9,"('interpolate', ('polynomial', 2))","{'classifier__base_estimator__max_depth': 7, 'classifier__base_estimator__n_estimators': 100, 'feature_extraction__n_lags': 3, 'feature_extraction__params': ('tsfel', {'config_file': 'tsfel_config.json'}), 'feature_selection__strategy': 'pca', 'feature_selection__threshold': 0.9, 'imputation__params': ('interpolate', ('polynomial', 2))}",0.4877326913059625,0.5052684190662708,0.6047478864734299,0.5978957825340919,0.5818936753097369,0.5555076909378984,0.04906119107831729,493,0.8972883919407983,0.8561342611867444,0.8279001329607009,0.7973383546057449,0.7810907165404788,0.8319503714468933,0.04160533159059734
194.84788093566894,93.44696225173311,65.27975435256958,1.177214169393347,7,100,3,"('tsfel', {'config_file': 'tsfel_config.json'})",pca,0.9,"('interpolate', ('polynomial', 3))","{'classifier__base_estimator__max_depth': 7, 'classifier__base_estimator__n_estimators': 100, 'feature_extraction__n_lags': 3, 'feature_extraction__params': ('tsfel', {'config_file': 'tsfel_config.json'}), 'feature_selection__strategy': 'pca', 'feature_selection__threshold': 0.9, 'imputation__params': ('interpolate', ('polynomial', 3))}",0.4877326913059625,0.5052684190662708,0.6047478864734299,0.5978957825340919,0.5818936753097369,0.5555076909378984,0.04906119107831729,493,0.8972883919407983,0.8561342611867444,0.8279001329607009,0.7973383546057449,0.7810907165404788,0.8319503714468933,0.04160533159059734
193.87045197486879,93.3151677646066,64.63984117507934,1.1761040659806463,7,100,3,"('tsfel', {'config_file': 'tsfel_config.json'})",pca,0.9,"('ffill', None)","{'classifier__base_estimator__max_depth': 7, 'classifier__base_estimator__n_estimators': 100, 'feature_extraction__n_lags': 3, 'feature_extraction__params': ('tsfel', {'config_file': 'tsfel_config.json'}), 'feature_selection__strategy': 'pca', 'feature_selection__threshold': 0.9, 'imputation__params': ('ffill', None)}",0.4877326913059625,0.5052684190662708,0.6047478864734299,0.5978957825340919,0.5818936753097369,0.5555076909378984,0.04906119107831729,493,0.8972883919407983,0.8561342611867444,0.8279001329607009,0.7973383546057449,0.7810907165404788,0.8319503714468933,0.04160533159059734
195.19212312698363,91.25235181899475,66.00844497680664,0.7627179228793606,7,100,3,"('tsfel', {'config_file': 'tsfel_config.json'})",pca,0.95,"('interpolate', 'linear')","{'classifier__base_estimator__max_depth': 7, 'classifier__base_estimator__n_estimators': 100, 'feature_extraction__n_lags': 3, 'feature_extraction__params': ('tsfel', {'config_file': 'tsfel_config.json'}), 'feature_selection__strategy': 'pca', 'feature_selection__threshold': 0.95, 'imputation__params': ('interpolate', 'linear')}",0.4877326913059625,0.5052684190662708,0.6047478864734299,0.5978957825340919,0.5818936753097369,0.5555076909378984,0.04906119107831729,493,0.8972883919407983,0.8561342611867444,0.8279001329607009,0.7973383546057449,0.7810907165404788,0.8319503714468933,0.04160533159059734
195.86975746154786,93.6626374247475,65.09033117294311,1.3540138868493334,7,100,3,"('tsfel', {'config_file': 'tsfel_config.json'})",pca,0.95,"('interpolate', ('polynomial', 2))","{'classifier__base_estimator__max_depth': 7, 'classifier__base_estimator__n_estimators': 100, 'feature_extraction__n_lags': 3, 'feature_extraction__params': ('tsfel', {'config_file': 'tsfel_config.json'}), 'feature_selection__strategy': 'pca', 'feature_selection__threshold': 0.95, 'imputation__params': ('interpolate', ('polynomial', 2))}",0.4877326913059625,0.5052684190662708,0.6047478864734299,0.5978957825340919,0.5818936753097369,0.5555076909378984,0.04906119107831729,493,0.8972883919407983,0.8561342611867444,0.8279001329607009,0.7973383546057449,0.7810907165404788,0.8319503714468933,0.04160533159059734
190.91042456626892,89.02191499929913,65.07162146568298,0.9011690541770584,7,100,3,"('tsfel', {'config_file': 'tsfel_config.json'})",pca,0.95,"('interpolate', ('polynomial', 3))","{'classifier__base_estimator__max_depth': 7, 'classifier__base_estimator__n_estimators': 100, 'feature_extraction__n_lags': 3, 'feature_extraction__params': ('tsfel', {'config_file': 'tsfel_config.json'}), 'feature_selection__strategy': 'pca', 'feature_selection__threshold': 0.95, 'imputation__params': ('interpolate', ('polynomial', 3))}",0.4877326913059625,0.5052684190662708,0.6047478864734299,0.5978957825340919,0.5818936753097369,0.5555076909378984,0.04906119107831729,493,0.8972883919407983,0.8561342611867444,0.8279001329607009,0.7973383546057449,0.7810907165404788,0.8319503714468933,0.04160533159059734
194.68027739524842,92.2886833824397,65.81038761138916,0.3720229070671171,7,100,3,"('tsfel', {'config_file': 'tsfel_config.json'})",pca,0.95,"('ffill', None)","{'classifier__base_estimator__max_depth': 7, 'classifier__base_estimator__n_estimators': 100, 'feature_extraction__n_lags': 3, 'feature_extraction__params': ('tsfel', {'config_file': 'tsfel_config.json'}), 'feature_selection__strategy': 'pca', 'feature_selection__threshold': 0.95, 'imputation__params': ('ffill', None)}",0.4877326913059625,0.5052684190662708,0.6047478864734299,0.5978957825340919,0.5818936753097369,0.5555076909378984,0.04906119107831729,493,0.8972883919407983,0.8561342611867444,0.8279001329607009,0.7973383546057449,0.7810907165404788,0.8319503714468933,0.04160533159059734
191.92444252967834,90.33660677463467,64.15142860412598,1.5612768034209334,7,100,5,"('tsfel', {'config_file': 'tsfel_config.json'})",correlation,0.85,"('interpolate', 'linear')","{'classifier__base_estimator__max_depth': 7, 'classifier__base_estimator__n_estimators': 100, 'feature_extraction__n_lags': 5, 'feature_extraction__params': ('tsfel', {'config_file': 'tsfel_config.json'}), 'feature_selection__strategy': 'correlation', 'feature_selection__threshold': 0.85, 'imputation__params': ('interpolate', 'linear')}",0.4732407919251479,0.6685198122320083,0.6575826037842417,0.6184371145148027,0.6906973613354873,0.6216955367583376,0.07783453568607743,41,0.9988261387811759,0.9976596173060539,0.9960475148938689,0.9936847089435302,0.9889686288552073,0.9950373217559673,0.0034902909197510015
196.11371779441833,90.23748110196681,64.62139101028443,0.866033157723733,7,100,5,"('tsfel', {'config_file': 'tsfel_config.json'})",correlation,0.85,"('interpolate', ('polynomial', 2))","{'classifier__base_estimator__max_depth': 7, 'classifier__base_estimator__n_estimators': 100, 'feature_extraction__n_lags': 5, 'feature_extraction__params': ('tsfel', {'config_file': 'tsfel_config.json'}), 'feature_selection__strategy': 'correlation', 'feature_selection__threshold': 0.85, 'imputation__params': ('interpolate', ('polynomial', 2))}",0.4732407919251479,0.6685198122320083,0.6575826037842417,0.6184371145148027,0.6906973613354873,0.6216955367583376,0.07783453568607743,41,0.9988261387811759,0.9976596173060539,0.9960475148938689,0.9936847089435302,0.9889686288552073,0.9950373217559673,0.0034902909197510015
194.6383596420288,93.34453432568131,64.39777536392212,1.169567853150486,7,100,5,"('tsfel', {'config_file': 'tsfel_config.json'})",correlation,0.85,"('interpolate', ('polynomial', 3))","{'classifier__base_estimator__max_depth': 7, 'classifier__base_estimator__n_estimators': 100, 'feature_extraction__n_lags': 5, 'feature_extraction__params': ('tsfel', {'config_file': 'tsfel_config.json'}), 'feature_selection__strategy': 'correlation', 'feature_selection__threshold': 0.85, 'imputation__params': ('interpolate', ('polynomial', 3))}",0.4732407919251479,0.6685198122320083,0.6575826037842417,0.6184371145148027,0.6906973613354873,0.6216955367583376,0.07783453568607743,41,0.9988261387811759,0.9976596173060539,0.9960475148938689,0.9936847089435302,0.9889686288552073,0.9950373217559673,0.0034902909197510015
193.62181754112243,92.63626564925158,63.97989087104797,1.3889262716396327,7,100,5,"('tsfel', {'config_file': 'tsfel_config.json'})",correlation,0.85,"('ffill', None)","{'classifier__base_estimator__max_depth': 7, 'classifier__base_estimator__n_estimators': 100, 'feature_extraction__n_lags': 5, 'feature_extraction__params': ('tsfel', {'config_file': 'tsfel_config.json'}), 'feature_selection__strategy': 'correlation', 'feature_selection__threshold': 0.85, 'imputation__params': ('ffill', None)}",0.4732407919251479,0.6685198122320083,0.6575826037842417,0.6184371145148027,0.6906973613354873,0.6216955367583376,0.07783453568607743,41,0.9988261387811759,0.9976596173060539,0.9960475148938689,0.9936847089435302,0.9889686288552073,0.9950373217559673,0.0034902909197510015
194.80528054237365,92.94295821711091,64.3803469657898,0.9035967291846383,7,100,5,"('tsfel', {'config_file': 'tsfel_config.json'})",correlation,0.9,"('interpolate', 'linear')","{'classifier__base_estimator__max_depth': 7, 'classifier__base_estimator__n_estimators': 100, 'feature_extraction__n_lags': 5, 'feature_extraction__params': ('tsfel', {'config_file': 'tsfel_config.json'}), 'feature_selection__strategy': 'correlation', 'feature_selection__threshold': 0.9, 'imputation__params': ('interpolate', 'linear')}",0.4588106279303073,0.7042983828713391,0.634732722798241,0.5860606411047149,0.6225977029758909,0.6013000155360986,0.08088938767504383,185,0.9990162499811398,0.9979031566757371,0.996790050698335,0.9934125154181692,0.990932785828816,0.9956109517204395,0.002998629436452018
194.92941040992736,94.46220208274536,64.14326438903808,2.315642596417455,7,100,5,"('tsfel', {'config_file': 'tsfel_config.json'})",correlation,0.9,"('interpolate', ('polynomial', 2))","{'classifier__base_estimator__max_depth': 7, 'classifier__base_estimator__n_estimators': 100, 'feature_extraction__n_lags': 5, 'feature_extraction__params': ('tsfel', {'config_file': 'tsfel_config.json'}), 'feature_selection__strategy': 'correlation', 'feature_selection__threshold': 0.9, 'imputation__params': ('interpolate', ('polynomial', 2))}",0.4588106279303073,0.7042983828713391,0.634732722798241,0.5860606411047149,0.6225977029758909,0.6013000155360986,0.08088938767504383,185,0.9990162499811398,0.9979031566757371,0.996790050698335,0.9934125154181692,0.990932785828816,0.9956109517204395,0.002998629436452018
193.3151303768158,92.57513910250492,63.2825813293457,1.9066209895927917,7,100,5,"('tsfel', {'config_file': 'tsfel_config.json'})",correlation,0.9,"('interpolate', ('polynomial', 3))","{'classifier__base_estimator__max_depth': 7, 'classifier__base_estimator__n_estimators': 100, 'feature_extraction__n_lags': 5, 'feature_extraction__params': ('tsfel', {'config_file': 'tsfel_config.json'}), 'feature_selection__strategy': 'correlation', 'feature_selection__threshold': 0.9, 'imputation__params': ('interpolate', ('polynomial', 3))}",0.4588106279303073,0.7042983828713391,0.634732722798241,0.5860606411047149,0.6225977029758909,0.6013000155360986,0.08088938767504383,185,0.9990162499811398,0.9979031566757371,0.996790050698335,0.9934125154181692,0.990932785828816,0.9956109517204395,0.002998629436452018
192.98183517456056,92.18877085897607,63.641518926620485,1.6372405173870657,7,100,5,"('tsfel', {'config_file': 'tsfel_config.json'})",correlation,0.9,"('ffill', None)","{'classifier__base_estimator__max_depth': 7, 'classifier__base_estimator__n_estimators': 100, 'feature_extraction__n_lags': 5, 'feature_extraction__params': ('tsfel', {'config_file': 'tsfel_config.json'}), 'feature_selection__strategy': 'correlation', 'feature_selection__threshold': 0.9, 'imputation__params': ('ffill', None)}",0.4588106279303073,0.7042983828713391,0.634732722798241,0.5860606411047149,0.6225977029758909,0.6013000155360986,0.08088938767504383,185,0.9990162499811398,0.9979031566757371,0.996790050698335,0.9934125154181692,0.990932785828816,0.9956109517204395,0.002998629436452018
196.23018550872803,93.34311623213885,64.83714113235473,0.9282943383146193,7,100,5,"('tsfel', {'config_file': 'tsfel_config.json'})",correlation,0.95,"('interpolate', 'linear')","{'classifier__base_estimator__max_depth': 7, 'classifier__base_estimator__n_estimators': 100, 'feature_extraction__n_lags': 5, 'feature_extraction__params': ('tsfel', {'config_file': 'tsfel_config.json'}), 'feature_selection__strategy': 'correlation', 'feature_selection__threshold': 0.95, 'imputation__params': ('interpolate', 'linear')}",0.47396121245623735,0.7211192654664438,0.6136248840117804,0.5787332099780702,0.6302007468418126,0.603527863750869,0.08005425941370481,157,0.9992289934668135,0.9979184810310415,0.9967542955495936,0.9937967296204293,0.9902364618810744,0.9955869923097904,0.003221671159639608
195.67287621498107,91.78565130429661,65.22405829429627,1.5902932677909054,7,100,5,"('tsfel', {'config_file': 'tsfel_config.json'})",correlation,0.95,"('interpolate', ('polynomial', 2))","{'classifier__base_estimator__max_depth': 7, 'classifier__base_estimator__n_estimators': 100, 'feature_extraction__n_lags': 5, 'feature_extraction__params': ('tsfel', {'config_file': 'tsfel_config.json'}), 'feature_selection__strategy': 'correlation', 'feature_selection__threshold': 0.95, 'imputation__params': ('interpolate', ('polynomial', 2))}",0.47396121245623735,0.7211192654664438,0.6136248840117804,0.5787332099780702,0.6302007468418126,0.603527863750869,0.08005425941370481,157,0.9992289934668135,0.9979184810310415,0.9967542955495936,0.9937967296204293,0.9902364618810744,0.9955869923097904,0.003221671159639608
195.1046995162964,94.60701722868892,64.30171418190002,2.1061725048034257,7,100,5,"('tsfel', {'config_file': 'tsfel_config.json'})",correlation,0.95,"('interpolate', ('polynomial', 3))","{'classifier__base_estimator__max_depth': 7, 'classifier__base_estimator__n_estimators': 100, 'feature_extraction__n_lags': 5, 'feature_extraction__params': ('tsfel', {'config_file': 'tsfel_config.json'}), 'feature_selection__strategy': 'correlation', 'feature_selection__threshold': 0.95, 'imputation__params': ('interpolate', ('polynomial', 3))}",0.47396121245623735,0.7211192654664438,0.6136248840117804,0.5787332099780702,0.6302007468418126,0.603527863750869,0.08005425941370481,157,0.9992289934668135,0.9979184810310415,0.9967542955495936,0.9937967296204293,0.9902364618810744,0.9955869923097904,0.003221671159639608
193.399680185318,90.8582174023187,64.03613605499268,1.53305919182291,7,100,5,"('tsfel', {'config_file': 'tsfel_config.json'})",correlation,0.95,"('ffill', None)","{'classifier__base_estimator__max_depth': 7, 'classifier__base_estimator__n_estimators': 100, 'feature_extraction__n_lags': 5, 'feature_extraction__params': ('tsfel', {'config_file': 'tsfel_config.json'}), 'feature_selection__strategy': 'correlation', 'feature_selection__threshold': 0.95, 'imputation__params': ('ffill', None)}",0.47396121245623735,0.7211192654664438,0.6136248840117804,0.5787332099780702,0.6302007468418126,0.603527863750869,0.08005425941370481,157,0.9992289934668135,0.9979184810310415,0.9967542955495936,0.9937967296204293,0.9902364618810744,0.9955869923097904,0.003221671159639608
191.48526678085327,89.48577519770534,64.83687238693237,0.8269121457329326,7,100,5,"('tsfel', {'config_file': 'tsfel_config.json'})",pca,0.85,"('interpolate', 'linear')","{'classifier__base_estimator__max_depth': 7, 'classifier__base_estimator__n_estimators': 100, 'feature_extraction__n_lags': 5, 'feature_extraction__params': ('tsfel', {'config_file': 'tsfel_config.json'}), 'feature_selection__strategy': 'pca', 'feature_selection__threshold': 0.85, 'imputation__params': ('interpolate', 'linear')}",0.5434939500030711,0.47667959324063747,0.608192197522895,0.5089314778645834,0.5791985575182959,0.5432991552298965,0.04715764043044533,625,0.8955927395627443,0.8500747592779541,0.8230825993253373,0.790391033530631,0.7715186770007185,0.8261319617394772,0.04397131028318617
192.36966309547424,93.44471815490333,64.8586503982544,1.3000625976811402,7,100,5,"('tsfel', {'config_file': 'tsfel_config.json'})",pca,0.85,"('interpolate', ('polynomial', 2))","{'classifier__base_estimator__max_depth': 7, 'classifier__base_estimator__n_estimators': 100, 'feature_extraction__n_lags': 5, 'feature_extraction__params': ('tsfel', {'config_file': 'tsfel_config.json'}), 'feature_selection__strategy': 'pca', 'feature_selection__threshold': 0.85, 'imputation__params': ('interpolate', ('polynomial', 2))}",0.5434939500030711,0.47667959324063747,0.608192197522895,0.5089314778645834,0.5791985575182959,0.5432991552298965,0.04715764043044533,625,0.8955927395627443,0.8500747592779541,0.8230825993253373,0.790391033530631,0.7715186770007185,0.8261319617394772,0.04397131028318617
188.5979402065277,89.79955837542211,63.848149967193606,2.041206037053546,7,100,5,"('tsfel', {'config_file': 'tsfel_config.json'})",pca,0.85,"('interpolate', ('polynomial', 3))","{'classifier__base_estimator__max_depth': 7, 'classifier__base_estimator__n_estimators': 100, 'feature_extraction__n_lags': 5, 'feature_extraction__params': ('tsfel', {'config_file': 'tsfel_config.json'}), 'feature_selection__strategy': 'pca', 'feature_selection__threshold': 0.85, 'imputation__params': ('interpolate', ('polynomial', 3))}",0.5434939500030711,0.47667959324063747,0.608192197522895,0.5089314778645834,0.5791985575182959,0.5432991552298965,0.04715764043044533,625,0.8955927395627443,0.8500747592779541,0.8230825993253373,0.790391033530631,0.7715186770007185,0.8261319617394772,0.04397131028318617
193.2577398777008,96.07750407677,65.94213681221008,3.4410279347956165,7,100,5,"('tsfel', {'config_file': 'tsfel_config.json'})",pca,0.85,"('ffill', None)","{'classifier__base_estimator__max_depth': 7, 'classifier__base_estimator__n_estimators': 100, 'feature_extraction__n_lags': 5, 'feature_extraction__params': ('tsfel', {'config_file': 'tsfel_config.json'}), 'feature_selection__strategy': 'pca', 'feature_selection__threshold': 0.85, 'imputation__params': ('ffill', None)}",0.5434939500030711,0.47667959324063747,0.608192197522895,0.5089314778645834,0.5791985575182959,0.5432991552298965,0.04715764043044533,625,0.8955927395627443,0.8500747592779541,0.8230825993253373,0.790391033530631,0.7715186770007185,0.8261319617394772,0.04397131028318617
193.23311486244202,86.44204089154752,66.75701127052307,4.945689901021915,7,100,5,"('tsfel', {'config_file': 'tsfel_config.json'})",pca,0.9,"('interpolate', 'linear')","{'classifier__base_estimator__max_depth': 7, 'classifier__base_estimator__n_estimators': 100, 'feature_extraction__n_lags': 5, 'feature_extraction__params': ('tsfel', {'config_file': 'tsfel_config.json'}), 'feature_selection__strategy': 'pca', 'feature_selection__threshold': 0.9, 'imputation__params': ('interpolate', 'linear')}",0.5434939500030711,0.47667959324063747,0.608192197522895,0.5089314778645834,0.5791985575182959,0.5432991552298965,0.04715764043044533,625,0.8955927395627443,0.8500747592779541,0.8230825993253373,0.790391033530631,0.7715186770007185,0.8261319617394772,0.04397131028318617
193.21709661483766,92.74864461665032,64.67779355049133,1.5969324572747128,7,100,5,"('tsfel', {'config_file': 'tsfel_config.json'})",pca,0.9,"('interpolate', ('polynomial', 2))","{'classifier__base_estimator__max_depth': 7, 'classifier__base_estimator__n_estimators': 100, 'feature_extraction__n_lags': 5, 'feature_extraction__params': ('tsfel', {'config_file': 'tsfel_config.json'}), 'feature_selection__strategy': 'pca', 'feature_selection__threshold': 0.9, 'imputation__params': ('interpolate', ('polynomial', 2))}",0.5434939500030711,0.47667959324063747,0.608192197522895,0.5089314778645834,0.5791985575182959,0.5432991552298965,0.04715764043044533,625,0.8955927395627443,0.8500747592779541,0.8230825993253373,0.790391033530631,0.7715186770007185,0.8261319617394772,0.04397131028318617
189.27629528045654,91.78834137801445,63.06594829559326,1.3730057176327615,7,100,5,"('tsfel', {'config_file': 'tsfel_config.json'})",pca,0.9,"('interpolate', ('polynomial', 3))","{'classifier__base_estimator__max_depth': 7, 'classifier__base_estimator__n_estimators': 100, 'feature_extraction__n_lags': 5, 'feature_extraction__params': ('tsfel', {'config_file': 'tsfel_config.json'}), 'feature_selection__strategy': 'pca', 'feature_selection__threshold': 0.9, 'imputation__params': ('interpolate', ('polynomial', 3))}",0.5434939500030711,0.47667959324063747,0.608192197522895,0.5089314778645834,0.5791985575182959,0.5432991552298965,0.04715764043044533,625,0.8955927395627443,0.8500747592779541,0.8230825993253373,0.790391033530631,0.7715186770007185,0.8261319617394772,0.04397131028318617
190.96009993553162,91.94292166959856,65.4499315738678,0.9489461324623113,7,100,5,"('tsfel', {'config_file': 'tsfel_config.json'})",pca,0.9,"('ffill', None)","{'classifier__base_estimator__max_depth': 7, 'classifier__base_estimator__n_estimators': 100, 'feature_extraction__n_lags': 5, 'feature_extraction__params': ('tsfel', {'config_file': 'tsfel_config.json'}), 'feature_selection__strategy': 'pca', 'feature_selection__threshold': 0.9, 'imputation__params': ('ffill', None)}",0.5434939500030711,0.47667959324063747,0.608192197522895,0.5089314778645834,0.5791985575182959,0.5432991552298965,0.04715764043044533,625,0.8955927395627443,0.8500747592779541,0.8230825993253373,0.790391033530631,0.7715186770007185,0.8261319617394772,0.04397131028318617
193.58917784690857,93.29174188095804,65.40367708206176,1.6162599533856172,7,100,5,"('tsfel', {'config_file': 'tsfel_config.json'})",pca,0.95,"('interpolate', 'linear')","{'classifier__base_estimator__max_depth': 7, 'classifier__base_estimator__n_estimators': 100, 'feature_extraction__n_lags': 5, 'feature_extraction__params': ('tsfel', {'config_file': 'tsfel_config.json'}), 'feature_selection__strategy': 'pca', 'feature_selection__threshold': 0.95, 'imputation__params': ('interpolate', 'linear')}",0.5434939500030711,0.47667959324063747,0.608192197522895,0.5089314778645834,0.5791985575182959,0.5432991552298965,0.04715764043044533,625,0.8955927395627443,0.8500747592779541,0.8230825993253373,0.790391033530631,0.7715186770007185,0.8261319617394772,0.04397131028318617
192.42849884033203,93.00468708267282,64.74841136932373,1.9359524223531843,7,100,5,"('tsfel', {'config_file': 'tsfel_config.json'})",pca,0.95,"('interpolate', ('polynomial', 2))","{'classifier__base_estimator__max_depth': 7, 'classifier__base_estimator__n_estimators': 100, 'feature_extraction__n_lags': 5, 'feature_extraction__params': ('tsfel', {'config_file': 'tsfel_config.json'}), 'feature_selection__strategy': 'pca', 'feature_selection__threshold': 0.95, 'imputation__params': ('interpolate', ('polynomial', 2))}",0.5434939500030711,0.47667959324063747,0.608192197522895,0.5089314778645834,0.5791985575182959,0.5432991552298965,0.04715764043044533,625,0.8955927395627443,0.8500747592779541,0.8230825993253373,0.790391033530631,0.7715186770007185,0.8261319617394772,0.04397131028318617
188.93834528923034,90.33571361443666,63.56775255203247,1.365199367243761,7,100,5,"('tsfel', {'config_file': 'tsfel_config.json'})",pca,0.95,"('interpolate', ('polynomial', 3))","{'classifier__base_estimator__max_depth': 7, 'classifier__base_estimator__n_estimators': 100, 'feature_extraction__n_lags': 5, 'feature_extraction__params': ('tsfel', {'config_file': 'tsfel_config.json'}), 'feature_selection__strategy': 'pca', 'feature_selection__threshold': 0.95, 'imputation__params': ('interpolate', ('polynomial', 3))}",0.5434939500030711,0.47667959324063747,0.608192197522895,0.5089314778645834,0.5791985575182959,0.5432991552298965,0.04715764043044533,625,0.8955927395627443,0.8500747592779541,0.8230825993253373,0.790391033530631,0.7715186770007185,0.8261319617394772,0.04397131028318617
190.57275638580322,91.67471291644219,64.72296032905578,0.6986608514725996,7,100,5,"('tsfel', {'config_file': 'tsfel_config.json'})",pca,0.95,"('ffill', None)","{'classifier__base_estimator__max_depth': 7, 'classifier__base_estimator__n_estimators': 100, 'feature_extraction__n_lags': 5, 'feature_extraction__params': ('tsfel', {'config_file': 'tsfel_config.json'}), 'feature_selection__strategy': 'pca', 'feature_selection__threshold': 0.95, 'imputation__params': ('ffill', None)}",0.5434939500030711,0.47667959324063747,0.608192197522895,0.5089314778645834,0.5791985575182959,0.5432991552298965,0.04715764043044533,625,0.8955927395627443,0.8500747592779541,0.8230825993253373,0.790391033530631,0.7715186770007185,0.8261319617394772,0.04397131028318617
188.39191670417785,88.17800933260833,63.48249497413635,1.9353658218988312,7,100,8,"('tsfel', {'config_file': 'tsfel_config.json'})",correlation,0.85,"('interpolate', 'linear')","{'classifier__base_estimator__max_depth': 7, 'classifier__base_estimator__n_estimators': 100, 'feature_extraction__n_lags': 8, 'feature_extraction__params': ('tsfel', {'config_file': 'tsfel_config.json'}), 'feature_selection__strategy': 'correlation', 'feature_selection__threshold': 0.85, 'imputation__params': ('interpolate', 'linear')}",0.3705905345999378,0.6369617834894632,0.6136616965836711,0.5510415620641562,0.6579829653586413,0.566047708419174,0.10409292061073191,417,0.9999513377095834,0.9991670643490616,0.9980276487800609,0.995092417080564,0.9921279692676848,0.9968732874373909,0.0028899100286229316
191.0752425670624,92.86842153163158,63.53879971504212,1.8908312045797306,7,100,8,"('tsfel', {'config_file': 'tsfel_config.json'})",correlation,0.85,"('interpolate', ('polynomial', 2))","{'classifier__base_estimator__max_depth': 7, 'classifier__base_estimator__n_estimators': 100, 'feature_extraction__n_lags': 8, 'feature_extraction__params': ('tsfel', {'config_file': 'tsfel_config.json'}), 'feature_selection__strategy': 'correlation', 'feature_selection__threshold': 0.85, 'imputation__params': ('interpolate', ('polynomial', 2))}",0.3705905345999378,0.6369617834894632,0.6136616965836711,0.5510415620641562,0.6579829653586413,0.566047708419174,0.10409292061073191,417,0.9999513377095834,0.9991670643490616,0.9980276487800609,0.995092417080564,0.9921279692676848,0.9968732874373909,0.0028899100286229316
189.36256771087648,90.1706544218436,62.851832914352414,2.2211830010397966,7,100,8,"('tsfel', {'config_file': 'tsfel_config.json'})",correlation,0.85,"('interpolate', ('polynomial', 3))","{'classifier__base_estimator__max_depth': 7, 'classifier__base_estimator__n_estimators': 100, 'feature_extraction__n_lags': 8, 'feature_extraction__params': ('tsfel', {'config_file': 'tsfel_config.json'}), 'feature_selection__strategy': 'correlation', 'feature_selection__threshold': 0.85, 'imputation__params': ('interpolate', ('polynomial', 3))}",0.3705905345999378,0.6369617834894632,0.6136616965836711,0.5510415620641562,0.6579829653586413,0.566047708419174,0.10409292061073191,417,0.9999513377095834,0.9991670643490616,0.9980276487800609,0.995092417080564,0.9921279692676848,0.9968732874373909,0.0028899100286229316
189.80782465934755,89.06218288670205,63.5233952999115,1.011410977044284,7,100,8,"('tsfel', {'config_file': 'tsfel_config.json'})",correlation,0.85,"('ffill', None)","{'classifier__base_estimator__max_depth': 7, 'classifier__base_estimator__n_estimators': 100, 'feature_extraction__n_lags': 8, 'feature_extraction__params': ('tsfel', {'config_file': 'tsfel_config.json'}), 'feature_selection__strategy': 'correlation', 'feature_selection__threshold': 0.85, 'imputation__params': ('ffill', None)}",0.3705905345999378,0.6369617834894632,0.6136616965836711,0.5510415620641562,0.6579829653586413,0.566047708419174,0.10409292061073191,417,0.9999513377095834,0.9991670643490616,0.9980276487800609,0.995092417080564,0.9921279692676848,0.9968732874373909,0.0028899100286229316
189.5796127319336,92.41159068858312,62.77634105682373,1.5368422309652778,7,100,8,"('tsfel', {'config_file': 'tsfel_config.json'})",correlation,0.9,"('interpolate', 'linear')","{'classifier__base_estimator__max_depth': 7, 'classifier__base_estimator__n_estimators': 100, 'feature_extraction__n_lags': 8, 'feature_extraction__params': ('tsfel', {'config_file': 'tsfel_config.json'}), 'feature_selection__strategy': 'correlation', 'feature_selection__threshold': 0.9, 'imputation__params': ('interpolate', 'linear')}",0.3708011153900149,0.6879668204428125,0.6123570497973364,0.5920223152022315,0.6665048444113202,0.5859304290487432,0.11306614041004258,309,0.9998926073590806,0.9991391447183039,0.9976062023560851,0.9954707847838352,0.993087508424711,0.9970392495284031,0.002487930289732222
185.76643357276916,87.25669573933654,62.68294091224671,0.8785219264862439,7,100,8,"('tsfel', {'config_file': 'tsfel_config.json'})",correlation,0.9,"('interpolate', ('polynomial', 2))","{'classifier__base_estimator__max_depth': 7, 'classifier__base_estimator__n_estimators': 100, 'feature_extraction__n_lags': 8, 'feature_extraction__params': ('tsfel', {'config_file': 'tsfel_config.json'}), 'feature_selection__strategy': 'correlation', 'feature_selection__threshold': 0.9, 'imputation__params': ('interpolate', ('polynomial', 2))}",0.3708011153900149,0.6879668204428125,0.6123570497973364,0.5920223152022315,0.6665048444113202,0.5859304290487432,0.11306614041004258,309,0.9998926073590806,0.9991391447183039,0.9976062023560851,0.9954707847838352,0.993087508424711,0.9970392495284031,0.002487930289732222
191.62330679893495,91.06544999134735,63.86883406639099,1.377187862804503,7,100,8,"('tsfel', {'config_file': 'tsfel_config.json'})",correlation,0.9,"('interpolate', ('polynomial', 3))","{'classifier__base_estimator__max_depth': 7, 'classifier__base_estimator__n_estimators': 100, 'feature_extraction__n_lags': 8, 'feature_extraction__params': ('tsfel', {'config_file': 'tsfel_config.json'}), 'feature_selection__strategy': 'correlation', 'feature_selection__threshold': 0.9, 'imputation__params': ('interpolate', ('polynomial', 3))}",0.3708011153900149,0.6879668204428125,0.6123570497973364,0.5920223152022315,0.6665048444113202,0.5859304290487432,0.11306614041004258,309,0.9998926073590806,0.9991391447183039,0.9976062023560851,0.9954707847838352,0.993087508424711,0.9970392495284031,0.002487930289732222
188.22858090400695,91.06865206278623,62.30011534690857,2.246394786852058,7,100,8,"('tsfel', {'config_file': 'tsfel_config.json'})",correlation,0.9,"('ffill', None)","{'classifier__base_estimator__max_depth': 7, 'classifier__base_estimator__n_estimators': 100, 'feature_extraction__n_lags': 8, 'feature_extraction__params': ('tsfel', {'config_file': 'tsfel_config.json'}), 'feature_selection__strategy': 'correlation', 'feature_selection__threshold': 0.9, 'imputation__params': ('ffill', None)}",0.3708011153900149,0.6879668204428125,0.6123570497973364,0.5920223152022315,0.6665048444113202,0.5859304290487432,0.11306614041004258,309,0.9998926073590806,0.9991391447183039,0.9976062023560851,0.9954707847838352,0.993087508424711,0.9970392495284031,0.002487930289732222
189.3770903110504,89.18167978648623,63.39355421066284,1.0242436419076941,7,100,8,"('tsfel', {'config_file': 'tsfel_config.json'})",correlation,0.95,"('interpolate', 'linear')","{'classifier__base_estimator__max_depth': 7, 'classifier__base_estimator__n_estimators': 100, 'feature_extraction__n_lags': 8, 'feature_extraction__params': ('tsfel', {'config_file': 'tsfel_config.json'}), 'feature_selection__strategy': 'correlation', 'feature_selection__threshold': 0.95, 'imputation__params': ('interpolate', 'linear')}",0.3967273267800958,0.6394449544163567,0.5850716560509555,0.6379860529986053,0.6648729467376862,0.5848205873967398,0.09756834134685169,317,0.999968117809727,0.9993296703467152,0.9980738872156589,0.9963054700895717,0.9924257336747462,0.9972205758272839,0.0027038245779509983
190.14047899246216,93.10329438224315,63.05771274566651,1.8302059141223679,7,100,8,"('tsfel', {'config_file': 'tsfel_config.json'})",correlation,0.95,"('interpolate', ('polynomial', 2))","{'classifier__base_estimator__max_depth': 7, 'classifier__base_estimator__n_estimators': 100, 'feature_extraction__n_lags': 8, 'feature_extraction__params': ('tsfel', {'config_file': 'tsfel_config.json'}), 'feature_selection__strategy': 'correlation', 'feature_selection__threshold': 0.95, 'imputation__params': ('interpolate', ('polynomial', 2))}",0.3967273267800958,0.6394449544163567,0.5850716560509555,0.6379860529986053,0.6648729467376862,0.5848205873967398,0.09756834134685169,317,0.999968117809727,0.9993296703467152,0.9980738872156589,0.9963054700895717,0.9924257336747462,0.9972205758272839,0.0027038245779509983
187.0622539997101,87.95229930793248,62.6459153175354,2.214026157067997,7,100,8,"('tsfel', {'config_file': 'tsfel_config.json'})",correlation,0.95,"('interpolate', ('polynomial', 3))","{'classifier__base_estimator__max_depth': 7, 'classifier__base_estimator__n_estimators': 100, 'feature_extraction__n_lags': 8, 'feature_extraction__params': ('tsfel', {'config_file': 'tsfel_config.json'}), 'feature_selection__strategy': 'correlation', 'feature_selection__threshold': 0.95, 'imputation__params': ('interpolate', ('polynomial', 3))}",0.3967273267800958,0.6394449544163567,0.5850716560509555,0.6379860529986053,0.6648729467376862,0.5848205873967398,0.09756834134685169,317,0.999968117809727,0.9993296703467152,0.9980738872156589,0.9963054700895717,0.9924257336747462,0.9972205758272839,0.0027038245779509983
193.0134334564209,92.00807850545503,63.35653209686279,1.5066421220628183,7,100,8,"('tsfel', {'config_file': 'tsfel_config.json'})",correlation,0.95,"('ffill', None)","{'classifier__base_estimator__max_depth': 7, 'classifier__base_estimator__n_estimators': 100, 'feature_extraction__n_lags': 8, 'feature_extraction__params': ('tsfel', {'config_file': 'tsfel_config.json'}), 'feature_selection__strategy': 'correlation', 'feature_selection__threshold': 0.95, 'imputation__params': ('ffill', None)}",0.3967273267800958,0.6394449544163567,0.5850716560509555,0.6379860529986053,0.6648729467376862,0.5848205873967398,0.09756834134685169,317,0.999968117809727,0.9993296703467152,0.9980738872156589,0.9963054700895717,0.9924257336747462,0.9972205758272839,0.0027038245779509983
184.86193227767944,89.78246967576911,62.9778247833252,1.79619470965178,7,100,8,"('tsfel', {'config_file': 'tsfel_config.json'})",pca,0.85,"('interpolate', 'linear')","{'classifier__base_estimator__max_depth': 7, 'classifier__base_estimator__n_estimators': 100, 'feature_extraction__n_lags': 8, 'feature_extraction__params': ('tsfel', {'config_file': 'tsfel_config.json'}), 'feature_selection__strategy': 'pca', 'feature_selection__threshold': 0.85, 'imputation__params': ('interpolate', 'linear')}",0.5239773068230928,0.5544532316527797,0.6174164012738854,0.43860418410041846,0.569762485954512,0.5408427219609377,0.059367142324128395,637,0.8857006698615977,0.8467793930375679,0.8260296904889342,0.7960318764023445,0.7740614098617122,0.8257206079304314,0.038964777213101175
186.89154143333434,89.05741479137205,63.749101877212524,1.7164928075839874,7,100,8,"('tsfel', {'config_file': 'tsfel_config.json'})",pca,0.85,"('interpolate', ('polynomial', 2))","{'classifier__base_estimator__max_depth': 7, 'classifier__base_estimator__n_estimators': 100, 'feature_extraction__n_lags': 8, 'feature_extraction__params': ('tsfel', {'config_file': 'tsfel_config.json'}), 'feature_selection__strategy': 'pca', 'feature_selection__threshold': 0.85, 'imputation__params': ('interpolate', ('polynomial', 2))}",0.5239773068230928,0.5544532316527797,0.6174164012738854,0.43860418410041846,0.569762485954512,0.5408427219609377,0.059367142324128395,637,0.8857006698615977,0.8467793930375679,0.8260296904889342,0.7960318764023445,0.7740614098617122,0.8257206079304314,0.038964777213101175
187.95634269714355,92.3983250681102,63.40738854408264,2.004226730473082,7,100,8,"('tsfel', {'config_file': 'tsfel_config.json'})",pca,0.85,"('interpolate', ('polynomial', 3))","{'classifier__base_estimator__max_depth': 7, 'classifier__base_estimator__n_estimators': 100, 'feature_extraction__n_lags': 8, 'feature_extraction__params': ('tsfel', {'config_file': 'tsfel_config.json'}), 'feature_selection__strategy': 'pca', 'feature_selection__threshold': 0.85, 'imputation__params': ('interpolate', ('polynomial', 3))}",0.5239773068230928,0.5544532316527797,0.6174164012738854,0.43860418410041846,0.569762485954512,0.5408427219609377,0.059367142324128395,637,0.8857006698615977,0.8467793930375679,0.8260296904889342,0.7960318764023445,0.7740614098617122,0.8257206079304314,0.038964777213101175
185.68241271972656,86.83311479025271,63.11228160858154,1.3910486955880375,7,100,8,"('tsfel', {'config_file': 'tsfel_config.json'})",pca,0.85,"('ffill', None)","{'classifier__base_estimator__max_depth': 7, 'classifier__base_estimator__n_estimators': 100, 'feature_extraction__n_lags': 8, 'feature_extraction__params': ('tsfel', {'config_file': 'tsfel_config.json'}), 'feature_selection__strategy': 'pca', 'feature_selection__threshold': 0.85, 'imputation__params': ('ffill', None)}",0.5239773068230928,0.5544532316527797,0.6174164012738854,0.43860418410041846,0.569762485954512,0.5408427219609377,0.059367142324128395,637,0.8857006698615977,0.8467793930375679,0.8260296904889342,0.7960318764023445,0.7740614098617122,0.8257206079304314,0.038964777213101175
189.63643593788146,90.33231110625935,64.27878875732422,1.5069958114911615,7,100,8,"('tsfel', {'config_file': 'tsfel_config.json'})",pca,0.9,"('interpolate', 'linear')","{'classifier__base_estimator__max_depth': 7, 'classifier__base_estimator__n_estimators': 100, 'feature_extraction__n_lags': 8, 'feature_extraction__params': ('tsfel', {'config_file': 'tsfel_config.json'}), 'feature_selection__strategy': 'pca', 'feature_selection__threshold': 0.9, 'imputation__params': ('interpolate', 'linear')}",0.5239773068230928,0.5544532316527797,0.6174164012738854,0.43860418410041846,0.569762485954512,0.5408427219609377,0.059367142324128395,637,0.8857006698615977,0.8467793930375679,0.8260296904889342,0.7960318764023445,0.7740614098617122,0.8257206079304314,0.038964777213101175
188.3076247215271,91.7480540907345,63.951746225357056,1.6653932725206386,7,100,8,"('tsfel', {'config_file': 'tsfel_config.json'})",pca,0.9,"('interpolate', ('polynomial', 2))","{'classifier__base_estimator__max_depth': 7, 'classifier__base_estimator__n_estimators': 100, 'feature_extraction__n_lags': 8, 'feature_extraction__params': ('tsfel', {'config_file': 'tsfel_config.json'}), 'feature_selection__strategy': 'pca', 'feature_selection__threshold': 0.9, 'imputation__params': ('interpolate', ('polynomial', 2))}",0.5239773068230928,0.5544532316527797,0.6174164012738854,0.43860418410041846,0.569762485954512,0.5408427219609377,0.059367142324128395,637,0.8857006698615977,0.8467793930375679,0.8260296904889342,0.7960318764023445,0.7740614098617122,0.8257206079304314,0.038964777213101175
186.1112862110138,89.07674748836273,63.62385187149048,1.340873742373361,7,100,8,"('tsfel', {'config_file': 'tsfel_config.json'})",pca,0.9,"('interpolate', ('polynomial', 3))","{'classifier__base_estimator__max_depth': 7, 'classifier__base_estimator__n_estimators': 100, 'feature_extraction__n_lags': 8, 'feature_extraction__params': ('tsfel', {'config_file': 'tsfel_config.json'}), 'feature_selection__strategy': 'pca', 'feature_selection__threshold': 0.9, 'imputation__params': ('interpolate', ('polynomial', 3))}",0.5239773068230928,0.5544532316527797,0.6174164012738854,0.43860418410041846,0.569762485954512,0.5408427219609377,0.059367142324128395,637,0.8857006698615977,0.8467793930375679,0.8260296904889342,0.7960318764023445,0.7740614098617122,0.8257206079304314,0.038964777213101175
188.84683260917663,91.7938067454661,63.28431963920593,1.6445634216572997,7,100,8,"('tsfel', {'config_file': 'tsfel_config.json'})",pca,0.9,"('ffill', None)","{'classifier__base_estimator__max_depth': 7, 'classifier__base_estimator__n_estimators': 100, 'feature_extraction__n_lags': 8, 'feature_extraction__params': ('tsfel', {'config_file': 'tsfel_config.json'}), 'feature_selection__strategy': 'pca', 'feature_selection__threshold': 0.9, 'imputation__params': ('ffill', None)}",0.5239773068230928,0.5544532316527797,0.6174164012738854,0.43860418410041846,0.569762485954512,0.5408427219609377,0.059367142324128395,637,0.8857006698615977,0.8467793930375679,0.8260296904889342,0.7960318764023445,0.7740614098617122,0.8257206079304314,0.038964777213101175
186.49378881454467,87.7092944447978,63.83143877983093,1.2847300951766087,7,100,8,"('tsfel', {'config_file': 'tsfel_config.json'})",pca,0.95,"('interpolate', 'linear')","{'classifier__base_estimator__max_depth': 7, 'classifier__base_estimator__n_estimators': 100, 'feature_extraction__n_lags': 8, 'feature_extraction__params': ('tsfel', {'config_file': 'tsfel_config.json'}), 'feature_selection__strategy': 'pca', 'feature_selection__threshold': 0.95, 'imputation__params': ('interpolate', 'linear')}",0.5239773068230928,0.5544532316527797,0.6174164012738854,0.43860418410041846,0.569762485954512,0.5408427219609377,0.059367142324128395,637,0.8857006698615977,0.8467793930375679,0.8260296904889342,0.7960318764023445,0.7740614098617122,0.8257206079304314,0.038964777213101175
192.66135840415956,92.04502814681317,64.64331793785095,0.9444761690093472,7,100,8,"('tsfel', {'config_file': 'tsfel_config.json'})",pca,0.95,"('interpolate', ('polynomial', 2))","{'classifier__base_estimator__max_depth': 7, 'classifier__base_estimator__n_estimators': 100, 'feature_extraction__n_lags': 8, 'feature_extraction__params': ('tsfel', {'config_file': 'tsfel_config.json'}), 'feature_selection__strategy': 'pca', 'feature_selection__threshold': 0.95, 'imputation__params': ('interpolate', ('polynomial', 2))}",0.5239773068230928,0.5544532316527797,0.6174164012738854,0.43860418410041846,0.569762485954512,0.5408427219609377,0.059367142324128395,637,0.8857006698615977,0.8467793930375679,0.8260296904889342,0.7960318764023445,0.7740614098617122,0.8257206079304314,0.038964777213101175
188.54052600860595,90.03456374808071,64.80182719230652,2.535347647857891,7,100,8,"('tsfel', {'config_file': 'tsfel_config.json'})",pca,0.95,"('interpolate', ('polynomial', 3))","{'classifier__base_estimator__max_depth': 7, 'classifier__base_estimator__n_estimators': 100, 'feature_extraction__n_lags': 8, 'feature_extraction__params': ('tsfel', {'config_file': 'tsfel_config.json'}), 'feature_selection__strategy': 'pca', 'feature_selection__threshold': 0.95, 'imputation__params': ('interpolate', ('polynomial', 3))}",0.5239773068230928,0.5544532316527797,0.6174164012738854,0.43860418410041846,0.569762485954512,0.5408427219609377,0.059367142324128395,637,0.8857006698615977,0.8467793930375679,0.8260296904889342,0.7960318764023445,0.7740614098617122,0.8257206079304314,0.038964777213101175
179.52165241241454,77.68176481767176,57.663282537460326,5.560128693925214,7,100,8,"('tsfel', {'config_file': 'tsfel_config.json'})",pca,0.95,"('ffill', None)","{'classifier__base_estimator__max_depth': 7, 'classifier__base_estimator__n_estimators': 100, 'feature_extraction__n_lags': 8, 'feature_extraction__params': ('tsfel', {'config_file': 'tsfel_config.json'}), 'feature_selection__strategy': 'pca', 'feature_selection__threshold': 0.95, 'imputation__params': ('ffill', None)}",0.5239773068230928,0.5544532316527797,0.6174164012738854,0.43860418410041846,0.569762485954512,0.5408427219609377,0.059367142324128395,637,0.8857006698615977,0.8467793930375679,0.8260296904889342,0.7960318764023445,0.7740614098617122,0.8257206079304314,0.038964777213101175
