mean_fit_time,std_fit_time,mean_score_time,std_score_time,param_classifier__base_estimator__max_depth,param_classifier__base_estimator__n_estimators,param_feature_extraction__n_lags,param_feature_extraction__params,param_feature_selection__strategy,param_feature_selection__threshold,param_imputation__params,params,split0_test_score,split1_test_score,split2_test_score,split3_test_score,split4_test_score,mean_test_score,std_test_score,rank_test_score,split0_train_score,split1_train_score,split2_train_score,split3_train_score,split4_train_score,mean_train_score,std_train_score
229.0094105243683,110.50064321873802,77.96237802505493,1.8388978318194802,3,25,3,"('tsfresh', {'default_fc_parameters': {'variance_larger_than_standard_deviation': None, 'value_count': [{'value': -1}, {'value': 1}, {'value': 0}], 'time_reversal_asymmetry_statistic': [{'lag': 3}, {'lag': 2}], 'symmetry_looking': [{'r': 0.9500000000000001}, {'r': 0.9}, {'r': 0.8500000000000001}, {'r': 0.8}]}})",correlation,0.85,"('interpolate', 'linear')","{'classifier__base_estimator__max_depth': 3, 'classifier__base_estimator__n_estimators': 25, 'feature_extraction__n_lags': 3, 'feature_extraction__params': ('tsfresh', {'default_fc_parameters': {'variance_larger_than_standard_deviation': None, 'value_count': [{'value': -1}, {'value': 1}, {'value': 0}], 'time_reversal_asymmetry_statistic': [{'lag': 3}, {'lag': 2}], 'symmetry_looking': [{'r': 0.9500000000000001}, {'r': 0.9}, {'r': 0.8500000000000001}, {'r': 0.8}]}}), 'feature_selection__strategy': 'correlation', 'feature_selection__threshold': 0.85, 'imputation__params': ('interpolate', 'linear')}",0.5445466666666667,0.6236001317523057,0.6705811265237495,0.6690759452411994,0.6451285193665947,0.6305864779101032,0.04635545304346755,1,0.9228919267237411,0.8689762373799557,0.839805002689618,0.8162491561942279,0.822047275623201,0.8539939197221488,0.03903328277434641
236.6932813167572,112.99689960921908,78.7334201335907,1.5135379691369333,3,25,3,"('tsfresh', {'default_fc_parameters': {'variance_larger_than_standard_deviation': None, 'value_count': [{'value': -1}, {'value': 1}, {'value': 0}], 'time_reversal_asymmetry_statistic': [{'lag': 3}, {'lag': 2}], 'symmetry_looking': [{'r': 0.9500000000000001}, {'r': 0.9}, {'r': 0.8500000000000001}, {'r': 0.8}]}})",correlation,0.85,"('interpolate', ('polynomial', 2))","{'classifier__base_estimator__max_depth': 3, 'classifier__base_estimator__n_estimators': 25, 'feature_extraction__n_lags': 3, 'feature_extraction__params': ('tsfresh', {'default_fc_parameters': {'variance_larger_than_standard_deviation': None, 'value_count': [{'value': -1}, {'value': 1}, {'value': 0}], 'time_reversal_asymmetry_statistic': [{'lag': 3}, {'lag': 2}], 'symmetry_looking': [{'r': 0.9500000000000001}, {'r': 0.9}, {'r': 0.8500000000000001}, {'r': 0.8}]}}), 'feature_selection__strategy': 'correlation', 'feature_selection__threshold': 0.85, 'imputation__params': ('interpolate', ('polynomial', 2))}",0.5445466666666667,0.6236001317523057,0.6705811265237495,0.6690759452411994,0.6451285193665947,0.6305864779101032,0.04635545304346755,1,0.9228919267237411,0.8689762373799557,0.839805002689618,0.8162491561942279,0.822047275623201,0.8539939197221488,0.03903328277434641
238.25881419181823,112.50059347626114,79.6670536518097,1.724000975132359,3,25,3,"('tsfresh', {'default_fc_parameters': {'variance_larger_than_standard_deviation': None, 'value_count': [{'value': -1}, {'value': 1}, {'value': 0}], 'time_reversal_asymmetry_statistic': [{'lag': 3}, {'lag': 2}], 'symmetry_looking': [{'r': 0.9500000000000001}, {'r': 0.9}, {'r': 0.8500000000000001}, {'r': 0.8}]}})",correlation,0.85,"('interpolate', ('spline', 2))","{'classifier__base_estimator__max_depth': 3, 'classifier__base_estimator__n_estimators': 25, 'feature_extraction__n_lags': 3, 'feature_extraction__params': ('tsfresh', {'default_fc_parameters': {'variance_larger_than_standard_deviation': None, 'value_count': [{'value': -1}, {'value': 1}, {'value': 0}], 'time_reversal_asymmetry_statistic': [{'lag': 3}, {'lag': 2}], 'symmetry_looking': [{'r': 0.9500000000000001}, {'r': 0.9}, {'r': 0.8500000000000001}, {'r': 0.8}]}}), 'feature_selection__strategy': 'correlation', 'feature_selection__threshold': 0.85, 'imputation__params': ('interpolate', ('spline', 2))}",0.5445466666666667,0.6236001317523057,0.6705811265237495,0.6690759452411994,0.6451285193665947,0.6305864779101032,0.04635545304346755,1,0.9228919267237411,0.8689762373799557,0.839805002689618,0.8162491561942279,0.822047275623201,0.8539939197221488,0.03903328277434641
239.35090022087098,113.50399349630979,79.96723484992981,1.4016853341523945,3,25,3,"('tsfresh', {'default_fc_parameters': {'variance_larger_than_standard_deviation': None, 'value_count': [{'value': -1}, {'value': 1}, {'value': 0}], 'time_reversal_asymmetry_statistic': [{'lag': 3}, {'lag': 2}], 'symmetry_looking': [{'r': 0.9500000000000001}, {'r': 0.9}, {'r': 0.8500000000000001}, {'r': 0.8}]}})",correlation,0.85,"('ffill', None)","{'classifier__base_estimator__max_depth': 3, 'classifier__base_estimator__n_estimators': 25, 'feature_extraction__n_lags': 3, 'feature_extraction__params': ('tsfresh', {'default_fc_parameters': {'variance_larger_than_standard_deviation': None, 'value_count': [{'value': -1}, {'value': 1}, {'value': 0}], 'time_reversal_asymmetry_statistic': [{'lag': 3}, {'lag': 2}], 'symmetry_looking': [{'r': 0.9500000000000001}, {'r': 0.9}, {'r': 0.8500000000000001}, {'r': 0.8}]}}), 'feature_selection__strategy': 'correlation', 'feature_selection__threshold': 0.85, 'imputation__params': ('ffill', None)}",0.5445466666666667,0.6236001317523057,0.6705811265237495,0.6690759452411994,0.6451285193665947,0.6305864779101032,0.04635545304346755,1,0.9228919267237411,0.8689762373799557,0.839805002689618,0.8162491561942279,0.822047275623201,0.8539939197221488,0.03903328277434641
239.67207612991334,114.33108901804738,80.15790586471557,1.3796206743223849,3,25,3,"('tsfresh', {'default_fc_parameters': {'variance_larger_than_standard_deviation': None, 'value_count': [{'value': -1}, {'value': 1}, {'value': 0}], 'time_reversal_asymmetry_statistic': [{'lag': 3}, {'lag': 2}], 'symmetry_looking': [{'r': 0.9500000000000001}, {'r': 0.9}, {'r': 0.8500000000000001}, {'r': 0.8}]}})",correlation,0.9,"('interpolate', 'linear')","{'classifier__base_estimator__max_depth': 3, 'classifier__base_estimator__n_estimators': 25, 'feature_extraction__n_lags': 3, 'feature_extraction__params': ('tsfresh', {'default_fc_parameters': {'variance_larger_than_standard_deviation': None, 'value_count': [{'value': -1}, {'value': 1}, {'value': 0}], 'time_reversal_asymmetry_statistic': [{'lag': 3}, {'lag': 2}], 'symmetry_looking': [{'r': 0.9500000000000001}, {'r': 0.9}, {'r': 0.8500000000000001}, {'r': 0.8}]}}), 'feature_selection__strategy': 'correlation', 'feature_selection__threshold': 0.9, 'imputation__params': ('interpolate', 'linear')}",0.5360933333333333,0.6046136834180313,0.6696090794451449,0.6561114732724902,0.6292369464959525,0.6191329031929904,0.04716721024309497,49,0.9203028629292092,0.8745752277764097,0.8490653577192039,0.825282886848343,0.8247994589953151,0.8588051588536961,0.03579289524412671
239.13123865127562,112.76001340368363,79.53108115196228,0.8474952895071598,3,25,3,"('tsfresh', {'default_fc_parameters': {'variance_larger_than_standard_deviation': None, 'value_count': [{'value': -1}, {'value': 1}, {'value': 0}], 'time_reversal_asymmetry_statistic': [{'lag': 3}, {'lag': 2}], 'symmetry_looking': [{'r': 0.9500000000000001}, {'r': 0.9}, {'r': 0.8500000000000001}, {'r': 0.8}]}})",correlation,0.9,"('interpolate', ('polynomial', 2))","{'classifier__base_estimator__max_depth': 3, 'classifier__base_estimator__n_estimators': 25, 'feature_extraction__n_lags': 3, 'feature_extraction__params': ('tsfresh', {'default_fc_parameters': {'variance_larger_than_standard_deviation': None, 'value_count': [{'value': -1}, {'value': 1}, {'value': 0}], 'time_reversal_asymmetry_statistic': [{'lag': 3}, {'lag': 2}], 'symmetry_looking': [{'r': 0.9500000000000001}, {'r': 0.9}, {'r': 0.8500000000000001}, {'r': 0.8}]}}), 'feature_selection__strategy': 'correlation', 'feature_selection__threshold': 0.9, 'imputation__params': ('interpolate', ('polynomial', 2))}",0.5360933333333333,0.6046136834180313,0.6696090794451449,0.6561114732724902,0.6292369464959525,0.6191329031929904,0.04716721024309497,49,0.9203028629292092,0.8745752277764097,0.8490653577192039,0.825282886848343,0.8247994589953151,0.8588051588536961,0.03579289524412671
240.06934518814086,113.80494573811883,80.06367363929749,1.2024269995896544,3,25,3,"('tsfresh', {'default_fc_parameters': {'variance_larger_than_standard_deviation': None, 'value_count': [{'value': -1}, {'value': 1}, {'value': 0}], 'time_reversal_asymmetry_statistic': [{'lag': 3}, {'lag': 2}], 'symmetry_looking': [{'r': 0.9500000000000001}, {'r': 0.9}, {'r': 0.8500000000000001}, {'r': 0.8}]}})",correlation,0.9,"('interpolate', ('spline', 2))","{'classifier__base_estimator__max_depth': 3, 'classifier__base_estimator__n_estimators': 25, 'feature_extraction__n_lags': 3, 'feature_extraction__params': ('tsfresh', {'default_fc_parameters': {'variance_larger_than_standard_deviation': None, 'value_count': [{'value': -1}, {'value': 1}, {'value': 0}], 'time_reversal_asymmetry_statistic': [{'lag': 3}, {'lag': 2}], 'symmetry_looking': [{'r': 0.9500000000000001}, {'r': 0.9}, {'r': 0.8500000000000001}, {'r': 0.8}]}}), 'feature_selection__strategy': 'correlation', 'feature_selection__threshold': 0.9, 'imputation__params': ('interpolate', ('spline', 2))}",0.5360933333333333,0.6046136834180313,0.6696090794451449,0.6561114732724902,0.6292369464959525,0.6191329031929904,0.04716721024309497,49,0.9203028629292092,0.8745752277764097,0.8490653577192039,0.825282886848343,0.8247994589953151,0.8588051588536961,0.03579289524412671
239.79390869140624,113.42413456190368,80.0727611541748,1.2558300794731614,3,25,3,"('tsfresh', {'default_fc_parameters': {'variance_larger_than_standard_deviation': None, 'value_count': [{'value': -1}, {'value': 1}, {'value': 0}], 'time_reversal_asymmetry_statistic': [{'lag': 3}, {'lag': 2}], 'symmetry_looking': [{'r': 0.9500000000000001}, {'r': 0.9}, {'r': 0.8500000000000001}, {'r': 0.8}]}})",correlation,0.9,"('ffill', None)","{'classifier__base_estimator__max_depth': 3, 'classifier__base_estimator__n_estimators': 25, 'feature_extraction__n_lags': 3, 'feature_extraction__params': ('tsfresh', {'default_fc_parameters': {'variance_larger_than_standard_deviation': None, 'value_count': [{'value': -1}, {'value': 1}, {'value': 0}], 'time_reversal_asymmetry_statistic': [{'lag': 3}, {'lag': 2}], 'symmetry_looking': [{'r': 0.9500000000000001}, {'r': 0.9}, {'r': 0.8500000000000001}, {'r': 0.8}]}}), 'feature_selection__strategy': 'correlation', 'feature_selection__threshold': 0.9, 'imputation__params': ('ffill', None)}",0.5360933333333333,0.6046136834180313,0.6696090794451449,0.6561114732724902,0.6292369464959525,0.6191329031929904,0.04716721024309497,49,0.9203028629292092,0.8745752277764097,0.8490653577192039,0.825282886848343,0.8247994589953151,0.8588051588536961,0.03579289524412671
240.1057686805725,114.2301347291103,80.36102290153504,1.6047296191444465,3,25,3,"('tsfresh', {'default_fc_parameters': {'variance_larger_than_standard_deviation': None, 'value_count': [{'value': -1}, {'value': 1}, {'value': 0}], 'time_reversal_asymmetry_statistic': [{'lag': 3}, {'lag': 2}], 'symmetry_looking': [{'r': 0.9500000000000001}, {'r': 0.9}, {'r': 0.8500000000000001}, {'r': 0.8}]}})",correlation,0.95,"('interpolate', 'linear')","{'classifier__base_estimator__max_depth': 3, 'classifier__base_estimator__n_estimators': 25, 'feature_extraction__n_lags': 3, 'feature_extraction__params': ('tsfresh', {'default_fc_parameters': {'variance_larger_than_standard_deviation': None, 'value_count': [{'value': -1}, {'value': 1}, {'value': 0}], 'time_reversal_asymmetry_statistic': [{'lag': 3}, {'lag': 2}], 'symmetry_looking': [{'r': 0.9500000000000001}, {'r': 0.9}, {'r': 0.8500000000000001}, {'r': 0.8}]}}), 'feature_selection__strategy': 'correlation', 'feature_selection__threshold': 0.95, 'imputation__params': ('interpolate', 'linear')}",0.53712,0.6180006587615283,0.6698849306431274,0.6426580834419817,0.6343890089334666,0.6204105363560208,0.04490253376706172,41,0.9274486790021172,0.8605269638020192,0.8490155997848305,0.8310654608335415,0.8286590113317347,0.8593431429508487,0.036021012921990024
240.31038246154785,113.56358957181281,79.57919292449951,1.7266187908108708,3,25,3,"('tsfresh', {'default_fc_parameters': {'variance_larger_than_standard_deviation': None, 'value_count': [{'value': -1}, {'value': 1}, {'value': 0}], 'time_reversal_asymmetry_statistic': [{'lag': 3}, {'lag': 2}], 'symmetry_looking': [{'r': 0.9500000000000001}, {'r': 0.9}, {'r': 0.8500000000000001}, {'r': 0.8}]}})",correlation,0.95,"('interpolate', ('polynomial', 2))","{'classifier__base_estimator__max_depth': 3, 'classifier__base_estimator__n_estimators': 25, 'feature_extraction__n_lags': 3, 'feature_extraction__params': ('tsfresh', {'default_fc_parameters': {'variance_larger_than_standard_deviation': None, 'value_count': [{'value': -1}, {'value': 1}, {'value': 0}], 'time_reversal_asymmetry_statistic': [{'lag': 3}, {'lag': 2}], 'symmetry_looking': [{'r': 0.9500000000000001}, {'r': 0.9}, {'r': 0.8500000000000001}, {'r': 0.8}]}}), 'feature_selection__strategy': 'correlation', 'feature_selection__threshold': 0.95, 'imputation__params': ('interpolate', ('polynomial', 2))}",0.53712,0.6180006587615283,0.6698849306431274,0.6426580834419817,0.6343890089334666,0.6204105363560208,0.04490253376706172,41,0.9274486790021172,0.8605269638020192,0.8490155997848305,0.8310654608335415,0.8286590113317347,0.8593431429508487,0.036021012921990024
239.6324818611145,112.46503422485263,80.93019876480102,3.22857187347094,3,25,3,"('tsfresh', {'default_fc_parameters': {'variance_larger_than_standard_deviation': None, 'value_count': [{'value': -1}, {'value': 1}, {'value': 0}], 'time_reversal_asymmetry_statistic': [{'lag': 3}, {'lag': 2}], 'symmetry_looking': [{'r': 0.9500000000000001}, {'r': 0.9}, {'r': 0.8500000000000001}, {'r': 0.8}]}})",correlation,0.95,"('interpolate', ('spline', 2))","{'classifier__base_estimator__max_depth': 3, 'classifier__base_estimator__n_estimators': 25, 'feature_extraction__n_lags': 3, 'feature_extraction__params': ('tsfresh', {'default_fc_parameters': {'variance_larger_than_standard_deviation': None, 'value_count': [{'value': -1}, {'value': 1}, {'value': 0}], 'time_reversal_asymmetry_statistic': [{'lag': 3}, {'lag': 2}], 'symmetry_looking': [{'r': 0.9500000000000001}, {'r': 0.9}, {'r': 0.8500000000000001}, {'r': 0.8}]}}), 'feature_selection__strategy': 'correlation', 'feature_selection__threshold': 0.95, 'imputation__params': ('interpolate', ('spline', 2))}",0.53712,0.6180006587615283,0.6698849306431274,0.6426580834419817,0.6343890089334666,0.6204105363560208,0.04490253376706172,41,0.9274486790021172,0.8605269638020192,0.8490155997848305,0.8310654608335415,0.8286590113317347,0.8593431429508487,0.036021012921990024
242.36298289299012,113.58635151430191,80.34256925582886,1.1051693354513283,3,25,3,"('tsfresh', {'default_fc_parameters': {'variance_larger_than_standard_deviation': None, 'value_count': [{'value': -1}, {'value': 1}, {'value': 0}], 'time_reversal_asymmetry_statistic': [{'lag': 3}, {'lag': 2}], 'symmetry_looking': [{'r': 0.9500000000000001}, {'r': 0.9}, {'r': 0.8500000000000001}, {'r': 0.8}]}})",correlation,0.95,"('ffill', None)","{'classifier__base_estimator__max_depth': 3, 'classifier__base_estimator__n_estimators': 25, 'feature_extraction__n_lags': 3, 'feature_extraction__params': ('tsfresh', {'default_fc_parameters': {'variance_larger_than_standard_deviation': None, 'value_count': [{'value': -1}, {'value': 1}, {'value': 0}], 'time_reversal_asymmetry_statistic': [{'lag': 3}, {'lag': 2}], 'symmetry_looking': [{'r': 0.9500000000000001}, {'r': 0.9}, {'r': 0.8500000000000001}, {'r': 0.8}]}}), 'feature_selection__strategy': 'correlation', 'feature_selection__threshold': 0.95, 'imputation__params': ('ffill', None)}",0.53712,0.6180006587615283,0.6698849306431274,0.6426580834419817,0.6343890089334666,0.6204105363560208,0.04490253376706172,41,0.9274486790021172,0.8605269638020192,0.8490155997848305,0.8310654608335415,0.8286590113317347,0.8593431429508487,0.036021012921990024
238.3280053138733,112.66423454475175,79.6417528629303,1.2672043046667416,3,25,3,"('tsfresh', {'default_fc_parameters': {'variance_larger_than_standard_deviation': None, 'value_count': [{'value': -1}, {'value': 1}, {'value': 0}], 'time_reversal_asymmetry_statistic': [{'lag': 3}, {'lag': 2}], 'symmetry_looking': [{'r': 0.9500000000000001}, {'r': 0.9}, {'r': 0.8500000000000001}, {'r': 0.8}]}})",pca,0.85,"('interpolate', 'linear')","{'classifier__base_estimator__max_depth': 3, 'classifier__base_estimator__n_estimators': 25, 'feature_extraction__n_lags': 3, 'feature_extraction__params': ('tsfresh', {'default_fc_parameters': {'variance_larger_than_standard_deviation': None, 'value_count': [{'value': -1}, {'value': 1}, {'value': 0}], 'time_reversal_asymmetry_statistic': [{'lag': 3}, {'lag': 2}], 'symmetry_looking': [{'r': 0.9500000000000001}, {'r': 0.9}, {'r': 0.8500000000000001}, {'r': 0.8}]}}), 'feature_selection__strategy': 'pca', 'feature_selection__threshold': 0.85, 'imputation__params': ('interpolate', 'linear')}",0.5176000000000001,0.5620294560511953,0.51791719209752,0.548109517601043,0.624955655174638,0.5541223641848793,0.039397281910789735,349,0.8496732026143791,0.7681574735286875,0.7375336202259278,0.7049176538038302,0.6891478731308421,0.7498859646607333,0.05684221327812953
238.4192662715912,111.99796509889323,79.57966513633728,0.7569804183840788,3,25,3,"('tsfresh', {'default_fc_parameters': {'variance_larger_than_standard_deviation': None, 'value_count': [{'value': -1}, {'value': 1}, {'value': 0}], 'time_reversal_asymmetry_statistic': [{'lag': 3}, {'lag': 2}], 'symmetry_looking': [{'r': 0.9500000000000001}, {'r': 0.9}, {'r': 0.8500000000000001}, {'r': 0.8}]}})",pca,0.85,"('interpolate', ('polynomial', 2))","{'classifier__base_estimator__max_depth': 3, 'classifier__base_estimator__n_estimators': 25, 'feature_extraction__n_lags': 3, 'feature_extraction__params': ('tsfresh', {'default_fc_parameters': {'variance_larger_than_standard_deviation': None, 'value_count': [{'value': -1}, {'value': 1}, {'value': 0}], 'time_reversal_asymmetry_statistic': [{'lag': 3}, {'lag': 2}], 'symmetry_looking': [{'r': 0.9500000000000001}, {'r': 0.9}, {'r': 0.8500000000000001}, {'r': 0.8}]}}), 'feature_selection__strategy': 'pca', 'feature_selection__threshold': 0.85, 'imputation__params': ('interpolate', ('polynomial', 2))}",0.5176000000000001,0.5620294560511953,0.51791719209752,0.548109517601043,0.624955655174638,0.5541223641848793,0.039397281910789735,349,0.8496732026143791,0.7681574735286875,0.7375336202259278,0.7049176538038302,0.6891478731308421,0.7498859646607333,0.05684221327812953
238.33624353408814,111.97002848259947,79.7513484954834,0.9533413746740791,3,25,3,"('tsfresh', {'default_fc_parameters': {'variance_larger_than_standard_deviation': None, 'value_count': [{'value': -1}, {'value': 1}, {'value': 0}], 'time_reversal_asymmetry_statistic': [{'lag': 3}, {'lag': 2}], 'symmetry_looking': [{'r': 0.9500000000000001}, {'r': 0.9}, {'r': 0.8500000000000001}, {'r': 0.8}]}})",pca,0.85,"('interpolate', ('spline', 2))","{'classifier__base_estimator__max_depth': 3, 'classifier__base_estimator__n_estimators': 25, 'feature_extraction__n_lags': 3, 'feature_extraction__params': ('tsfresh', {'default_fc_parameters': {'variance_larger_than_standard_deviation': None, 'value_count': [{'value': -1}, {'value': 1}, {'value': 0}], 'time_reversal_asymmetry_statistic': [{'lag': 3}, {'lag': 2}], 'symmetry_looking': [{'r': 0.9500000000000001}, {'r': 0.9}, {'r': 0.8500000000000001}, {'r': 0.8}]}}), 'feature_selection__strategy': 'pca', 'feature_selection__threshold': 0.85, 'imputation__params': ('interpolate', ('spline', 2))}",0.5176000000000001,0.5620294560511953,0.51791719209752,0.548109517601043,0.624955655174638,0.5541223641848793,0.039397281910789735,349,0.8496732026143791,0.7681574735286875,0.7375336202259278,0.7049176538038302,0.6891478731308421,0.7498859646607333,0.05684221327812953
238.76737065315245,113.50387746477642,80.63635835647582,2.168012166882443,3,25,3,"('tsfresh', {'default_fc_parameters': {'variance_larger_than_standard_deviation': None, 'value_count': [{'value': -1}, {'value': 1}, {'value': 0}], 'time_reversal_asymmetry_statistic': [{'lag': 3}, {'lag': 2}], 'symmetry_looking': [{'r': 0.9500000000000001}, {'r': 0.9}, {'r': 0.8500000000000001}, {'r': 0.8}]}})",pca,0.85,"('ffill', None)","{'classifier__base_estimator__max_depth': 3, 'classifier__base_estimator__n_estimators': 25, 'feature_extraction__n_lags': 3, 'feature_extraction__params': ('tsfresh', {'default_fc_parameters': {'variance_larger_than_standard_deviation': None, 'value_count': [{'value': -1}, {'value': 1}, {'value': 0}], 'time_reversal_asymmetry_statistic': [{'lag': 3}, {'lag': 2}], 'symmetry_looking': [{'r': 0.9500000000000001}, {'r': 0.9}, {'r': 0.8500000000000001}, {'r': 0.8}]}}), 'feature_selection__strategy': 'pca', 'feature_selection__threshold': 0.85, 'imputation__params': ('ffill', None)}",0.5176000000000001,0.5620294560511953,0.51791719209752,0.548109517601043,0.624955655174638,0.5541223641848793,0.039397281910789735,349,0.8496732026143791,0.7681574735286875,0.7375336202259278,0.7049176538038302,0.6891478731308421,0.7498859646607333,0.05684221327812953
239.68396697044372,112.6828593234187,79.83287510871887,1.213310031767902,3,25,3,"('tsfresh', {'default_fc_parameters': {'variance_larger_than_standard_deviation': None, 'value_count': [{'value': -1}, {'value': 1}, {'value': 0}], 'time_reversal_asymmetry_statistic': [{'lag': 3}, {'lag': 2}], 'symmetry_looking': [{'r': 0.9500000000000001}, {'r': 0.9}, {'r': 0.8500000000000001}, {'r': 0.8}]}})",pca,0.9,"('interpolate', 'linear')","{'classifier__base_estimator__max_depth': 3, 'classifier__base_estimator__n_estimators': 25, 'feature_extraction__n_lags': 3, 'feature_extraction__params': ('tsfresh', {'default_fc_parameters': {'variance_larger_than_standard_deviation': None, 'value_count': [{'value': -1}, {'value': 1}, {'value': 0}], 'time_reversal_asymmetry_statistic': [{'lag': 3}, {'lag': 2}], 'symmetry_looking': [{'r': 0.9500000000000001}, {'r': 0.9}, {'r': 0.8500000000000001}, {'r': 0.8}]}}), 'feature_selection__strategy': 'pca', 'feature_selection__threshold': 0.9, 'imputation__params': ('interpolate', 'linear')}",0.5176000000000001,0.5620294560511953,0.51791719209752,0.548109517601043,0.624955655174638,0.5541223641848793,0.039397281910789735,349,0.8496732026143791,0.7681574735286875,0.7375336202259278,0.7049176538038302,0.6891478731308421,0.7498859646607333,0.05684221327812953
239.38929891586304,113.04309097011524,80.25628213882446,1.136556179885978,3,25,3,"('tsfresh', {'default_fc_parameters': {'variance_larger_than_standard_deviation': None, 'value_count': [{'value': -1}, {'value': 1}, {'value': 0}], 'time_reversal_asymmetry_statistic': [{'lag': 3}, {'lag': 2}], 'symmetry_looking': [{'r': 0.9500000000000001}, {'r': 0.9}, {'r': 0.8500000000000001}, {'r': 0.8}]}})",pca,0.9,"('interpolate', ('polynomial', 2))","{'classifier__base_estimator__max_depth': 3, 'classifier__base_estimator__n_estimators': 25, 'feature_extraction__n_lags': 3, 'feature_extraction__params': ('tsfresh', {'default_fc_parameters': {'variance_larger_than_standard_deviation': None, 'value_count': [{'value': -1}, {'value': 1}, {'value': 0}], 'time_reversal_asymmetry_statistic': [{'lag': 3}, {'lag': 2}], 'symmetry_looking': [{'r': 0.9500000000000001}, {'r': 0.9}, {'r': 0.8500000000000001}, {'r': 0.8}]}}), 'feature_selection__strategy': 'pca', 'feature_selection__threshold': 0.9, 'imputation__params': ('interpolate', ('polynomial', 2))}",0.5176000000000001,0.5620294560511953,0.51791719209752,0.548109517601043,0.624955655174638,0.5541223641848793,0.039397281910789735,349,0.8496732026143791,0.7681574735286875,0.7375336202259278,0.7049176538038302,0.6891478731308421,0.7498859646607333,0.05684221327812953
237.96924858093263,112.30152796488372,79.31784048080445,1.0265221707201502,3,25,3,"('tsfresh', {'default_fc_parameters': {'variance_larger_than_standard_deviation': None, 'value_count': [{'value': -1}, {'value': 1}, {'value': 0}], 'time_reversal_asymmetry_statistic': [{'lag': 3}, {'lag': 2}], 'symmetry_looking': [{'r': 0.9500000000000001}, {'r': 0.9}, {'r': 0.8500000000000001}, {'r': 0.8}]}})",pca,0.9,"('interpolate', ('spline', 2))","{'classifier__base_estimator__max_depth': 3, 'classifier__base_estimator__n_estimators': 25, 'feature_extraction__n_lags': 3, 'feature_extraction__params': ('tsfresh', {'default_fc_parameters': {'variance_larger_than_standard_deviation': None, 'value_count': [{'value': -1}, {'value': 1}, {'value': 0}], 'time_reversal_asymmetry_statistic': [{'lag': 3}, {'lag': 2}], 'symmetry_looking': [{'r': 0.9500000000000001}, {'r': 0.9}, {'r': 0.8500000000000001}, {'r': 0.8}]}}), 'feature_selection__strategy': 'pca', 'feature_selection__threshold': 0.9, 'imputation__params': ('interpolate', ('spline', 2))}",0.5176000000000001,0.5620294560511953,0.51791719209752,0.548109517601043,0.624955655174638,0.5541223641848793,0.039397281910789735,349,0.8496732026143791,0.7681574735286875,0.7375336202259278,0.7049176538038302,0.6891478731308421,0.7498859646607333,0.05684221327812953
238.1032814502716,113.06918791975737,79.46520056724549,1.2066317916472034,3,25,3,"('tsfresh', {'default_fc_parameters': {'variance_larger_than_standard_deviation': None, 'value_count': [{'value': -1}, {'value': 1}, {'value': 0}], 'time_reversal_asymmetry_statistic': [{'lag': 3}, {'lag': 2}], 'symmetry_looking': [{'r': 0.9500000000000001}, {'r': 0.9}, {'r': 0.8500000000000001}, {'r': 0.8}]}})",pca,0.9,"('ffill', None)","{'classifier__base_estimator__max_depth': 3, 'classifier__base_estimator__n_estimators': 25, 'feature_extraction__n_lags': 3, 'feature_extraction__params': ('tsfresh', {'default_fc_parameters': {'variance_larger_than_standard_deviation': None, 'value_count': [{'value': -1}, {'value': 1}, {'value': 0}], 'time_reversal_asymmetry_statistic': [{'lag': 3}, {'lag': 2}], 'symmetry_looking': [{'r': 0.9500000000000001}, {'r': 0.9}, {'r': 0.8500000000000001}, {'r': 0.8}]}}), 'feature_selection__strategy': 'pca', 'feature_selection__threshold': 0.9, 'imputation__params': ('ffill', None)}",0.5176000000000001,0.5620294560511953,0.51791719209752,0.548109517601043,0.624955655174638,0.5541223641848793,0.039397281910789735,349,0.8496732026143791,0.7681574735286875,0.7375336202259278,0.7049176538038302,0.6891478731308421,0.7498859646607333,0.05684221327812953
237.97303495407104,112.77477249716779,79.77800397872925,1.2448709966736171,3,25,3,"('tsfresh', {'default_fc_parameters': {'variance_larger_than_standard_deviation': None, 'value_count': [{'value': -1}, {'value': 1}, {'value': 0}], 'time_reversal_asymmetry_statistic': [{'lag': 3}, {'lag': 2}], 'symmetry_looking': [{'r': 0.9500000000000001}, {'r': 0.9}, {'r': 0.8500000000000001}, {'r': 0.8}]}})",pca,0.95,"('interpolate', 'linear')","{'classifier__base_estimator__max_depth': 3, 'classifier__base_estimator__n_estimators': 25, 'feature_extraction__n_lags': 3, 'feature_extraction__params': ('tsfresh', {'default_fc_parameters': {'variance_larger_than_standard_deviation': None, 'value_count': [{'value': -1}, {'value': 1}, {'value': 0}], 'time_reversal_asymmetry_statistic': [{'lag': 3}, {'lag': 2}], 'symmetry_looking': [{'r': 0.9500000000000001}, {'r': 0.9}, {'r': 0.8500000000000001}, {'r': 0.8}]}}), 'feature_selection__strategy': 'pca', 'feature_selection__threshold': 0.95, 'imputation__params': ('interpolate', 'linear')}",0.5176000000000001,0.5620294560511953,0.51791719209752,0.548109517601043,0.624955655174638,0.5541223641848793,0.039397281910789735,349,0.8496732026143791,0.7681574735286875,0.7375336202259278,0.7049176538038302,0.6891478731308421,0.7498859646607333,0.05684221327812953
239.20990657806396,113.5141868905354,80.12699666023255,1.0892634040329685,3,25,3,"('tsfresh', {'default_fc_parameters': {'variance_larger_than_standard_deviation': None, 'value_count': [{'value': -1}, {'value': 1}, {'value': 0}], 'time_reversal_asymmetry_statistic': [{'lag': 3}, {'lag': 2}], 'symmetry_looking': [{'r': 0.9500000000000001}, {'r': 0.9}, {'r': 0.8500000000000001}, {'r': 0.8}]}})",pca,0.95,"('interpolate', ('polynomial', 2))","{'classifier__base_estimator__max_depth': 3, 'classifier__base_estimator__n_estimators': 25, 'feature_extraction__n_lags': 3, 'feature_extraction__params': ('tsfresh', {'default_fc_parameters': {'variance_larger_than_standard_deviation': None, 'value_count': [{'value': -1}, {'value': 1}, {'value': 0}], 'time_reversal_asymmetry_statistic': [{'lag': 3}, {'lag': 2}], 'symmetry_looking': [{'r': 0.9500000000000001}, {'r': 0.9}, {'r': 0.8500000000000001}, {'r': 0.8}]}}), 'feature_selection__strategy': 'pca', 'feature_selection__threshold': 0.95, 'imputation__params': ('interpolate', ('polynomial', 2))}",0.5176000000000001,0.5620294560511953,0.51791719209752,0.548109517601043,0.624955655174638,0.5541223641848793,0.039397281910789735,349,0.8496732026143791,0.7681574735286875,0.7375336202259278,0.7049176538038302,0.6891478731308421,0.7498859646607333,0.05684221327812953
239.84049038887025,114.53465223326408,79.84285769462585,1.1824949862716754,3,25,3,"('tsfresh', {'default_fc_parameters': {'variance_larger_than_standard_deviation': None, 'value_count': [{'value': -1}, {'value': 1}, {'value': 0}], 'time_reversal_asymmetry_statistic': [{'lag': 3}, {'lag': 2}], 'symmetry_looking': [{'r': 0.9500000000000001}, {'r': 0.9}, {'r': 0.8500000000000001}, {'r': 0.8}]}})",pca,0.95,"('interpolate', ('spline', 2))","{'classifier__base_estimator__max_depth': 3, 'classifier__base_estimator__n_estimators': 25, 'feature_extraction__n_lags': 3, 'feature_extraction__params': ('tsfresh', {'default_fc_parameters': {'variance_larger_than_standard_deviation': None, 'value_count': [{'value': -1}, {'value': 1}, {'value': 0}], 'time_reversal_asymmetry_statistic': [{'lag': 3}, {'lag': 2}], 'symmetry_looking': [{'r': 0.9500000000000001}, {'r': 0.9}, {'r': 0.8500000000000001}, {'r': 0.8}]}}), 'feature_selection__strategy': 'pca', 'feature_selection__threshold': 0.95, 'imputation__params': ('interpolate', ('spline', 2))}",0.5176000000000001,0.5620294560511953,0.51791719209752,0.548109517601043,0.624955655174638,0.5541223641848793,0.039397281910789735,349,0.8496732026143791,0.7681574735286875,0.7375336202259278,0.7049176538038302,0.6891478731308421,0.7498859646607333,0.05684221327812953
242.82729353904725,115.6318573104023,80.88691716194153,1.4064848770850165,3,25,3,"('tsfresh', {'default_fc_parameters': {'variance_larger_than_standard_deviation': None, 'value_count': [{'value': -1}, {'value': 1}, {'value': 0}], 'time_reversal_asymmetry_statistic': [{'lag': 3}, {'lag': 2}], 'symmetry_looking': [{'r': 0.9500000000000001}, {'r': 0.9}, {'r': 0.8500000000000001}, {'r': 0.8}]}})",pca,0.95,"('ffill', None)","{'classifier__base_estimator__max_depth': 3, 'classifier__base_estimator__n_estimators': 25, 'feature_extraction__n_lags': 3, 'feature_extraction__params': ('tsfresh', {'default_fc_parameters': {'variance_larger_than_standard_deviation': None, 'value_count': [{'value': -1}, {'value': 1}, {'value': 0}], 'time_reversal_asymmetry_statistic': [{'lag': 3}, {'lag': 2}], 'symmetry_looking': [{'r': 0.9500000000000001}, {'r': 0.9}, {'r': 0.8500000000000001}, {'r': 0.8}]}}), 'feature_selection__strategy': 'pca', 'feature_selection__threshold': 0.95, 'imputation__params': ('ffill', None)}",0.5176000000000001,0.5620294560511953,0.51791719209752,0.548109517601043,0.624955655174638,0.5541223641848793,0.039397281910789735,349,0.8496732026143791,0.7681574735286875,0.7375336202259278,0.7049176538038302,0.6891478731308421,0.7498859646607333,0.05684221327812953
219.68283452987671,103.63176697090289,73.84947843551636,2.512222141867941,3,25,5,"('tsfresh', {'default_fc_parameters': {'variance_larger_than_standard_deviation': None, 'value_count': [{'value': -1}, {'value': 1}, {'value': 0}], 'time_reversal_asymmetry_statistic': [{'lag': 3}, {'lag': 2}], 'symmetry_looking': [{'r': 0.9500000000000001}, {'r': 0.9}, {'r': 0.8500000000000001}, {'r': 0.8}]}})",correlation,0.85,"('interpolate', 'linear')","{'classifier__base_estimator__max_depth': 3, 'classifier__base_estimator__n_estimators': 25, 'feature_extraction__n_lags': 5, 'feature_extraction__params': ('tsfresh', {'default_fc_parameters': {'variance_larger_than_standard_deviation': None, 'value_count': [{'value': -1}, {'value': 1}, {'value': 0}], 'time_reversal_asymmetry_statistic': [{'lag': 3}, {'lag': 2}], 'symmetry_looking': [{'r': 0.9500000000000001}, {'r': 0.9}, {'r': 0.8500000000000001}, {'r': 0.8}]}}), 'feature_selection__strategy': 'correlation', 'feature_selection__threshold': 0.85, 'imputation__params': ('interpolate', 'linear')}",0.5415789473684212,0.6009212018140588,0.6628558830939782,0.6734435582698838,0.6386030473714616,0.6234805275835608,0.047942060203084995,21,0.9318106081643988,0.8938590653652765,0.8619459623557983,0.8530990803849965,0.827357739325069,0.8736144911191077,0.036037076888068
219.82167711257935,104.42193448019505,74.44575018882752,3.127721374380397,3,25,5,"('tsfresh', {'default_fc_parameters': {'variance_larger_than_standard_deviation': None, 'value_count': [{'value': -1}, {'value': 1}, {'value': 0}], 'time_reversal_asymmetry_statistic': [{'lag': 3}, {'lag': 2}], 'symmetry_looking': [{'r': 0.9500000000000001}, {'r': 0.9}, {'r': 0.8500000000000001}, {'r': 0.8}]}})",correlation,0.85,"('interpolate', ('polynomial', 2))","{'classifier__base_estimator__max_depth': 3, 'classifier__base_estimator__n_estimators': 25, 'feature_extraction__n_lags': 5, 'feature_extraction__params': ('tsfresh', {'default_fc_parameters': {'variance_larger_than_standard_deviation': None, 'value_count': [{'value': -1}, {'value': 1}, {'value': 0}], 'time_reversal_asymmetry_statistic': [{'lag': 3}, {'lag': 2}], 'symmetry_looking': [{'r': 0.9500000000000001}, {'r': 0.9}, {'r': 0.8500000000000001}, {'r': 0.8}]}}), 'feature_selection__strategy': 'correlation', 'feature_selection__threshold': 0.85, 'imputation__params': ('interpolate', ('polynomial', 2))}",0.5415789473684212,0.6009212018140588,0.6628558830939782,0.6734435582698838,0.6386030473714616,0.6234805275835608,0.047942060203084995,21,0.9318106081643988,0.8938590653652765,0.8619459623557983,0.8530990803849965,0.827357739325069,0.8736144911191077,0.036037076888068
218.62850556373596,103.03383700862786,73.29384145736694,2.1937582437830168,3,25,5,"('tsfresh', {'default_fc_parameters': {'variance_larger_than_standard_deviation': None, 'value_count': [{'value': -1}, {'value': 1}, {'value': 0}], 'time_reversal_asymmetry_statistic': [{'lag': 3}, {'lag': 2}], 'symmetry_looking': [{'r': 0.9500000000000001}, {'r': 0.9}, {'r': 0.8500000000000001}, {'r': 0.8}]}})",correlation,0.85,"('interpolate', ('spline', 2))","{'classifier__base_estimator__max_depth': 3, 'classifier__base_estimator__n_estimators': 25, 'feature_extraction__n_lags': 5, 'feature_extraction__params': ('tsfresh', {'default_fc_parameters': {'variance_larger_than_standard_deviation': None, 'value_count': [{'value': -1}, {'value': 1}, {'value': 0}], 'time_reversal_asymmetry_statistic': [{'lag': 3}, {'lag': 2}], 'symmetry_looking': [{'r': 0.9500000000000001}, {'r': 0.9}, {'r': 0.8500000000000001}, {'r': 0.8}]}}), 'feature_selection__strategy': 'correlation', 'feature_selection__threshold': 0.85, 'imputation__params': ('interpolate', ('spline', 2))}",0.5415789473684212,0.6009212018140588,0.6628558830939782,0.6734435582698838,0.6386030473714616,0.6234805275835608,0.047942060203084995,21,0.9318106081643988,0.8938590653652765,0.8619459623557983,0.8530990803849965,0.827357739325069,0.8736144911191077,0.036037076888068
217.90520644187927,103.02770901946693,73.6527283668518,1.567937574995117,3,25,5,"('tsfresh', {'default_fc_parameters': {'variance_larger_than_standard_deviation': None, 'value_count': [{'value': -1}, {'value': 1}, {'value': 0}], 'time_reversal_asymmetry_statistic': [{'lag': 3}, {'lag': 2}], 'symmetry_looking': [{'r': 0.9500000000000001}, {'r': 0.9}, {'r': 0.8500000000000001}, {'r': 0.8}]}})",correlation,0.85,"('ffill', None)","{'classifier__base_estimator__max_depth': 3, 'classifier__base_estimator__n_estimators': 25, 'feature_extraction__n_lags': 5, 'feature_extraction__params': ('tsfresh', {'default_fc_parameters': {'variance_larger_than_standard_deviation': None, 'value_count': [{'value': -1}, {'value': 1}, {'value': 0}], 'time_reversal_asymmetry_statistic': [{'lag': 3}, {'lag': 2}], 'symmetry_looking': [{'r': 0.9500000000000001}, {'r': 0.9}, {'r': 0.8500000000000001}, {'r': 0.8}]}}), 'feature_selection__strategy': 'correlation', 'feature_selection__threshold': 0.85, 'imputation__params': ('ffill', None)}",0.5415789473684212,0.6009212018140588,0.6628558830939782,0.6734435582698838,0.6386030473714616,0.6234805275835608,0.047942060203084995,21,0.9318106081643988,0.8938590653652765,0.8619459623557983,0.8530990803849965,0.827357739325069,0.8736144911191077,0.036037076888068
217.67596163749695,103.32481766577746,73.16898241043091,2.313988129173049,3,25,5,"('tsfresh', {'default_fc_parameters': {'variance_larger_than_standard_deviation': None, 'value_count': [{'value': -1}, {'value': 1}, {'value': 0}], 'time_reversal_asymmetry_statistic': [{'lag': 3}, {'lag': 2}], 'symmetry_looking': [{'r': 0.9500000000000001}, {'r': 0.9}, {'r': 0.8500000000000001}, {'r': 0.8}]}})",correlation,0.9,"('interpolate', 'linear')","{'classifier__base_estimator__max_depth': 3, 'classifier__base_estimator__n_estimators': 25, 'feature_extraction__n_lags': 5, 'feature_extraction__params': ('tsfresh', {'default_fc_parameters': {'variance_larger_than_standard_deviation': None, 'value_count': [{'value': -1}, {'value': 1}, {'value': 0}], 'time_reversal_asymmetry_statistic': [{'lag': 3}, {'lag': 2}], 'symmetry_looking': [{'r': 0.9500000000000001}, {'r': 0.9}, {'r': 0.8500000000000001}, {'r': 0.8}]}}), 'feature_selection__strategy': 'correlation', 'feature_selection__threshold': 0.9, 'imputation__params': ('interpolate', 'linear')}",0.5475438596491228,0.6089427437641723,0.662682665658856,0.6509432067018904,0.6521068024263432,0.624443855640077,0.04262289214975303,13,0.9311441266314913,0.9022626441881099,0.8653822552933121,0.854397371261292,0.8311536888774105,0.8768680172503232,0.03554556401113888
218.93729043006897,104.15936878181236,73.49221138954162,2.0626853827064573,3,25,5,"('tsfresh', {'default_fc_parameters': {'variance_larger_than_standard_deviation': None, 'value_count': [{'value': -1}, {'value': 1}, {'value': 0}], 'time_reversal_asymmetry_statistic': [{'lag': 3}, {'lag': 2}], 'symmetry_looking': [{'r': 0.9500000000000001}, {'r': 0.9}, {'r': 0.8500000000000001}, {'r': 0.8}]}})",correlation,0.9,"('interpolate', ('polynomial', 2))","{'classifier__base_estimator__max_depth': 3, 'classifier__base_estimator__n_estimators': 25, 'feature_extraction__n_lags': 5, 'feature_extraction__params': ('tsfresh', {'default_fc_parameters': {'variance_larger_than_standard_deviation': None, 'value_count': [{'value': -1}, {'value': 1}, {'value': 0}], 'time_reversal_asymmetry_statistic': [{'lag': 3}, {'lag': 2}], 'symmetry_looking': [{'r': 0.9500000000000001}, {'r': 0.9}, {'r': 0.8500000000000001}, {'r': 0.8}]}}), 'feature_selection__strategy': 'correlation', 'feature_selection__threshold': 0.9, 'imputation__params': ('interpolate', ('polynomial', 2))}",0.5475438596491228,0.6089427437641723,0.662682665658856,0.6509432067018904,0.6521068024263432,0.624443855640077,0.04262289214975303,13,0.9311441266314913,0.9022626441881099,0.8653822552933121,0.854397371261292,0.8311536888774105,0.8768680172503232,0.03554556401113888
218.44430360794067,103.40584161903412,73.68639121055602,2.420610073019134,3,25,5,"('tsfresh', {'default_fc_parameters': {'variance_larger_than_standard_deviation': None, 'value_count': [{'value': -1}, {'value': 1}, {'value': 0}], 'time_reversal_asymmetry_statistic': [{'lag': 3}, {'lag': 2}], 'symmetry_looking': [{'r': 0.9500000000000001}, {'r': 0.9}, {'r': 0.8500000000000001}, {'r': 0.8}]}})",correlation,0.9,"('interpolate', ('spline', 2))","{'classifier__base_estimator__max_depth': 3, 'classifier__base_estimator__n_estimators': 25, 'feature_extraction__n_lags': 5, 'feature_extraction__params': ('tsfresh', {'default_fc_parameters': {'variance_larger_than_standard_deviation': None, 'value_count': [{'value': -1}, {'value': 1}, {'value': 0}], 'time_reversal_asymmetry_statistic': [{'lag': 3}, {'lag': 2}], 'symmetry_looking': [{'r': 0.9500000000000001}, {'r': 0.9}, {'r': 0.8500000000000001}, {'r': 0.8}]}}), 'feature_selection__strategy': 'correlation', 'feature_selection__threshold': 0.9, 'imputation__params': ('interpolate', ('spline', 2))}",0.5475438596491228,0.6089427437641723,0.662682665658856,0.6509432067018904,0.6521068024263432,0.624443855640077,0.04262289214975303,13,0.9311441266314913,0.9022626441881099,0.8653822552933121,0.854397371261292,0.8311536888774105,0.8768680172503232,0.03554556401113888
218.45365872383118,103.12107909910353,73.22942390441895,1.584512868671192,3,25,5,"('tsfresh', {'default_fc_parameters': {'variance_larger_than_standard_deviation': None, 'value_count': [{'value': -1}, {'value': 1}, {'value': 0}], 'time_reversal_asymmetry_statistic': [{'lag': 3}, {'lag': 2}], 'symmetry_looking': [{'r': 0.9500000000000001}, {'r': 0.9}, {'r': 0.8500000000000001}, {'r': 0.8}]}})",correlation,0.9,"('ffill', None)","{'classifier__base_estimator__max_depth': 3, 'classifier__base_estimator__n_estimators': 25, 'feature_extraction__n_lags': 5, 'feature_extraction__params': ('tsfresh', {'default_fc_parameters': {'variance_larger_than_standard_deviation': None, 'value_count': [{'value': -1}, {'value': 1}, {'value': 0}], 'time_reversal_asymmetry_statistic': [{'lag': 3}, {'lag': 2}], 'symmetry_looking': [{'r': 0.9500000000000001}, {'r': 0.9}, {'r': 0.8500000000000001}, {'r': 0.8}]}}), 'feature_selection__strategy': 'correlation', 'feature_selection__threshold': 0.9, 'imputation__params': ('ffill', None)}",0.5475438596491228,0.6089427437641723,0.662682665658856,0.6509432067018904,0.6521068024263432,0.624443855640077,0.04262289214975303,13,0.9311441266314913,0.9022626441881099,0.8653822552933121,0.854397371261292,0.8311536888774105,0.8768680172503232,0.03554556401113888
217.08748183250427,103.10354967898434,73.02491536140442,2.123057287385031,3,25,5,"('tsfresh', {'default_fc_parameters': {'variance_larger_than_standard_deviation': None, 'value_count': [{'value': -1}, {'value': 1}, {'value': 0}], 'time_reversal_asymmetry_statistic': [{'lag': 3}, {'lag': 2}], 'symmetry_looking': [{'r': 0.9500000000000001}, {'r': 0.9}, {'r': 0.8500000000000001}, {'r': 0.8}]}})",correlation,0.95,"('interpolate', 'linear')","{'classifier__base_estimator__max_depth': 3, 'classifier__base_estimator__n_estimators': 25, 'feature_extraction__n_lags': 5, 'feature_extraction__params': ('tsfresh', {'default_fc_parameters': {'variance_larger_than_standard_deviation': None, 'value_count': [{'value': -1}, {'value': 1}, {'value': 0}], 'time_reversal_asymmetry_statistic': [{'lag': 3}, {'lag': 2}], 'symmetry_looking': [{'r': 0.9500000000000001}, {'r': 0.9}, {'r': 0.8500000000000001}, {'r': 0.8}]}}), 'feature_selection__strategy': 'correlation', 'feature_selection__threshold': 0.95, 'imputation__params': ('interpolate', 'linear')}",0.5403827751196172,0.5521825396825397,0.6783194759385236,0.6598730337304378,0.6466637781629117,0.615484320526806,0.05751196531953024,81,0.9319216884198833,0.9051981662230109,0.8709032541435751,0.8520659919866345,0.8295675146349861,0.877931323081618,0.03664944026140151
217.99181146621703,103.96064720331978,73.13145022392273,2.354501367901314,3,25,5,"('tsfresh', {'default_fc_parameters': {'variance_larger_than_standard_deviation': None, 'value_count': [{'value': -1}, {'value': 1}, {'value': 0}], 'time_reversal_asymmetry_statistic': [{'lag': 3}, {'lag': 2}], 'symmetry_looking': [{'r': 0.9500000000000001}, {'r': 0.9}, {'r': 0.8500000000000001}, {'r': 0.8}]}})",correlation,0.95,"('interpolate', ('polynomial', 2))","{'classifier__base_estimator__max_depth': 3, 'classifier__base_estimator__n_estimators': 25, 'feature_extraction__n_lags': 5, 'feature_extraction__params': ('tsfresh', {'default_fc_parameters': {'variance_larger_than_standard_deviation': None, 'value_count': [{'value': -1}, {'value': 1}, {'value': 0}], 'time_reversal_asymmetry_statistic': [{'lag': 3}, {'lag': 2}], 'symmetry_looking': [{'r': 0.9500000000000001}, {'r': 0.9}, {'r': 0.8500000000000001}, {'r': 0.8}]}}), 'feature_selection__strategy': 'correlation', 'feature_selection__threshold': 0.95, 'imputation__params': ('interpolate', ('polynomial', 2))}",0.5403827751196172,0.5521825396825397,0.6783194759385236,0.6598730337304378,0.6466637781629117,0.615484320526806,0.05751196531953024,81,0.9319216884198833,0.9051981662230109,0.8709032541435751,0.8520659919866345,0.8295675146349861,0.877931323081618,0.03664944026140151
217.9860761165619,103.72246739472301,72.88227243423462,2.310140119339474,3,25,5,"('tsfresh', {'default_fc_parameters': {'variance_larger_than_standard_deviation': None, 'value_count': [{'value': -1}, {'value': 1}, {'value': 0}], 'time_reversal_asymmetry_statistic': [{'lag': 3}, {'lag': 2}], 'symmetry_looking': [{'r': 0.9500000000000001}, {'r': 0.9}, {'r': 0.8500000000000001}, {'r': 0.8}]}})",correlation,0.95,"('interpolate', ('spline', 2))","{'classifier__base_estimator__max_depth': 3, 'classifier__base_estimator__n_estimators': 25, 'feature_extraction__n_lags': 5, 'feature_extraction__params': ('tsfresh', {'default_fc_parameters': {'variance_larger_than_standard_deviation': None, 'value_count': [{'value': -1}, {'value': 1}, {'value': 0}], 'time_reversal_asymmetry_statistic': [{'lag': 3}, {'lag': 2}], 'symmetry_looking': [{'r': 0.9500000000000001}, {'r': 0.9}, {'r': 0.8500000000000001}, {'r': 0.8}]}}), 'feature_selection__strategy': 'correlation', 'feature_selection__threshold': 0.95, 'imputation__params': ('interpolate', ('spline', 2))}",0.5403827751196172,0.5521825396825397,0.6783194759385236,0.6598730337304378,0.6466637781629117,0.615484320526806,0.05751196531953024,81,0.9319216884198833,0.9051981662230109,0.8709032541435751,0.8520659919866345,0.8295675146349861,0.877931323081618,0.03664944026140151
219.5738049507141,105.74614640298672,73.79920673370361,1.858737576883875,3,25,5,"('tsfresh', {'default_fc_parameters': {'variance_larger_than_standard_deviation': None, 'value_count': [{'value': -1}, {'value': 1}, {'value': 0}], 'time_reversal_asymmetry_statistic': [{'lag': 3}, {'lag': 2}], 'symmetry_looking': [{'r': 0.9500000000000001}, {'r': 0.9}, {'r': 0.8500000000000001}, {'r': 0.8}]}})",correlation,0.95,"('ffill', None)","{'classifier__base_estimator__max_depth': 3, 'classifier__base_estimator__n_estimators': 25, 'feature_extraction__n_lags': 5, 'feature_extraction__params': ('tsfresh', {'default_fc_parameters': {'variance_larger_than_standard_deviation': None, 'value_count': [{'value': -1}, {'value': 1}, {'value': 0}], 'time_reversal_asymmetry_statistic': [{'lag': 3}, {'lag': 2}], 'symmetry_looking': [{'r': 0.9500000000000001}, {'r': 0.9}, {'r': 0.8500000000000001}, {'r': 0.8}]}}), 'feature_selection__strategy': 'correlation', 'feature_selection__threshold': 0.95, 'imputation__params': ('ffill', None)}",0.5403827751196172,0.5521825396825397,0.6783194759385236,0.6598730337304378,0.6466637781629117,0.615484320526806,0.05751196531953024,81,0.9319216884198833,0.9051981662230109,0.8709032541435751,0.8520659919866345,0.8295675146349861,0.877931323081618,0.03664944026140151
218.69089951515198,103.53172025811372,75.43079342842103,3.0649049550249776,3,25,5,"('tsfresh', {'default_fc_parameters': {'variance_larger_than_standard_deviation': None, 'value_count': [{'value': -1}, {'value': 1}, {'value': 0}], 'time_reversal_asymmetry_statistic': [{'lag': 3}, {'lag': 2}], 'symmetry_looking': [{'r': 0.9500000000000001}, {'r': 0.9}, {'r': 0.8500000000000001}, {'r': 0.8}]}})",pca,0.85,"('interpolate', 'linear')","{'classifier__base_estimator__max_depth': 3, 'classifier__base_estimator__n_estimators': 25, 'feature_extraction__n_lags': 5, 'feature_extraction__params': ('tsfresh', {'default_fc_parameters': {'variance_larger_than_standard_deviation': None, 'value_count': [{'value': -1}, {'value': 1}, {'value': 0}], 'time_reversal_asymmetry_statistic': [{'lag': 3}, {'lag': 2}], 'symmetry_looking': [{'r': 0.9500000000000001}, {'r': 0.9}, {'r': 0.8500000000000001}, {'r': 0.8}]}}), 'feature_selection__strategy': 'pca', 'feature_selection__threshold': 0.85, 'imputation__params': ('interpolate', 'linear')}",0.4689154704944179,0.5696003401360544,0.48822121441169053,0.5476927094843,0.5809864240323512,0.5310832317117629,0.04461334791032655,433,0.7731185781727299,0.7325680272108843,0.7003174695448849,0.6475496030279285,0.6646710356404959,0.7036449427193847,0.04547495021531626
217.28439812660218,104.03137507528776,73.057453250885,2.6159609369406116,3,25,5,"('tsfresh', {'default_fc_parameters': {'variance_larger_than_standard_deviation': None, 'value_count': [{'value': -1}, {'value': 1}, {'value': 0}], 'time_reversal_asymmetry_statistic': [{'lag': 3}, {'lag': 2}], 'symmetry_looking': [{'r': 0.9500000000000001}, {'r': 0.9}, {'r': 0.8500000000000001}, {'r': 0.8}]}})",pca,0.85,"('interpolate', ('polynomial', 2))","{'classifier__base_estimator__max_depth': 3, 'classifier__base_estimator__n_estimators': 25, 'feature_extraction__n_lags': 5, 'feature_extraction__params': ('tsfresh', {'default_fc_parameters': {'variance_larger_than_standard_deviation': None, 'value_count': [{'value': -1}, {'value': 1}, {'value': 0}], 'time_reversal_asymmetry_statistic': [{'lag': 3}, {'lag': 2}], 'symmetry_looking': [{'r': 0.9500000000000001}, {'r': 0.9}, {'r': 0.8500000000000001}, {'r': 0.8}]}}), 'feature_selection__strategy': 'pca', 'feature_selection__threshold': 0.85, 'imputation__params': ('interpolate', ('polynomial', 2))}",0.4689154704944179,0.5696003401360544,0.48822121441169053,0.5476927094843,0.5809864240323512,0.5310832317117629,0.04461334791032655,433,0.7731185781727299,0.7325680272108843,0.7003174695448849,0.6475496030279285,0.6646710356404959,0.7036449427193847,0.04547495021531626
217.63215732574463,103.729289484874,73.20376353263855,2.1204164732608883,3,25,5,"('tsfresh', {'default_fc_parameters': {'variance_larger_than_standard_deviation': None, 'value_count': [{'value': -1}, {'value': 1}, {'value': 0}], 'time_reversal_asymmetry_statistic': [{'lag': 3}, {'lag': 2}], 'symmetry_looking': [{'r': 0.9500000000000001}, {'r': 0.9}, {'r': 0.8500000000000001}, {'r': 0.8}]}})",pca,0.85,"('interpolate', ('spline', 2))","{'classifier__base_estimator__max_depth': 3, 'classifier__base_estimator__n_estimators': 25, 'feature_extraction__n_lags': 5, 'feature_extraction__params': ('tsfresh', {'default_fc_parameters': {'variance_larger_than_standard_deviation': None, 'value_count': [{'value': -1}, {'value': 1}, {'value': 0}], 'time_reversal_asymmetry_statistic': [{'lag': 3}, {'lag': 2}], 'symmetry_looking': [{'r': 0.9500000000000001}, {'r': 0.9}, {'r': 0.8500000000000001}, {'r': 0.8}]}}), 'feature_selection__strategy': 'pca', 'feature_selection__threshold': 0.85, 'imputation__params': ('interpolate', ('spline', 2))}",0.4689154704944179,0.5696003401360544,0.48822121441169053,0.5476927094843,0.5809864240323512,0.5310832317117629,0.04461334791032655,433,0.7731185781727299,0.7325680272108843,0.7003174695448849,0.6475496030279285,0.6646710356404959,0.7036449427193847,0.04547495021531626
216.3424590110779,102.48075110298689,73.08160371780396,1.5872128354069075,3,25,5,"('tsfresh', {'default_fc_parameters': {'variance_larger_than_standard_deviation': None, 'value_count': [{'value': -1}, {'value': 1}, {'value': 0}], 'time_reversal_asymmetry_statistic': [{'lag': 3}, {'lag': 2}], 'symmetry_looking': [{'r': 0.9500000000000001}, {'r': 0.9}, {'r': 0.8500000000000001}, {'r': 0.8}]}})",pca,0.85,"('ffill', None)","{'classifier__base_estimator__max_depth': 3, 'classifier__base_estimator__n_estimators': 25, 'feature_extraction__n_lags': 5, 'feature_extraction__params': ('tsfresh', {'default_fc_parameters': {'variance_larger_than_standard_deviation': None, 'value_count': [{'value': -1}, {'value': 1}, {'value': 0}], 'time_reversal_asymmetry_statistic': [{'lag': 3}, {'lag': 2}], 'symmetry_looking': [{'r': 0.9500000000000001}, {'r': 0.9}, {'r': 0.8500000000000001}, {'r': 0.8}]}}), 'feature_selection__strategy': 'pca', 'feature_selection__threshold': 0.85, 'imputation__params': ('ffill', None)}",0.4689154704944179,0.5696003401360544,0.48822121441169053,0.5476927094843,0.5809864240323512,0.5310832317117629,0.04461334791032655,433,0.7731185781727299,0.7325680272108843,0.7003174695448849,0.6475496030279285,0.6646710356404959,0.7036449427193847,0.04547495021531626
216.82091383934022,102.92785353187895,73.19807567596436,2.101902026450799,3,25,5,"('tsfresh', {'default_fc_parameters': {'variance_larger_than_standard_deviation': None, 'value_count': [{'value': -1}, {'value': 1}, {'value': 0}], 'time_reversal_asymmetry_statistic': [{'lag': 3}, {'lag': 2}], 'symmetry_looking': [{'r': 0.9500000000000001}, {'r': 0.9}, {'r': 0.8500000000000001}, {'r': 0.8}]}})",pca,0.9,"('interpolate', 'linear')","{'classifier__base_estimator__max_depth': 3, 'classifier__base_estimator__n_estimators': 25, 'feature_extraction__n_lags': 5, 'feature_extraction__params': ('tsfresh', {'default_fc_parameters': {'variance_larger_than_standard_deviation': None, 'value_count': [{'value': -1}, {'value': 1}, {'value': 0}], 'time_reversal_asymmetry_statistic': [{'lag': 3}, {'lag': 2}], 'symmetry_looking': [{'r': 0.9500000000000001}, {'r': 0.9}, {'r': 0.8500000000000001}, {'r': 0.8}]}}), 'feature_selection__strategy': 'pca', 'feature_selection__threshold': 0.9, 'imputation__params': ('interpolate', 'linear')}",0.4689154704944179,0.5696003401360544,0.48822121441169053,0.5476927094843,0.5809864240323512,0.5310832317117629,0.04461334791032655,433,0.7731185781727299,0.7325680272108843,0.7003174695448849,0.6475496030279285,0.6646710356404959,0.7036449427193847,0.04547495021531626
216.6276385307312,103.26870047488697,72.73916692733765,2.337337944349592,3,25,5,"('tsfresh', {'default_fc_parameters': {'variance_larger_than_standard_deviation': None, 'value_count': [{'value': -1}, {'value': 1}, {'value': 0}], 'time_reversal_asymmetry_statistic': [{'lag': 3}, {'lag': 2}], 'symmetry_looking': [{'r': 0.9500000000000001}, {'r': 0.9}, {'r': 0.8500000000000001}, {'r': 0.8}]}})",pca,0.9,"('interpolate', ('polynomial', 2))","{'classifier__base_estimator__max_depth': 3, 'classifier__base_estimator__n_estimators': 25, 'feature_extraction__n_lags': 5, 'feature_extraction__params': ('tsfresh', {'default_fc_parameters': {'variance_larger_than_standard_deviation': None, 'value_count': [{'value': -1}, {'value': 1}, {'value': 0}], 'time_reversal_asymmetry_statistic': [{'lag': 3}, {'lag': 2}], 'symmetry_looking': [{'r': 0.9500000000000001}, {'r': 0.9}, {'r': 0.8500000000000001}, {'r': 0.8}]}}), 'feature_selection__strategy': 'pca', 'feature_selection__threshold': 0.9, 'imputation__params': ('interpolate', ('polynomial', 2))}",0.4689154704944179,0.5696003401360544,0.48822121441169053,0.5476927094843,0.5809864240323512,0.5310832317117629,0.04461334791032655,433,0.7731185781727299,0.7325680272108843,0.7003174695448849,0.6475496030279285,0.6646710356404959,0.7036449427193847,0.04547495021531626
216.65553317070007,103.19744563598012,73.03218550682068,1.7616480969674728,3,25,5,"('tsfresh', {'default_fc_parameters': {'variance_larger_than_standard_deviation': None, 'value_count': [{'value': -1}, {'value': 1}, {'value': 0}], 'time_reversal_asymmetry_statistic': [{'lag': 3}, {'lag': 2}], 'symmetry_looking': [{'r': 0.9500000000000001}, {'r': 0.9}, {'r': 0.8500000000000001}, {'r': 0.8}]}})",pca,0.9,"('interpolate', ('spline', 2))","{'classifier__base_estimator__max_depth': 3, 'classifier__base_estimator__n_estimators': 25, 'feature_extraction__n_lags': 5, 'feature_extraction__params': ('tsfresh', {'default_fc_parameters': {'variance_larger_than_standard_deviation': None, 'value_count': [{'value': -1}, {'value': 1}, {'value': 0}], 'time_reversal_asymmetry_statistic': [{'lag': 3}, {'lag': 2}], 'symmetry_looking': [{'r': 0.9500000000000001}, {'r': 0.9}, {'r': 0.8500000000000001}, {'r': 0.8}]}}), 'feature_selection__strategy': 'pca', 'feature_selection__threshold': 0.9, 'imputation__params': ('interpolate', ('spline', 2))}",0.4689154704944179,0.5696003401360544,0.48822121441169053,0.5476927094843,0.5809864240323512,0.5310832317117629,0.04461334791032655,433,0.7731185781727299,0.7325680272108843,0.7003174695448849,0.6475496030279285,0.6646710356404959,0.7036449427193847,0.04547495021531626
217.25887928009033,103.45006584584148,73.5437198638916,1.7555957567628007,3,25,5,"('tsfresh', {'default_fc_parameters': {'variance_larger_than_standard_deviation': None, 'value_count': [{'value': -1}, {'value': 1}, {'value': 0}], 'time_reversal_asymmetry_statistic': [{'lag': 3}, {'lag': 2}], 'symmetry_looking': [{'r': 0.9500000000000001}, {'r': 0.9}, {'r': 0.8500000000000001}, {'r': 0.8}]}})",pca,0.9,"('ffill', None)","{'classifier__base_estimator__max_depth': 3, 'classifier__base_estimator__n_estimators': 25, 'feature_extraction__n_lags': 5, 'feature_extraction__params': ('tsfresh', {'default_fc_parameters': {'variance_larger_than_standard_deviation': None, 'value_count': [{'value': -1}, {'value': 1}, {'value': 0}], 'time_reversal_asymmetry_statistic': [{'lag': 3}, {'lag': 2}], 'symmetry_looking': [{'r': 0.9500000000000001}, {'r': 0.9}, {'r': 0.8500000000000001}, {'r': 0.8}]}}), 'feature_selection__strategy': 'pca', 'feature_selection__threshold': 0.9, 'imputation__params': ('ffill', None)}",0.4689154704944179,0.5696003401360544,0.48822121441169053,0.5476927094843,0.5809864240323512,0.5310832317117629,0.04461334791032655,433,0.7731185781727299,0.7325680272108843,0.7003174695448849,0.6475496030279285,0.6646710356404959,0.7036449427193847,0.04547495021531626
217.04882516860962,103.15963773779255,72.83394603729248,2.549586909817143,3,25,5,"('tsfresh', {'default_fc_parameters': {'variance_larger_than_standard_deviation': None, 'value_count': [{'value': -1}, {'value': 1}, {'value': 0}], 'time_reversal_asymmetry_statistic': [{'lag': 3}, {'lag': 2}], 'symmetry_looking': [{'r': 0.9500000000000001}, {'r': 0.9}, {'r': 0.8500000000000001}, {'r': 0.8}]}})",pca,0.95,"('interpolate', 'linear')","{'classifier__base_estimator__max_depth': 3, 'classifier__base_estimator__n_estimators': 25, 'feature_extraction__n_lags': 5, 'feature_extraction__params': ('tsfresh', {'default_fc_parameters': {'variance_larger_than_standard_deviation': None, 'value_count': [{'value': -1}, {'value': 1}, {'value': 0}], 'time_reversal_asymmetry_statistic': [{'lag': 3}, {'lag': 2}], 'symmetry_looking': [{'r': 0.9500000000000001}, {'r': 0.9}, {'r': 0.8500000000000001}, {'r': 0.8}]}}), 'feature_selection__strategy': 'pca', 'feature_selection__threshold': 0.95, 'imputation__params': ('interpolate', 'linear')}",0.4689154704944179,0.5696003401360544,0.48822121441169053,0.5476927094843,0.5809864240323512,0.5310832317117629,0.04461334791032655,433,0.7731185781727299,0.7325680272108843,0.7003174695448849,0.6475496030279285,0.6646710356404959,0.7036449427193847,0.04547495021531626
216.43536558151246,102.51053162668775,73.1778305530548,1.7821304974926169,3,25,5,"('tsfresh', {'default_fc_parameters': {'variance_larger_than_standard_deviation': None, 'value_count': [{'value': -1}, {'value': 1}, {'value': 0}], 'time_reversal_asymmetry_statistic': [{'lag': 3}, {'lag': 2}], 'symmetry_looking': [{'r': 0.9500000000000001}, {'r': 0.9}, {'r': 0.8500000000000001}, {'r': 0.8}]}})",pca,0.95,"('interpolate', ('polynomial', 2))","{'classifier__base_estimator__max_depth': 3, 'classifier__base_estimator__n_estimators': 25, 'feature_extraction__n_lags': 5, 'feature_extraction__params': ('tsfresh', {'default_fc_parameters': {'variance_larger_than_standard_deviation': None, 'value_count': [{'value': -1}, {'value': 1}, {'value': 0}], 'time_reversal_asymmetry_statistic': [{'lag': 3}, {'lag': 2}], 'symmetry_looking': [{'r': 0.9500000000000001}, {'r': 0.9}, {'r': 0.8500000000000001}, {'r': 0.8}]}}), 'feature_selection__strategy': 'pca', 'feature_selection__threshold': 0.95, 'imputation__params': ('interpolate', ('polynomial', 2))}",0.4689154704944179,0.5696003401360544,0.48822121441169053,0.5476927094843,0.5809864240323512,0.5310832317117629,0.04461334791032655,433,0.7731185781727299,0.7325680272108843,0.7003174695448849,0.6475496030279285,0.6646710356404959,0.7036449427193847,0.04547495021531626
216.74165410995482,103.44909644745331,73.08784213066102,2.08378986780531,3,25,5,"('tsfresh', {'default_fc_parameters': {'variance_larger_than_standard_deviation': None, 'value_count': [{'value': -1}, {'value': 1}, {'value': 0}], 'time_reversal_asymmetry_statistic': [{'lag': 3}, {'lag': 2}], 'symmetry_looking': [{'r': 0.9500000000000001}, {'r': 0.9}, {'r': 0.8500000000000001}, {'r': 0.8}]}})",pca,0.95,"('interpolate', ('spline', 2))","{'classifier__base_estimator__max_depth': 3, 'classifier__base_estimator__n_estimators': 25, 'feature_extraction__n_lags': 5, 'feature_extraction__params': ('tsfresh', {'default_fc_parameters': {'variance_larger_than_standard_deviation': None, 'value_count': [{'value': -1}, {'value': 1}, {'value': 0}], 'time_reversal_asymmetry_statistic': [{'lag': 3}, {'lag': 2}], 'symmetry_looking': [{'r': 0.9500000000000001}, {'r': 0.9}, {'r': 0.8500000000000001}, {'r': 0.8}]}}), 'feature_selection__strategy': 'pca', 'feature_selection__threshold': 0.95, 'imputation__params': ('interpolate', ('spline', 2))}",0.4689154704944179,0.5696003401360544,0.48822121441169053,0.5476927094843,0.5809864240323512,0.5310832317117629,0.04461334791032655,433,0.7731185781727299,0.7325680272108843,0.7003174695448849,0.6475496030279285,0.6646710356404959,0.7036449427193847,0.04547495021531626
216.58139123916627,102.39770682741077,73.00096769332886,1.7985346267698135,3,25,5,"('tsfresh', {'default_fc_parameters': {'variance_larger_than_standard_deviation': None, 'value_count': [{'value': -1}, {'value': 1}, {'value': 0}], 'time_reversal_asymmetry_statistic': [{'lag': 3}, {'lag': 2}], 'symmetry_looking': [{'r': 0.9500000000000001}, {'r': 0.9}, {'r': 0.8500000000000001}, {'r': 0.8}]}})",pca,0.95,"('ffill', None)","{'classifier__base_estimator__max_depth': 3, 'classifier__base_estimator__n_estimators': 25, 'feature_extraction__n_lags': 5, 'feature_extraction__params': ('tsfresh', {'default_fc_parameters': {'variance_larger_than_standard_deviation': None, 'value_count': [{'value': -1}, {'value': 1}, {'value': 0}], 'time_reversal_asymmetry_statistic': [{'lag': 3}, {'lag': 2}], 'symmetry_looking': [{'r': 0.9500000000000001}, {'r': 0.9}, {'r': 0.8500000000000001}, {'r': 0.8}]}}), 'feature_selection__strategy': 'pca', 'feature_selection__threshold': 0.95, 'imputation__params': ('ffill', None)}",0.4689154704944179,0.5696003401360544,0.48822121441169053,0.5476927094843,0.5809864240323512,0.5310832317117629,0.04461334791032655,433,0.7731185781727299,0.7325680272108843,0.7003174695448849,0.6475496030279285,0.6646710356404959,0.7036449427193847,0.04547495021531626
186.79132256507873,88.95296704689612,64.27399563789368,3.621110497125305,3,25,8,"('tsfresh', {'default_fc_parameters': {'variance_larger_than_standard_deviation': None, 'value_count': [{'value': -1}, {'value': 1}, {'value': 0}], 'time_reversal_asymmetry_statistic': [{'lag': 3}, {'lag': 2}], 'symmetry_looking': [{'r': 0.9500000000000001}, {'r': 0.9}, {'r': 0.8500000000000001}, {'r': 0.8}]}})",correlation,0.85,"('interpolate', 'linear')","{'classifier__base_estimator__max_depth': 3, 'classifier__base_estimator__n_estimators': 25, 'feature_extraction__n_lags': 8, 'feature_extraction__params': ('tsfresh', {'default_fc_parameters': {'variance_larger_than_standard_deviation': None, 'value_count': [{'value': -1}, {'value': 1}, {'value': 0}], 'time_reversal_asymmetry_statistic': [{'lag': 3}, {'lag': 2}], 'symmetry_looking': [{'r': 0.9500000000000001}, {'r': 0.9}, {'r': 0.8500000000000001}, {'r': 0.8}]}}), 'feature_selection__strategy': 'correlation', 'feature_selection__threshold': 0.85, 'imputation__params': ('interpolate', 'linear')}",0.5081279945242985,0.6339716768587061,0.6613108844733603,0.6764656964656965,0.6019050802139038,0.6163562665071931,0.059777185564325847,77,0.9513014763014762,0.9021728114802279,0.8735323027432758,0.8524440512233042,0.8382078731338839,0.8835317029764337,0.0401519931035086
187.3660111427307,89.7889491315775,63.64855570793152,3.414877519535661,3,25,8,"('tsfresh', {'default_fc_parameters': {'variance_larger_than_standard_deviation': None, 'value_count': [{'value': -1}, {'value': 1}, {'value': 0}], 'time_reversal_asymmetry_statistic': [{'lag': 3}, {'lag': 2}], 'symmetry_looking': [{'r': 0.9500000000000001}, {'r': 0.9}, {'r': 0.8500000000000001}, {'r': 0.8}]}})",correlation,0.85,"('interpolate', ('polynomial', 2))","{'classifier__base_estimator__max_depth': 3, 'classifier__base_estimator__n_estimators': 25, 'feature_extraction__n_lags': 8, 'feature_extraction__params': ('tsfresh', {'default_fc_parameters': {'variance_larger_than_standard_deviation': None, 'value_count': [{'value': -1}, {'value': 1}, {'value': 0}], 'time_reversal_asymmetry_statistic': [{'lag': 3}, {'lag': 2}], 'symmetry_looking': [{'r': 0.9500000000000001}, {'r': 0.9}, {'r': 0.8500000000000001}, {'r': 0.8}]}}), 'feature_selection__strategy': 'correlation', 'feature_selection__threshold': 0.85, 'imputation__params': ('interpolate', ('polynomial', 2))}",0.5081279945242985,0.6339716768587061,0.6613108844733603,0.6764656964656965,0.6019050802139038,0.6163562665071931,0.059777185564325847,77,0.9513014763014762,0.9021728114802279,0.8735323027432758,0.8524440512233042,0.8382078731338839,0.8835317029764337,0.0401519931035086
187.2827983856201,88.71445269342125,64.38156585693359,3.9998352238664157,3,25,8,"('tsfresh', {'default_fc_parameters': {'variance_larger_than_standard_deviation': None, 'value_count': [{'value': -1}, {'value': 1}, {'value': 0}], 'time_reversal_asymmetry_statistic': [{'lag': 3}, {'lag': 2}], 'symmetry_looking': [{'r': 0.9500000000000001}, {'r': 0.9}, {'r': 0.8500000000000001}, {'r': 0.8}]}})",correlation,0.85,"('interpolate', ('spline', 2))","{'classifier__base_estimator__max_depth': 3, 'classifier__base_estimator__n_estimators': 25, 'feature_extraction__n_lags': 8, 'feature_extraction__params': ('tsfresh', {'default_fc_parameters': {'variance_larger_than_standard_deviation': None, 'value_count': [{'value': -1}, {'value': 1}, {'value': 0}], 'time_reversal_asymmetry_statistic': [{'lag': 3}, {'lag': 2}], 'symmetry_looking': [{'r': 0.9500000000000001}, {'r': 0.9}, {'r': 0.8500000000000001}, {'r': 0.8}]}}), 'feature_selection__strategy': 'correlation', 'feature_selection__threshold': 0.85, 'imputation__params': ('interpolate', ('spline', 2))}",0.5081279945242985,0.6339716768587061,0.6613108844733603,0.6764656964656965,0.6019050802139038,0.6163562665071931,0.059777185564325847,77,0.9513014763014762,0.9021728114802279,0.8735323027432758,0.8524440512233042,0.8382078731338839,0.8835317029764337,0.0401519931035086
187.4716103553772,89.17448638226043,63.87801108360291,3.4345626549382957,3,25,8,"('tsfresh', {'default_fc_parameters': {'variance_larger_than_standard_deviation': None, 'value_count': [{'value': -1}, {'value': 1}, {'value': 0}], 'time_reversal_asymmetry_statistic': [{'lag': 3}, {'lag': 2}], 'symmetry_looking': [{'r': 0.9500000000000001}, {'r': 0.9}, {'r': 0.8500000000000001}, {'r': 0.8}]}})",correlation,0.85,"('ffill', None)","{'classifier__base_estimator__max_depth': 3, 'classifier__base_estimator__n_estimators': 25, 'feature_extraction__n_lags': 8, 'feature_extraction__params': ('tsfresh', {'default_fc_parameters': {'variance_larger_than_standard_deviation': None, 'value_count': [{'value': -1}, {'value': 1}, {'value': 0}], 'time_reversal_asymmetry_statistic': [{'lag': 3}, {'lag': 2}], 'symmetry_looking': [{'r': 0.9500000000000001}, {'r': 0.9}, {'r': 0.8500000000000001}, {'r': 0.8}]}}), 'feature_selection__strategy': 'correlation', 'feature_selection__threshold': 0.85, 'imputation__params': ('ffill', None)}",0.5081279945242985,0.6339716768587061,0.6613108844733603,0.6764656964656965,0.6019050802139038,0.6163562665071931,0.059777185564325847,77,0.9513014763014762,0.9021728114802279,0.8735323027432758,0.8524440512233042,0.8382078731338839,0.8835317029764337,0.0401519931035086
186.37464385032655,89.38060429062838,63.714466667175294,3.6844159504417795,3,25,8,"('tsfresh', {'default_fc_parameters': {'variance_larger_than_standard_deviation': None, 'value_count': [{'value': -1}, {'value': 1}, {'value': 0}], 'time_reversal_asymmetry_statistic': [{'lag': 3}, {'lag': 2}], 'symmetry_looking': [{'r': 0.9500000000000001}, {'r': 0.9}, {'r': 0.8500000000000001}, {'r': 0.8}]}})",correlation,0.9,"('interpolate', 'linear')","{'classifier__base_estimator__max_depth': 3, 'classifier__base_estimator__n_estimators': 25, 'feature_extraction__n_lags': 8, 'feature_extraction__params': ('tsfresh', {'default_fc_parameters': {'variance_larger_than_standard_deviation': None, 'value_count': [{'value': -1}, {'value': 1}, {'value': 0}], 'time_reversal_asymmetry_statistic': [{'lag': 3}, {'lag': 2}], 'symmetry_looking': [{'r': 0.9500000000000001}, {'r': 0.9}, {'r': 0.8500000000000001}, {'r': 0.8}]}}), 'feature_selection__strategy': 'correlation', 'feature_selection__threshold': 0.9, 'imputation__params': ('interpolate', 'linear')}",0.5136036960985626,0.6668208883167043,0.6478151925443995,0.6700762300762301,0.6114081996434937,0.621944841335878,0.058049271857344126,33,0.9495726495726496,0.9041490159515171,0.8747319274416943,0.8544845961868914,0.8441450417604937,0.8854166461826493,0.038055734682771805
186.69091572761536,88.72427883509175,63.71496715545654,3.4606499350488815,3,25,8,"('tsfresh', {'default_fc_parameters': {'variance_larger_than_standard_deviation': None, 'value_count': [{'value': -1}, {'value': 1}, {'value': 0}], 'time_reversal_asymmetry_statistic': [{'lag': 3}, {'lag': 2}], 'symmetry_looking': [{'r': 0.9500000000000001}, {'r': 0.9}, {'r': 0.8500000000000001}, {'r': 0.8}]}})",correlation,0.9,"('interpolate', ('polynomial', 2))","{'classifier__base_estimator__max_depth': 3, 'classifier__base_estimator__n_estimators': 25, 'feature_extraction__n_lags': 8, 'feature_extraction__params': ('tsfresh', {'default_fc_parameters': {'variance_larger_than_standard_deviation': None, 'value_count': [{'value': -1}, {'value': 1}, {'value': 0}], 'time_reversal_asymmetry_statistic': [{'lag': 3}, {'lag': 2}], 'symmetry_looking': [{'r': 0.9500000000000001}, {'r': 0.9}, {'r': 0.8500000000000001}, {'r': 0.8}]}}), 'feature_selection__strategy': 'correlation', 'feature_selection__threshold': 0.9, 'imputation__params': ('interpolate', ('polynomial', 2))}",0.5136036960985626,0.6668208883167043,0.6478151925443995,0.6700762300762301,0.6114081996434937,0.621944841335878,0.058049271857344126,33,0.9495726495726496,0.9041490159515171,0.8747319274416943,0.8544845961868914,0.8441450417604937,0.8854166461826493,0.038055734682771805
186.1756646156311,89.55309285087249,63.627277565002444,3.550384018129983,3,25,8,"('tsfresh', {'default_fc_parameters': {'variance_larger_than_standard_deviation': None, 'value_count': [{'value': -1}, {'value': 1}, {'value': 0}], 'time_reversal_asymmetry_statistic': [{'lag': 3}, {'lag': 2}], 'symmetry_looking': [{'r': 0.9500000000000001}, {'r': 0.9}, {'r': 0.8500000000000001}, {'r': 0.8}]}})",correlation,0.9,"('interpolate', ('spline', 2))","{'classifier__base_estimator__max_depth': 3, 'classifier__base_estimator__n_estimators': 25, 'feature_extraction__n_lags': 8, 'feature_extraction__params': ('tsfresh', {'default_fc_parameters': {'variance_larger_than_standard_deviation': None, 'value_count': [{'value': -1}, {'value': 1}, {'value': 0}], 'time_reversal_asymmetry_statistic': [{'lag': 3}, {'lag': 2}], 'symmetry_looking': [{'r': 0.9500000000000001}, {'r': 0.9}, {'r': 0.8500000000000001}, {'r': 0.8}]}}), 'feature_selection__strategy': 'correlation', 'feature_selection__threshold': 0.9, 'imputation__params': ('interpolate', ('spline', 2))}",0.5136036960985626,0.6668208883167043,0.6478151925443995,0.6700762300762301,0.6114081996434937,0.621944841335878,0.058049271857344126,33,0.9495726495726496,0.9041490159515171,0.8747319274416943,0.8544845961868914,0.8441450417604937,0.8854166461826493,0.038055734682771805
186.6716417789459,89.76274795781615,63.59342498779297,3.5505494863399183,3,25,8,"('tsfresh', {'default_fc_parameters': {'variance_larger_than_standard_deviation': None, 'value_count': [{'value': -1}, {'value': 1}, {'value': 0}], 'time_reversal_asymmetry_statistic': [{'lag': 3}, {'lag': 2}], 'symmetry_looking': [{'r': 0.9500000000000001}, {'r': 0.9}, {'r': 0.8500000000000001}, {'r': 0.8}]}})",correlation,0.9,"('ffill', None)","{'classifier__base_estimator__max_depth': 3, 'classifier__base_estimator__n_estimators': 25, 'feature_extraction__n_lags': 8, 'feature_extraction__params': ('tsfresh', {'default_fc_parameters': {'variance_larger_than_standard_deviation': None, 'value_count': [{'value': -1}, {'value': 1}, {'value': 0}], 'time_reversal_asymmetry_statistic': [{'lag': 3}, {'lag': 2}], 'symmetry_looking': [{'r': 0.9500000000000001}, {'r': 0.9}, {'r': 0.8500000000000001}, {'r': 0.8}]}}), 'feature_selection__strategy': 'correlation', 'feature_selection__threshold': 0.9, 'imputation__params': ('ffill', None)}",0.5136036960985626,0.6668208883167043,0.6478151925443995,0.6700762300762301,0.6114081996434937,0.621944841335878,0.058049271857344126,33,0.9495726495726496,0.9041490159515171,0.8747319274416943,0.8544845961868914,0.8441450417604937,0.8854166461826493,0.038055734682771805
186.3951024055481,89.0200091088274,63.8098443031311,3.350194374625479,3,25,8,"('tsfresh', {'default_fc_parameters': {'variance_larger_than_standard_deviation': None, 'value_count': [{'value': -1}, {'value': 1}, {'value': 0}], 'time_reversal_asymmetry_statistic': [{'lag': 3}, {'lag': 2}], 'symmetry_looking': [{'r': 0.9500000000000001}, {'r': 0.9}, {'r': 0.8500000000000001}, {'r': 0.8}]}})",correlation,0.95,"('interpolate', 'linear')","{'classifier__base_estimator__max_depth': 3, 'classifier__base_estimator__n_estimators': 25, 'feature_extraction__n_lags': 8, 'feature_extraction__params': ('tsfresh', {'default_fc_parameters': {'variance_larger_than_standard_deviation': None, 'value_count': [{'value': -1}, {'value': 1}, {'value': 0}], 'time_reversal_asymmetry_statistic': [{'lag': 3}, {'lag': 2}], 'symmetry_looking': [{'r': 0.9500000000000001}, {'r': 0.9}, {'r': 0.8500000000000001}, {'r': 0.8}]}}), 'feature_selection__strategy': 'correlation', 'feature_selection__threshold': 0.95, 'imputation__params': ('interpolate', 'linear')}",0.5343086926762491,0.6132925651754104,0.652321083172147,0.6744559944559945,0.5751336898395722,0.6099024050638746,0.05079621295398537,129,0.9496697746697746,0.908790562863571,0.8781453846841212,0.8574124457900336,0.8390262537084033,0.8866088843431807,0.0391327799665623
186.4162064552307,89.18591570071622,63.7065149307251,3.6150241493303907,3,25,8,"('tsfresh', {'default_fc_parameters': {'variance_larger_than_standard_deviation': None, 'value_count': [{'value': -1}, {'value': 1}, {'value': 0}], 'time_reversal_asymmetry_statistic': [{'lag': 3}, {'lag': 2}], 'symmetry_looking': [{'r': 0.9500000000000001}, {'r': 0.9}, {'r': 0.8500000000000001}, {'r': 0.8}]}})",correlation,0.95,"('interpolate', ('polynomial', 2))","{'classifier__base_estimator__max_depth': 3, 'classifier__base_estimator__n_estimators': 25, 'feature_extraction__n_lags': 8, 'feature_extraction__params': ('tsfresh', {'default_fc_parameters': {'variance_larger_than_standard_deviation': None, 'value_count': [{'value': -1}, {'value': 1}, {'value': 0}], 'time_reversal_asymmetry_statistic': [{'lag': 3}, {'lag': 2}], 'symmetry_looking': [{'r': 0.9500000000000001}, {'r': 0.9}, {'r': 0.8500000000000001}, {'r': 0.8}]}}), 'feature_selection__strategy': 'correlation', 'feature_selection__threshold': 0.95, 'imputation__params': ('interpolate', ('polynomial', 2))}",0.5343086926762491,0.6132925651754104,0.652321083172147,0.6744559944559945,0.5751336898395722,0.6099024050638746,0.05079621295398537,129,0.9496697746697746,0.908790562863571,0.8781453846841212,0.8574124457900336,0.8390262537084033,0.8866088843431807,0.0391327799665623
186.65671181678772,89.47302194055817,63.816477346420285,2.814649699151175,3,25,8,"('tsfresh', {'default_fc_parameters': {'variance_larger_than_standard_deviation': None, 'value_count': [{'value': -1}, {'value': 1}, {'value': 0}], 'time_reversal_asymmetry_statistic': [{'lag': 3}, {'lag': 2}], 'symmetry_looking': [{'r': 0.9500000000000001}, {'r': 0.9}, {'r': 0.8500000000000001}, {'r': 0.8}]}})",correlation,0.95,"('interpolate', ('spline', 2))","{'classifier__base_estimator__max_depth': 3, 'classifier__base_estimator__n_estimators': 25, 'feature_extraction__n_lags': 8, 'feature_extraction__params': ('tsfresh', {'default_fc_parameters': {'variance_larger_than_standard_deviation': None, 'value_count': [{'value': -1}, {'value': 1}, {'value': 0}], 'time_reversal_asymmetry_statistic': [{'lag': 3}, {'lag': 2}], 'symmetry_looking': [{'r': 0.9500000000000001}, {'r': 0.9}, {'r': 0.8500000000000001}, {'r': 0.8}]}}), 'feature_selection__strategy': 'correlation', 'feature_selection__threshold': 0.95, 'imputation__params': ('interpolate', ('spline', 2))}",0.5343086926762491,0.6132925651754104,0.652321083172147,0.6744559944559945,0.5751336898395722,0.6099024050638746,0.05079621295398537,129,0.9496697746697746,0.908790562863571,0.8781453846841212,0.8574124457900336,0.8390262537084033,0.8866088843431807,0.0391327799665623
187.27410707473754,90.07500077668209,64.49463596343995,3.0171280497672917,3,25,8,"('tsfresh', {'default_fc_parameters': {'variance_larger_than_standard_deviation': None, 'value_count': [{'value': -1}, {'value': 1}, {'value': 0}], 'time_reversal_asymmetry_statistic': [{'lag': 3}, {'lag': 2}], 'symmetry_looking': [{'r': 0.9500000000000001}, {'r': 0.9}, {'r': 0.8500000000000001}, {'r': 0.8}]}})",correlation,0.95,"('ffill', None)","{'classifier__base_estimator__max_depth': 3, 'classifier__base_estimator__n_estimators': 25, 'feature_extraction__n_lags': 8, 'feature_extraction__params': ('tsfresh', {'default_fc_parameters': {'variance_larger_than_standard_deviation': None, 'value_count': [{'value': -1}, {'value': 1}, {'value': 0}], 'time_reversal_asymmetry_statistic': [{'lag': 3}, {'lag': 2}], 'symmetry_looking': [{'r': 0.9500000000000001}, {'r': 0.9}, {'r': 0.8500000000000001}, {'r': 0.8}]}}), 'feature_selection__strategy': 'correlation', 'feature_selection__threshold': 0.95, 'imputation__params': ('ffill', None)}",0.5343086926762491,0.6132925651754104,0.652321083172147,0.6744559944559945,0.5751336898395722,0.6099024050638746,0.05079621295398537,129,0.9496697746697746,0.908790562863571,0.8781453846841212,0.8574124457900336,0.8390262537084033,0.8866088843431807,0.0391327799665623
186.74929909706117,89.1536419622455,64.02871732711792,2.904912396066452,3,25,8,"('tsfresh', {'default_fc_parameters': {'variance_larger_than_standard_deviation': None, 'value_count': [{'value': -1}, {'value': 1}, {'value': 0}], 'time_reversal_asymmetry_statistic': [{'lag': 3}, {'lag': 2}], 'symmetry_looking': [{'r': 0.9500000000000001}, {'r': 0.9}, {'r': 0.8500000000000001}, {'r': 0.8}]}})",pca,0.85,"('interpolate', 'linear')","{'classifier__base_estimator__max_depth': 3, 'classifier__base_estimator__n_estimators': 25, 'feature_extraction__n_lags': 8, 'feature_extraction__params': ('tsfresh', {'default_fc_parameters': {'variance_larger_than_standard_deviation': None, 'value_count': [{'value': -1}, {'value': 1}, {'value': 0}], 'time_reversal_asymmetry_statistic': [{'lag': 3}, {'lag': 2}], 'symmetry_looking': [{'r': 0.9500000000000001}, {'r': 0.9}, {'r': 0.8500000000000001}, {'r': 0.8}]}}), 'feature_selection__strategy': 'pca', 'feature_selection__threshold': 0.85, 'imputation__params': ('interpolate', 'linear')}",0.5131331279945244,0.5794576762149983,0.4828556356602779,0.5123908523908524,0.5552807486631015,0.5286236081847508,0.03433036631664569,457,0.7699689199689199,0.7322698988588686,0.7098740058975962,0.6769955404631371,0.6744438884321645,0.7127104507241373,0.035802330470073314
186.3422285079956,89.42242098327641,63.88593626022339,3.787191873843062,3,25,8,"('tsfresh', {'default_fc_parameters': {'variance_larger_than_standard_deviation': None, 'value_count': [{'value': -1}, {'value': 1}, {'value': 0}], 'time_reversal_asymmetry_statistic': [{'lag': 3}, {'lag': 2}], 'symmetry_looking': [{'r': 0.9500000000000001}, {'r': 0.9}, {'r': 0.8500000000000001}, {'r': 0.8}]}})",pca,0.85,"('interpolate', ('polynomial', 2))","{'classifier__base_estimator__max_depth': 3, 'classifier__base_estimator__n_estimators': 25, 'feature_extraction__n_lags': 8, 'feature_extraction__params': ('tsfresh', {'default_fc_parameters': {'variance_larger_than_standard_deviation': None, 'value_count': [{'value': -1}, {'value': 1}, {'value': 0}], 'time_reversal_asymmetry_statistic': [{'lag': 3}, {'lag': 2}], 'symmetry_looking': [{'r': 0.9500000000000001}, {'r': 0.9}, {'r': 0.8500000000000001}, {'r': 0.8}]}}), 'feature_selection__strategy': 'pca', 'feature_selection__threshold': 0.85, 'imputation__params': ('interpolate', ('polynomial', 2))}",0.5131331279945244,0.5794576762149983,0.4828556356602779,0.5123908523908524,0.5552807486631015,0.5286236081847508,0.03433036631664569,457,0.7699689199689199,0.7322698988588686,0.7098740058975962,0.6769955404631371,0.6744438884321645,0.7127104507241373,0.035802330470073314
185.65794320106505,88.96024276274876,63.401986598968506,2.939181433369818,3,25,8,"('tsfresh', {'default_fc_parameters': {'variance_larger_than_standard_deviation': None, 'value_count': [{'value': -1}, {'value': 1}, {'value': 0}], 'time_reversal_asymmetry_statistic': [{'lag': 3}, {'lag': 2}], 'symmetry_looking': [{'r': 0.9500000000000001}, {'r': 0.9}, {'r': 0.8500000000000001}, {'r': 0.8}]}})",pca,0.85,"('interpolate', ('spline', 2))","{'classifier__base_estimator__max_depth': 3, 'classifier__base_estimator__n_estimators': 25, 'feature_extraction__n_lags': 8, 'feature_extraction__params': ('tsfresh', {'default_fc_parameters': {'variance_larger_than_standard_deviation': None, 'value_count': [{'value': -1}, {'value': 1}, {'value': 0}], 'time_reversal_asymmetry_statistic': [{'lag': 3}, {'lag': 2}], 'symmetry_looking': [{'r': 0.9500000000000001}, {'r': 0.9}, {'r': 0.8500000000000001}, {'r': 0.8}]}}), 'feature_selection__strategy': 'pca', 'feature_selection__threshold': 0.85, 'imputation__params': ('interpolate', ('spline', 2))}",0.5131331279945244,0.5794576762149983,0.4828556356602779,0.5123908523908524,0.5552807486631015,0.5286236081847508,0.03433036631664569,457,0.7699689199689199,0.7322698988588686,0.7098740058975962,0.6769955404631371,0.6744438884321645,0.7127104507241373,0.035802330470073314
197.5756844520569,102.27919455777081,72.62614016532898,13.434677070798324,3,25,8,"('tsfresh', {'default_fc_parameters': {'variance_larger_than_standard_deviation': None, 'value_count': [{'value': -1}, {'value': 1}, {'value': 0}], 'time_reversal_asymmetry_statistic': [{'lag': 3}, {'lag': 2}], 'symmetry_looking': [{'r': 0.9500000000000001}, {'r': 0.9}, {'r': 0.8500000000000001}, {'r': 0.8}]}})",pca,0.85,"('ffill', None)","{'classifier__base_estimator__max_depth': 3, 'classifier__base_estimator__n_estimators': 25, 'feature_extraction__n_lags': 8, 'feature_extraction__params': ('tsfresh', {'default_fc_parameters': {'variance_larger_than_standard_deviation': None, 'value_count': [{'value': -1}, {'value': 1}, {'value': 0}], 'time_reversal_asymmetry_statistic': [{'lag': 3}, {'lag': 2}], 'symmetry_looking': [{'r': 0.9500000000000001}, {'r': 0.9}, {'r': 0.8500000000000001}, {'r': 0.8}]}}), 'feature_selection__strategy': 'pca', 'feature_selection__threshold': 0.85, 'imputation__params': ('ffill', None)}",0.5131331279945244,0.5794576762149983,0.4828556356602779,0.5123908523908524,0.5552807486631015,0.5286236081847508,0.03433036631664569,457,0.7699689199689199,0.7322698988588686,0.7098740058975962,0.6769955404631371,0.6744438884321645,0.7127104507241373,0.035802330470073314
208.20624861717224,86.84938413611448,65.35110111236573,3.4909329525520416,3,25,8,"('tsfresh', {'default_fc_parameters': {'variance_larger_than_standard_deviation': None, 'value_count': [{'value': -1}, {'value': 1}, {'value': 0}], 'time_reversal_asymmetry_statistic': [{'lag': 3}, {'lag': 2}], 'symmetry_looking': [{'r': 0.9500000000000001}, {'r': 0.9}, {'r': 0.8500000000000001}, {'r': 0.8}]}})",pca,0.9,"('interpolate', 'linear')","{'classifier__base_estimator__max_depth': 3, 'classifier__base_estimator__n_estimators': 25, 'feature_extraction__n_lags': 8, 'feature_extraction__params': ('tsfresh', {'default_fc_parameters': {'variance_larger_than_standard_deviation': None, 'value_count': [{'value': -1}, {'value': 1}, {'value': 0}], 'time_reversal_asymmetry_statistic': [{'lag': 3}, {'lag': 2}], 'symmetry_looking': [{'r': 0.9500000000000001}, {'r': 0.9}, {'r': 0.8500000000000001}, {'r': 0.8}]}}), 'feature_selection__strategy': 'pca', 'feature_selection__threshold': 0.9, 'imputation__params': ('interpolate', 'linear')}",0.5131331279945244,0.5794576762149983,0.4828556356602779,0.5123908523908524,0.5552807486631015,0.5286236081847508,0.03433036631664569,457,0.7699689199689199,0.7322698988588686,0.7098740058975962,0.6769955404631371,0.6744438884321645,0.7127104507241373,0.035802330470073314
186.42727513313292,88.68511484632025,64.00809597969055,4.3342640346482515,3,25,8,"('tsfresh', {'default_fc_parameters': {'variance_larger_than_standard_deviation': None, 'value_count': [{'value': -1}, {'value': 1}, {'value': 0}], 'time_reversal_asymmetry_statistic': [{'lag': 3}, {'lag': 2}], 'symmetry_looking': [{'r': 0.9500000000000001}, {'r': 0.9}, {'r': 0.8500000000000001}, {'r': 0.8}]}})",pca,0.9,"('interpolate', ('polynomial', 2))","{'classifier__base_estimator__max_depth': 3, 'classifier__base_estimator__n_estimators': 25, 'feature_extraction__n_lags': 8, 'feature_extraction__params': ('tsfresh', {'default_fc_parameters': {'variance_larger_than_standard_deviation': None, 'value_count': [{'value': -1}, {'value': 1}, {'value': 0}], 'time_reversal_asymmetry_statistic': [{'lag': 3}, {'lag': 2}], 'symmetry_looking': [{'r': 0.9500000000000001}, {'r': 0.9}, {'r': 0.8500000000000001}, {'r': 0.8}]}}), 'feature_selection__strategy': 'pca', 'feature_selection__threshold': 0.9, 'imputation__params': ('interpolate', ('polynomial', 2))}",0.5131331279945244,0.5794576762149983,0.4828556356602779,0.5123908523908524,0.5552807486631015,0.5286236081847508,0.03433036631664569,457,0.7699689199689199,0.7322698988588686,0.7098740058975962,0.6769955404631371,0.6744438884321645,0.7127104507241373,0.035802330470073314
187.36445140838623,88.8176326645587,63.725486040115356,3.1314465065260517,3,25,8,"('tsfresh', {'default_fc_parameters': {'variance_larger_than_standard_deviation': None, 'value_count': [{'value': -1}, {'value': 1}, {'value': 0}], 'time_reversal_asymmetry_statistic': [{'lag': 3}, {'lag': 2}], 'symmetry_looking': [{'r': 0.9500000000000001}, {'r': 0.9}, {'r': 0.8500000000000001}, {'r': 0.8}]}})",pca,0.9,"('interpolate', ('spline', 2))","{'classifier__base_estimator__max_depth': 3, 'classifier__base_estimator__n_estimators': 25, 'feature_extraction__n_lags': 8, 'feature_extraction__params': ('tsfresh', {'default_fc_parameters': {'variance_larger_than_standard_deviation': None, 'value_count': [{'value': -1}, {'value': 1}, {'value': 0}], 'time_reversal_asymmetry_statistic': [{'lag': 3}, {'lag': 2}], 'symmetry_looking': [{'r': 0.9500000000000001}, {'r': 0.9}, {'r': 0.8500000000000001}, {'r': 0.8}]}}), 'feature_selection__strategy': 'pca', 'feature_selection__threshold': 0.9, 'imputation__params': ('interpolate', ('spline', 2))}",0.5131331279945244,0.5794576762149983,0.4828556356602779,0.5123908523908524,0.5552807486631015,0.5286236081847508,0.03433036631664569,457,0.7699689199689199,0.7322698988588686,0.7098740058975962,0.6769955404631371,0.6744438884321645,0.7127104507241373,0.035802330470073314
186.7502694606781,89.59284549699471,64.33643250465393,2.7656279439170968,3,25,8,"('tsfresh', {'default_fc_parameters': {'variance_larger_than_standard_deviation': None, 'value_count': [{'value': -1}, {'value': 1}, {'value': 0}], 'time_reversal_asymmetry_statistic': [{'lag': 3}, {'lag': 2}], 'symmetry_looking': [{'r': 0.9500000000000001}, {'r': 0.9}, {'r': 0.8500000000000001}, {'r': 0.8}]}})",pca,0.9,"('ffill', None)","{'classifier__base_estimator__max_depth': 3, 'classifier__base_estimator__n_estimators': 25, 'feature_extraction__n_lags': 8, 'feature_extraction__params': ('tsfresh', {'default_fc_parameters': {'variance_larger_than_standard_deviation': None, 'value_count': [{'value': -1}, {'value': 1}, {'value': 0}], 'time_reversal_asymmetry_statistic': [{'lag': 3}, {'lag': 2}], 'symmetry_looking': [{'r': 0.9500000000000001}, {'r': 0.9}, {'r': 0.8500000000000001}, {'r': 0.8}]}}), 'feature_selection__strategy': 'pca', 'feature_selection__threshold': 0.9, 'imputation__params': ('ffill', None)}",0.5131331279945244,0.5794576762149983,0.4828556356602779,0.5123908523908524,0.5552807486631015,0.5286236081847508,0.03433036631664569,457,0.7699689199689199,0.7322698988588686,0.7098740058975962,0.6769955404631371,0.6744438884321645,0.7127104507241373,0.035802330470073314
186.07892708778382,88.90691142432223,63.522485971450806,3.69415759024859,3,25,8,"('tsfresh', {'default_fc_parameters': {'variance_larger_than_standard_deviation': None, 'value_count': [{'value': -1}, {'value': 1}, {'value': 0}], 'time_reversal_asymmetry_statistic': [{'lag': 3}, {'lag': 2}], 'symmetry_looking': [{'r': 0.9500000000000001}, {'r': 0.9}, {'r': 0.8500000000000001}, {'r': 0.8}]}})",pca,0.95,"('interpolate', 'linear')","{'classifier__base_estimator__max_depth': 3, 'classifier__base_estimator__n_estimators': 25, 'feature_extraction__n_lags': 8, 'feature_extraction__params': ('tsfresh', {'default_fc_parameters': {'variance_larger_than_standard_deviation': None, 'value_count': [{'value': -1}, {'value': 1}, {'value': 0}], 'time_reversal_asymmetry_statistic': [{'lag': 3}, {'lag': 2}], 'symmetry_looking': [{'r': 0.9500000000000001}, {'r': 0.9}, {'r': 0.8500000000000001}, {'r': 0.8}]}}), 'feature_selection__strategy': 'pca', 'feature_selection__threshold': 0.95, 'imputation__params': ('interpolate', 'linear')}",0.5131331279945244,0.5794576762149983,0.4828556356602779,0.5123908523908524,0.5552807486631015,0.5286236081847508,0.03433036631664569,457,0.7699689199689199,0.7322698988588686,0.7098740058975962,0.6769955404631371,0.6744438884321645,0.7127104507241373,0.035802330470073314
186.72800388336182,88.80888302967658,63.72768445014954,3.407712762346132,3,25,8,"('tsfresh', {'default_fc_parameters': {'variance_larger_than_standard_deviation': None, 'value_count': [{'value': -1}, {'value': 1}, {'value': 0}], 'time_reversal_asymmetry_statistic': [{'lag': 3}, {'lag': 2}], 'symmetry_looking': [{'r': 0.9500000000000001}, {'r': 0.9}, {'r': 0.8500000000000001}, {'r': 0.8}]}})",pca,0.95,"('interpolate', ('polynomial', 2))","{'classifier__base_estimator__max_depth': 3, 'classifier__base_estimator__n_estimators': 25, 'feature_extraction__n_lags': 8, 'feature_extraction__params': ('tsfresh', {'default_fc_parameters': {'variance_larger_than_standard_deviation': None, 'value_count': [{'value': -1}, {'value': 1}, {'value': 0}], 'time_reversal_asymmetry_statistic': [{'lag': 3}, {'lag': 2}], 'symmetry_looking': [{'r': 0.9500000000000001}, {'r': 0.9}, {'r': 0.8500000000000001}, {'r': 0.8}]}}), 'feature_selection__strategy': 'pca', 'feature_selection__threshold': 0.95, 'imputation__params': ('interpolate', ('polynomial', 2))}",0.5131331279945244,0.5794576762149983,0.4828556356602779,0.5123908523908524,0.5552807486631015,0.5286236081847508,0.03433036631664569,457,0.7699689199689199,0.7322698988588686,0.7098740058975962,0.6769955404631371,0.6744438884321645,0.7127104507241373,0.035802330470073314
186.0413707256317,89.14493702786318,63.600368118286134,3.434773306603579,3,25,8,"('tsfresh', {'default_fc_parameters': {'variance_larger_than_standard_deviation': None, 'value_count': [{'value': -1}, {'value': 1}, {'value': 0}], 'time_reversal_asymmetry_statistic': [{'lag': 3}, {'lag': 2}], 'symmetry_looking': [{'r': 0.9500000000000001}, {'r': 0.9}, {'r': 0.8500000000000001}, {'r': 0.8}]}})",pca,0.95,"('interpolate', ('spline', 2))","{'classifier__base_estimator__max_depth': 3, 'classifier__base_estimator__n_estimators': 25, 'feature_extraction__n_lags': 8, 'feature_extraction__params': ('tsfresh', {'default_fc_parameters': {'variance_larger_than_standard_deviation': None, 'value_count': [{'value': -1}, {'value': 1}, {'value': 0}], 'time_reversal_asymmetry_statistic': [{'lag': 3}, {'lag': 2}], 'symmetry_looking': [{'r': 0.9500000000000001}, {'r': 0.9}, {'r': 0.8500000000000001}, {'r': 0.8}]}}), 'feature_selection__strategy': 'pca', 'feature_selection__threshold': 0.95, 'imputation__params': ('interpolate', ('spline', 2))}",0.5131331279945244,0.5794576762149983,0.4828556356602779,0.5123908523908524,0.5552807486631015,0.5286236081847508,0.03433036631664569,457,0.7699689199689199,0.7322698988588686,0.7098740058975962,0.6769955404631371,0.6744438884321645,0.7127104507241373,0.035802330470073314
186.28823714256288,88.82059531622777,63.72229681015015,3.0575712343381185,3,25,8,"('tsfresh', {'default_fc_parameters': {'variance_larger_than_standard_deviation': None, 'value_count': [{'value': -1}, {'value': 1}, {'value': 0}], 'time_reversal_asymmetry_statistic': [{'lag': 3}, {'lag': 2}], 'symmetry_looking': [{'r': 0.9500000000000001}, {'r': 0.9}, {'r': 0.8500000000000001}, {'r': 0.8}]}})",pca,0.95,"('ffill', None)","{'classifier__base_estimator__max_depth': 3, 'classifier__base_estimator__n_estimators': 25, 'feature_extraction__n_lags': 8, 'feature_extraction__params': ('tsfresh', {'default_fc_parameters': {'variance_larger_than_standard_deviation': None, 'value_count': [{'value': -1}, {'value': 1}, {'value': 0}], 'time_reversal_asymmetry_statistic': [{'lag': 3}, {'lag': 2}], 'symmetry_looking': [{'r': 0.9500000000000001}, {'r': 0.9}, {'r': 0.8500000000000001}, {'r': 0.8}]}}), 'feature_selection__strategy': 'pca', 'feature_selection__threshold': 0.95, 'imputation__params': ('ffill', None)}",0.5131331279945244,0.5794576762149983,0.4828556356602779,0.5123908523908524,0.5552807486631015,0.5286236081847508,0.03433036631664569,457,0.7699689199689199,0.7322698988588686,0.7098740058975962,0.6769955404631371,0.6744438884321645,0.7127104507241373,0.035802330470073314
237.2044104576111,111.06097057158897,79.18003430366517,1.3074340647363065,3,50,3,"('tsfresh', {'default_fc_parameters': {'variance_larger_than_standard_deviation': None, 'value_count': [{'value': -1}, {'value': 1}, {'value': 0}], 'time_reversal_asymmetry_statistic': [{'lag': 3}, {'lag': 2}], 'symmetry_looking': [{'r': 0.9500000000000001}, {'r': 0.9}, {'r': 0.8500000000000001}, {'r': 0.8}]}})",correlation,0.85,"('interpolate', 'linear')","{'classifier__base_estimator__max_depth': 3, 'classifier__base_estimator__n_estimators': 50, 'feature_extraction__n_lags': 3, 'feature_extraction__params': ('tsfresh', {'default_fc_parameters': {'variance_larger_than_standard_deviation': None, 'value_count': [{'value': -1}, {'value': 1}, {'value': 0}], 'time_reversal_asymmetry_statistic': [{'lag': 3}, {'lag': 2}], 'symmetry_looking': [{'r': 0.9500000000000001}, {'r': 0.9}, {'r': 0.8500000000000001}, {'r': 0.8}]}}), 'feature_selection__strategy': 'correlation', 'feature_selection__threshold': 0.85, 'imputation__params': ('interpolate', 'linear')}",0.5498266666666667,0.5987554112554113,0.6470812316099201,0.6714471968709256,0.5972764214532202,0.6128773855712287,0.0424700818786371,101,0.9452959587590904,0.8974821472543709,0.8769876277568585,0.855843297176834,0.844236031089973,0.8839690124074254,0.03567100939266016
237.2655785560608,112.12349476501733,78.94763793945313,1.1126171987918927,3,50,3,"('tsfresh', {'default_fc_parameters': {'variance_larger_than_standard_deviation': None, 'value_count': [{'value': -1}, {'value': 1}, {'value': 0}], 'time_reversal_asymmetry_statistic': [{'lag': 3}, {'lag': 2}], 'symmetry_looking': [{'r': 0.9500000000000001}, {'r': 0.9}, {'r': 0.8500000000000001}, {'r': 0.8}]}})",correlation,0.85,"('interpolate', ('polynomial', 2))","{'classifier__base_estimator__max_depth': 3, 'classifier__base_estimator__n_estimators': 50, 'feature_extraction__n_lags': 3, 'feature_extraction__params': ('tsfresh', {'default_fc_parameters': {'variance_larger_than_standard_deviation': None, 'value_count': [{'value': -1}, {'value': 1}, {'value': 0}], 'time_reversal_asymmetry_statistic': [{'lag': 3}, {'lag': 2}], 'symmetry_looking': [{'r': 0.9500000000000001}, {'r': 0.9}, {'r': 0.8500000000000001}, {'r': 0.8}]}}), 'feature_selection__strategy': 'correlation', 'feature_selection__threshold': 0.85, 'imputation__params': ('interpolate', ('polynomial', 2))}",0.5498266666666667,0.5987554112554113,0.6470812316099201,0.6714471968709256,0.5972764214532202,0.6128773855712287,0.0424700818786371,101,0.9452959587590904,0.8974821472543709,0.8769876277568585,0.855843297176834,0.844236031089973,0.8839690124074254,0.03567100939266016
237.60193061828613,113.4570500028888,79.52493453025818,1.3620080636709602,3,50,3,"('tsfresh', {'default_fc_parameters': {'variance_larger_than_standard_deviation': None, 'value_count': [{'value': -1}, {'value': 1}, {'value': 0}], 'time_reversal_asymmetry_statistic': [{'lag': 3}, {'lag': 2}], 'symmetry_looking': [{'r': 0.9500000000000001}, {'r': 0.9}, {'r': 0.8500000000000001}, {'r': 0.8}]}})",correlation,0.85,"('interpolate', ('spline', 2))","{'classifier__base_estimator__max_depth': 3, 'classifier__base_estimator__n_estimators': 50, 'feature_extraction__n_lags': 3, 'feature_extraction__params': ('tsfresh', {'default_fc_parameters': {'variance_larger_than_standard_deviation': None, 'value_count': [{'value': -1}, {'value': 1}, {'value': 0}], 'time_reversal_asymmetry_statistic': [{'lag': 3}, {'lag': 2}], 'symmetry_looking': [{'r': 0.9500000000000001}, {'r': 0.9}, {'r': 0.8500000000000001}, {'r': 0.8}]}}), 'feature_selection__strategy': 'correlation', 'feature_selection__threshold': 0.85, 'imputation__params': ('interpolate', ('spline', 2))}",0.5498266666666667,0.5987554112554113,0.6470812316099201,0.6714471968709256,0.5972764214532202,0.6128773855712287,0.0424700818786371,101,0.9452959587590904,0.8974821472543709,0.8769876277568585,0.855843297176834,0.844236031089973,0.8839690124074254,0.03567100939266016
237.13678727149963,112.04627057712635,79.91919312477111,1.2556024748295098,3,50,3,"('tsfresh', {'default_fc_parameters': {'variance_larger_than_standard_deviation': None, 'value_count': [{'value': -1}, {'value': 1}, {'value': 0}], 'time_reversal_asymmetry_statistic': [{'lag': 3}, {'lag': 2}], 'symmetry_looking': [{'r': 0.9500000000000001}, {'r': 0.9}, {'r': 0.8500000000000001}, {'r': 0.8}]}})",correlation,0.85,"('ffill', None)","{'classifier__base_estimator__max_depth': 3, 'classifier__base_estimator__n_estimators': 50, 'feature_extraction__n_lags': 3, 'feature_extraction__params': ('tsfresh', {'default_fc_parameters': {'variance_larger_than_standard_deviation': None, 'value_count': [{'value': -1}, {'value': 1}, {'value': 0}], 'time_reversal_asymmetry_statistic': [{'lag': 3}, {'lag': 2}], 'symmetry_looking': [{'r': 0.9500000000000001}, {'r': 0.9}, {'r': 0.8500000000000001}, {'r': 0.8}]}}), 'feature_selection__strategy': 'correlation', 'feature_selection__threshold': 0.85, 'imputation__params': ('ffill', None)}",0.5498266666666667,0.5987554112554113,0.6470812316099201,0.6714471968709256,0.5972764214532202,0.6128773855712287,0.0424700818786371,101,0.9452959587590904,0.8974821472543709,0.8769876277568585,0.855843297176834,0.844236031089973,0.8839690124074254,0.03567100939266016
237.0221326828003,111.72222962050073,78.68947072029114,0.8507702479461888,3,50,3,"('tsfresh', {'default_fc_parameters': {'variance_larger_than_standard_deviation': None, 'value_count': [{'value': -1}, {'value': 1}, {'value': 0}], 'time_reversal_asymmetry_statistic': [{'lag': 3}, {'lag': 2}], 'symmetry_looking': [{'r': 0.9500000000000001}, {'r': 0.9}, {'r': 0.8500000000000001}, {'r': 0.8}]}})",correlation,0.9,"('interpolate', 'linear')","{'classifier__base_estimator__max_depth': 3, 'classifier__base_estimator__n_estimators': 50, 'feature_extraction__n_lags': 3, 'feature_extraction__params': ('tsfresh', {'default_fc_parameters': {'variance_larger_than_standard_deviation': None, 'value_count': [{'value': -1}, {'value': 1}, {'value': 0}], 'time_reversal_asymmetry_statistic': [{'lag': 3}, {'lag': 2}], 'symmetry_looking': [{'r': 0.9500000000000001}, {'r': 0.9}, {'r': 0.8500000000000001}, {'r': 0.8}]}}), 'feature_selection__strategy': 'correlation', 'feature_selection__threshold': 0.9, 'imputation__params': ('interpolate', 'linear')}",0.5526133333333333,0.5959909655561829,0.6421947246742329,0.656861147327249,0.5923420517947561,0.6080004445371509,0.037453336319769936,149,0.9432132007732671,0.8964448411721251,0.879907208176439,0.8580040564324971,0.8452855623823783,0.8845709737873413,0.03420758649542534
236.476691198349,111.19609377316002,78.85137152671814,0.8108666855596711,3,50,3,"('tsfresh', {'default_fc_parameters': {'variance_larger_than_standard_deviation': None, 'value_count': [{'value': -1}, {'value': 1}, {'value': 0}], 'time_reversal_asymmetry_statistic': [{'lag': 3}, {'lag': 2}], 'symmetry_looking': [{'r': 0.9500000000000001}, {'r': 0.9}, {'r': 0.8500000000000001}, {'r': 0.8}]}})",correlation,0.9,"('interpolate', ('polynomial', 2))","{'classifier__base_estimator__max_depth': 3, 'classifier__base_estimator__n_estimators': 50, 'feature_extraction__n_lags': 3, 'feature_extraction__params': ('tsfresh', {'default_fc_parameters': {'variance_larger_than_standard_deviation': None, 'value_count': [{'value': -1}, {'value': 1}, {'value': 0}], 'time_reversal_asymmetry_statistic': [{'lag': 3}, {'lag': 2}], 'symmetry_looking': [{'r': 0.9500000000000001}, {'r': 0.9}, {'r': 0.8500000000000001}, {'r': 0.8}]}}), 'feature_selection__strategy': 'correlation', 'feature_selection__threshold': 0.9, 'imputation__params': ('interpolate', ('polynomial', 2))}",0.5526133333333333,0.5959909655561829,0.6421947246742329,0.656861147327249,0.5923420517947561,0.6080004445371509,0.037453336319769936,149,0.9432132007732671,0.8964448411721251,0.879907208176439,0.8580040564324971,0.8452855623823783,0.8845709737873413,0.03420758649542534
237.2981155872345,112.33925303553976,79.10243191719056,1.2727979878868398,3,50,3,"('tsfresh', {'default_fc_parameters': {'variance_larger_than_standard_deviation': None, 'value_count': [{'value': -1}, {'value': 1}, {'value': 0}], 'time_reversal_asymmetry_statistic': [{'lag': 3}, {'lag': 2}], 'symmetry_looking': [{'r': 0.9500000000000001}, {'r': 0.9}, {'r': 0.8500000000000001}, {'r': 0.8}]}})",correlation,0.9,"('interpolate', ('spline', 2))","{'classifier__base_estimator__max_depth': 3, 'classifier__base_estimator__n_estimators': 50, 'feature_extraction__n_lags': 3, 'feature_extraction__params': ('tsfresh', {'default_fc_parameters': {'variance_larger_than_standard_deviation': None, 'value_count': [{'value': -1}, {'value': 1}, {'value': 0}], 'time_reversal_asymmetry_statistic': [{'lag': 3}, {'lag': 2}], 'symmetry_looking': [{'r': 0.9500000000000001}, {'r': 0.9}, {'r': 0.8500000000000001}, {'r': 0.8}]}}), 'feature_selection__strategy': 'correlation', 'feature_selection__threshold': 0.9, 'imputation__params': ('interpolate', ('spline', 2))}",0.5526133333333333,0.5959909655561829,0.6421947246742329,0.656861147327249,0.5923420517947561,0.6080004445371509,0.037453336319769936,149,0.9432132007732671,0.8964448411721251,0.879907208176439,0.8580040564324971,0.8452855623823783,0.8845709737873413,0.03420758649542534
237.08675808906554,112.47045139793667,79.10056967735291,1.5171452703535,3,50,3,"('tsfresh', {'default_fc_parameters': {'variance_larger_than_standard_deviation': None, 'value_count': [{'value': -1}, {'value': 1}, {'value': 0}], 'time_reversal_asymmetry_statistic': [{'lag': 3}, {'lag': 2}], 'symmetry_looking': [{'r': 0.9500000000000001}, {'r': 0.9}, {'r': 0.8500000000000001}, {'r': 0.8}]}})",correlation,0.9,"('ffill', None)","{'classifier__base_estimator__max_depth': 3, 'classifier__base_estimator__n_estimators': 50, 'feature_extraction__n_lags': 3, 'feature_extraction__params': ('tsfresh', {'default_fc_parameters': {'variance_larger_than_standard_deviation': None, 'value_count': [{'value': -1}, {'value': 1}, {'value': 0}], 'time_reversal_asymmetry_statistic': [{'lag': 3}, {'lag': 2}], 'symmetry_looking': [{'r': 0.9500000000000001}, {'r': 0.9}, {'r': 0.8500000000000001}, {'r': 0.8}]}}), 'feature_selection__strategy': 'correlation', 'feature_selection__threshold': 0.9, 'imputation__params': ('ffill', None)}",0.5526133333333333,0.5959909655561829,0.6421947246742329,0.656861147327249,0.5923420517947561,0.6080004445371509,0.037453336319769936,149,0.9432132007732671,0.8964448411721251,0.879907208176439,0.8580040564324971,0.8452855623823783,0.8845709737873413,0.03420758649542534
237.8580482006073,113.1753097051753,79.21973919868469,1.146670510147345,3,50,3,"('tsfresh', {'default_fc_parameters': {'variance_larger_than_standard_deviation': None, 'value_count': [{'value': -1}, {'value': 1}, {'value': 0}], 'time_reversal_asymmetry_statistic': [{'lag': 3}, {'lag': 2}], 'symmetry_looking': [{'r': 0.9500000000000001}, {'r': 0.9}, {'r': 0.8500000000000001}, {'r': 0.8}]}})",correlation,0.95,"('interpolate', 'linear')","{'classifier__base_estimator__max_depth': 3, 'classifier__base_estimator__n_estimators': 50, 'feature_extraction__n_lags': 3, 'feature_extraction__params': ('tsfresh', {'default_fc_parameters': {'variance_larger_than_standard_deviation': None, 'value_count': [{'value': -1}, {'value': 1}, {'value': 0}], 'time_reversal_asymmetry_statistic': [{'lag': 3}, {'lag': 2}], 'symmetry_looking': [{'r': 0.9500000000000001}, {'r': 0.9}, {'r': 0.8500000000000001}, {'r': 0.8}]}}), 'feature_selection__strategy': 'correlation', 'feature_selection__threshold': 0.95, 'imputation__params': ('interpolate', 'linear')}",0.5423333333333333,0.6371047430830039,0.6522567255149222,0.6559077574967405,0.5990421517721805,0.6173289422400361,0.042563142250053476,65,0.9475398140476848,0.8974390544200936,0.8853698224852071,0.8580071388280115,0.8520125285295439,0.8880736716621083,0.034163271873425057
237.5243573665619,112.84377737858722,79.44794845581055,1.4017751907702505,3,50,3,"('tsfresh', {'default_fc_parameters': {'variance_larger_than_standard_deviation': None, 'value_count': [{'value': -1}, {'value': 1}, {'value': 0}], 'time_reversal_asymmetry_statistic': [{'lag': 3}, {'lag': 2}], 'symmetry_looking': [{'r': 0.9500000000000001}, {'r': 0.9}, {'r': 0.8500000000000001}, {'r': 0.8}]}})",correlation,0.95,"('interpolate', ('polynomial', 2))","{'classifier__base_estimator__max_depth': 3, 'classifier__base_estimator__n_estimators': 50, 'feature_extraction__n_lags': 3, 'feature_extraction__params': ('tsfresh', {'default_fc_parameters': {'variance_larger_than_standard_deviation': None, 'value_count': [{'value': -1}, {'value': 1}, {'value': 0}], 'time_reversal_asymmetry_statistic': [{'lag': 3}, {'lag': 2}], 'symmetry_looking': [{'r': 0.9500000000000001}, {'r': 0.9}, {'r': 0.8500000000000001}, {'r': 0.8}]}}), 'feature_selection__strategy': 'correlation', 'feature_selection__threshold': 0.95, 'imputation__params': ('interpolate', ('polynomial', 2))}",0.5423333333333333,0.6371047430830039,0.6522567255149222,0.6559077574967405,0.5990421517721805,0.6173289422400361,0.042563142250053476,65,0.9475398140476848,0.8974390544200936,0.8853698224852071,0.8580071388280115,0.8520125285295439,0.8880736716621083,0.034163271873425057
239.61876969337465,115.65572197264936,81.88239331245423,6.733020613197545,3,50,3,"('tsfresh', {'default_fc_parameters': {'variance_larger_than_standard_deviation': None, 'value_count': [{'value': -1}, {'value': 1}, {'value': 0}], 'time_reversal_asymmetry_statistic': [{'lag': 3}, {'lag': 2}], 'symmetry_looking': [{'r': 0.9500000000000001}, {'r': 0.9}, {'r': 0.8500000000000001}, {'r': 0.8}]}})",correlation,0.95,"('interpolate', ('spline', 2))","{'classifier__base_estimator__max_depth': 3, 'classifier__base_estimator__n_estimators': 50, 'feature_extraction__n_lags': 3, 'feature_extraction__params': ('tsfresh', {'default_fc_parameters': {'variance_larger_than_standard_deviation': None, 'value_count': [{'value': -1}, {'value': 1}, {'value': 0}], 'time_reversal_asymmetry_statistic': [{'lag': 3}, {'lag': 2}], 'symmetry_looking': [{'r': 0.9500000000000001}, {'r': 0.9}, {'r': 0.8500000000000001}, {'r': 0.8}]}}), 'feature_selection__strategy': 'correlation', 'feature_selection__threshold': 0.95, 'imputation__params': ('interpolate', ('spline', 2))}",0.5423333333333333,0.6371047430830039,0.6522567255149222,0.6559077574967405,0.5990421517721805,0.6173289422400361,0.042563142250053476,65,0.9475398140476848,0.8974390544200936,0.8853698224852071,0.8580071388280115,0.8520125285295439,0.8880736716621083,0.034163271873425057
266.76600370407107,127.83829727835463,86.3523316860199,4.9682888884228165,3,50,3,"('tsfresh', {'default_fc_parameters': {'variance_larger_than_standard_deviation': None, 'value_count': [{'value': -1}, {'value': 1}, {'value': 0}], 'time_reversal_asymmetry_statistic': [{'lag': 3}, {'lag': 2}], 'symmetry_looking': [{'r': 0.9500000000000001}, {'r': 0.9}, {'r': 0.8500000000000001}, {'r': 0.8}]}})",correlation,0.95,"('ffill', None)","{'classifier__base_estimator__max_depth': 3, 'classifier__base_estimator__n_estimators': 50, 'feature_extraction__n_lags': 3, 'feature_extraction__params': ('tsfresh', {'default_fc_parameters': {'variance_larger_than_standard_deviation': None, 'value_count': [{'value': -1}, {'value': 1}, {'value': 0}], 'time_reversal_asymmetry_statistic': [{'lag': 3}, {'lag': 2}], 'symmetry_looking': [{'r': 0.9500000000000001}, {'r': 0.9}, {'r': 0.8500000000000001}, {'r': 0.8}]}}), 'feature_selection__strategy': 'correlation', 'feature_selection__threshold': 0.95, 'imputation__params': ('ffill', None)}",0.5423333333333333,0.6371047430830039,0.6522567255149222,0.6559077574967405,0.5990421517721805,0.6173289422400361,0.042563142250053476,65,0.9475398140476848,0.8974390544200936,0.8853698224852071,0.8580071388280115,0.8520125285295439,0.8880736716621083,0.034163271873425057
239.81882853507994,109.89683597386176,79.46273269653321,1.514346189946467,3,50,3,"('tsfresh', {'default_fc_parameters': {'variance_larger_than_standard_deviation': None, 'value_count': [{'value': -1}, {'value': 1}, {'value': 0}], 'time_reversal_asymmetry_statistic': [{'lag': 3}, {'lag': 2}], 'symmetry_looking': [{'r': 0.9500000000000001}, {'r': 0.9}, {'r': 0.8500000000000001}, {'r': 0.8}]}})",pca,0.85,"('interpolate', 'linear')","{'classifier__base_estimator__max_depth': 3, 'classifier__base_estimator__n_estimators': 50, 'feature_extraction__n_lags': 3, 'feature_extraction__params': ('tsfresh', {'default_fc_parameters': {'variance_larger_than_standard_deviation': None, 'value_count': [{'value': -1}, {'value': 1}, {'value': 0}], 'time_reversal_asymmetry_statistic': [{'lag': 3}, {'lag': 2}], 'symmetry_looking': [{'r': 0.9500000000000001}, {'r': 0.9}, {'r': 0.8500000000000001}, {'r': 0.8}]}}), 'feature_selection__strategy': 'pca', 'feature_selection__threshold': 0.85, 'imputation__params': ('interpolate', 'linear')}",0.50024,0.5847684923771881,0.5211223203026482,0.544988591916558,0.6350178991840552,0.5572274607560899,0.04798083470434896,325,0.879441682776397,0.8126508249199704,0.7661820871436256,0.7648856585383897,0.728035254285549,0.7902391015327863,0.05205812419028302
236.71806683540345,111.41927775576102,78.48869986534119,0.9480183408252436,3,50,3,"('tsfresh', {'default_fc_parameters': {'variance_larger_than_standard_deviation': None, 'value_count': [{'value': -1}, {'value': 1}, {'value': 0}], 'time_reversal_asymmetry_statistic': [{'lag': 3}, {'lag': 2}], 'symmetry_looking': [{'r': 0.9500000000000001}, {'r': 0.9}, {'r': 0.8500000000000001}, {'r': 0.8}]}})",pca,0.85,"('interpolate', ('polynomial', 2))","{'classifier__base_estimator__max_depth': 3, 'classifier__base_estimator__n_estimators': 50, 'feature_extraction__n_lags': 3, 'feature_extraction__params': ('tsfresh', {'default_fc_parameters': {'variance_larger_than_standard_deviation': None, 'value_count': [{'value': -1}, {'value': 1}, {'value': 0}], 'time_reversal_asymmetry_statistic': [{'lag': 3}, {'lag': 2}], 'symmetry_looking': [{'r': 0.9500000000000001}, {'r': 0.9}, {'r': 0.8500000000000001}, {'r': 0.8}]}}), 'feature_selection__strategy': 'pca', 'feature_selection__threshold': 0.85, 'imputation__params': ('interpolate', ('polynomial', 2))}",0.50024,0.5847684923771881,0.5211223203026482,0.544988591916558,0.6350178991840552,0.5572274607560899,0.04798083470434896,325,0.879441682776397,0.8126508249199704,0.7661820871436256,0.7648856585383897,0.728035254285549,0.7902391015327863,0.05205812419028302
236.27509832382202,112.09045743708472,78.92865719795228,0.8631921829827031,3,50,3,"('tsfresh', {'default_fc_parameters': {'variance_larger_than_standard_deviation': None, 'value_count': [{'value': -1}, {'value': 1}, {'value': 0}], 'time_reversal_asymmetry_statistic': [{'lag': 3}, {'lag': 2}], 'symmetry_looking': [{'r': 0.9500000000000001}, {'r': 0.9}, {'r': 0.8500000000000001}, {'r': 0.8}]}})",pca,0.85,"('interpolate', ('spline', 2))","{'classifier__base_estimator__max_depth': 3, 'classifier__base_estimator__n_estimators': 50, 'feature_extraction__n_lags': 3, 'feature_extraction__params': ('tsfresh', {'default_fc_parameters': {'variance_larger_than_standard_deviation': None, 'value_count': [{'value': -1}, {'value': 1}, {'value': 0}], 'time_reversal_asymmetry_statistic': [{'lag': 3}, {'lag': 2}], 'symmetry_looking': [{'r': 0.9500000000000001}, {'r': 0.9}, {'r': 0.8500000000000001}, {'r': 0.8}]}}), 'feature_selection__strategy': 'pca', 'feature_selection__threshold': 0.85, 'imputation__params': ('interpolate', ('spline', 2))}",0.50024,0.5847684923771881,0.5211223203026482,0.544988591916558,0.6350178991840552,0.5572274607560899,0.04798083470434896,325,0.879441682776397,0.8126508249199704,0.7661820871436256,0.7648856585383897,0.728035254285549,0.7902391015327863,0.05205812419028302
236.68052821159364,112.15390648507284,79.39187479019165,1.3059341133033397,3,50,3,"('tsfresh', {'default_fc_parameters': {'variance_larger_than_standard_deviation': None, 'value_count': [{'value': -1}, {'value': 1}, {'value': 0}], 'time_reversal_asymmetry_statistic': [{'lag': 3}, {'lag': 2}], 'symmetry_looking': [{'r': 0.9500000000000001}, {'r': 0.9}, {'r': 0.8500000000000001}, {'r': 0.8}]}})",pca,0.85,"('ffill', None)","{'classifier__base_estimator__max_depth': 3, 'classifier__base_estimator__n_estimators': 50, 'feature_extraction__n_lags': 3, 'feature_extraction__params': ('tsfresh', {'default_fc_parameters': {'variance_larger_than_standard_deviation': None, 'value_count': [{'value': -1}, {'value': 1}, {'value': 0}], 'time_reversal_asymmetry_statistic': [{'lag': 3}, {'lag': 2}], 'symmetry_looking': [{'r': 0.9500000000000001}, {'r': 0.9}, {'r': 0.8500000000000001}, {'r': 0.8}]}}), 'feature_selection__strategy': 'pca', 'feature_selection__threshold': 0.85, 'imputation__params': ('ffill', None)}",0.50024,0.5847684923771881,0.5211223203026482,0.544988591916558,0.6350178991840552,0.5572274607560899,0.04798083470434896,325,0.879441682776397,0.8126508249199704,0.7661820871436256,0.7648856585383897,0.728035254285549,0.7902391015327863,0.05205812419028302
236.2185245513916,112.05360700545376,79.48737149238586,1.5779643859647643,3,50,3,"('tsfresh', {'default_fc_parameters': {'variance_larger_than_standard_deviation': None, 'value_count': [{'value': -1}, {'value': 1}, {'value': 0}], 'time_reversal_asymmetry_statistic': [{'lag': 3}, {'lag': 2}], 'symmetry_looking': [{'r': 0.9500000000000001}, {'r': 0.9}, {'r': 0.8500000000000001}, {'r': 0.8}]}})",pca,0.9,"('interpolate', 'linear')","{'classifier__base_estimator__max_depth': 3, 'classifier__base_estimator__n_estimators': 50, 'feature_extraction__n_lags': 3, 'feature_extraction__params': ('tsfresh', {'default_fc_parameters': {'variance_larger_than_standard_deviation': None, 'value_count': [{'value': -1}, {'value': 1}, {'value': 0}], 'time_reversal_asymmetry_statistic': [{'lag': 3}, {'lag': 2}], 'symmetry_looking': [{'r': 0.9500000000000001}, {'r': 0.9}, {'r': 0.8500000000000001}, {'r': 0.8}]}}), 'feature_selection__strategy': 'pca', 'feature_selection__threshold': 0.9, 'imputation__params': ('interpolate', 'linear')}",0.50024,0.5847684923771881,0.5211223203026482,0.544988591916558,0.6350178991840552,0.5572274607560899,0.04798083470434896,325,0.879441682776397,0.8126508249199704,0.7661820871436256,0.7648856585383897,0.728035254285549,0.7902391015327863,0.05205812419028302
236.17364168167114,111.30465422107774,80.37303504943847,4.279335019506882,3,50,3,"('tsfresh', {'default_fc_parameters': {'variance_larger_than_standard_deviation': None, 'value_count': [{'value': -1}, {'value': 1}, {'value': 0}], 'time_reversal_asymmetry_statistic': [{'lag': 3}, {'lag': 2}], 'symmetry_looking': [{'r': 0.9500000000000001}, {'r': 0.9}, {'r': 0.8500000000000001}, {'r': 0.8}]}})",pca,0.9,"('interpolate', ('polynomial', 2))","{'classifier__base_estimator__max_depth': 3, 'classifier__base_estimator__n_estimators': 50, 'feature_extraction__n_lags': 3, 'feature_extraction__params': ('tsfresh', {'default_fc_parameters': {'variance_larger_than_standard_deviation': None, 'value_count': [{'value': -1}, {'value': 1}, {'value': 0}], 'time_reversal_asymmetry_statistic': [{'lag': 3}, {'lag': 2}], 'symmetry_looking': [{'r': 0.9500000000000001}, {'r': 0.9}, {'r': 0.8500000000000001}, {'r': 0.8}]}}), 'feature_selection__strategy': 'pca', 'feature_selection__threshold': 0.9, 'imputation__params': ('interpolate', ('polynomial', 2))}",0.50024,0.5847684923771881,0.5211223203026482,0.544988591916558,0.6350178991840552,0.5572274607560899,0.04798083470434896,325,0.879441682776397,0.8126508249199704,0.7661820871436256,0.7648856585383897,0.728035254285549,0.7902391015327863,0.05205812419028302
241.6833014011383,113.15436784198188,79.95274147987365,1.8428090424142773,3,50,3,"('tsfresh', {'default_fc_parameters': {'variance_larger_than_standard_deviation': None, 'value_count': [{'value': -1}, {'value': 1}, {'value': 0}], 'time_reversal_asymmetry_statistic': [{'lag': 3}, {'lag': 2}], 'symmetry_looking': [{'r': 0.9500000000000001}, {'r': 0.9}, {'r': 0.8500000000000001}, {'r': 0.8}]}})",pca,0.9,"('interpolate', ('spline', 2))","{'classifier__base_estimator__max_depth': 3, 'classifier__base_estimator__n_estimators': 50, 'feature_extraction__n_lags': 3, 'feature_extraction__params': ('tsfresh', {'default_fc_parameters': {'variance_larger_than_standard_deviation': None, 'value_count': [{'value': -1}, {'value': 1}, {'value': 0}], 'time_reversal_asymmetry_statistic': [{'lag': 3}, {'lag': 2}], 'symmetry_looking': [{'r': 0.9500000000000001}, {'r': 0.9}, {'r': 0.8500000000000001}, {'r': 0.8}]}}), 'feature_selection__strategy': 'pca', 'feature_selection__threshold': 0.9, 'imputation__params': ('interpolate', ('spline', 2))}",0.50024,0.5847684923771881,0.5211223203026482,0.544988591916558,0.6350178991840552,0.5572274607560899,0.04798083470434896,325,0.879441682776397,0.8126508249199704,0.7661820871436256,0.7648856585383897,0.728035254285549,0.7902391015327863,0.05205812419028302
237.30906734466552,110.75237877349683,79.41612248420715,0.886528360930157,3,50,3,"('tsfresh', {'default_fc_parameters': {'variance_larger_than_standard_deviation': None, 'value_count': [{'value': -1}, {'value': 1}, {'value': 0}], 'time_reversal_asymmetry_statistic': [{'lag': 3}, {'lag': 2}], 'symmetry_looking': [{'r': 0.9500000000000001}, {'r': 0.9}, {'r': 0.8500000000000001}, {'r': 0.8}]}})",pca,0.9,"('ffill', None)","{'classifier__base_estimator__max_depth': 3, 'classifier__base_estimator__n_estimators': 50, 'feature_extraction__n_lags': 3, 'feature_extraction__params': ('tsfresh', {'default_fc_parameters': {'variance_larger_than_standard_deviation': None, 'value_count': [{'value': -1}, {'value': 1}, {'value': 0}], 'time_reversal_asymmetry_statistic': [{'lag': 3}, {'lag': 2}], 'symmetry_looking': [{'r': 0.9500000000000001}, {'r': 0.9}, {'r': 0.8500000000000001}, {'r': 0.8}]}}), 'feature_selection__strategy': 'pca', 'feature_selection__threshold': 0.9, 'imputation__params': ('ffill', None)}",0.50024,0.5847684923771881,0.5211223203026482,0.544988591916558,0.6350178991840552,0.5572274607560899,0.04798083470434896,325,0.879441682776397,0.8126508249199704,0.7661820871436256,0.7648856585383897,0.728035254285549,0.7902391015327863,0.05205812419028302
235.75059990882875,112.22295600527663,79.27752485275269,1.4258192525480575,3,50,3,"('tsfresh', {'default_fc_parameters': {'variance_larger_than_standard_deviation': None, 'value_count': [{'value': -1}, {'value': 1}, {'value': 0}], 'time_reversal_asymmetry_statistic': [{'lag': 3}, {'lag': 2}], 'symmetry_looking': [{'r': 0.9500000000000001}, {'r': 0.9}, {'r': 0.8500000000000001}, {'r': 0.8}]}})",pca,0.95,"('interpolate', 'linear')","{'classifier__base_estimator__max_depth': 3, 'classifier__base_estimator__n_estimators': 50, 'feature_extraction__n_lags': 3, 'feature_extraction__params': ('tsfresh', {'default_fc_parameters': {'variance_larger_than_standard_deviation': None, 'value_count': [{'value': -1}, {'value': 1}, {'value': 0}], 'time_reversal_asymmetry_statistic': [{'lag': 3}, {'lag': 2}], 'symmetry_looking': [{'r': 0.9500000000000001}, {'r': 0.9}, {'r': 0.8500000000000001}, {'r': 0.8}]}}), 'feature_selection__strategy': 'pca', 'feature_selection__threshold': 0.95, 'imputation__params': ('interpolate', 'linear')}",0.50024,0.5847684923771881,0.5211223203026482,0.544988591916558,0.6350178991840552,0.5572274607560899,0.04798083470434896,325,0.879441682776397,0.8126508249199704,0.7661820871436256,0.7648856585383897,0.728035254285549,0.7902391015327863,0.05205812419028302
236.96169271469117,112.06987924499009,79.58655190467834,1.3932624288655053,3,50,3,"('tsfresh', {'default_fc_parameters': {'variance_larger_than_standard_deviation': None, 'value_count': [{'value': -1}, {'value': 1}, {'value': 0}], 'time_reversal_asymmetry_statistic': [{'lag': 3}, {'lag': 2}], 'symmetry_looking': [{'r': 0.9500000000000001}, {'r': 0.9}, {'r': 0.8500000000000001}, {'r': 0.8}]}})",pca,0.95,"('interpolate', ('polynomial', 2))","{'classifier__base_estimator__max_depth': 3, 'classifier__base_estimator__n_estimators': 50, 'feature_extraction__n_lags': 3, 'feature_extraction__params': ('tsfresh', {'default_fc_parameters': {'variance_larger_than_standard_deviation': None, 'value_count': [{'value': -1}, {'value': 1}, {'value': 0}], 'time_reversal_asymmetry_statistic': [{'lag': 3}, {'lag': 2}], 'symmetry_looking': [{'r': 0.9500000000000001}, {'r': 0.9}, {'r': 0.8500000000000001}, {'r': 0.8}]}}), 'feature_selection__strategy': 'pca', 'feature_selection__threshold': 0.95, 'imputation__params': ('interpolate', ('polynomial', 2))}",0.50024,0.5847684923771881,0.5211223203026482,0.544988591916558,0.6350178991840552,0.5572274607560899,0.04798083470434896,325,0.879441682776397,0.8126508249199704,0.7661820871436256,0.7648856585383897,0.728035254285549,0.7902391015327863,0.05205812419028302
236.30581369400025,111.4788576229721,79.3331597328186,1.2184294111229332,3,50,3,"('tsfresh', {'default_fc_parameters': {'variance_larger_than_standard_deviation': None, 'value_count': [{'value': -1}, {'value': 1}, {'value': 0}], 'time_reversal_asymmetry_statistic': [{'lag': 3}, {'lag': 2}], 'symmetry_looking': [{'r': 0.9500000000000001}, {'r': 0.9}, {'r': 0.8500000000000001}, {'r': 0.8}]}})",pca,0.95,"('interpolate', ('spline', 2))","{'classifier__base_estimator__max_depth': 3, 'classifier__base_estimator__n_estimators': 50, 'feature_extraction__n_lags': 3, 'feature_extraction__params': ('tsfresh', {'default_fc_parameters': {'variance_larger_than_standard_deviation': None, 'value_count': [{'value': -1}, {'value': 1}, {'value': 0}], 'time_reversal_asymmetry_statistic': [{'lag': 3}, {'lag': 2}], 'symmetry_looking': [{'r': 0.9500000000000001}, {'r': 0.9}, {'r': 0.8500000000000001}, {'r': 0.8}]}}), 'feature_selection__strategy': 'pca', 'feature_selection__threshold': 0.95, 'imputation__params': ('interpolate', ('spline', 2))}",0.50024,0.5847684923771881,0.5211223203026482,0.544988591916558,0.6350178991840552,0.5572274607560899,0.04798083470434896,325,0.879441682776397,0.8126508249199704,0.7661820871436256,0.7648856585383897,0.728035254285549,0.7902391015327863,0.05205812419028302
236.7515818119049,111.46241376149109,78.98557014465332,1.667778822621132,3,50,3,"('tsfresh', {'default_fc_parameters': {'variance_larger_than_standard_deviation': None, 'value_count': [{'value': -1}, {'value': 1}, {'value': 0}], 'time_reversal_asymmetry_statistic': [{'lag': 3}, {'lag': 2}], 'symmetry_looking': [{'r': 0.9500000000000001}, {'r': 0.9}, {'r': 0.8500000000000001}, {'r': 0.8}]}})",pca,0.95,"('ffill', None)","{'classifier__base_estimator__max_depth': 3, 'classifier__base_estimator__n_estimators': 50, 'feature_extraction__n_lags': 3, 'feature_extraction__params': ('tsfresh', {'default_fc_parameters': {'variance_larger_than_standard_deviation': None, 'value_count': [{'value': -1}, {'value': 1}, {'value': 0}], 'time_reversal_asymmetry_statistic': [{'lag': 3}, {'lag': 2}], 'symmetry_looking': [{'r': 0.9500000000000001}, {'r': 0.9}, {'r': 0.8500000000000001}, {'r': 0.8}]}}), 'feature_selection__strategy': 'pca', 'feature_selection__threshold': 0.95, 'imputation__params': ('ffill', None)}",0.50024,0.5847684923771881,0.5211223203026482,0.544988591916558,0.6350178991840552,0.5572274607560899,0.04798083470434896,325,0.879441682776397,0.8126508249199704,0.7661820871436256,0.7648856585383897,0.728035254285549,0.7902391015327863,0.05205812419028302
216.62562623023987,102.34763730687936,72.83766326904296,2.0222462556600456,3,50,5,"('tsfresh', {'default_fc_parameters': {'variance_larger_than_standard_deviation': None, 'value_count': [{'value': -1}, {'value': 1}, {'value': 0}], 'time_reversal_asymmetry_statistic': [{'lag': 3}, {'lag': 2}], 'symmetry_looking': [{'r': 0.9500000000000001}, {'r': 0.9}, {'r': 0.8500000000000001}, {'r': 0.8}]}})",correlation,0.85,"('interpolate', 'linear')","{'classifier__base_estimator__max_depth': 3, 'classifier__base_estimator__n_estimators': 50, 'feature_extraction__n_lags': 5, 'feature_extraction__params': ('tsfresh', {'default_fc_parameters': {'variance_larger_than_standard_deviation': None, 'value_count': [{'value': -1}, {'value': 1}, {'value': 0}], 'time_reversal_asymmetry_statistic': [{'lag': 3}, {'lag': 2}], 'symmetry_looking': [{'r': 0.9500000000000001}, {'r': 0.9}, {'r': 0.8500000000000001}, {'r': 0.8}]}}), 'feature_selection__strategy': 'correlation', 'feature_selection__threshold': 0.85, 'imputation__params': ('interpolate', 'linear')}",0.5681180223285487,0.6111678004535147,0.6662887377173092,0.6676778431805854,0.6150166088965916,0.62565380251531,0.037551506223381124,9,0.9627325742849208,0.9241977225672877,0.9030280716712527,0.8843135044428346,0.8581299500688706,0.9064803646070333,0.03555071439170403
216.9439757823944,103.13852590177893,73.24127655029297,2.1214466559249225,3,50,5,"('tsfresh', {'default_fc_parameters': {'variance_larger_than_standard_deviation': None, 'value_count': [{'value': -1}, {'value': 1}, {'value': 0}], 'time_reversal_asymmetry_statistic': [{'lag': 3}, {'lag': 2}], 'symmetry_looking': [{'r': 0.9500000000000001}, {'r': 0.9}, {'r': 0.8500000000000001}, {'r': 0.8}]}})",correlation,0.85,"('interpolate', ('polynomial', 2))","{'classifier__base_estimator__max_depth': 3, 'classifier__base_estimator__n_estimators': 50, 'feature_extraction__n_lags': 5, 'feature_extraction__params': ('tsfresh', {'default_fc_parameters': {'variance_larger_than_standard_deviation': None, 'value_count': [{'value': -1}, {'value': 1}, {'value': 0}], 'time_reversal_asymmetry_statistic': [{'lag': 3}, {'lag': 2}], 'symmetry_looking': [{'r': 0.9500000000000001}, {'r': 0.9}, {'r': 0.8500000000000001}, {'r': 0.8}]}}), 'feature_selection__strategy': 'correlation', 'feature_selection__threshold': 0.85, 'imputation__params': ('interpolate', ('polynomial', 2))}",0.5681180223285487,0.6111678004535147,0.6662887377173092,0.6676778431805854,0.6150166088965916,0.62565380251531,0.037551506223381124,9,0.9627325742849208,0.9241977225672877,0.9030280716712527,0.8843135044428346,0.8581299500688706,0.9064803646070333,0.03555071439170403
216.55771799087523,101.89087063215733,72.7655002117157,2.2804489818684037,3,50,5,"('tsfresh', {'default_fc_parameters': {'variance_larger_than_standard_deviation': None, 'value_count': [{'value': -1}, {'value': 1}, {'value': 0}], 'time_reversal_asymmetry_statistic': [{'lag': 3}, {'lag': 2}], 'symmetry_looking': [{'r': 0.9500000000000001}, {'r': 0.9}, {'r': 0.8500000000000001}, {'r': 0.8}]}})",correlation,0.85,"('interpolate', ('spline', 2))","{'classifier__base_estimator__max_depth': 3, 'classifier__base_estimator__n_estimators': 50, 'feature_extraction__n_lags': 5, 'feature_extraction__params': ('tsfresh', {'default_fc_parameters': {'variance_larger_than_standard_deviation': None, 'value_count': [{'value': -1}, {'value': 1}, {'value': 0}], 'time_reversal_asymmetry_statistic': [{'lag': 3}, {'lag': 2}], 'symmetry_looking': [{'r': 0.9500000000000001}, {'r': 0.9}, {'r': 0.8500000000000001}, {'r': 0.8}]}}), 'feature_selection__strategy': 'correlation', 'feature_selection__threshold': 0.85, 'imputation__params': ('interpolate', ('spline', 2))}",0.5681180223285487,0.6111678004535147,0.6662887377173092,0.6676778431805854,0.6150166088965916,0.62565380251531,0.037551506223381124,9,0.9627325742849208,0.9241977225672877,0.9030280716712527,0.8843135044428346,0.8581299500688706,0.9064803646070333,0.03555071439170403
217.23716468811034,102.71435186966926,73.16722259521484,1.928805734225382,3,50,5,"('tsfresh', {'default_fc_parameters': {'variance_larger_than_standard_deviation': None, 'value_count': [{'value': -1}, {'value': 1}, {'value': 0}], 'time_reversal_asymmetry_statistic': [{'lag': 3}, {'lag': 2}], 'symmetry_looking': [{'r': 0.9500000000000001}, {'r': 0.9}, {'r': 0.8500000000000001}, {'r': 0.8}]}})",correlation,0.85,"('ffill', None)","{'classifier__base_estimator__max_depth': 3, 'classifier__base_estimator__n_estimators': 50, 'feature_extraction__n_lags': 5, 'feature_extraction__params': ('tsfresh', {'default_fc_parameters': {'variance_larger_than_standard_deviation': None, 'value_count': [{'value': -1}, {'value': 1}, {'value': 0}], 'time_reversal_asymmetry_statistic': [{'lag': 3}, {'lag': 2}], 'symmetry_looking': [{'r': 0.9500000000000001}, {'r': 0.9}, {'r': 0.8500000000000001}, {'r': 0.8}]}}), 'feature_selection__strategy': 'correlation', 'feature_selection__threshold': 0.85, 'imputation__params': ('ffill', None)}",0.5681180223285487,0.6111678004535147,0.6662887377173092,0.6676778431805854,0.6150166088965916,0.62565380251531,0.037551506223381124,9,0.9627325742849208,0.9241977225672877,0.9030280716712527,0.8843135044428346,0.8581299500688706,0.9064803646070333,0.03555071439170403
217.1900363922119,103.49100802610823,73.206511926651,3.1361493899172843,3,50,5,"('tsfresh', {'default_fc_parameters': {'variance_larger_than_standard_deviation': None, 'value_count': [{'value': -1}, {'value': 1}, {'value': 0}], 'time_reversal_asymmetry_statistic': [{'lag': 3}, {'lag': 2}], 'symmetry_looking': [{'r': 0.9500000000000001}, {'r': 0.9}, {'r': 0.8500000000000001}, {'r': 0.8}]}})",correlation,0.9,"('interpolate', 'linear')","{'classifier__base_estimator__max_depth': 3, 'classifier__base_estimator__n_estimators': 50, 'feature_extraction__n_lags': 5, 'feature_extraction__params': ('tsfresh', {'default_fc_parameters': {'variance_larger_than_standard_deviation': None, 'value_count': [{'value': -1}, {'value': 1}, {'value': 0}], 'time_reversal_asymmetry_statistic': [{'lag': 3}, {'lag': 2}], 'symmetry_looking': [{'r': 0.9500000000000001}, {'r': 0.9}, {'r': 0.8500000000000001}, {'r': 0.8}]}}), 'feature_selection__strategy': 'correlation', 'feature_selection__threshold': 0.9, 'imputation__params': ('interpolate', 'linear')}",0.5717065390749602,0.6297619047619047,0.6392195767195767,0.6440122948349639,0.6038597631426921,0.6177120157068196,0.026862123782011645,57,0.961066370452652,0.9250776397515528,0.900933676962627,0.8853355042358473,0.8532869533402204,0.90514002894858,0.03639757696532594
218.05457820892335,103.17651425952255,73.1208333015442,1.9493446847178255,3,50,5,"('tsfresh', {'default_fc_parameters': {'variance_larger_than_standard_deviation': None, 'value_count': [{'value': -1}, {'value': 1}, {'value': 0}], 'time_reversal_asymmetry_statistic': [{'lag': 3}, {'lag': 2}], 'symmetry_looking': [{'r': 0.9500000000000001}, {'r': 0.9}, {'r': 0.8500000000000001}, {'r': 0.8}]}})",correlation,0.9,"('interpolate', ('polynomial', 2))","{'classifier__base_estimator__max_depth': 3, 'classifier__base_estimator__n_estimators': 50, 'feature_extraction__n_lags': 5, 'feature_extraction__params': ('tsfresh', {'default_fc_parameters': {'variance_larger_than_standard_deviation': None, 'value_count': [{'value': -1}, {'value': 1}, {'value': 0}], 'time_reversal_asymmetry_statistic': [{'lag': 3}, {'lag': 2}], 'symmetry_looking': [{'r': 0.9500000000000001}, {'r': 0.9}, {'r': 0.8500000000000001}, {'r': 0.8}]}}), 'feature_selection__strategy': 'correlation', 'feature_selection__threshold': 0.9, 'imputation__params': ('interpolate', ('polynomial', 2))}",0.5717065390749602,0.6297619047619047,0.6392195767195767,0.6440122948349639,0.6038597631426921,0.6177120157068196,0.026862123782011645,57,0.961066370452652,0.9250776397515528,0.900933676962627,0.8853355042358473,0.8532869533402204,0.90514002894858,0.03639757696532594
216.74166293144225,102.68801216050406,72.7305823802948,2.05382286845694,3,50,5,"('tsfresh', {'default_fc_parameters': {'variance_larger_than_standard_deviation': None, 'value_count': [{'value': -1}, {'value': 1}, {'value': 0}], 'time_reversal_asymmetry_statistic': [{'lag': 3}, {'lag': 2}], 'symmetry_looking': [{'r': 0.9500000000000001}, {'r': 0.9}, {'r': 0.8500000000000001}, {'r': 0.8}]}})",correlation,0.9,"('interpolate', ('spline', 2))","{'classifier__base_estimator__max_depth': 3, 'classifier__base_estimator__n_estimators': 50, 'feature_extraction__n_lags': 5, 'feature_extraction__params': ('tsfresh', {'default_fc_parameters': {'variance_larger_than_standard_deviation': None, 'value_count': [{'value': -1}, {'value': 1}, {'value': 0}], 'time_reversal_asymmetry_statistic': [{'lag': 3}, {'lag': 2}], 'symmetry_looking': [{'r': 0.9500000000000001}, {'r': 0.9}, {'r': 0.8500000000000001}, {'r': 0.8}]}}), 'feature_selection__strategy': 'correlation', 'feature_selection__threshold': 0.9, 'imputation__params': ('interpolate', ('spline', 2))}",0.5717065390749602,0.6297619047619047,0.6392195767195767,0.6440122948349639,0.6038597631426921,0.6177120157068196,0.026862123782011645,57,0.961066370452652,0.9250776397515528,0.900933676962627,0.8853355042358473,0.8532869533402204,0.90514002894858,0.03639757696532594
216.94544353485108,102.5852907867067,73.39298958778382,1.645200041684819,3,50,5,"('tsfresh', {'default_fc_parameters': {'variance_larger_than_standard_deviation': None, 'value_count': [{'value': -1}, {'value': 1}, {'value': 0}], 'time_reversal_asymmetry_statistic': [{'lag': 3}, {'lag': 2}], 'symmetry_looking': [{'r': 0.9500000000000001}, {'r': 0.9}, {'r': 0.8500000000000001}, {'r': 0.8}]}})",correlation,0.9,"('ffill', None)","{'classifier__base_estimator__max_depth': 3, 'classifier__base_estimator__n_estimators': 50, 'feature_extraction__n_lags': 5, 'feature_extraction__params': ('tsfresh', {'default_fc_parameters': {'variance_larger_than_standard_deviation': None, 'value_count': [{'value': -1}, {'value': 1}, {'value': 0}], 'time_reversal_asymmetry_statistic': [{'lag': 3}, {'lag': 2}], 'symmetry_looking': [{'r': 0.9500000000000001}, {'r': 0.9}, {'r': 0.8500000000000001}, {'r': 0.8}]}}), 'feature_selection__strategy': 'correlation', 'feature_selection__threshold': 0.9, 'imputation__params': ('ffill', None)}",0.5717065390749602,0.6297619047619047,0.6392195767195767,0.6440122948349639,0.6038597631426921,0.6177120157068196,0.026862123782011645,57,0.961066370452652,0.9250776397515528,0.900933676962627,0.8853355042358473,0.8532869533402204,0.90514002894858,0.03639757696532594
216.7418206691742,102.91200389428562,73.13632612228393,2.263230417644111,3,50,5,"('tsfresh', {'default_fc_parameters': {'variance_larger_than_standard_deviation': None, 'value_count': [{'value': -1}, {'value': 1}, {'value': 0}], 'time_reversal_asymmetry_statistic': [{'lag': 3}, {'lag': 2}], 'symmetry_looking': [{'r': 0.9500000000000001}, {'r': 0.9}, {'r': 0.8500000000000001}, {'r': 0.8}]}})",correlation,0.95,"('interpolate', 'linear')","{'classifier__base_estimator__max_depth': 3, 'classifier__base_estimator__n_estimators': 50, 'feature_extraction__n_lags': 5, 'feature_extraction__params': ('tsfresh', {'default_fc_parameters': {'variance_larger_than_standard_deviation': None, 'value_count': [{'value': -1}, {'value': 1}, {'value': 0}], 'time_reversal_asymmetry_statistic': [{'lag': 3}, {'lag': 2}], 'symmetry_looking': [{'r': 0.9500000000000001}, {'r': 0.9}, {'r': 0.8500000000000001}, {'r': 0.8}]}}), 'feature_selection__strategy': 'correlation', 'feature_selection__threshold': 0.95, 'imputation__params': ('interpolate', 'linear')}",0.5432535885167464,0.615093537414966,0.657060972537163,0.658888643349338,0.6114962449451185,0.6171585973526664,0.042028260308082294,73,0.9652179950013885,0.9353186926944691,0.9112958441524887,0.8865432381684581,0.8570554622933884,0.9110862464620386,0.037521157965886155
216.86953558921815,102.68495840117369,73.17206687927246,2.5269432898189996,3,50,5,"('tsfresh', {'default_fc_parameters': {'variance_larger_than_standard_deviation': None, 'value_count': [{'value': -1}, {'value': 1}, {'value': 0}], 'time_reversal_asymmetry_statistic': [{'lag': 3}, {'lag': 2}], 'symmetry_looking': [{'r': 0.9500000000000001}, {'r': 0.9}, {'r': 0.8500000000000001}, {'r': 0.8}]}})",correlation,0.95,"('interpolate', ('polynomial', 2))","{'classifier__base_estimator__max_depth': 3, 'classifier__base_estimator__n_estimators': 50, 'feature_extraction__n_lags': 5, 'feature_extraction__params': ('tsfresh', {'default_fc_parameters': {'variance_larger_than_standard_deviation': None, 'value_count': [{'value': -1}, {'value': 1}, {'value': 0}], 'time_reversal_asymmetry_statistic': [{'lag': 3}, {'lag': 2}], 'symmetry_looking': [{'r': 0.9500000000000001}, {'r': 0.9}, {'r': 0.8500000000000001}, {'r': 0.8}]}}), 'feature_selection__strategy': 'correlation', 'feature_selection__threshold': 0.95, 'imputation__params': ('interpolate', ('polynomial', 2))}",0.5432535885167464,0.615093537414966,0.657060972537163,0.658888643349338,0.6114962449451185,0.6171585973526664,0.042028260308082294,73,0.9652179950013885,0.9353186926944691,0.9112958441524887,0.8865432381684581,0.8570554622933884,0.9110862464620386,0.037521157965886155
216.68596019744874,102.84788585664435,72.73113207817077,2.0246552939916884,3,50,5,"('tsfresh', {'default_fc_parameters': {'variance_larger_than_standard_deviation': None, 'value_count': [{'value': -1}, {'value': 1}, {'value': 0}], 'time_reversal_asymmetry_statistic': [{'lag': 3}, {'lag': 2}], 'symmetry_looking': [{'r': 0.9500000000000001}, {'r': 0.9}, {'r': 0.8500000000000001}, {'r': 0.8}]}})",correlation,0.95,"('interpolate', ('spline', 2))","{'classifier__base_estimator__max_depth': 3, 'classifier__base_estimator__n_estimators': 50, 'feature_extraction__n_lags': 5, 'feature_extraction__params': ('tsfresh', {'default_fc_parameters': {'variance_larger_than_standard_deviation': None, 'value_count': [{'value': -1}, {'value': 1}, {'value': 0}], 'time_reversal_asymmetry_statistic': [{'lag': 3}, {'lag': 2}], 'symmetry_looking': [{'r': 0.9500000000000001}, {'r': 0.9}, {'r': 0.8500000000000001}, {'r': 0.8}]}}), 'feature_selection__strategy': 'correlation', 'feature_selection__threshold': 0.95, 'imputation__params': ('interpolate', ('spline', 2))}",0.5432535885167464,0.615093537414966,0.657060972537163,0.658888643349338,0.6114962449451185,0.6171585973526664,0.042028260308082294,73,0.9652179950013885,0.9353186926944691,0.9112958441524887,0.8865432381684581,0.8570554622933884,0.9110862464620386,0.037521157965886155
217.4552396774292,104.11988099579385,73.12114138603211,1.841572774541043,3,50,5,"('tsfresh', {'default_fc_parameters': {'variance_larger_than_standard_deviation': None, 'value_count': [{'value': -1}, {'value': 1}, {'value': 0}], 'time_reversal_asymmetry_statistic': [{'lag': 3}, {'lag': 2}], 'symmetry_looking': [{'r': 0.9500000000000001}, {'r': 0.9}, {'r': 0.8500000000000001}, {'r': 0.8}]}})",correlation,0.95,"('ffill', None)","{'classifier__base_estimator__max_depth': 3, 'classifier__base_estimator__n_estimators': 50, 'feature_extraction__n_lags': 5, 'feature_extraction__params': ('tsfresh', {'default_fc_parameters': {'variance_larger_than_standard_deviation': None, 'value_count': [{'value': -1}, {'value': 1}, {'value': 0}], 'time_reversal_asymmetry_statistic': [{'lag': 3}, {'lag': 2}], 'symmetry_looking': [{'r': 0.9500000000000001}, {'r': 0.9}, {'r': 0.8500000000000001}, {'r': 0.8}]}}), 'feature_selection__strategy': 'correlation', 'feature_selection__threshold': 0.95, 'imputation__params': ('ffill', None)}",0.5432535885167464,0.615093537414966,0.657060972537163,0.658888643349338,0.6114962449451185,0.6171585973526664,0.042028260308082294,73,0.9652179950013885,0.9353186926944691,0.9112958441524887,0.8865432381684581,0.8570554622933884,0.9110862464620386,0.037521157965886155
216.93459277153016,103.25015393521024,73.37704381942748,2.049022246236496,3,50,5,"('tsfresh', {'default_fc_parameters': {'variance_larger_than_standard_deviation': None, 'value_count': [{'value': -1}, {'value': 1}, {'value': 0}], 'time_reversal_asymmetry_statistic': [{'lag': 3}, {'lag': 2}], 'symmetry_looking': [{'r': 0.9500000000000001}, {'r': 0.9}, {'r': 0.8500000000000001}, {'r': 0.8}]}})",pca,0.85,"('interpolate', 'linear')","{'classifier__base_estimator__max_depth': 3, 'classifier__base_estimator__n_estimators': 50, 'feature_extraction__n_lags': 5, 'feature_extraction__params': ('tsfresh', {'default_fc_parameters': {'variance_larger_than_standard_deviation': None, 'value_count': [{'value': -1}, {'value': 1}, {'value': 0}], 'time_reversal_asymmetry_statistic': [{'lag': 3}, {'lag': 2}], 'symmetry_looking': [{'r': 0.9500000000000001}, {'r': 0.9}, {'r': 0.8500000000000001}, {'r': 0.8}]}}), 'feature_selection__strategy': 'pca', 'feature_selection__threshold': 0.85, 'imputation__params': ('interpolate', 'linear')}",0.4759808612440191,0.566609977324263,0.5030864197530864,0.5373465656829459,0.5721584344309648,0.5310364516870558,0.036901580057861524,445,0.7989725076367675,0.7639788524105294,0.7362758206410108,0.6955364667267915,0.6841318009641874,0.7357790896758573,0.042604677129660554
216.87868423461913,101.92964123736466,72.58206934928894,1.64408240675458,3,50,5,"('tsfresh', {'default_fc_parameters': {'variance_larger_than_standard_deviation': None, 'value_count': [{'value': -1}, {'value': 1}, {'value': 0}], 'time_reversal_asymmetry_statistic': [{'lag': 3}, {'lag': 2}], 'symmetry_looking': [{'r': 0.9500000000000001}, {'r': 0.9}, {'r': 0.8500000000000001}, {'r': 0.8}]}})",pca,0.85,"('interpolate', ('polynomial', 2))","{'classifier__base_estimator__max_depth': 3, 'classifier__base_estimator__n_estimators': 50, 'feature_extraction__n_lags': 5, 'feature_extraction__params': ('tsfresh', {'default_fc_parameters': {'variance_larger_than_standard_deviation': None, 'value_count': [{'value': -1}, {'value': 1}, {'value': 0}], 'time_reversal_asymmetry_statistic': [{'lag': 3}, {'lag': 2}], 'symmetry_looking': [{'r': 0.9500000000000001}, {'r': 0.9}, {'r': 0.8500000000000001}, {'r': 0.8}]}}), 'feature_selection__strategy': 'pca', 'feature_selection__threshold': 0.85, 'imputation__params': ('interpolate', ('polynomial', 2))}",0.4759808612440191,0.566609977324263,0.5030864197530864,0.5373465656829459,0.5721584344309648,0.5310364516870558,0.036901580057861524,445,0.7989725076367675,0.7639788524105294,0.7362758206410108,0.6955364667267915,0.6841318009641874,0.7357790896758573,0.042604677129660554
214.3547869682312,101.24467401852175,72.22664704322816,1.934647942414462,3,50,5,"('tsfresh', {'default_fc_parameters': {'variance_larger_than_standard_deviation': None, 'value_count': [{'value': -1}, {'value': 1}, {'value': 0}], 'time_reversal_asymmetry_statistic': [{'lag': 3}, {'lag': 2}], 'symmetry_looking': [{'r': 0.9500000000000001}, {'r': 0.9}, {'r': 0.8500000000000001}, {'r': 0.8}]}})",pca,0.85,"('interpolate', ('spline', 2))","{'classifier__base_estimator__max_depth': 3, 'classifier__base_estimator__n_estimators': 50, 'feature_extraction__n_lags': 5, 'feature_extraction__params': ('tsfresh', {'default_fc_parameters': {'variance_larger_than_standard_deviation': None, 'value_count': [{'value': -1}, {'value': 1}, {'value': 0}], 'time_reversal_asymmetry_statistic': [{'lag': 3}, {'lag': 2}], 'symmetry_looking': [{'r': 0.9500000000000001}, {'r': 0.9}, {'r': 0.8500000000000001}, {'r': 0.8}]}}), 'feature_selection__strategy': 'pca', 'feature_selection__threshold': 0.85, 'imputation__params': ('interpolate', ('spline', 2))}",0.4759808612440191,0.566609977324263,0.5030864197530864,0.5373465656829459,0.5721584344309648,0.5310364516870558,0.036901580057861524,445,0.7989725076367675,0.7639788524105294,0.7362758206410108,0.6955364667267915,0.6841318009641874,0.7357790896758573,0.042604677129660554
213.81236448287964,101.44513693442353,72.2577461719513,1.8199236535057937,3,50,5,"('tsfresh', {'default_fc_parameters': {'variance_larger_than_standard_deviation': None, 'value_count': [{'value': -1}, {'value': 1}, {'value': 0}], 'time_reversal_asymmetry_statistic': [{'lag': 3}, {'lag': 2}], 'symmetry_looking': [{'r': 0.9500000000000001}, {'r': 0.9}, {'r': 0.8500000000000001}, {'r': 0.8}]}})",pca,0.85,"('ffill', None)","{'classifier__base_estimator__max_depth': 3, 'classifier__base_estimator__n_estimators': 50, 'feature_extraction__n_lags': 5, 'feature_extraction__params': ('tsfresh', {'default_fc_parameters': {'variance_larger_than_standard_deviation': None, 'value_count': [{'value': -1}, {'value': 1}, {'value': 0}], 'time_reversal_asymmetry_statistic': [{'lag': 3}, {'lag': 2}], 'symmetry_looking': [{'r': 0.9500000000000001}, {'r': 0.9}, {'r': 0.8500000000000001}, {'r': 0.8}]}}), 'feature_selection__strategy': 'pca', 'feature_selection__threshold': 0.85, 'imputation__params': ('ffill', None)}",0.4759808612440191,0.566609977324263,0.5030864197530864,0.5373465656829459,0.5721584344309648,0.5310364516870558,0.036901580057861524,445,0.7989725076367675,0.7639788524105294,0.7362758206410108,0.6955364667267915,0.6841318009641874,0.7357790896758573,0.042604677129660554
212.96965913772584,100.37247397509931,72.09976487159729,2.188765162619455,3,50,5,"('tsfresh', {'default_fc_parameters': {'variance_larger_than_standard_deviation': None, 'value_count': [{'value': -1}, {'value': 1}, {'value': 0}], 'time_reversal_asymmetry_statistic': [{'lag': 3}, {'lag': 2}], 'symmetry_looking': [{'r': 0.9500000000000001}, {'r': 0.9}, {'r': 0.8500000000000001}, {'r': 0.8}]}})",pca,0.9,"('interpolate', 'linear')","{'classifier__base_estimator__max_depth': 3, 'classifier__base_estimator__n_estimators': 50, 'feature_extraction__n_lags': 5, 'feature_extraction__params': ('tsfresh', {'default_fc_parameters': {'variance_larger_than_standard_deviation': None, 'value_count': [{'value': -1}, {'value': 1}, {'value': 0}], 'time_reversal_asymmetry_statistic': [{'lag': 3}, {'lag': 2}], 'symmetry_looking': [{'r': 0.9500000000000001}, {'r': 0.9}, {'r': 0.8500000000000001}, {'r': 0.8}]}}), 'feature_selection__strategy': 'pca', 'feature_selection__threshold': 0.9, 'imputation__params': ('interpolate', 'linear')}",0.4759808612440191,0.566609977324263,0.5030864197530864,0.5373465656829459,0.5721584344309648,0.5310364516870558,0.036901580057861524,445,0.7989725076367675,0.7639788524105294,0.7362758206410108,0.6955364667267915,0.6841318009641874,0.7357790896758573,0.042604677129660554
213.02860379219055,100.79156470223744,72.11300072669982,1.7782633456805583,3,50,5,"('tsfresh', {'default_fc_parameters': {'variance_larger_than_standard_deviation': None, 'value_count': [{'value': -1}, {'value': 1}, {'value': 0}], 'time_reversal_asymmetry_statistic': [{'lag': 3}, {'lag': 2}], 'symmetry_looking': [{'r': 0.9500000000000001}, {'r': 0.9}, {'r': 0.8500000000000001}, {'r': 0.8}]}})",pca,0.9,"('interpolate', ('polynomial', 2))","{'classifier__base_estimator__max_depth': 3, 'classifier__base_estimator__n_estimators': 50, 'feature_extraction__n_lags': 5, 'feature_extraction__params': ('tsfresh', {'default_fc_parameters': {'variance_larger_than_standard_deviation': None, 'value_count': [{'value': -1}, {'value': 1}, {'value': 0}], 'time_reversal_asymmetry_statistic': [{'lag': 3}, {'lag': 2}], 'symmetry_looking': [{'r': 0.9500000000000001}, {'r': 0.9}, {'r': 0.8500000000000001}, {'r': 0.8}]}}), 'feature_selection__strategy': 'pca', 'feature_selection__threshold': 0.9, 'imputation__params': ('interpolate', ('polynomial', 2))}",0.4759808612440191,0.566609977324263,0.5030864197530864,0.5373465656829459,0.5721584344309648,0.5310364516870558,0.036901580057861524,445,0.7989725076367675,0.7639788524105294,0.7362758206410108,0.6955364667267915,0.6841318009641874,0.7357790896758573,0.042604677129660554
213.17938594818116,100.91999820864466,71.60027904510498,2.03384392101782,3,50,5,"('tsfresh', {'default_fc_parameters': {'variance_larger_than_standard_deviation': None, 'value_count': [{'value': -1}, {'value': 1}, {'value': 0}], 'time_reversal_asymmetry_statistic': [{'lag': 3}, {'lag': 2}], 'symmetry_looking': [{'r': 0.9500000000000001}, {'r': 0.9}, {'r': 0.8500000000000001}, {'r': 0.8}]}})",pca,0.9,"('interpolate', ('spline', 2))","{'classifier__base_estimator__max_depth': 3, 'classifier__base_estimator__n_estimators': 50, 'feature_extraction__n_lags': 5, 'feature_extraction__params': ('tsfresh', {'default_fc_parameters': {'variance_larger_than_standard_deviation': None, 'value_count': [{'value': -1}, {'value': 1}, {'value': 0}], 'time_reversal_asymmetry_statistic': [{'lag': 3}, {'lag': 2}], 'symmetry_looking': [{'r': 0.9500000000000001}, {'r': 0.9}, {'r': 0.8500000000000001}, {'r': 0.8}]}}), 'feature_selection__strategy': 'pca', 'feature_selection__threshold': 0.9, 'imputation__params': ('interpolate', ('spline', 2))}",0.4759808612440191,0.566609977324263,0.5030864197530864,0.5373465656829459,0.5721584344309648,0.5310364516870558,0.036901580057861524,445,0.7989725076367675,0.7639788524105294,0.7362758206410108,0.6955364667267915,0.6841318009641874,0.7357790896758573,0.042604677129660554
213.79023127555848,101.51444229102044,71.9679130077362,1.7955546872860588,3,50,5,"('tsfresh', {'default_fc_parameters': {'variance_larger_than_standard_deviation': None, 'value_count': [{'value': -1}, {'value': 1}, {'value': 0}], 'time_reversal_asymmetry_statistic': [{'lag': 3}, {'lag': 2}], 'symmetry_looking': [{'r': 0.9500000000000001}, {'r': 0.9}, {'r': 0.8500000000000001}, {'r': 0.8}]}})",pca,0.9,"('ffill', None)","{'classifier__base_estimator__max_depth': 3, 'classifier__base_estimator__n_estimators': 50, 'feature_extraction__n_lags': 5, 'feature_extraction__params': ('tsfresh', {'default_fc_parameters': {'variance_larger_than_standard_deviation': None, 'value_count': [{'value': -1}, {'value': 1}, {'value': 0}], 'time_reversal_asymmetry_statistic': [{'lag': 3}, {'lag': 2}], 'symmetry_looking': [{'r': 0.9500000000000001}, {'r': 0.9}, {'r': 0.8500000000000001}, {'r': 0.8}]}}), 'feature_selection__strategy': 'pca', 'feature_selection__threshold': 0.9, 'imputation__params': ('ffill', None)}",0.4759808612440191,0.566609977324263,0.5030864197530864,0.5373465656829459,0.5721584344309648,0.5310364516870558,0.036901580057861524,445,0.7989725076367675,0.7639788524105294,0.7362758206410108,0.6955364667267915,0.6841318009641874,0.7357790896758573,0.042604677129660554
213.17042784690858,100.93482871711466,72.1739891052246,2.0002814558333566,3,50,5,"('tsfresh', {'default_fc_parameters': {'variance_larger_than_standard_deviation': None, 'value_count': [{'value': -1}, {'value': 1}, {'value': 0}], 'time_reversal_asymmetry_statistic': [{'lag': 3}, {'lag': 2}], 'symmetry_looking': [{'r': 0.9500000000000001}, {'r': 0.9}, {'r': 0.8500000000000001}, {'r': 0.8}]}})",pca,0.95,"('interpolate', 'linear')","{'classifier__base_estimator__max_depth': 3, 'classifier__base_estimator__n_estimators': 50, 'feature_extraction__n_lags': 5, 'feature_extraction__params': ('tsfresh', {'default_fc_parameters': {'variance_larger_than_standard_deviation': None, 'value_count': [{'value': -1}, {'value': 1}, {'value': 0}], 'time_reversal_asymmetry_statistic': [{'lag': 3}, {'lag': 2}], 'symmetry_looking': [{'r': 0.9500000000000001}, {'r': 0.9}, {'r': 0.8500000000000001}, {'r': 0.8}]}}), 'feature_selection__strategy': 'pca', 'feature_selection__threshold': 0.95, 'imputation__params': ('interpolate', 'linear')}",0.4759808612440191,0.566609977324263,0.5030864197530864,0.5373465656829459,0.5721584344309648,0.5310364516870558,0.036901580057861524,445,0.7989725076367675,0.7639788524105294,0.7362758206410108,0.6955364667267915,0.6841318009641874,0.7357790896758573,0.042604677129660554
214.3208641529083,101.90058959752612,72.18063797950745,2.1284475228893913,3,50,5,"('tsfresh', {'default_fc_parameters': {'variance_larger_than_standard_deviation': None, 'value_count': [{'value': -1}, {'value': 1}, {'value': 0}], 'time_reversal_asymmetry_statistic': [{'lag': 3}, {'lag': 2}], 'symmetry_looking': [{'r': 0.9500000000000001}, {'r': 0.9}, {'r': 0.8500000000000001}, {'r': 0.8}]}})",pca,0.95,"('interpolate', ('polynomial', 2))","{'classifier__base_estimator__max_depth': 3, 'classifier__base_estimator__n_estimators': 50, 'feature_extraction__n_lags': 5, 'feature_extraction__params': ('tsfresh', {'default_fc_parameters': {'variance_larger_than_standard_deviation': None, 'value_count': [{'value': -1}, {'value': 1}, {'value': 0}], 'time_reversal_asymmetry_statistic': [{'lag': 3}, {'lag': 2}], 'symmetry_looking': [{'r': 0.9500000000000001}, {'r': 0.9}, {'r': 0.8500000000000001}, {'r': 0.8}]}}), 'feature_selection__strategy': 'pca', 'feature_selection__threshold': 0.95, 'imputation__params': ('interpolate', ('polynomial', 2))}",0.4759808612440191,0.566609977324263,0.5030864197530864,0.5373465656829459,0.5721584344309648,0.5310364516870558,0.036901580057861524,445,0.7989725076367675,0.7639788524105294,0.7362758206410108,0.6955364667267915,0.6841318009641874,0.7357790896758573,0.042604677129660554
213.85614552497864,101.11262816686376,72.0836208820343,1.9646886827928332,3,50,5,"('tsfresh', {'default_fc_parameters': {'variance_larger_than_standard_deviation': None, 'value_count': [{'value': -1}, {'value': 1}, {'value': 0}], 'time_reversal_asymmetry_statistic': [{'lag': 3}, {'lag': 2}], 'symmetry_looking': [{'r': 0.9500000000000001}, {'r': 0.9}, {'r': 0.8500000000000001}, {'r': 0.8}]}})",pca,0.95,"('interpolate', ('spline', 2))","{'classifier__base_estimator__max_depth': 3, 'classifier__base_estimator__n_estimators': 50, 'feature_extraction__n_lags': 5, 'feature_extraction__params': ('tsfresh', {'default_fc_parameters': {'variance_larger_than_standard_deviation': None, 'value_count': [{'value': -1}, {'value': 1}, {'value': 0}], 'time_reversal_asymmetry_statistic': [{'lag': 3}, {'lag': 2}], 'symmetry_looking': [{'r': 0.9500000000000001}, {'r': 0.9}, {'r': 0.8500000000000001}, {'r': 0.8}]}}), 'feature_selection__strategy': 'pca', 'feature_selection__threshold': 0.95, 'imputation__params': ('interpolate', ('spline', 2))}",0.4759808612440191,0.566609977324263,0.5030864197530864,0.5373465656829459,0.5721584344309648,0.5310364516870558,0.036901580057861524,445,0.7989725076367675,0.7639788524105294,0.7362758206410108,0.6955364667267915,0.6841318009641874,0.7357790896758573,0.042604677129660554
213.4766819000244,101.58501902677224,72.2228368282318,1.5969222824656943,3,50,5,"('tsfresh', {'default_fc_parameters': {'variance_larger_than_standard_deviation': None, 'value_count': [{'value': -1}, {'value': 1}, {'value': 0}], 'time_reversal_asymmetry_statistic': [{'lag': 3}, {'lag': 2}], 'symmetry_looking': [{'r': 0.9500000000000001}, {'r': 0.9}, {'r': 0.8500000000000001}, {'r': 0.8}]}})",pca,0.95,"('ffill', None)","{'classifier__base_estimator__max_depth': 3, 'classifier__base_estimator__n_estimators': 50, 'feature_extraction__n_lags': 5, 'feature_extraction__params': ('tsfresh', {'default_fc_parameters': {'variance_larger_than_standard_deviation': None, 'value_count': [{'value': -1}, {'value': 1}, {'value': 0}], 'time_reversal_asymmetry_statistic': [{'lag': 3}, {'lag': 2}], 'symmetry_looking': [{'r': 0.9500000000000001}, {'r': 0.9}, {'r': 0.8500000000000001}, {'r': 0.8}]}}), 'feature_selection__strategy': 'pca', 'feature_selection__threshold': 0.95, 'imputation__params': ('ffill', None)}",0.4759808612440191,0.566609977324263,0.5030864197530864,0.5373465656829459,0.5721584344309648,0.5310364516870558,0.036901580057861524,445,0.7989725076367675,0.7639788524105294,0.7362758206410108,0.6955364667267915,0.6841318009641874,0.7357790896758573,0.042604677129660554
183.43810606002808,88.09158796558572,62.69571232795715,3.4666139944476955,3,50,8,"('tsfresh', {'default_fc_parameters': {'variance_larger_than_standard_deviation': None, 'value_count': [{'value': -1}, {'value': 1}, {'value': 0}], 'time_reversal_asymmetry_statistic': [{'lag': 3}, {'lag': 2}], 'symmetry_looking': [{'r': 0.9500000000000001}, {'r': 0.9}, {'r': 0.8500000000000001}, {'r': 0.8}]}})",correlation,0.85,"('interpolate', 'linear')","{'classifier__base_estimator__max_depth': 3, 'classifier__base_estimator__n_estimators': 50, 'feature_extraction__n_lags': 8, 'feature_extraction__params': ('tsfresh', {'default_fc_parameters': {'variance_larger_than_standard_deviation': None, 'value_count': [{'value': -1}, {'value': 1}, {'value': 0}], 'time_reversal_asymmetry_statistic': [{'lag': 3}, {'lag': 2}], 'symmetry_looking': [{'r': 0.9500000000000001}, {'r': 0.9}, {'r': 0.8500000000000001}, {'r': 0.8}]}}), 'feature_selection__strategy': 'correlation', 'feature_selection__threshold': 0.85, 'imputation__params': ('interpolate', 'linear')}",0.4829098220396988,0.6256437077566785,0.6463205556532442,0.6743035343035343,0.5997660427807487,0.605788732506781,0.06613142403443595,165,0.9763209013209012,0.9359101688388025,0.9112478777589135,0.8870374253334425,0.8731912225518581,0.9167415191607835,0.036677735834539094
184.7443645954132,88.83671722693468,62.534168577194215,3.253752519851042,3,50,8,"('tsfresh', {'default_fc_parameters': {'variance_larger_than_standard_deviation': None, 'value_count': [{'value': -1}, {'value': 1}, {'value': 0}], 'time_reversal_asymmetry_statistic': [{'lag': 3}, {'lag': 2}], 'symmetry_looking': [{'r': 0.9500000000000001}, {'r': 0.9}, {'r': 0.8500000000000001}, {'r': 0.8}]}})",correlation,0.85,"('interpolate', ('polynomial', 2))","{'classifier__base_estimator__max_depth': 3, 'classifier__base_estimator__n_estimators': 50, 'feature_extraction__n_lags': 8, 'feature_extraction__params': ('tsfresh', {'default_fc_parameters': {'variance_larger_than_standard_deviation': None, 'value_count': [{'value': -1}, {'value': 1}, {'value': 0}], 'time_reversal_asymmetry_statistic': [{'lag': 3}, {'lag': 2}], 'symmetry_looking': [{'r': 0.9500000000000001}, {'r': 0.9}, {'r': 0.8500000000000001}, {'r': 0.8}]}}), 'feature_selection__strategy': 'correlation', 'feature_selection__threshold': 0.85, 'imputation__params': ('interpolate', ('polynomial', 2))}",0.4829098220396988,0.6256437077566785,0.6463205556532442,0.6743035343035343,0.5997660427807487,0.605788732506781,0.06613142403443595,165,0.9763209013209012,0.9359101688388025,0.9112478777589135,0.8870374253334425,0.8731912225518581,0.9167415191607835,0.036677735834539094
183.81429815292358,88.0193980440668,62.899893283843994,3.30618411128721,3,50,8,"('tsfresh', {'default_fc_parameters': {'variance_larger_than_standard_deviation': None, 'value_count': [{'value': -1}, {'value': 1}, {'value': 0}], 'time_reversal_asymmetry_statistic': [{'lag': 3}, {'lag': 2}], 'symmetry_looking': [{'r': 0.9500000000000001}, {'r': 0.9}, {'r': 0.8500000000000001}, {'r': 0.8}]}})",correlation,0.85,"('interpolate', ('spline', 2))","{'classifier__base_estimator__max_depth': 3, 'classifier__base_estimator__n_estimators': 50, 'feature_extraction__n_lags': 8, 'feature_extraction__params': ('tsfresh', {'default_fc_parameters': {'variance_larger_than_standard_deviation': None, 'value_count': [{'value': -1}, {'value': 1}, {'value': 0}], 'time_reversal_asymmetry_statistic': [{'lag': 3}, {'lag': 2}], 'symmetry_looking': [{'r': 0.9500000000000001}, {'r': 0.9}, {'r': 0.8500000000000001}, {'r': 0.8}]}}), 'feature_selection__strategy': 'correlation', 'feature_selection__threshold': 0.85, 'imputation__params': ('interpolate', ('spline', 2))}",0.4829098220396988,0.6256437077566785,0.6463205556532442,0.6743035343035343,0.5997660427807487,0.605788732506781,0.06613142403443595,165,0.9763209013209012,0.9359101688388025,0.9112478777589135,0.8870374253334425,0.8731912225518581,0.9167415191607835,0.036677735834539094
184.25528349876404,88.35682669783722,63.10634260177612,3.441690270888552,3,50,8,"('tsfresh', {'default_fc_parameters': {'variance_larger_than_standard_deviation': None, 'value_count': [{'value': -1}, {'value': 1}, {'value': 0}], 'time_reversal_asymmetry_statistic': [{'lag': 3}, {'lag': 2}], 'symmetry_looking': [{'r': 0.9500000000000001}, {'r': 0.9}, {'r': 0.8500000000000001}, {'r': 0.8}]}})",correlation,0.85,"('ffill', None)","{'classifier__base_estimator__max_depth': 3, 'classifier__base_estimator__n_estimators': 50, 'feature_extraction__n_lags': 8, 'feature_extraction__params': ('tsfresh', {'default_fc_parameters': {'variance_larger_than_standard_deviation': None, 'value_count': [{'value': -1}, {'value': 1}, {'value': 0}], 'time_reversal_asymmetry_statistic': [{'lag': 3}, {'lag': 2}], 'symmetry_looking': [{'r': 0.9500000000000001}, {'r': 0.9}, {'r': 0.8500000000000001}, {'r': 0.8}]}}), 'feature_selection__strategy': 'correlation', 'feature_selection__threshold': 0.85, 'imputation__params': ('ffill', None)}",0.4829098220396988,0.6256437077566785,0.6463205556532442,0.6743035343035343,0.5997660427807487,0.605788732506781,0.06613142403443595,165,0.9763209013209012,0.9359101688388025,0.9112478777589135,0.8870374253334425,0.8731912225518581,0.9167415191607835,0.036677735834539094
184.05694909095763,87.7715084642435,62.88183069229126,3.479954903678856,3,50,8,"('tsfresh', {'default_fc_parameters': {'variance_larger_than_standard_deviation': None, 'value_count': [{'value': -1}, {'value': 1}, {'value': 0}], 'time_reversal_asymmetry_statistic': [{'lag': 3}, {'lag': 2}], 'symmetry_looking': [{'r': 0.9500000000000001}, {'r': 0.9}, {'r': 0.8500000000000001}, {'r': 0.8}]}})",correlation,0.9,"('interpolate', 'linear')","{'classifier__base_estimator__max_depth': 3, 'classifier__base_estimator__n_estimators': 50, 'feature_extraction__n_lags': 8, 'feature_extraction__params': ('tsfresh', {'default_fc_parameters': {'variance_larger_than_standard_deviation': None, 'value_count': [{'value': -1}, {'value': 1}, {'value': 0}], 'time_reversal_asymmetry_statistic': [{'lag': 3}, {'lag': 2}], 'symmetry_looking': [{'r': 0.9500000000000001}, {'r': 0.9}, {'r': 0.8500000000000001}, {'r': 0.8}]}}), 'feature_selection__strategy': 'correlation', 'feature_selection__threshold': 0.9, 'imputation__params': ('interpolate', 'linear')}",0.5183949349760438,0.6450756356614097,0.6414629857569896,0.6632848232848233,0.5750557040998218,0.6086548167558177,0.05415355250856889,141,0.9777195027195027,0.9366854490544622,0.9145585738539899,0.8979382313231323,0.8714003169269996,0.9196604147756172,0.036021184223073016
184.24792761802672,88.01192007990304,62.9968234539032,3.2685762564926932,3,50,8,"('tsfresh', {'default_fc_parameters': {'variance_larger_than_standard_deviation': None, 'value_count': [{'value': -1}, {'value': 1}, {'value': 0}], 'time_reversal_asymmetry_statistic': [{'lag': 3}, {'lag': 2}], 'symmetry_looking': [{'r': 0.9500000000000001}, {'r': 0.9}, {'r': 0.8500000000000001}, {'r': 0.8}]}})",correlation,0.9,"('interpolate', ('polynomial', 2))","{'classifier__base_estimator__max_depth': 3, 'classifier__base_estimator__n_estimators': 50, 'feature_extraction__n_lags': 8, 'feature_extraction__params': ('tsfresh', {'default_fc_parameters': {'variance_larger_than_standard_deviation': None, 'value_count': [{'value': -1}, {'value': 1}, {'value': 0}], 'time_reversal_asymmetry_statistic': [{'lag': 3}, {'lag': 2}], 'symmetry_looking': [{'r': 0.9500000000000001}, {'r': 0.9}, {'r': 0.8500000000000001}, {'r': 0.8}]}}), 'feature_selection__strategy': 'correlation', 'feature_selection__threshold': 0.9, 'imputation__params': ('interpolate', ('polynomial', 2))}",0.5183949349760438,0.6450756356614097,0.6414629857569896,0.6632848232848233,0.5750557040998218,0.6086548167558177,0.05415355250856889,141,0.9777195027195027,0.9366854490544622,0.9145585738539899,0.8979382313231323,0.8714003169269996,0.9196604147756172,0.036021184223073016
184.28535423278808,88.07059554403753,63.14854874610901,3.268638084385615,3,50,8,"('tsfresh', {'default_fc_parameters': {'variance_larger_than_standard_deviation': None, 'value_count': [{'value': -1}, {'value': 1}, {'value': 0}], 'time_reversal_asymmetry_statistic': [{'lag': 3}, {'lag': 2}], 'symmetry_looking': [{'r': 0.9500000000000001}, {'r': 0.9}, {'r': 0.8500000000000001}, {'r': 0.8}]}})",correlation,0.9,"('interpolate', ('spline', 2))","{'classifier__base_estimator__max_depth': 3, 'classifier__base_estimator__n_estimators': 50, 'feature_extraction__n_lags': 8, 'feature_extraction__params': ('tsfresh', {'default_fc_parameters': {'variance_larger_than_standard_deviation': None, 'value_count': [{'value': -1}, {'value': 1}, {'value': 0}], 'time_reversal_asymmetry_statistic': [{'lag': 3}, {'lag': 2}], 'symmetry_looking': [{'r': 0.9500000000000001}, {'r': 0.9}, {'r': 0.8500000000000001}, {'r': 0.8}]}}), 'feature_selection__strategy': 'correlation', 'feature_selection__threshold': 0.9, 'imputation__params': ('interpolate', ('spline', 2))}",0.5183949349760438,0.6450756356614097,0.6414629857569896,0.6632848232848233,0.5750557040998218,0.6086548167558177,0.05415355250856889,141,0.9777195027195027,0.9366854490544622,0.9145585738539899,0.8979382313231323,0.8714003169269996,0.9196604147756172,0.036021184223073016
183.75585727691652,87.96608079336427,62.999700689315794,3.5776567188424258,3,50,8,"('tsfresh', {'default_fc_parameters': {'variance_larger_than_standard_deviation': None, 'value_count': [{'value': -1}, {'value': 1}, {'value': 0}], 'time_reversal_asymmetry_statistic': [{'lag': 3}, {'lag': 2}], 'symmetry_looking': [{'r': 0.9500000000000001}, {'r': 0.9}, {'r': 0.8500000000000001}, {'r': 0.8}]}})",correlation,0.9,"('ffill', None)","{'classifier__base_estimator__max_depth': 3, 'classifier__base_estimator__n_estimators': 50, 'feature_extraction__n_lags': 8, 'feature_extraction__params': ('tsfresh', {'default_fc_parameters': {'variance_larger_than_standard_deviation': None, 'value_count': [{'value': -1}, {'value': 1}, {'value': 0}], 'time_reversal_asymmetry_statistic': [{'lag': 3}, {'lag': 2}], 'symmetry_looking': [{'r': 0.9500000000000001}, {'r': 0.9}, {'r': 0.8500000000000001}, {'r': 0.8}]}}), 'feature_selection__strategy': 'correlation', 'feature_selection__threshold': 0.9, 'imputation__params': ('ffill', None)}",0.5183949349760438,0.6450756356614097,0.6414629857569896,0.6632848232848233,0.5750557040998218,0.6086548167558177,0.05415355250856889,141,0.9777195027195027,0.9366854490544622,0.9145585738539899,0.8979382313231323,0.8714003169269996,0.9196604147756172,0.036021184223073016
183.93603024482726,87.96582155357157,63.10667481422424,3.3908051477524523,3,50,8,"('tsfresh', {'default_fc_parameters': {'variance_larger_than_standard_deviation': None, 'value_count': [{'value': -1}, {'value': 1}, {'value': 0}], 'time_reversal_asymmetry_statistic': [{'lag': 3}, {'lag': 2}], 'symmetry_looking': [{'r': 0.9500000000000001}, {'r': 0.9}, {'r': 0.8500000000000001}, {'r': 0.8}]}})",correlation,0.95,"('interpolate', 'linear')","{'classifier__base_estimator__max_depth': 3, 'classifier__base_estimator__n_estimators': 50, 'feature_extraction__n_lags': 8, 'feature_extraction__params': ('tsfresh', {'default_fc_parameters': {'variance_larger_than_standard_deviation': None, 'value_count': [{'value': -1}, {'value': 1}, {'value': 0}], 'time_reversal_asymmetry_statistic': [{'lag': 3}, {'lag': 2}], 'symmetry_looking': [{'r': 0.9500000000000001}, {'r': 0.9}, {'r': 0.8500000000000001}, {'r': 0.8}]}}), 'feature_selection__strategy': 'correlation', 'feature_selection__threshold': 0.95, 'imputation__params': ('interpolate', 'linear')}",0.5222450376454483,0.6239942066301898,0.6279672938280288,0.6581566181566182,0.5570521390374331,0.5978830590595436,0.050215594089049805,233,0.9788267288267288,0.9419451932626629,0.9222388526494505,0.8926067322641356,0.8719260463952533,0.9215087106796462,0.03740936536708626
184.49169478416442,87.73696148371891,62.97038450241089,3.5327192003744488,3,50,8,"('tsfresh', {'default_fc_parameters': {'variance_larger_than_standard_deviation': None, 'value_count': [{'value': -1}, {'value': 1}, {'value': 0}], 'time_reversal_asymmetry_statistic': [{'lag': 3}, {'lag': 2}], 'symmetry_looking': [{'r': 0.9500000000000001}, {'r': 0.9}, {'r': 0.8500000000000001}, {'r': 0.8}]}})",correlation,0.95,"('interpolate', ('polynomial', 2))","{'classifier__base_estimator__max_depth': 3, 'classifier__base_estimator__n_estimators': 50, 'feature_extraction__n_lags': 8, 'feature_extraction__params': ('tsfresh', {'default_fc_parameters': {'variance_larger_than_standard_deviation': None, 'value_count': [{'value': -1}, {'value': 1}, {'value': 0}], 'time_reversal_asymmetry_statistic': [{'lag': 3}, {'lag': 2}], 'symmetry_looking': [{'r': 0.9500000000000001}, {'r': 0.9}, {'r': 0.8500000000000001}, {'r': 0.8}]}}), 'feature_selection__strategy': 'correlation', 'feature_selection__threshold': 0.95, 'imputation__params': ('interpolate', ('polynomial', 2))}",0.5222450376454483,0.6239942066301898,0.6279672938280288,0.6581566181566182,0.5570521390374331,0.5978830590595436,0.050215594089049805,233,0.9788267288267288,0.9419451932626629,0.9222388526494505,0.8926067322641356,0.8719260463952533,0.9215087106796462,0.03740936536708626
185.69684352874756,89.69062528037324,63.51345281600952,3.85681528801765,3,50,8,"('tsfresh', {'default_fc_parameters': {'variance_larger_than_standard_deviation': None, 'value_count': [{'value': -1}, {'value': 1}, {'value': 0}], 'time_reversal_asymmetry_statistic': [{'lag': 3}, {'lag': 2}], 'symmetry_looking': [{'r': 0.9500000000000001}, {'r': 0.9}, {'r': 0.8500000000000001}, {'r': 0.8}]}})",correlation,0.95,"('interpolate', ('spline', 2))","{'classifier__base_estimator__max_depth': 3, 'classifier__base_estimator__n_estimators': 50, 'feature_extraction__n_lags': 8, 'feature_extraction__params': ('tsfresh', {'default_fc_parameters': {'variance_larger_than_standard_deviation': None, 'value_count': [{'value': -1}, {'value': 1}, {'value': 0}], 'time_reversal_asymmetry_statistic': [{'lag': 3}, {'lag': 2}], 'symmetry_looking': [{'r': 0.9500000000000001}, {'r': 0.9}, {'r': 0.8500000000000001}, {'r': 0.8}]}}), 'feature_selection__strategy': 'correlation', 'feature_selection__threshold': 0.95, 'imputation__params': ('interpolate', ('spline', 2))}",0.5222450376454483,0.6239942066301898,0.6279672938280288,0.6581566181566182,0.5570521390374331,0.5978830590595436,0.050215594089049805,233,0.9788267288267288,0.9419451932626629,0.9222388526494505,0.8926067322641356,0.8719260463952533,0.9215087106796462,0.03740936536708626
185.39775156974792,88.00033538347212,63.680359077453616,3.1766072448482037,3,50,8,"('tsfresh', {'default_fc_parameters': {'variance_larger_than_standard_deviation': None, 'value_count': [{'value': -1}, {'value': 1}, {'value': 0}], 'time_reversal_asymmetry_statistic': [{'lag': 3}, {'lag': 2}], 'symmetry_looking': [{'r': 0.9500000000000001}, {'r': 0.9}, {'r': 0.8500000000000001}, {'r': 0.8}]}})",correlation,0.95,"('ffill', None)","{'classifier__base_estimator__max_depth': 3, 'classifier__base_estimator__n_estimators': 50, 'feature_extraction__n_lags': 8, 'feature_extraction__params': ('tsfresh', {'default_fc_parameters': {'variance_larger_than_standard_deviation': None, 'value_count': [{'value': -1}, {'value': 1}, {'value': 0}], 'time_reversal_asymmetry_statistic': [{'lag': 3}, {'lag': 2}], 'symmetry_looking': [{'r': 0.9500000000000001}, {'r': 0.9}, {'r': 0.8500000000000001}, {'r': 0.8}]}}), 'feature_selection__strategy': 'correlation', 'feature_selection__threshold': 0.95, 'imputation__params': ('ffill', None)}",0.5222450376454483,0.6239942066301898,0.6279672938280288,0.6581566181566182,0.5570521390374331,0.5978830590595436,0.050215594089049805,233,0.9788267288267288,0.9419451932626629,0.9222388526494505,0.8926067322641356,0.8719260463952533,0.9215087106796462,0.03740936536708626
184.41608214378357,87.66116317198694,62.955266904830935,3.063209745901708,3,50,8,"('tsfresh', {'default_fc_parameters': {'variance_larger_than_standard_deviation': None, 'value_count': [{'value': -1}, {'value': 1}, {'value': 0}], 'time_reversal_asymmetry_statistic': [{'lag': 3}, {'lag': 2}], 'symmetry_looking': [{'r': 0.9500000000000001}, {'r': 0.9}, {'r': 0.8500000000000001}, {'r': 0.8}]}})",pca,0.85,"('interpolate', 'linear')","{'classifier__base_estimator__max_depth': 3, 'classifier__base_estimator__n_estimators': 50, 'feature_extraction__n_lags': 8, 'feature_extraction__params': ('tsfresh', {'default_fc_parameters': {'variance_larger_than_standard_deviation': None, 'value_count': [{'value': -1}, {'value': 1}, {'value': 0}], 'time_reversal_asymmetry_statistic': [{'lag': 3}, {'lag': 2}], 'symmetry_looking': [{'r': 0.9500000000000001}, {'r': 0.9}, {'r': 0.8500000000000001}, {'r': 0.8}]}}), 'feature_selection__strategy': 'pca', 'feature_selection__threshold': 0.85, 'imputation__params': ('interpolate', 'linear')}",0.5089835728952772,0.5639282265851304,0.47885528398100924,0.5200693000693002,0.5594251336898396,0.5262523034441113,0.03194629208695971,541,0.7977661227661227,0.7688448831505766,0.7398333482262534,0.701402810735619,0.6973622678152291,0.7410418865387601,0.03865558584056723
184.83349323272705,89.07608323797078,63.32039246559143,3.482310936896184,3,50,8,"('tsfresh', {'default_fc_parameters': {'variance_larger_than_standard_deviation': None, 'value_count': [{'value': -1}, {'value': 1}, {'value': 0}], 'time_reversal_asymmetry_statistic': [{'lag': 3}, {'lag': 2}], 'symmetry_looking': [{'r': 0.9500000000000001}, {'r': 0.9}, {'r': 0.8500000000000001}, {'r': 0.8}]}})",pca,0.85,"('interpolate', ('polynomial', 2))","{'classifier__base_estimator__max_depth': 3, 'classifier__base_estimator__n_estimators': 50, 'feature_extraction__n_lags': 8, 'feature_extraction__params': ('tsfresh', {'default_fc_parameters': {'variance_larger_than_standard_deviation': None, 'value_count': [{'value': -1}, {'value': 1}, {'value': 0}], 'time_reversal_asymmetry_statistic': [{'lag': 3}, {'lag': 2}], 'symmetry_looking': [{'r': 0.9500000000000001}, {'r': 0.9}, {'r': 0.8500000000000001}, {'r': 0.8}]}}), 'feature_selection__strategy': 'pca', 'feature_selection__threshold': 0.85, 'imputation__params': ('interpolate', ('polynomial', 2))}",0.5089835728952772,0.5639282265851304,0.47885528398100924,0.5200693000693002,0.5594251336898396,0.5262523034441113,0.03194629208695971,541,0.7977661227661227,0.7688448831505766,0.7398333482262534,0.701402810735619,0.6973622678152291,0.7410418865387601,0.03865558584056723
183.7526394844055,87.62239182637315,62.867092800140384,3.3251068865295847,3,50,8,"('tsfresh', {'default_fc_parameters': {'variance_larger_than_standard_deviation': None, 'value_count': [{'value': -1}, {'value': 1}, {'value': 0}], 'time_reversal_asymmetry_statistic': [{'lag': 3}, {'lag': 2}], 'symmetry_looking': [{'r': 0.9500000000000001}, {'r': 0.9}, {'r': 0.8500000000000001}, {'r': 0.8}]}})",pca,0.85,"('interpolate', ('spline', 2))","{'classifier__base_estimator__max_depth': 3, 'classifier__base_estimator__n_estimators': 50, 'feature_extraction__n_lags': 8, 'feature_extraction__params': ('tsfresh', {'default_fc_parameters': {'variance_larger_than_standard_deviation': None, 'value_count': [{'value': -1}, {'value': 1}, {'value': 0}], 'time_reversal_asymmetry_statistic': [{'lag': 3}, {'lag': 2}], 'symmetry_looking': [{'r': 0.9500000000000001}, {'r': 0.9}, {'r': 0.8500000000000001}, {'r': 0.8}]}}), 'feature_selection__strategy': 'pca', 'feature_selection__threshold': 0.85, 'imputation__params': ('interpolate', ('spline', 2))}",0.5089835728952772,0.5639282265851304,0.47885528398100924,0.5200693000693002,0.5594251336898396,0.5262523034441113,0.03194629208695971,541,0.7977661227661227,0.7688448831505766,0.7398333482262534,0.701402810735619,0.6973622678152291,0.7410418865387601,0.03865558584056723
184.11374926567078,88.13050812859194,63.23117136955261,3.342195644680581,3,50,8,"('tsfresh', {'default_fc_parameters': {'variance_larger_than_standard_deviation': None, 'value_count': [{'value': -1}, {'value': 1}, {'value': 0}], 'time_reversal_asymmetry_statistic': [{'lag': 3}, {'lag': 2}], 'symmetry_looking': [{'r': 0.9500000000000001}, {'r': 0.9}, {'r': 0.8500000000000001}, {'r': 0.8}]}})",pca,0.85,"('ffill', None)","{'classifier__base_estimator__max_depth': 3, 'classifier__base_estimator__n_estimators': 50, 'feature_extraction__n_lags': 8, 'feature_extraction__params': ('tsfresh', {'default_fc_parameters': {'variance_larger_than_standard_deviation': None, 'value_count': [{'value': -1}, {'value': 1}, {'value': 0}], 'time_reversal_asymmetry_statistic': [{'lag': 3}, {'lag': 2}], 'symmetry_looking': [{'r': 0.9500000000000001}, {'r': 0.9}, {'r': 0.8500000000000001}, {'r': 0.8}]}}), 'feature_selection__strategy': 'pca', 'feature_selection__threshold': 0.85, 'imputation__params': ('ffill', None)}",0.5089835728952772,0.5639282265851304,0.47885528398100924,0.5200693000693002,0.5594251336898396,0.5262523034441113,0.03194629208695971,541,0.7977661227661227,0.7688448831505766,0.7398333482262534,0.701402810735619,0.6973622678152291,0.7410418865387601,0.03865558584056723
183.98199734687805,87.50292305793315,63.443142080307005,3.1681751978834662,3,50,8,"('tsfresh', {'default_fc_parameters': {'variance_larger_than_standard_deviation': None, 'value_count': [{'value': -1}, {'value': 1}, {'value': 0}], 'time_reversal_asymmetry_statistic': [{'lag': 3}, {'lag': 2}], 'symmetry_looking': [{'r': 0.9500000000000001}, {'r': 0.9}, {'r': 0.8500000000000001}, {'r': 0.8}]}})",pca,0.9,"('interpolate', 'linear')","{'classifier__base_estimator__max_depth': 3, 'classifier__base_estimator__n_estimators': 50, 'feature_extraction__n_lags': 8, 'feature_extraction__params': ('tsfresh', {'default_fc_parameters': {'variance_larger_than_standard_deviation': None, 'value_count': [{'value': -1}, {'value': 1}, {'value': 0}], 'time_reversal_asymmetry_statistic': [{'lag': 3}, {'lag': 2}], 'symmetry_looking': [{'r': 0.9500000000000001}, {'r': 0.9}, {'r': 0.8500000000000001}, {'r': 0.8}]}}), 'feature_selection__strategy': 'pca', 'feature_selection__threshold': 0.9, 'imputation__params': ('interpolate', 'linear')}",0.5089835728952772,0.5639282265851304,0.47885528398100924,0.5200693000693002,0.5594251336898396,0.5262523034441113,0.03194629208695971,541,0.7977661227661227,0.7688448831505766,0.7398333482262534,0.701402810735619,0.6973622678152291,0.7410418865387601,0.03865558584056723
184.2761025428772,88.30913228951545,62.86137480735779,3.7926863693324515,3,50,8,"('tsfresh', {'default_fc_parameters': {'variance_larger_than_standard_deviation': None, 'value_count': [{'value': -1}, {'value': 1}, {'value': 0}], 'time_reversal_asymmetry_statistic': [{'lag': 3}, {'lag': 2}], 'symmetry_looking': [{'r': 0.9500000000000001}, {'r': 0.9}, {'r': 0.8500000000000001}, {'r': 0.8}]}})",pca,0.9,"('interpolate', ('polynomial', 2))","{'classifier__base_estimator__max_depth': 3, 'classifier__base_estimator__n_estimators': 50, 'feature_extraction__n_lags': 8, 'feature_extraction__params': ('tsfresh', {'default_fc_parameters': {'variance_larger_than_standard_deviation': None, 'value_count': [{'value': -1}, {'value': 1}, {'value': 0}], 'time_reversal_asymmetry_statistic': [{'lag': 3}, {'lag': 2}], 'symmetry_looking': [{'r': 0.9500000000000001}, {'r': 0.9}, {'r': 0.8500000000000001}, {'r': 0.8}]}}), 'feature_selection__strategy': 'pca', 'feature_selection__threshold': 0.9, 'imputation__params': ('interpolate', ('polynomial', 2))}",0.5089835728952772,0.5639282265851304,0.47885528398100924,0.5200693000693002,0.5594251336898396,0.5262523034441113,0.03194629208695971,541,0.7977661227661227,0.7688448831505766,0.7398333482262534,0.701402810735619,0.6973622678152291,0.7410418865387601,0.03865558584056723
185.07128176689147,88.72281532987472,63.08539290428162,3.147191972559764,3,50,8,"('tsfresh', {'default_fc_parameters': {'variance_larger_than_standard_deviation': None, 'value_count': [{'value': -1}, {'value': 1}, {'value': 0}], 'time_reversal_asymmetry_statistic': [{'lag': 3}, {'lag': 2}], 'symmetry_looking': [{'r': 0.9500000000000001}, {'r': 0.9}, {'r': 0.8500000000000001}, {'r': 0.8}]}})",pca,0.9,"('interpolate', ('spline', 2))","{'classifier__base_estimator__max_depth': 3, 'classifier__base_estimator__n_estimators': 50, 'feature_extraction__n_lags': 8, 'feature_extraction__params': ('tsfresh', {'default_fc_parameters': {'variance_larger_than_standard_deviation': None, 'value_count': [{'value': -1}, {'value': 1}, {'value': 0}], 'time_reversal_asymmetry_statistic': [{'lag': 3}, {'lag': 2}], 'symmetry_looking': [{'r': 0.9500000000000001}, {'r': 0.9}, {'r': 0.8500000000000001}, {'r': 0.8}]}}), 'feature_selection__strategy': 'pca', 'feature_selection__threshold': 0.9, 'imputation__params': ('interpolate', ('spline', 2))}",0.5089835728952772,0.5639282265851304,0.47885528398100924,0.5200693000693002,0.5594251336898396,0.5262523034441113,0.03194629208695971,541,0.7977661227661227,0.7688448831505766,0.7398333482262534,0.701402810735619,0.6973622678152291,0.7410418865387601,0.03865558584056723
185.32140674591065,88.39529156642807,63.01139159202576,3.3226921684552244,3,50,8,"('tsfresh', {'default_fc_parameters': {'variance_larger_than_standard_deviation': None, 'value_count': [{'value': -1}, {'value': 1}, {'value': 0}], 'time_reversal_asymmetry_statistic': [{'lag': 3}, {'lag': 2}], 'symmetry_looking': [{'r': 0.9500000000000001}, {'r': 0.9}, {'r': 0.8500000000000001}, {'r': 0.8}]}})",pca,0.9,"('ffill', None)","{'classifier__base_estimator__max_depth': 3, 'classifier__base_estimator__n_estimators': 50, 'feature_extraction__n_lags': 8, 'feature_extraction__params': ('tsfresh', {'default_fc_parameters': {'variance_larger_than_standard_deviation': None, 'value_count': [{'value': -1}, {'value': 1}, {'value': 0}], 'time_reversal_asymmetry_statistic': [{'lag': 3}, {'lag': 2}], 'symmetry_looking': [{'r': 0.9500000000000001}, {'r': 0.9}, {'r': 0.8500000000000001}, {'r': 0.8}]}}), 'feature_selection__strategy': 'pca', 'feature_selection__threshold': 0.9, 'imputation__params': ('ffill', None)}",0.5089835728952772,0.5639282265851304,0.47885528398100924,0.5200693000693002,0.5594251336898396,0.5262523034441113,0.03194629208695971,541,0.7977661227661227,0.7688448831505766,0.7398333482262534,0.701402810735619,0.6973622678152291,0.7410418865387601,0.03865558584056723
184.8762622356415,87.98840832670952,63.25802626609802,3.474467249810485,3,50,8,"('tsfresh', {'default_fc_parameters': {'variance_larger_than_standard_deviation': None, 'value_count': [{'value': -1}, {'value': 1}, {'value': 0}], 'time_reversal_asymmetry_statistic': [{'lag': 3}, {'lag': 2}], 'symmetry_looking': [{'r': 0.9500000000000001}, {'r': 0.9}, {'r': 0.8500000000000001}, {'r': 0.8}]}})",pca,0.95,"('interpolate', 'linear')","{'classifier__base_estimator__max_depth': 3, 'classifier__base_estimator__n_estimators': 50, 'feature_extraction__n_lags': 8, 'feature_extraction__params': ('tsfresh', {'default_fc_parameters': {'variance_larger_than_standard_deviation': None, 'value_count': [{'value': -1}, {'value': 1}, {'value': 0}], 'time_reversal_asymmetry_statistic': [{'lag': 3}, {'lag': 2}], 'symmetry_looking': [{'r': 0.9500000000000001}, {'r': 0.9}, {'r': 0.8500000000000001}, {'r': 0.8}]}}), 'feature_selection__strategy': 'pca', 'feature_selection__threshold': 0.95, 'imputation__params': ('interpolate', 'linear')}",0.5089835728952772,0.5639282265851304,0.47885528398100924,0.5200693000693002,0.5594251336898396,0.5262523034441113,0.03194629208695971,541,0.7977661227661227,0.7688448831505766,0.7398333482262534,0.701402810735619,0.6973622678152291,0.7410418865387601,0.03865558584056723
184.15099267959596,88.64517531653779,63.58915500640869,3.7375376651726446,3,50,8,"('tsfresh', {'default_fc_parameters': {'variance_larger_than_standard_deviation': None, 'value_count': [{'value': -1}, {'value': 1}, {'value': 0}], 'time_reversal_asymmetry_statistic': [{'lag': 3}, {'lag': 2}], 'symmetry_looking': [{'r': 0.9500000000000001}, {'r': 0.9}, {'r': 0.8500000000000001}, {'r': 0.8}]}})",pca,0.95,"('interpolate', ('polynomial', 2))","{'classifier__base_estimator__max_depth': 3, 'classifier__base_estimator__n_estimators': 50, 'feature_extraction__n_lags': 8, 'feature_extraction__params': ('tsfresh', {'default_fc_parameters': {'variance_larger_than_standard_deviation': None, 'value_count': [{'value': -1}, {'value': 1}, {'value': 0}], 'time_reversal_asymmetry_statistic': [{'lag': 3}, {'lag': 2}], 'symmetry_looking': [{'r': 0.9500000000000001}, {'r': 0.9}, {'r': 0.8500000000000001}, {'r': 0.8}]}}), 'feature_selection__strategy': 'pca', 'feature_selection__threshold': 0.95, 'imputation__params': ('interpolate', ('polynomial', 2))}",0.5089835728952772,0.5639282265851304,0.47885528398100924,0.5200693000693002,0.5594251336898396,0.5262523034441113,0.03194629208695971,541,0.7977661227661227,0.7688448831505766,0.7398333482262534,0.701402810735619,0.6973622678152291,0.7410418865387601,0.03865558584056723
183.86694555282594,87.46667830510818,63.293844842910765,3.032611456140593,3,50,8,"('tsfresh', {'default_fc_parameters': {'variance_larger_than_standard_deviation': None, 'value_count': [{'value': -1}, {'value': 1}, {'value': 0}], 'time_reversal_asymmetry_statistic': [{'lag': 3}, {'lag': 2}], 'symmetry_looking': [{'r': 0.9500000000000001}, {'r': 0.9}, {'r': 0.8500000000000001}, {'r': 0.8}]}})",pca,0.95,"('interpolate', ('spline', 2))","{'classifier__base_estimator__max_depth': 3, 'classifier__base_estimator__n_estimators': 50, 'feature_extraction__n_lags': 8, 'feature_extraction__params': ('tsfresh', {'default_fc_parameters': {'variance_larger_than_standard_deviation': None, 'value_count': [{'value': -1}, {'value': 1}, {'value': 0}], 'time_reversal_asymmetry_statistic': [{'lag': 3}, {'lag': 2}], 'symmetry_looking': [{'r': 0.9500000000000001}, {'r': 0.9}, {'r': 0.8500000000000001}, {'r': 0.8}]}}), 'feature_selection__strategy': 'pca', 'feature_selection__threshold': 0.95, 'imputation__params': ('interpolate', ('spline', 2))}",0.5089835728952772,0.5639282265851304,0.47885528398100924,0.5200693000693002,0.5594251336898396,0.5262523034441113,0.03194629208695971,541,0.7977661227661227,0.7688448831505766,0.7398333482262534,0.701402810735619,0.6973622678152291,0.7410418865387601,0.03865558584056723
184.216228055954,88.26884593922696,63.02885160446167,3.735163109453158,3,50,8,"('tsfresh', {'default_fc_parameters': {'variance_larger_than_standard_deviation': None, 'value_count': [{'value': -1}, {'value': 1}, {'value': 0}], 'time_reversal_asymmetry_statistic': [{'lag': 3}, {'lag': 2}], 'symmetry_looking': [{'r': 0.9500000000000001}, {'r': 0.9}, {'r': 0.8500000000000001}, {'r': 0.8}]}})",pca,0.95,"('ffill', None)","{'classifier__base_estimator__max_depth': 3, 'classifier__base_estimator__n_estimators': 50, 'feature_extraction__n_lags': 8, 'feature_extraction__params': ('tsfresh', {'default_fc_parameters': {'variance_larger_than_standard_deviation': None, 'value_count': [{'value': -1}, {'value': 1}, {'value': 0}], 'time_reversal_asymmetry_statistic': [{'lag': 3}, {'lag': 2}], 'symmetry_looking': [{'r': 0.9500000000000001}, {'r': 0.9}, {'r': 0.8500000000000001}, {'r': 0.8}]}}), 'feature_selection__strategy': 'pca', 'feature_selection__threshold': 0.95, 'imputation__params': ('ffill', None)}",0.5089835728952772,0.5639282265851304,0.47885528398100924,0.5200693000693002,0.5594251336898396,0.5262523034441113,0.03194629208695971,541,0.7977661227661227,0.7688448831505766,0.7398333482262534,0.701402810735619,0.6973622678152291,0.7410418865387601,0.03865558584056723
234.7755250930786,111.29205885571527,78.20279016494752,1.2983126742722058,3,100,3,"('tsfresh', {'default_fc_parameters': {'variance_larger_than_standard_deviation': None, 'value_count': [{'value': -1}, {'value': 1}, {'value': 0}], 'time_reversal_asymmetry_statistic': [{'lag': 3}, {'lag': 2}], 'symmetry_looking': [{'r': 0.9500000000000001}, {'r': 0.9}, {'r': 0.8500000000000001}, {'r': 0.8}]}})",correlation,0.85,"('interpolate', 'linear')","{'classifier__base_estimator__max_depth': 3, 'classifier__base_estimator__n_estimators': 100, 'feature_extraction__n_lags': 3, 'feature_extraction__params': ('tsfresh', {'default_fc_parameters': {'variance_larger_than_standard_deviation': None, 'value_count': [{'value': -1}, {'value': 1}, {'value': 0}], 'time_reversal_asymmetry_statistic': [{'lag': 3}, {'lag': 2}], 'symmetry_looking': [{'r': 0.9500000000000001}, {'r': 0.9}, {'r': 0.8500000000000001}, {'r': 0.8}]}}), 'feature_selection__strategy': 'correlation', 'feature_selection__threshold': 0.85, 'imputation__params': ('interpolate', 'linear')}",0.5407066666666667,0.5668407679277244,0.6354166666666667,0.658140482398957,0.5554794078756411,0.5913167983071311,0.046593954941967185,281,0.970691797845899,0.9365919724205859,0.9228146853146852,0.9076614481710608,0.8796842952924584,0.9234888398089378,0.030231143750492278
234.75560641288757,111.25448715728893,78.4624620437622,1.468777766539654,3,100,3,"('tsfresh', {'default_fc_parameters': {'variance_larger_than_standard_deviation': None, 'value_count': [{'value': -1}, {'value': 1}, {'value': 0}], 'time_reversal_asymmetry_statistic': [{'lag': 3}, {'lag': 2}], 'symmetry_looking': [{'r': 0.9500000000000001}, {'r': 0.9}, {'r': 0.8500000000000001}, {'r': 0.8}]}})",correlation,0.85,"('interpolate', ('polynomial', 2))","{'classifier__base_estimator__max_depth': 3, 'classifier__base_estimator__n_estimators': 100, 'feature_extraction__n_lags': 3, 'feature_extraction__params': ('tsfresh', {'default_fc_parameters': {'variance_larger_than_standard_deviation': None, 'value_count': [{'value': -1}, {'value': 1}, {'value': 0}], 'time_reversal_asymmetry_statistic': [{'lag': 3}, {'lag': 2}], 'symmetry_looking': [{'r': 0.9500000000000001}, {'r': 0.9}, {'r': 0.8500000000000001}, {'r': 0.8}]}}), 'feature_selection__strategy': 'correlation', 'feature_selection__threshold': 0.85, 'imputation__params': ('interpolate', ('polynomial', 2))}",0.5407066666666667,0.5668407679277244,0.6354166666666667,0.658140482398957,0.5554794078756411,0.5913167983071311,0.046593954941967185,281,0.970691797845899,0.9365919724205859,0.9228146853146852,0.9076614481710608,0.8796842952924584,0.9234888398089378,0.030231143750492278
235.3228277206421,111.21590166613368,78.75362296104431,1.3901718307963635,3,100,3,"('tsfresh', {'default_fc_parameters': {'variance_larger_than_standard_deviation': None, 'value_count': [{'value': -1}, {'value': 1}, {'value': 0}], 'time_reversal_asymmetry_statistic': [{'lag': 3}, {'lag': 2}], 'symmetry_looking': [{'r': 0.9500000000000001}, {'r': 0.9}, {'r': 0.8500000000000001}, {'r': 0.8}]}})",correlation,0.85,"('interpolate', ('spline', 2))","{'classifier__base_estimator__max_depth': 3, 'classifier__base_estimator__n_estimators': 100, 'feature_extraction__n_lags': 3, 'feature_extraction__params': ('tsfresh', {'default_fc_parameters': {'variance_larger_than_standard_deviation': None, 'value_count': [{'value': -1}, {'value': 1}, {'value': 0}], 'time_reversal_asymmetry_statistic': [{'lag': 3}, {'lag': 2}], 'symmetry_looking': [{'r': 0.9500000000000001}, {'r': 0.9}, {'r': 0.8500000000000001}, {'r': 0.8}]}}), 'feature_selection__strategy': 'correlation', 'feature_selection__threshold': 0.85, 'imputation__params': ('interpolate', ('spline', 2))}",0.5407066666666667,0.5668407679277244,0.6354166666666667,0.658140482398957,0.5554794078756411,0.5913167983071311,0.046593954941967185,281,0.970691797845899,0.9365919724205859,0.9228146853146852,0.9076614481710608,0.8796842952924584,0.9234888398089378,0.030231143750492278
237.64091296195983,112.5910637315309,78.80692949295045,1.3575704124928651,3,100,3,"('tsfresh', {'default_fc_parameters': {'variance_larger_than_standard_deviation': None, 'value_count': [{'value': -1}, {'value': 1}, {'value': 0}], 'time_reversal_asymmetry_statistic': [{'lag': 3}, {'lag': 2}], 'symmetry_looking': [{'r': 0.9500000000000001}, {'r': 0.9}, {'r': 0.8500000000000001}, {'r': 0.8}]}})",correlation,0.85,"('ffill', None)","{'classifier__base_estimator__max_depth': 3, 'classifier__base_estimator__n_estimators': 100, 'feature_extraction__n_lags': 3, 'feature_extraction__params': ('tsfresh', {'default_fc_parameters': {'variance_larger_than_standard_deviation': None, 'value_count': [{'value': -1}, {'value': 1}, {'value': 0}], 'time_reversal_asymmetry_statistic': [{'lag': 3}, {'lag': 2}], 'symmetry_looking': [{'r': 0.9500000000000001}, {'r': 0.9}, {'r': 0.8500000000000001}, {'r': 0.8}]}}), 'feature_selection__strategy': 'correlation', 'feature_selection__threshold': 0.85, 'imputation__params': ('ffill', None)}",0.5407066666666667,0.5668407679277244,0.6354166666666667,0.658140482398957,0.5554794078756411,0.5913167983071311,0.046593954941967185,281,0.970691797845899,0.9365919724205859,0.9228146853146852,0.9076614481710608,0.8796842952924584,0.9234888398089378,0.030231143750492278
235.3260711669922,112.00740131389533,78.35859007835388,0.8863225339111946,3,100,3,"('tsfresh', {'default_fc_parameters': {'variance_larger_than_standard_deviation': None, 'value_count': [{'value': -1}, {'value': 1}, {'value': 0}], 'time_reversal_asymmetry_statistic': [{'lag': 3}, {'lag': 2}], 'symmetry_looking': [{'r': 0.9500000000000001}, {'r': 0.9}, {'r': 0.8500000000000001}, {'r': 0.8}]}})",correlation,0.9,"('interpolate', 'linear')","{'classifier__base_estimator__max_depth': 3, 'classifier__base_estimator__n_estimators': 100, 'feature_extraction__n_lags': 3, 'feature_extraction__params': ('tsfresh', {'default_fc_parameters': {'variance_larger_than_standard_deviation': None, 'value_count': [{'value': -1}, {'value': 1}, {'value': 0}], 'time_reversal_asymmetry_statistic': [{'lag': 3}, {'lag': 2}], 'symmetry_looking': [{'r': 0.9500000000000001}, {'r': 0.9}, {'r': 0.8500000000000001}, {'r': 0.8}]}}), 'feature_selection__strategy': 'correlation', 'feature_selection__threshold': 0.9, 'imputation__params': ('interpolate', 'linear')}",0.5486133333333333,0.5560888386975344,0.6385298444724674,0.6335316166883963,0.5510852388170413,0.5855697744017545,0.041301802959088654,305,0.9672742336371168,0.9369028564393006,0.9244607315761162,0.9071767414764057,0.8809976553497623,0.9233624436957403,0.028877487970120314
234.3518172264099,110.64510632759715,78.24078812599183,1.1393064263585233,3,100,3,"('tsfresh', {'default_fc_parameters': {'variance_larger_than_standard_deviation': None, 'value_count': [{'value': -1}, {'value': 1}, {'value': 0}], 'time_reversal_asymmetry_statistic': [{'lag': 3}, {'lag': 2}], 'symmetry_looking': [{'r': 0.9500000000000001}, {'r': 0.9}, {'r': 0.8500000000000001}, {'r': 0.8}]}})",correlation,0.9,"('interpolate', ('polynomial', 2))","{'classifier__base_estimator__max_depth': 3, 'classifier__base_estimator__n_estimators': 100, 'feature_extraction__n_lags': 3, 'feature_extraction__params': ('tsfresh', {'default_fc_parameters': {'variance_larger_than_standard_deviation': None, 'value_count': [{'value': -1}, {'value': 1}, {'value': 0}], 'time_reversal_asymmetry_statistic': [{'lag': 3}, {'lag': 2}], 'symmetry_looking': [{'r': 0.9500000000000001}, {'r': 0.9}, {'r': 0.8500000000000001}, {'r': 0.8}]}}), 'feature_selection__strategy': 'correlation', 'feature_selection__threshold': 0.9, 'imputation__params': ('interpolate', ('polynomial', 2))}",0.5486133333333333,0.5560888386975344,0.6385298444724674,0.6335316166883963,0.5510852388170413,0.5855697744017545,0.041301802959088654,305,0.9672742336371168,0.9369028564393006,0.9244607315761162,0.9071767414764057,0.8809976553497623,0.9233624436957403,0.028877487970120314
234.64299354553222,111.23944780585418,78.18377537727356,1.1481092646704174,3,100,3,"('tsfresh', {'default_fc_parameters': {'variance_larger_than_standard_deviation': None, 'value_count': [{'value': -1}, {'value': 1}, {'value': 0}], 'time_reversal_asymmetry_statistic': [{'lag': 3}, {'lag': 2}], 'symmetry_looking': [{'r': 0.9500000000000001}, {'r': 0.9}, {'r': 0.8500000000000001}, {'r': 0.8}]}})",correlation,0.9,"('interpolate', ('spline', 2))","{'classifier__base_estimator__max_depth': 3, 'classifier__base_estimator__n_estimators': 100, 'feature_extraction__n_lags': 3, 'feature_extraction__params': ('tsfresh', {'default_fc_parameters': {'variance_larger_than_standard_deviation': None, 'value_count': [{'value': -1}, {'value': 1}, {'value': 0}], 'time_reversal_asymmetry_statistic': [{'lag': 3}, {'lag': 2}], 'symmetry_looking': [{'r': 0.9500000000000001}, {'r': 0.9}, {'r': 0.8500000000000001}, {'r': 0.8}]}}), 'feature_selection__strategy': 'correlation', 'feature_selection__threshold': 0.9, 'imputation__params': ('interpolate', ('spline', 2))}",0.5486133333333333,0.5560888386975344,0.6385298444724674,0.6335316166883963,0.5510852388170413,0.5855697744017545,0.041301802959088654,305,0.9672742336371168,0.9369028564393006,0.9244607315761162,0.9071767414764057,0.8809976553497623,0.9233624436957403,0.028877487970120314
234.6519992351532,111.23762999052306,78.04808912277221,1.265492810704777,3,100,3,"('tsfresh', {'default_fc_parameters': {'variance_larger_than_standard_deviation': None, 'value_count': [{'value': -1}, {'value': 1}, {'value': 0}], 'time_reversal_asymmetry_statistic': [{'lag': 3}, {'lag': 2}], 'symmetry_looking': [{'r': 0.9500000000000001}, {'r': 0.9}, {'r': 0.8500000000000001}, {'r': 0.8}]}})",correlation,0.9,"('ffill', None)","{'classifier__base_estimator__max_depth': 3, 'classifier__base_estimator__n_estimators': 100, 'feature_extraction__n_lags': 3, 'feature_extraction__params': ('tsfresh', {'default_fc_parameters': {'variance_larger_than_standard_deviation': None, 'value_count': [{'value': -1}, {'value': 1}, {'value': 0}], 'time_reversal_asymmetry_statistic': [{'lag': 3}, {'lag': 2}], 'symmetry_looking': [{'r': 0.9500000000000001}, {'r': 0.9}, {'r': 0.8500000000000001}, {'r': 0.8}]}}), 'feature_selection__strategy': 'correlation', 'feature_selection__threshold': 0.9, 'imputation__params': ('ffill', None)}",0.5486133333333333,0.5560888386975344,0.6385298444724674,0.6335316166883963,0.5510852388170413,0.5855697744017545,0.041301802959088654,305,0.9672742336371168,0.9369028564393006,0.9244607315761162,0.9071767414764057,0.8809976553497623,0.9233624436957403,0.028877487970120314
237.30830917358398,114.91360007256763,78.72692122459412,1.7661670008014279,3,100,3,"('tsfresh', {'default_fc_parameters': {'variance_larger_than_standard_deviation': None, 'value_count': [{'value': -1}, {'value': 1}, {'value': 0}], 'time_reversal_asymmetry_statistic': [{'lag': 3}, {'lag': 2}], 'symmetry_looking': [{'r': 0.9500000000000001}, {'r': 0.9}, {'r': 0.8500000000000001}, {'r': 0.8}]}})",correlation,0.95,"('interpolate', 'linear')","{'classifier__base_estimator__max_depth': 3, 'classifier__base_estimator__n_estimators': 100, 'feature_extraction__n_lags': 3, 'feature_extraction__params': ('tsfresh', {'default_fc_parameters': {'variance_larger_than_standard_deviation': None, 'value_count': [{'value': -1}, {'value': 1}, {'value': 0}], 'time_reversal_asymmetry_statistic': [{'lag': 3}, {'lag': 2}], 'symmetry_looking': [{'r': 0.9500000000000001}, {'r': 0.9}, {'r': 0.8500000000000001}, {'r': 0.8}]}}), 'feature_selection__strategy': 'correlation', 'feature_selection__threshold': 0.95, 'imputation__params': ('interpolate', 'linear')}",0.5383733333333334,0.6592203086768305,0.6357450609499791,0.6651727509778358,0.5387090011932789,0.6074440910262515,0.05711322427468113,153,0.9673547822885022,0.93729992612657,0.9245575578267886,0.9096981410072652,0.8819390746862307,0.9241698963870713,0.028391394252388208
239.44988417625427,110.50499371650096,78.73214726448059,1.3298121277352957,3,100,3,"('tsfresh', {'default_fc_parameters': {'variance_larger_than_standard_deviation': None, 'value_count': [{'value': -1}, {'value': 1}, {'value': 0}], 'time_reversal_asymmetry_statistic': [{'lag': 3}, {'lag': 2}], 'symmetry_looking': [{'r': 0.9500000000000001}, {'r': 0.9}, {'r': 0.8500000000000001}, {'r': 0.8}]}})",correlation,0.95,"('interpolate', ('polynomial', 2))","{'classifier__base_estimator__max_depth': 3, 'classifier__base_estimator__n_estimators': 100, 'feature_extraction__n_lags': 3, 'feature_extraction__params': ('tsfresh', {'default_fc_parameters': {'variance_larger_than_standard_deviation': None, 'value_count': [{'value': -1}, {'value': 1}, {'value': 0}], 'time_reversal_asymmetry_statistic': [{'lag': 3}, {'lag': 2}], 'symmetry_looking': [{'r': 0.9500000000000001}, {'r': 0.9}, {'r': 0.8500000000000001}, {'r': 0.8}]}}), 'feature_selection__strategy': 'correlation', 'feature_selection__threshold': 0.95, 'imputation__params': ('interpolate', ('polynomial', 2))}",0.5383733333333334,0.6592203086768305,0.6357450609499791,0.6651727509778358,0.5387090011932789,0.6074440910262515,0.05711322427468113,153,0.9673547822885022,0.93729992612657,0.9245575578267886,0.9096981410072652,0.8819390746862307,0.9241698963870713,0.028391394252388208
234.6726864337921,110.42500566551229,78.88901815414428,1.217053871184034,3,100,3,"('tsfresh', {'default_fc_parameters': {'variance_larger_than_standard_deviation': None, 'value_count': [{'value': -1}, {'value': 1}, {'value': 0}], 'time_reversal_asymmetry_statistic': [{'lag': 3}, {'lag': 2}], 'symmetry_looking': [{'r': 0.9500000000000001}, {'r': 0.9}, {'r': 0.8500000000000001}, {'r': 0.8}]}})",correlation,0.95,"('interpolate', ('spline', 2))","{'classifier__base_estimator__max_depth': 3, 'classifier__base_estimator__n_estimators': 100, 'feature_extraction__n_lags': 3, 'feature_extraction__params': ('tsfresh', {'default_fc_parameters': {'variance_larger_than_standard_deviation': None, 'value_count': [{'value': -1}, {'value': 1}, {'value': 0}], 'time_reversal_asymmetry_statistic': [{'lag': 3}, {'lag': 2}], 'symmetry_looking': [{'r': 0.9500000000000001}, {'r': 0.9}, {'r': 0.8500000000000001}, {'r': 0.8}]}}), 'feature_selection__strategy': 'correlation', 'feature_selection__threshold': 0.95, 'imputation__params': ('interpolate', ('spline', 2))}",0.5383733333333334,0.6592203086768305,0.6357450609499791,0.6651727509778358,0.5387090011932789,0.6074440910262515,0.05711322427468113,153,0.9673547822885022,0.93729992612657,0.9245575578267886,0.9096981410072652,0.8819390746862307,0.9241698963870713,0.028391394252388208
234.45553035736083,111.40314347973504,78.26263861656189,1.33471001151383,3,100,3,"('tsfresh', {'default_fc_parameters': {'variance_larger_than_standard_deviation': None, 'value_count': [{'value': -1}, {'value': 1}, {'value': 0}], 'time_reversal_asymmetry_statistic': [{'lag': 3}, {'lag': 2}], 'symmetry_looking': [{'r': 0.9500000000000001}, {'r': 0.9}, {'r': 0.8500000000000001}, {'r': 0.8}]}})",correlation,0.95,"('ffill', None)","{'classifier__base_estimator__max_depth': 3, 'classifier__base_estimator__n_estimators': 100, 'feature_extraction__n_lags': 3, 'feature_extraction__params': ('tsfresh', {'default_fc_parameters': {'variance_larger_than_standard_deviation': None, 'value_count': [{'value': -1}, {'value': 1}, {'value': 0}], 'time_reversal_asymmetry_statistic': [{'lag': 3}, {'lag': 2}], 'symmetry_looking': [{'r': 0.9500000000000001}, {'r': 0.9}, {'r': 0.8500000000000001}, {'r': 0.8}]}}), 'feature_selection__strategy': 'correlation', 'feature_selection__threshold': 0.95, 'imputation__params': ('ffill', None)}",0.5383733333333334,0.6592203086768305,0.6357450609499791,0.6651727509778358,0.5387090011932789,0.6074440910262515,0.05711322427468113,153,0.9673547822885022,0.93729992612657,0.9245575578267886,0.9096981410072652,0.8819390746862307,0.9241698963870713,0.028391394252388208
234.11709508895873,111.56390963032689,78.49064168930053,1.3847653950555718,3,100,3,"('tsfresh', {'default_fc_parameters': {'variance_larger_than_standard_deviation': None, 'value_count': [{'value': -1}, {'value': 1}, {'value': 0}], 'time_reversal_asymmetry_statistic': [{'lag': 3}, {'lag': 2}], 'symmetry_looking': [{'r': 0.9500000000000001}, {'r': 0.9}, {'r': 0.8500000000000001}, {'r': 0.8}]}})",pca,0.85,"('interpolate', 'linear')","{'classifier__base_estimator__max_depth': 3, 'classifier__base_estimator__n_estimators': 100, 'feature_extraction__n_lags': 3, 'feature_extraction__params': ('tsfresh', {'default_fc_parameters': {'variance_larger_than_standard_deviation': None, 'value_count': [{'value': -1}, {'value': 1}, {'value': 0}], 'time_reversal_asymmetry_statistic': [{'lag': 3}, {'lag': 2}], 'symmetry_looking': [{'r': 0.9500000000000001}, {'r': 0.9}, {'r': 0.8500000000000001}, {'r': 0.8}]}}), 'feature_selection__strategy': 'pca', 'feature_selection__threshold': 0.85, 'imputation__params': ('interpolate', 'linear')}",0.47476,0.5938970449840015,0.5147251996637241,0.5380785528031291,0.6281162318186215,0.5499154058538952,0.054911839330061066,385,0.9178403755868545,0.8791800049248953,0.8336605701990317,0.8195557959824058,0.7679717218274924,0.843641693704136,0.051330524830463665
234.6847949028015,110.98717068238048,78.81810817718505,1.5818446970380273,3,100,3,"('tsfresh', {'default_fc_parameters': {'variance_larger_than_standard_deviation': None, 'value_count': [{'value': -1}, {'value': 1}, {'value': 0}], 'time_reversal_asymmetry_statistic': [{'lag': 3}, {'lag': 2}], 'symmetry_looking': [{'r': 0.9500000000000001}, {'r': 0.9}, {'r': 0.8500000000000001}, {'r': 0.8}]}})",pca,0.85,"('interpolate', ('polynomial', 2))","{'classifier__base_estimator__max_depth': 3, 'classifier__base_estimator__n_estimators': 100, 'feature_extraction__n_lags': 3, 'feature_extraction__params': ('tsfresh', {'default_fc_parameters': {'variance_larger_than_standard_deviation': None, 'value_count': [{'value': -1}, {'value': 1}, {'value': 0}], 'time_reversal_asymmetry_statistic': [{'lag': 3}, {'lag': 2}], 'symmetry_looking': [{'r': 0.9500000000000001}, {'r': 0.9}, {'r': 0.8500000000000001}, {'r': 0.8}]}}), 'feature_selection__strategy': 'pca', 'feature_selection__threshold': 0.85, 'imputation__params': ('interpolate', ('polynomial', 2))}",0.47476,0.5938970449840015,0.5147251996637241,0.5380785528031291,0.6281162318186215,0.5499154058538952,0.054911839330061066,385,0.9178403755868545,0.8791800049248953,0.8336605701990317,0.8195557959824058,0.7679717218274924,0.843641693704136,0.051330524830463665
234.40618023872375,110.785427045133,78.64430413246154,1.1771340090075277,3,100,3,"('tsfresh', {'default_fc_parameters': {'variance_larger_than_standard_deviation': None, 'value_count': [{'value': -1}, {'value': 1}, {'value': 0}], 'time_reversal_asymmetry_statistic': [{'lag': 3}, {'lag': 2}], 'symmetry_looking': [{'r': 0.9500000000000001}, {'r': 0.9}, {'r': 0.8500000000000001}, {'r': 0.8}]}})",pca,0.85,"('interpolate', ('spline', 2))","{'classifier__base_estimator__max_depth': 3, 'classifier__base_estimator__n_estimators': 100, 'feature_extraction__n_lags': 3, 'feature_extraction__params': ('tsfresh', {'default_fc_parameters': {'variance_larger_than_standard_deviation': None, 'value_count': [{'value': -1}, {'value': 1}, {'value': 0}], 'time_reversal_asymmetry_statistic': [{'lag': 3}, {'lag': 2}], 'symmetry_looking': [{'r': 0.9500000000000001}, {'r': 0.9}, {'r': 0.8500000000000001}, {'r': 0.8}]}}), 'feature_selection__strategy': 'pca', 'feature_selection__threshold': 0.85, 'imputation__params': ('interpolate', ('spline', 2))}",0.47476,0.5938970449840015,0.5147251996637241,0.5380785528031291,0.6281162318186215,0.5499154058538952,0.054911839330061066,385,0.9178403755868545,0.8791800049248953,0.8336605701990317,0.8195557959824058,0.7679717218274924,0.843641693704136,0.051330524830463665
235.45868186950685,111.41045957008097,78.83709602355957,1.5601212506723792,3,100,3,"('tsfresh', {'default_fc_parameters': {'variance_larger_than_standard_deviation': None, 'value_count': [{'value': -1}, {'value': 1}, {'value': 0}], 'time_reversal_asymmetry_statistic': [{'lag': 3}, {'lag': 2}], 'symmetry_looking': [{'r': 0.9500000000000001}, {'r': 0.9}, {'r': 0.8500000000000001}, {'r': 0.8}]}})",pca,0.85,"('ffill', None)","{'classifier__base_estimator__max_depth': 3, 'classifier__base_estimator__n_estimators': 100, 'feature_extraction__n_lags': 3, 'feature_extraction__params': ('tsfresh', {'default_fc_parameters': {'variance_larger_than_standard_deviation': None, 'value_count': [{'value': -1}, {'value': 1}, {'value': 0}], 'time_reversal_asymmetry_statistic': [{'lag': 3}, {'lag': 2}], 'symmetry_looking': [{'r': 0.9500000000000001}, {'r': 0.9}, {'r': 0.8500000000000001}, {'r': 0.8}]}}), 'feature_selection__strategy': 'pca', 'feature_selection__threshold': 0.85, 'imputation__params': ('ffill', None)}",0.47476,0.5938970449840015,0.5147251996637241,0.5380785528031291,0.6281162318186215,0.5499154058538952,0.054911839330061066,385,0.9178403755868545,0.8791800049248953,0.8336605701990317,0.8195557959824058,0.7679717218274924,0.843641693704136,0.051330524830463665
236.85513424873352,112.67451559081196,79.04363412857056,1.108884549061427,3,100,3,"('tsfresh', {'default_fc_parameters': {'variance_larger_than_standard_deviation': None, 'value_count': [{'value': -1}, {'value': 1}, {'value': 0}], 'time_reversal_asymmetry_statistic': [{'lag': 3}, {'lag': 2}], 'symmetry_looking': [{'r': 0.9500000000000001}, {'r': 0.9}, {'r': 0.8500000000000001}, {'r': 0.8}]}})",pca,0.9,"('interpolate', 'linear')","{'classifier__base_estimator__max_depth': 3, 'classifier__base_estimator__n_estimators': 100, 'feature_extraction__n_lags': 3, 'feature_extraction__params': ('tsfresh', {'default_fc_parameters': {'variance_larger_than_standard_deviation': None, 'value_count': [{'value': -1}, {'value': 1}, {'value': 0}], 'time_reversal_asymmetry_statistic': [{'lag': 3}, {'lag': 2}], 'symmetry_looking': [{'r': 0.9500000000000001}, {'r': 0.9}, {'r': 0.8500000000000001}, {'r': 0.8}]}}), 'feature_selection__strategy': 'pca', 'feature_selection__threshold': 0.9, 'imputation__params': ('interpolate', 'linear')}",0.47476,0.5938970449840015,0.5147251996637241,0.5380785528031291,0.6281162318186215,0.5499154058538952,0.054911839330061066,385,0.9178403755868545,0.8791800049248953,0.8336605701990317,0.8195557959824058,0.7679717218274924,0.843641693704136,0.051330524830463665
235.41741781234742,110.74999266760152,79.00741748809814,1.212780418557373,3,100,3,"('tsfresh', {'default_fc_parameters': {'variance_larger_than_standard_deviation': None, 'value_count': [{'value': -1}, {'value': 1}, {'value': 0}], 'time_reversal_asymmetry_statistic': [{'lag': 3}, {'lag': 2}], 'symmetry_looking': [{'r': 0.9500000000000001}, {'r': 0.9}, {'r': 0.8500000000000001}, {'r': 0.8}]}})",pca,0.9,"('interpolate', ('polynomial', 2))","{'classifier__base_estimator__max_depth': 3, 'classifier__base_estimator__n_estimators': 100, 'feature_extraction__n_lags': 3, 'feature_extraction__params': ('tsfresh', {'default_fc_parameters': {'variance_larger_than_standard_deviation': None, 'value_count': [{'value': -1}, {'value': 1}, {'value': 0}], 'time_reversal_asymmetry_statistic': [{'lag': 3}, {'lag': 2}], 'symmetry_looking': [{'r': 0.9500000000000001}, {'r': 0.9}, {'r': 0.8500000000000001}, {'r': 0.8}]}}), 'feature_selection__strategy': 'pca', 'feature_selection__threshold': 0.9, 'imputation__params': ('interpolate', ('polynomial', 2))}",0.47476,0.5938970449840015,0.5147251996637241,0.5380785528031291,0.6281162318186215,0.5499154058538952,0.054911839330061066,385,0.9178403755868545,0.8791800049248953,0.8336605701990317,0.8195557959824058,0.7679717218274924,0.843641693704136,0.051330524830463665
235.02470016479492,111.35410768667269,78.91057672500611,1.0036349027735703,3,100,3,"('tsfresh', {'default_fc_parameters': {'variance_larger_than_standard_deviation': None, 'value_count': [{'value': -1}, {'value': 1}, {'value': 0}], 'time_reversal_asymmetry_statistic': [{'lag': 3}, {'lag': 2}], 'symmetry_looking': [{'r': 0.9500000000000001}, {'r': 0.9}, {'r': 0.8500000000000001}, {'r': 0.8}]}})",pca,0.9,"('interpolate', ('spline', 2))","{'classifier__base_estimator__max_depth': 3, 'classifier__base_estimator__n_estimators': 100, 'feature_extraction__n_lags': 3, 'feature_extraction__params': ('tsfresh', {'default_fc_parameters': {'variance_larger_than_standard_deviation': None, 'value_count': [{'value': -1}, {'value': 1}, {'value': 0}], 'time_reversal_asymmetry_statistic': [{'lag': 3}, {'lag': 2}], 'symmetry_looking': [{'r': 0.9500000000000001}, {'r': 0.9}, {'r': 0.8500000000000001}, {'r': 0.8}]}}), 'feature_selection__strategy': 'pca', 'feature_selection__threshold': 0.9, 'imputation__params': ('interpolate', ('spline', 2))}",0.47476,0.5938970449840015,0.5147251996637241,0.5380785528031291,0.6281162318186215,0.5499154058538952,0.054911839330061066,385,0.9178403755868545,0.8791800049248953,0.8336605701990317,0.8195557959824058,0.7679717218274924,0.843641693704136,0.051330524830463665
235.2658790588379,111.54437804746996,78.73219294548035,1.3524190341977695,3,100,3,"('tsfresh', {'default_fc_parameters': {'variance_larger_than_standard_deviation': None, 'value_count': [{'value': -1}, {'value': 1}, {'value': 0}], 'time_reversal_asymmetry_statistic': [{'lag': 3}, {'lag': 2}], 'symmetry_looking': [{'r': 0.9500000000000001}, {'r': 0.9}, {'r': 0.8500000000000001}, {'r': 0.8}]}})",pca,0.9,"('ffill', None)","{'classifier__base_estimator__max_depth': 3, 'classifier__base_estimator__n_estimators': 100, 'feature_extraction__n_lags': 3, 'feature_extraction__params': ('tsfresh', {'default_fc_parameters': {'variance_larger_than_standard_deviation': None, 'value_count': [{'value': -1}, {'value': 1}, {'value': 0}], 'time_reversal_asymmetry_statistic': [{'lag': 3}, {'lag': 2}], 'symmetry_looking': [{'r': 0.9500000000000001}, {'r': 0.9}, {'r': 0.8500000000000001}, {'r': 0.8}]}}), 'feature_selection__strategy': 'pca', 'feature_selection__threshold': 0.9, 'imputation__params': ('ffill', None)}",0.47476,0.5938970449840015,0.5147251996637241,0.5380785528031291,0.6281162318186215,0.5499154058538952,0.054911839330061066,385,0.9178403755868545,0.8791800049248953,0.8336605701990317,0.8195557959824058,0.7679717218274924,0.843641693704136,0.051330524830463665
234.79907665252685,111.63159202376936,79.00095863342285,1.037909878284324,3,100,3,"('tsfresh', {'default_fc_parameters': {'variance_larger_than_standard_deviation': None, 'value_count': [{'value': -1}, {'value': 1}, {'value': 0}], 'time_reversal_asymmetry_statistic': [{'lag': 3}, {'lag': 2}], 'symmetry_looking': [{'r': 0.9500000000000001}, {'r': 0.9}, {'r': 0.8500000000000001}, {'r': 0.8}]}})",pca,0.95,"('interpolate', 'linear')","{'classifier__base_estimator__max_depth': 3, 'classifier__base_estimator__n_estimators': 100, 'feature_extraction__n_lags': 3, 'feature_extraction__params': ('tsfresh', {'default_fc_parameters': {'variance_larger_than_standard_deviation': None, 'value_count': [{'value': -1}, {'value': 1}, {'value': 0}], 'time_reversal_asymmetry_statistic': [{'lag': 3}, {'lag': 2}], 'symmetry_looking': [{'r': 0.9500000000000001}, {'r': 0.9}, {'r': 0.8500000000000001}, {'r': 0.8}]}}), 'feature_selection__strategy': 'pca', 'feature_selection__threshold': 0.95, 'imputation__params': ('interpolate', 'linear')}",0.47476,0.5938970449840015,0.5147251996637241,0.5380785528031291,0.6281162318186215,0.5499154058538952,0.054911839330061066,385,0.9178403755868545,0.8791800049248953,0.8336605701990317,0.8195557959824058,0.7679717218274924,0.843641693704136,0.051330524830463665
234.80798168182372,111.00622826641077,78.51525955200195,1.457685099909676,3,100,3,"('tsfresh', {'default_fc_parameters': {'variance_larger_than_standard_deviation': None, 'value_count': [{'value': -1}, {'value': 1}, {'value': 0}], 'time_reversal_asymmetry_statistic': [{'lag': 3}, {'lag': 2}], 'symmetry_looking': [{'r': 0.9500000000000001}, {'r': 0.9}, {'r': 0.8500000000000001}, {'r': 0.8}]}})",pca,0.95,"('interpolate', ('polynomial', 2))","{'classifier__base_estimator__max_depth': 3, 'classifier__base_estimator__n_estimators': 100, 'feature_extraction__n_lags': 3, 'feature_extraction__params': ('tsfresh', {'default_fc_parameters': {'variance_larger_than_standard_deviation': None, 'value_count': [{'value': -1}, {'value': 1}, {'value': 0}], 'time_reversal_asymmetry_statistic': [{'lag': 3}, {'lag': 2}], 'symmetry_looking': [{'r': 0.9500000000000001}, {'r': 0.9}, {'r': 0.8500000000000001}, {'r': 0.8}]}}), 'feature_selection__strategy': 'pca', 'feature_selection__threshold': 0.95, 'imputation__params': ('interpolate', ('polynomial', 2))}",0.47476,0.5938970449840015,0.5147251996637241,0.5380785528031291,0.6281162318186215,0.5499154058538952,0.054911839330061066,385,0.9178403755868545,0.8791800049248953,0.8336605701990317,0.8195557959824058,0.7679717218274924,0.843641693704136,0.051330524830463665
235.6997085094452,110.93127448201976,79.38768382072449,1.3886327359953037,3,100,3,"('tsfresh', {'default_fc_parameters': {'variance_larger_than_standard_deviation': None, 'value_count': [{'value': -1}, {'value': 1}, {'value': 0}], 'time_reversal_asymmetry_statistic': [{'lag': 3}, {'lag': 2}], 'symmetry_looking': [{'r': 0.9500000000000001}, {'r': 0.9}, {'r': 0.8500000000000001}, {'r': 0.8}]}})",pca,0.95,"('interpolate', ('spline', 2))","{'classifier__base_estimator__max_depth': 3, 'classifier__base_estimator__n_estimators': 100, 'feature_extraction__n_lags': 3, 'feature_extraction__params': ('tsfresh', {'default_fc_parameters': {'variance_larger_than_standard_deviation': None, 'value_count': [{'value': -1}, {'value': 1}, {'value': 0}], 'time_reversal_asymmetry_statistic': [{'lag': 3}, {'lag': 2}], 'symmetry_looking': [{'r': 0.9500000000000001}, {'r': 0.9}, {'r': 0.8500000000000001}, {'r': 0.8}]}}), 'feature_selection__strategy': 'pca', 'feature_selection__threshold': 0.95, 'imputation__params': ('interpolate', ('spline', 2))}",0.47476,0.5938970449840015,0.5147251996637241,0.5380785528031291,0.6281162318186215,0.5499154058538952,0.054911839330061066,385,0.9178403755868545,0.8791800049248953,0.8336605701990317,0.8195557959824058,0.7679717218274924,0.843641693704136,0.051330524830463665
235.89444513320922,111.27168422655744,78.22127013206482,1.2716136146689478,3,100,3,"('tsfresh', {'default_fc_parameters': {'variance_larger_than_standard_deviation': None, 'value_count': [{'value': -1}, {'value': 1}, {'value': 0}], 'time_reversal_asymmetry_statistic': [{'lag': 3}, {'lag': 2}], 'symmetry_looking': [{'r': 0.9500000000000001}, {'r': 0.9}, {'r': 0.8500000000000001}, {'r': 0.8}]}})",pca,0.95,"('ffill', None)","{'classifier__base_estimator__max_depth': 3, 'classifier__base_estimator__n_estimators': 100, 'feature_extraction__n_lags': 3, 'feature_extraction__params': ('tsfresh', {'default_fc_parameters': {'variance_larger_than_standard_deviation': None, 'value_count': [{'value': -1}, {'value': 1}, {'value': 0}], 'time_reversal_asymmetry_statistic': [{'lag': 3}, {'lag': 2}], 'symmetry_looking': [{'r': 0.9500000000000001}, {'r': 0.9}, {'r': 0.8500000000000001}, {'r': 0.8}]}}), 'feature_selection__strategy': 'pca', 'feature_selection__threshold': 0.95, 'imputation__params': ('ffill', None)}",0.47476,0.5938970449840015,0.5147251996637241,0.5380785528031291,0.6281162318186215,0.5499154058538952,0.054911839330061066,385,0.9178403755868545,0.8791800049248953,0.8336605701990317,0.8195557959824058,0.7679717218274924,0.843641693704136,0.051330524830463665
216.36188683509826,103.24352828829454,72.81487865447998,2.109208887648768,3,100,5,"('tsfresh', {'default_fc_parameters': {'variance_larger_than_standard_deviation': None, 'value_count': [{'value': -1}, {'value': 1}, {'value': 0}], 'time_reversal_asymmetry_statistic': [{'lag': 3}, {'lag': 2}], 'symmetry_looking': [{'r': 0.9500000000000001}, {'r': 0.9}, {'r': 0.8500000000000001}, {'r': 0.8}]}})",correlation,0.85,"('interpolate', 'linear')","{'classifier__base_estimator__max_depth': 3, 'classifier__base_estimator__n_estimators': 100, 'feature_extraction__n_lags': 5, 'feature_extraction__params': ('tsfresh', {'default_fc_parameters': {'variance_larger_than_standard_deviation': None, 'value_count': [{'value': -1}, {'value': 1}, {'value': 0}], 'time_reversal_asymmetry_statistic': [{'lag': 3}, {'lag': 2}], 'symmetry_looking': [{'r': 0.9500000000000001}, {'r': 0.9}, {'r': 0.8500000000000001}, {'r': 0.8}]}}), 'feature_selection__strategy': 'correlation', 'feature_selection__threshold': 0.85, 'imputation__params': ('interpolate', 'linear')}",0.5829984051036683,0.5797052154195012,0.6387944066515495,0.6585772545553167,0.5597830011554015,0.6039716565770874,0.03788342636327083,177,0.9906692585392947,0.9623003549245785,0.9422418581818651,0.9291724573827934,0.8952608471074378,0.9439289552271939,0.031972955927085205
215.40482058525086,102.18959626398318,72.62869749069213,1.8385604756398277,3,100,5,"('tsfresh', {'default_fc_parameters': {'variance_larger_than_standard_deviation': None, 'value_count': [{'value': -1}, {'value': 1}, {'value': 0}], 'time_reversal_asymmetry_statistic': [{'lag': 3}, {'lag': 2}], 'symmetry_looking': [{'r': 0.9500000000000001}, {'r': 0.9}, {'r': 0.8500000000000001}, {'r': 0.8}]}})",correlation,0.85,"('interpolate', ('polynomial', 2))","{'classifier__base_estimator__max_depth': 3, 'classifier__base_estimator__n_estimators': 100, 'feature_extraction__n_lags': 5, 'feature_extraction__params': ('tsfresh', {'default_fc_parameters': {'variance_larger_than_standard_deviation': None, 'value_count': [{'value': -1}, {'value': 1}, {'value': 0}], 'time_reversal_asymmetry_statistic': [{'lag': 3}, {'lag': 2}], 'symmetry_looking': [{'r': 0.9500000000000001}, {'r': 0.9}, {'r': 0.8500000000000001}, {'r': 0.8}]}}), 'feature_selection__strategy': 'correlation', 'feature_selection__threshold': 0.85, 'imputation__params': ('interpolate', ('polynomial', 2))}",0.5829984051036683,0.5797052154195012,0.6387944066515495,0.6585772545553167,0.5597830011554015,0.6039716565770874,0.03788342636327083,177,0.9906692585392947,0.9623003549245785,0.9422418581818651,0.9291724573827934,0.8952608471074378,0.9439289552271939,0.031972955927085205
216.39307141304016,103.26774069624545,73.07579703330994,2.0923822137281496,3,100,5,"('tsfresh', {'default_fc_parameters': {'variance_larger_than_standard_deviation': None, 'value_count': [{'value': -1}, {'value': 1}, {'value': 0}], 'time_reversal_asymmetry_statistic': [{'lag': 3}, {'lag': 2}], 'symmetry_looking': [{'r': 0.9500000000000001}, {'r': 0.9}, {'r': 0.8500000000000001}, {'r': 0.8}]}})",correlation,0.85,"('interpolate', ('spline', 2))","{'classifier__base_estimator__max_depth': 3, 'classifier__base_estimator__n_estimators': 100, 'feature_extraction__n_lags': 5, 'feature_extraction__params': ('tsfresh', {'default_fc_parameters': {'variance_larger_than_standard_deviation': None, 'value_count': [{'value': -1}, {'value': 1}, {'value': 0}], 'time_reversal_asymmetry_statistic': [{'lag': 3}, {'lag': 2}], 'symmetry_looking': [{'r': 0.9500000000000001}, {'r': 0.9}, {'r': 0.8500000000000001}, {'r': 0.8}]}}), 'feature_selection__strategy': 'correlation', 'feature_selection__threshold': 0.85, 'imputation__params': ('interpolate', ('spline', 2))}",0.5829984051036683,0.5797052154195012,0.6387944066515495,0.6585772545553167,0.5597830011554015,0.6039716565770874,0.03788342636327083,177,0.9906692585392947,0.9623003549245785,0.9422418581818651,0.9291724573827934,0.8952608471074378,0.9439289552271939,0.031972955927085205
216.51100845336913,101.59620906849165,72.81631393432617,2.0565993347883422,3,100,5,"('tsfresh', {'default_fc_parameters': {'variance_larger_than_standard_deviation': None, 'value_count': [{'value': -1}, {'value': 1}, {'value': 0}], 'time_reversal_asymmetry_statistic': [{'lag': 3}, {'lag': 2}], 'symmetry_looking': [{'r': 0.9500000000000001}, {'r': 0.9}, {'r': 0.8500000000000001}, {'r': 0.8}]}})",correlation,0.85,"('ffill', None)","{'classifier__base_estimator__max_depth': 3, 'classifier__base_estimator__n_estimators': 100, 'feature_extraction__n_lags': 5, 'feature_extraction__params': ('tsfresh', {'default_fc_parameters': {'variance_larger_than_standard_deviation': None, 'value_count': [{'value': -1}, {'value': 1}, {'value': 0}], 'time_reversal_asymmetry_statistic': [{'lag': 3}, {'lag': 2}], 'symmetry_looking': [{'r': 0.9500000000000001}, {'r': 0.9}, {'r': 0.8500000000000001}, {'r': 0.8}]}}), 'feature_selection__strategy': 'correlation', 'feature_selection__threshold': 0.85, 'imputation__params': ('ffill', None)}",0.5829984051036683,0.5797052154195012,0.6387944066515495,0.6585772545553167,0.5597830011554015,0.6039716565770874,0.03788342636327083,177,0.9906692585392947,0.9623003549245785,0.9422418581818651,0.9291724573827934,0.8952608471074378,0.9439289552271939,0.031972955927085205
217.0437273979187,104.1236192116548,72.84420161247253,1.7147867212772152,3,100,5,"('tsfresh', {'default_fc_parameters': {'variance_larger_than_standard_deviation': None, 'value_count': [{'value': -1}, {'value': 1}, {'value': 0}], 'time_reversal_asymmetry_statistic': [{'lag': 3}, {'lag': 2}], 'symmetry_looking': [{'r': 0.9500000000000001}, {'r': 0.9}, {'r': 0.8500000000000001}, {'r': 0.8}]}})",correlation,0.9,"('interpolate', 'linear')","{'classifier__base_estimator__max_depth': 3, 'classifier__base_estimator__n_estimators': 100, 'feature_extraction__n_lags': 5, 'feature_extraction__params': ('tsfresh', {'default_fc_parameters': {'variance_larger_than_standard_deviation': None, 'value_count': [{'value': -1}, {'value': 1}, {'value': 0}], 'time_reversal_asymmetry_statistic': [{'lag': 3}, {'lag': 2}], 'symmetry_looking': [{'r': 0.9500000000000001}, {'r': 0.9}, {'r': 0.8500000000000001}, {'r': 0.8}]}}), 'feature_selection__strategy': 'correlation', 'feature_selection__threshold': 0.9, 'imputation__params': ('interpolate', 'linear')}",0.5890271132376396,0.5758503401360544,0.630338246409675,0.6393414629246439,0.5496190785673021,0.596835248255063,0.03364499722717006,241,0.9893362954734796,0.9633318544809227,0.9454553088142205,0.9231384079719681,0.8951322529269973,0.9432788239335176,0.03240950619807602
216.1729971885681,102.54954942806738,74.20281724929809,2.535957434213039,3,100,5,"('tsfresh', {'default_fc_parameters': {'variance_larger_than_standard_deviation': None, 'value_count': [{'value': -1}, {'value': 1}, {'value': 0}], 'time_reversal_asymmetry_statistic': [{'lag': 3}, {'lag': 2}], 'symmetry_looking': [{'r': 0.9500000000000001}, {'r': 0.9}, {'r': 0.8500000000000001}, {'r': 0.8}]}})",correlation,0.9,"('interpolate', ('polynomial', 2))","{'classifier__base_estimator__max_depth': 3, 'classifier__base_estimator__n_estimators': 100, 'feature_extraction__n_lags': 5, 'feature_extraction__params': ('tsfresh', {'default_fc_parameters': {'variance_larger_than_standard_deviation': None, 'value_count': [{'value': -1}, {'value': 1}, {'value': 0}], 'time_reversal_asymmetry_statistic': [{'lag': 3}, {'lag': 2}], 'symmetry_looking': [{'r': 0.9500000000000001}, {'r': 0.9}, {'r': 0.8500000000000001}, {'r': 0.8}]}}), 'feature_selection__strategy': 'correlation', 'feature_selection__threshold': 0.9, 'imputation__params': ('interpolate', ('polynomial', 2))}",0.5890271132376396,0.5758503401360544,0.630338246409675,0.6393414629246439,0.5496190785673021,0.596835248255063,0.03364499722717006,241,0.9893362954734796,0.9633318544809227,0.9454553088142205,0.9231384079719681,0.8951322529269973,0.9432788239335176,0.03240950619807602
216.59262733459474,102.24408401214183,73.03061637878417,2.288066243748003,3,100,5,"('tsfresh', {'default_fc_parameters': {'variance_larger_than_standard_deviation': None, 'value_count': [{'value': -1}, {'value': 1}, {'value': 0}], 'time_reversal_asymmetry_statistic': [{'lag': 3}, {'lag': 2}], 'symmetry_looking': [{'r': 0.9500000000000001}, {'r': 0.9}, {'r': 0.8500000000000001}, {'r': 0.8}]}})",correlation,0.9,"('interpolate', ('spline', 2))","{'classifier__base_estimator__max_depth': 3, 'classifier__base_estimator__n_estimators': 100, 'feature_extraction__n_lags': 5, 'feature_extraction__params': ('tsfresh', {'default_fc_parameters': {'variance_larger_than_standard_deviation': None, 'value_count': [{'value': -1}, {'value': 1}, {'value': 0}], 'time_reversal_asymmetry_statistic': [{'lag': 3}, {'lag': 2}], 'symmetry_looking': [{'r': 0.9500000000000001}, {'r': 0.9}, {'r': 0.8500000000000001}, {'r': 0.8}]}}), 'feature_selection__strategy': 'correlation', 'feature_selection__threshold': 0.9, 'imputation__params': ('interpolate', ('spline', 2))}",0.5890271132376396,0.5758503401360544,0.630338246409675,0.6393414629246439,0.5496190785673021,0.596835248255063,0.03364499722717006,241,0.9893362954734796,0.9633318544809227,0.9454553088142205,0.9231384079719681,0.8951322529269973,0.9432788239335176,0.03240950619807602
215.7401358604431,102.50293457457867,72.52845706939698,1.9936721658342405,3,100,5,"('tsfresh', {'default_fc_parameters': {'variance_larger_than_standard_deviation': None, 'value_count': [{'value': -1}, {'value': 1}, {'value': 0}], 'time_reversal_asymmetry_statistic': [{'lag': 3}, {'lag': 2}], 'symmetry_looking': [{'r': 0.9500000000000001}, {'r': 0.9}, {'r': 0.8500000000000001}, {'r': 0.8}]}})",correlation,0.9,"('ffill', None)","{'classifier__base_estimator__max_depth': 3, 'classifier__base_estimator__n_estimators': 100, 'feature_extraction__n_lags': 5, 'feature_extraction__params': ('tsfresh', {'default_fc_parameters': {'variance_larger_than_standard_deviation': None, 'value_count': [{'value': -1}, {'value': 1}, {'value': 0}], 'time_reversal_asymmetry_statistic': [{'lag': 3}, {'lag': 2}], 'symmetry_looking': [{'r': 0.9500000000000001}, {'r': 0.9}, {'r': 0.8500000000000001}, {'r': 0.8}]}}), 'feature_selection__strategy': 'correlation', 'feature_selection__threshold': 0.9, 'imputation__params': ('ffill', None)}",0.5890271132376396,0.5758503401360544,0.630338246409675,0.6393414629246439,0.5496190785673021,0.596835248255063,0.03364499722717006,241,0.9893362954734796,0.9633318544809227,0.9454553088142205,0.9231384079719681,0.8951322529269973,0.9432788239335176,0.03240950619807602
216.44360041618347,102.53933953146245,72.73991780281067,2.049804386926773,3,100,5,"('tsfresh', {'default_fc_parameters': {'variance_larger_than_standard_deviation': None, 'value_count': [{'value': -1}, {'value': 1}, {'value': 0}], 'time_reversal_asymmetry_statistic': [{'lag': 3}, {'lag': 2}], 'symmetry_looking': [{'r': 0.9500000000000001}, {'r': 0.9}, {'r': 0.8500000000000001}, {'r': 0.8}]}})",correlation,0.95,"('interpolate', 'linear')","{'classifier__base_estimator__max_depth': 3, 'classifier__base_estimator__n_estimators': 100, 'feature_extraction__n_lags': 5, 'feature_extraction__params': ('tsfresh', {'default_fc_parameters': {'variance_larger_than_standard_deviation': None, 'value_count': [{'value': -1}, {'value': 1}, {'value': 0}], 'time_reversal_asymmetry_statistic': [{'lag': 3}, {'lag': 2}], 'symmetry_looking': [{'r': 0.9500000000000001}, {'r': 0.9}, {'r': 0.8500000000000001}, {'r': 0.8}]}}), 'feature_selection__strategy': 'correlation', 'feature_selection__threshold': 0.95, 'imputation__params': ('interpolate', 'linear')}",0.5416586921850081,0.6278202947845805,0.6470301083396323,0.6594009281395024,0.5543219237435009,0.6060463894384448,0.04862441954003015,161,0.9912246598167176,0.9654503105590062,0.9494390187187537,0.9270286603486256,0.8998929278581267,0.946607115460246,0.031366677126788325
215.7476445198059,102.0025347370932,72.47518215179443,2.219777483352081,3,100,5,"('tsfresh', {'default_fc_parameters': {'variance_larger_than_standard_deviation': None, 'value_count': [{'value': -1}, {'value': 1}, {'value': 0}], 'time_reversal_asymmetry_statistic': [{'lag': 3}, {'lag': 2}], 'symmetry_looking': [{'r': 0.9500000000000001}, {'r': 0.9}, {'r': 0.8500000000000001}, {'r': 0.8}]}})",correlation,0.95,"('interpolate', ('polynomial', 2))","{'classifier__base_estimator__max_depth': 3, 'classifier__base_estimator__n_estimators': 100, 'feature_extraction__n_lags': 5, 'feature_extraction__params': ('tsfresh', {'default_fc_parameters': {'variance_larger_than_standard_deviation': None, 'value_count': [{'value': -1}, {'value': 1}, {'value': 0}], 'time_reversal_asymmetry_statistic': [{'lag': 3}, {'lag': 2}], 'symmetry_looking': [{'r': 0.9500000000000001}, {'r': 0.9}, {'r': 0.8500000000000001}, {'r': 0.8}]}}), 'feature_selection__strategy': 'correlation', 'feature_selection__threshold': 0.95, 'imputation__params': ('interpolate', ('polynomial', 2))}",0.5416586921850081,0.6278202947845805,0.6470301083396323,0.6594009281395024,0.5543219237435009,0.6060463894384448,0.04862441954003015,161,0.9912246598167176,0.9654503105590062,0.9494390187187537,0.9270286603486256,0.8998929278581267,0.946607115460246,0.031366677126788325
215.7913381576538,102.78048528540793,72.63786420822143,2.000208602597165,3,100,5,"('tsfresh', {'default_fc_parameters': {'variance_larger_than_standard_deviation': None, 'value_count': [{'value': -1}, {'value': 1}, {'value': 0}], 'time_reversal_asymmetry_statistic': [{'lag': 3}, {'lag': 2}], 'symmetry_looking': [{'r': 0.9500000000000001}, {'r': 0.9}, {'r': 0.8500000000000001}, {'r': 0.8}]}})",correlation,0.95,"('interpolate', ('spline', 2))","{'classifier__base_estimator__max_depth': 3, 'classifier__base_estimator__n_estimators': 100, 'feature_extraction__n_lags': 5, 'feature_extraction__params': ('tsfresh', {'default_fc_parameters': {'variance_larger_than_standard_deviation': None, 'value_count': [{'value': -1}, {'value': 1}, {'value': 0}], 'time_reversal_asymmetry_statistic': [{'lag': 3}, {'lag': 2}], 'symmetry_looking': [{'r': 0.9500000000000001}, {'r': 0.9}, {'r': 0.8500000000000001}, {'r': 0.8}]}}), 'feature_selection__strategy': 'correlation', 'feature_selection__threshold': 0.95, 'imputation__params': ('interpolate', ('spline', 2))}",0.5416586921850081,0.6278202947845805,0.6470301083396323,0.6594009281395024,0.5543219237435009,0.6060463894384448,0.04862441954003015,161,0.9912246598167176,0.9654503105590062,0.9494390187187537,0.9270286603486256,0.8998929278581267,0.946607115460246,0.031366677126788325
216.11642956733704,102.9240625714693,72.37809586524963,2.799846885567666,3,100,5,"('tsfresh', {'default_fc_parameters': {'variance_larger_than_standard_deviation': None, 'value_count': [{'value': -1}, {'value': 1}, {'value': 0}], 'time_reversal_asymmetry_statistic': [{'lag': 3}, {'lag': 2}], 'symmetry_looking': [{'r': 0.9500000000000001}, {'r': 0.9}, {'r': 0.8500000000000001}, {'r': 0.8}]}})",correlation,0.95,"('ffill', None)","{'classifier__base_estimator__max_depth': 3, 'classifier__base_estimator__n_estimators': 100, 'feature_extraction__n_lags': 5, 'feature_extraction__params': ('tsfresh', {'default_fc_parameters': {'variance_larger_than_standard_deviation': None, 'value_count': [{'value': -1}, {'value': 1}, {'value': 0}], 'time_reversal_asymmetry_statistic': [{'lag': 3}, {'lag': 2}], 'symmetry_looking': [{'r': 0.9500000000000001}, {'r': 0.9}, {'r': 0.8500000000000001}, {'r': 0.8}]}}), 'feature_selection__strategy': 'correlation', 'feature_selection__threshold': 0.95, 'imputation__params': ('ffill', None)}",0.5416586921850081,0.6278202947845805,0.6470301083396323,0.6594009281395024,0.5543219237435009,0.6060463894384448,0.04862441954003015,161,0.9912246598167176,0.9654503105590062,0.9494390187187537,0.9270286603486256,0.8998929278581267,0.946607115460246,0.031366677126788325
217.30365028381348,102.20039587874257,72.41052260398865,1.7621809107082922,3,100,5,"('tsfresh', {'default_fc_parameters': {'variance_larger_than_standard_deviation': None, 'value_count': [{'value': -1}, {'value': 1}, {'value': 0}], 'time_reversal_asymmetry_statistic': [{'lag': 3}, {'lag': 2}], 'symmetry_looking': [{'r': 0.9500000000000001}, {'r': 0.9}, {'r': 0.8500000000000001}, {'r': 0.8}]}})",pca,0.85,"('interpolate', 'linear')","{'classifier__base_estimator__max_depth': 3, 'classifier__base_estimator__n_estimators': 100, 'feature_extraction__n_lags': 5, 'feature_extraction__params': ('tsfresh', {'default_fc_parameters': {'variance_larger_than_standard_deviation': None, 'value_count': [{'value': -1}, {'value': 1}, {'value': 0}], 'time_reversal_asymmetry_statistic': [{'lag': 3}, {'lag': 2}], 'symmetry_looking': [{'r': 0.9500000000000001}, {'r': 0.9}, {'r': 0.8500000000000001}, {'r': 0.8}]}}), 'feature_selection__strategy': 'pca', 'feature_selection__threshold': 0.85, 'imputation__params': ('interpolate', 'linear')}",0.4813556618819777,0.5730300453514738,0.5068972033257748,0.5205516604054081,0.5577610485268631,0.5279191238982995,0.033436185062633586,469,0.8268953068592058,0.7934228039041704,0.7737472386931752,0.7332866995875039,0.7148469783057851,0.7684398054699682,0.04044081274525291
215.4652620792389,101.81637531973281,73.31133637428283,2.0232758528211985,3,100,5,"('tsfresh', {'default_fc_parameters': {'variance_larger_than_standard_deviation': None, 'value_count': [{'value': -1}, {'value': 1}, {'value': 0}], 'time_reversal_asymmetry_statistic': [{'lag': 3}, {'lag': 2}], 'symmetry_looking': [{'r': 0.9500000000000001}, {'r': 0.9}, {'r': 0.8500000000000001}, {'r': 0.8}]}})",pca,0.85,"('interpolate', ('polynomial', 2))","{'classifier__base_estimator__max_depth': 3, 'classifier__base_estimator__n_estimators': 100, 'feature_extraction__n_lags': 5, 'feature_extraction__params': ('tsfresh', {'default_fc_parameters': {'variance_larger_than_standard_deviation': None, 'value_count': [{'value': -1}, {'value': 1}, {'value': 0}], 'time_reversal_asymmetry_statistic': [{'lag': 3}, {'lag': 2}], 'symmetry_looking': [{'r': 0.9500000000000001}, {'r': 0.9}, {'r': 0.8500000000000001}, {'r': 0.8}]}}), 'feature_selection__strategy': 'pca', 'feature_selection__threshold': 0.85, 'imputation__params': ('interpolate', ('polynomial', 2))}",0.4813556618819777,0.5730300453514738,0.5068972033257748,0.5205516604054081,0.5577610485268631,0.5279191238982995,0.033436185062633586,469,0.8268953068592058,0.7934228039041704,0.7737472386931752,0.7332866995875039,0.7148469783057851,0.7684398054699682,0.04044081274525291
216.1203631877899,102.46173098215225,72.50800309181213,2.0346666400367814,3,100,5,"('tsfresh', {'default_fc_parameters': {'variance_larger_than_standard_deviation': None, 'value_count': [{'value': -1}, {'value': 1}, {'value': 0}], 'time_reversal_asymmetry_statistic': [{'lag': 3}, {'lag': 2}], 'symmetry_looking': [{'r': 0.9500000000000001}, {'r': 0.9}, {'r': 0.8500000000000001}, {'r': 0.8}]}})",pca,0.85,"('interpolate', ('spline', 2))","{'classifier__base_estimator__max_depth': 3, 'classifier__base_estimator__n_estimators': 100, 'feature_extraction__n_lags': 5, 'feature_extraction__params': ('tsfresh', {'default_fc_parameters': {'variance_larger_than_standard_deviation': None, 'value_count': [{'value': -1}, {'value': 1}, {'value': 0}], 'time_reversal_asymmetry_statistic': [{'lag': 3}, {'lag': 2}], 'symmetry_looking': [{'r': 0.9500000000000001}, {'r': 0.9}, {'r': 0.8500000000000001}, {'r': 0.8}]}}), 'feature_selection__strategy': 'pca', 'feature_selection__threshold': 0.85, 'imputation__params': ('interpolate', ('spline', 2))}",0.4813556618819777,0.5730300453514738,0.5068972033257748,0.5205516604054081,0.5577610485268631,0.5279191238982995,0.033436185062633586,469,0.8268953068592058,0.7934228039041704,0.7737472386931752,0.7332866995875039,0.7148469783057851,0.7684398054699682,0.04044081274525291
214.76128492355346,101.97398158194414,72.2818521976471,2.192357258854991,3,100,5,"('tsfresh', {'default_fc_parameters': {'variance_larger_than_standard_deviation': None, 'value_count': [{'value': -1}, {'value': 1}, {'value': 0}], 'time_reversal_asymmetry_statistic': [{'lag': 3}, {'lag': 2}], 'symmetry_looking': [{'r': 0.9500000000000001}, {'r': 0.9}, {'r': 0.8500000000000001}, {'r': 0.8}]}})",pca,0.85,"('ffill', None)","{'classifier__base_estimator__max_depth': 3, 'classifier__base_estimator__n_estimators': 100, 'feature_extraction__n_lags': 5, 'feature_extraction__params': ('tsfresh', {'default_fc_parameters': {'variance_larger_than_standard_deviation': None, 'value_count': [{'value': -1}, {'value': 1}, {'value': 0}], 'time_reversal_asymmetry_statistic': [{'lag': 3}, {'lag': 2}], 'symmetry_looking': [{'r': 0.9500000000000001}, {'r': 0.9}, {'r': 0.8500000000000001}, {'r': 0.8}]}}), 'feature_selection__strategy': 'pca', 'feature_selection__threshold': 0.85, 'imputation__params': ('ffill', None)}",0.4813556618819777,0.5730300453514738,0.5068972033257748,0.5205516604054081,0.5577610485268631,0.5279191238982995,0.033436185062633586,469,0.8268953068592058,0.7934228039041704,0.7737472386931752,0.7332866995875039,0.7148469783057851,0.7684398054699682,0.04044081274525291
215.2621582508087,102.89588323761313,72.5525824546814,1.8647808630236058,3,100,5,"('tsfresh', {'default_fc_parameters': {'variance_larger_than_standard_deviation': None, 'value_count': [{'value': -1}, {'value': 1}, {'value': 0}], 'time_reversal_asymmetry_statistic': [{'lag': 3}, {'lag': 2}], 'symmetry_looking': [{'r': 0.9500000000000001}, {'r': 0.9}, {'r': 0.8500000000000001}, {'r': 0.8}]}})",pca,0.9,"('interpolate', 'linear')","{'classifier__base_estimator__max_depth': 3, 'classifier__base_estimator__n_estimators': 100, 'feature_extraction__n_lags': 5, 'feature_extraction__params': ('tsfresh', {'default_fc_parameters': {'variance_larger_than_standard_deviation': None, 'value_count': [{'value': -1}, {'value': 1}, {'value': 0}], 'time_reversal_asymmetry_statistic': [{'lag': 3}, {'lag': 2}], 'symmetry_looking': [{'r': 0.9500000000000001}, {'r': 0.9}, {'r': 0.8500000000000001}, {'r': 0.8}]}}), 'feature_selection__strategy': 'pca', 'feature_selection__threshold': 0.9, 'imputation__params': ('interpolate', 'linear')}",0.4813556618819777,0.5730300453514738,0.5068972033257748,0.5205516604054081,0.5577610485268631,0.5279191238982995,0.033436185062633586,469,0.8268953068592058,0.7934228039041704,0.7737472386931752,0.7332866995875039,0.7148469783057851,0.7684398054699682,0.04044081274525291
218.1525700569153,104.75364519453882,73.89527115821838,2.4658834871448865,3,100,5,"('tsfresh', {'default_fc_parameters': {'variance_larger_than_standard_deviation': None, 'value_count': [{'value': -1}, {'value': 1}, {'value': 0}], 'time_reversal_asymmetry_statistic': [{'lag': 3}, {'lag': 2}], 'symmetry_looking': [{'r': 0.9500000000000001}, {'r': 0.9}, {'r': 0.8500000000000001}, {'r': 0.8}]}})",pca,0.9,"('interpolate', ('polynomial', 2))","{'classifier__base_estimator__max_depth': 3, 'classifier__base_estimator__n_estimators': 100, 'feature_extraction__n_lags': 5, 'feature_extraction__params': ('tsfresh', {'default_fc_parameters': {'variance_larger_than_standard_deviation': None, 'value_count': [{'value': -1}, {'value': 1}, {'value': 0}], 'time_reversal_asymmetry_statistic': [{'lag': 3}, {'lag': 2}], 'symmetry_looking': [{'r': 0.9500000000000001}, {'r': 0.9}, {'r': 0.8500000000000001}, {'r': 0.8}]}}), 'feature_selection__strategy': 'pca', 'feature_selection__threshold': 0.9, 'imputation__params': ('interpolate', ('polynomial', 2))}",0.4813556618819777,0.5730300453514738,0.5068972033257748,0.5205516604054081,0.5577610485268631,0.5279191238982995,0.033436185062633586,469,0.8268953068592058,0.7934228039041704,0.7737472386931752,0.7332866995875039,0.7148469783057851,0.7684398054699682,0.04044081274525291
215.4683099269867,102.12282365783014,72.68073062896728,2.242018654946673,3,100,5,"('tsfresh', {'default_fc_parameters': {'variance_larger_than_standard_deviation': None, 'value_count': [{'value': -1}, {'value': 1}, {'value': 0}], 'time_reversal_asymmetry_statistic': [{'lag': 3}, {'lag': 2}], 'symmetry_looking': [{'r': 0.9500000000000001}, {'r': 0.9}, {'r': 0.8500000000000001}, {'r': 0.8}]}})",pca,0.9,"('interpolate', ('spline', 2))","{'classifier__base_estimator__max_depth': 3, 'classifier__base_estimator__n_estimators': 100, 'feature_extraction__n_lags': 5, 'feature_extraction__params': ('tsfresh', {'default_fc_parameters': {'variance_larger_than_standard_deviation': None, 'value_count': [{'value': -1}, {'value': 1}, {'value': 0}], 'time_reversal_asymmetry_statistic': [{'lag': 3}, {'lag': 2}], 'symmetry_looking': [{'r': 0.9500000000000001}, {'r': 0.9}, {'r': 0.8500000000000001}, {'r': 0.8}]}}), 'feature_selection__strategy': 'pca', 'feature_selection__threshold': 0.9, 'imputation__params': ('interpolate', ('spline', 2))}",0.4813556618819777,0.5730300453514738,0.5068972033257748,0.5205516604054081,0.5577610485268631,0.5279191238982995,0.033436185062633586,469,0.8268953068592058,0.7934228039041704,0.7737472386931752,0.7332866995875039,0.7148469783057851,0.7684398054699682,0.04044081274525291
215.36886558532714,102.64417325911718,72.37092404365539,2.3358477986940427,3,100,5,"('tsfresh', {'default_fc_parameters': {'variance_larger_than_standard_deviation': None, 'value_count': [{'value': -1}, {'value': 1}, {'value': 0}], 'time_reversal_asymmetry_statistic': [{'lag': 3}, {'lag': 2}], 'symmetry_looking': [{'r': 0.9500000000000001}, {'r': 0.9}, {'r': 0.8500000000000001}, {'r': 0.8}]}})",pca,0.9,"('ffill', None)","{'classifier__base_estimator__max_depth': 3, 'classifier__base_estimator__n_estimators': 100, 'feature_extraction__n_lags': 5, 'feature_extraction__params': ('tsfresh', {'default_fc_parameters': {'variance_larger_than_standard_deviation': None, 'value_count': [{'value': -1}, {'value': 1}, {'value': 0}], 'time_reversal_asymmetry_statistic': [{'lag': 3}, {'lag': 2}], 'symmetry_looking': [{'r': 0.9500000000000001}, {'r': 0.9}, {'r': 0.8500000000000001}, {'r': 0.8}]}}), 'feature_selection__strategy': 'pca', 'feature_selection__threshold': 0.9, 'imputation__params': ('ffill', None)}",0.4813556618819777,0.5730300453514738,0.5068972033257748,0.5205516604054081,0.5577610485268631,0.5279191238982995,0.033436185062633586,469,0.8268953068592058,0.7934228039041704,0.7737472386931752,0.7332866995875039,0.7148469783057851,0.7684398054699682,0.04044081274525291
215.88652815818787,102.74292202479269,73.06458268165588,2.235773838328774,3,100,5,"('tsfresh', {'default_fc_parameters': {'variance_larger_than_standard_deviation': None, 'value_count': [{'value': -1}, {'value': 1}, {'value': 0}], 'time_reversal_asymmetry_statistic': [{'lag': 3}, {'lag': 2}], 'symmetry_looking': [{'r': 0.9500000000000001}, {'r': 0.9}, {'r': 0.8500000000000001}, {'r': 0.8}]}})",pca,0.95,"('interpolate', 'linear')","{'classifier__base_estimator__max_depth': 3, 'classifier__base_estimator__n_estimators': 100, 'feature_extraction__n_lags': 5, 'feature_extraction__params': ('tsfresh', {'default_fc_parameters': {'variance_larger_than_standard_deviation': None, 'value_count': [{'value': -1}, {'value': 1}, {'value': 0}], 'time_reversal_asymmetry_statistic': [{'lag': 3}, {'lag': 2}], 'symmetry_looking': [{'r': 0.9500000000000001}, {'r': 0.9}, {'r': 0.8500000000000001}, {'r': 0.8}]}}), 'feature_selection__strategy': 'pca', 'feature_selection__threshold': 0.95, 'imputation__params': ('interpolate', 'linear')}",0.4813556618819777,0.5730300453514738,0.5068972033257748,0.5205516604054081,0.5577610485268631,0.5279191238982995,0.033436185062633586,469,0.8268953068592058,0.7934228039041704,0.7737472386931752,0.7332866995875039,0.7148469783057851,0.7684398054699682,0.04044081274525291
215.51249499320983,102.65407435563993,72.57199892997741,2.0619558188095355,3,100,5,"('tsfresh', {'default_fc_parameters': {'variance_larger_than_standard_deviation': None, 'value_count': [{'value': -1}, {'value': 1}, {'value': 0}], 'time_reversal_asymmetry_statistic': [{'lag': 3}, {'lag': 2}], 'symmetry_looking': [{'r': 0.9500000000000001}, {'r': 0.9}, {'r': 0.8500000000000001}, {'r': 0.8}]}})",pca,0.95,"('interpolate', ('polynomial', 2))","{'classifier__base_estimator__max_depth': 3, 'classifier__base_estimator__n_estimators': 100, 'feature_extraction__n_lags': 5, 'feature_extraction__params': ('tsfresh', {'default_fc_parameters': {'variance_larger_than_standard_deviation': None, 'value_count': [{'value': -1}, {'value': 1}, {'value': 0}], 'time_reversal_asymmetry_statistic': [{'lag': 3}, {'lag': 2}], 'symmetry_looking': [{'r': 0.9500000000000001}, {'r': 0.9}, {'r': 0.8500000000000001}, {'r': 0.8}]}}), 'feature_selection__strategy': 'pca', 'feature_selection__threshold': 0.95, 'imputation__params': ('interpolate', ('polynomial', 2))}",0.4813556618819777,0.5730300453514738,0.5068972033257748,0.5205516604054081,0.5577610485268631,0.5279191238982995,0.033436185062633586,469,0.8268953068592058,0.7934228039041704,0.7737472386931752,0.7332866995875039,0.7148469783057851,0.7684398054699682,0.04044081274525291
215.20091862678527,101.37919895947354,72.05046181678772,2.1042178404114766,3,100,5,"('tsfresh', {'default_fc_parameters': {'variance_larger_than_standard_deviation': None, 'value_count': [{'value': -1}, {'value': 1}, {'value': 0}], 'time_reversal_asymmetry_statistic': [{'lag': 3}, {'lag': 2}], 'symmetry_looking': [{'r': 0.9500000000000001}, {'r': 0.9}, {'r': 0.8500000000000001}, {'r': 0.8}]}})",pca,0.95,"('interpolate', ('spline', 2))","{'classifier__base_estimator__max_depth': 3, 'classifier__base_estimator__n_estimators': 100, 'feature_extraction__n_lags': 5, 'feature_extraction__params': ('tsfresh', {'default_fc_parameters': {'variance_larger_than_standard_deviation': None, 'value_count': [{'value': -1}, {'value': 1}, {'value': 0}], 'time_reversal_asymmetry_statistic': [{'lag': 3}, {'lag': 2}], 'symmetry_looking': [{'r': 0.9500000000000001}, {'r': 0.9}, {'r': 0.8500000000000001}, {'r': 0.8}]}}), 'feature_selection__strategy': 'pca', 'feature_selection__threshold': 0.95, 'imputation__params': ('interpolate', ('spline', 2))}",0.4813556618819777,0.5730300453514738,0.5068972033257748,0.5205516604054081,0.5577610485268631,0.5279191238982995,0.033436185062633586,469,0.8268953068592058,0.7934228039041704,0.7737472386931752,0.7332866995875039,0.7148469783057851,0.7684398054699682,0.04044081274525291
214.14129009246827,101.92973387124707,72.21081666946411,1.9424068477371819,3,100,5,"('tsfresh', {'default_fc_parameters': {'variance_larger_than_standard_deviation': None, 'value_count': [{'value': -1}, {'value': 1}, {'value': 0}], 'time_reversal_asymmetry_statistic': [{'lag': 3}, {'lag': 2}], 'symmetry_looking': [{'r': 0.9500000000000001}, {'r': 0.9}, {'r': 0.8500000000000001}, {'r': 0.8}]}})",pca,0.95,"('ffill', None)","{'classifier__base_estimator__max_depth': 3, 'classifier__base_estimator__n_estimators': 100, 'feature_extraction__n_lags': 5, 'feature_extraction__params': ('tsfresh', {'default_fc_parameters': {'variance_larger_than_standard_deviation': None, 'value_count': [{'value': -1}, {'value': 1}, {'value': 0}], 'time_reversal_asymmetry_statistic': [{'lag': 3}, {'lag': 2}], 'symmetry_looking': [{'r': 0.9500000000000001}, {'r': 0.9}, {'r': 0.8500000000000001}, {'r': 0.8}]}}), 'feature_selection__strategy': 'pca', 'feature_selection__threshold': 0.95, 'imputation__params': ('ffill', None)}",0.4813556618819777,0.5730300453514738,0.5068972033257748,0.5205516604054081,0.5577610485268631,0.5279191238982995,0.033436185062633586,469,0.8268953068592058,0.7934228039041704,0.7737472386931752,0.7332866995875039,0.7148469783057851,0.7684398054699682,0.04044081274525291
184.5650601387024,87.99305916166955,63.030622482299805,3.439130112419068,3,100,8,"('tsfresh', {'default_fc_parameters': {'variance_larger_than_standard_deviation': None, 'value_count': [{'value': -1}, {'value': 1}, {'value': 0}], 'time_reversal_asymmetry_statistic': [{'lag': 3}, {'lag': 2}], 'symmetry_looking': [{'r': 0.9500000000000001}, {'r': 0.9}, {'r': 0.8500000000000001}, {'r': 0.8}]}})",correlation,0.85,"('interpolate', 'linear')","{'classifier__base_estimator__max_depth': 3, 'classifier__base_estimator__n_estimators': 100, 'feature_extraction__n_lags': 8, 'feature_extraction__params': ('tsfresh', {'default_fc_parameters': {'variance_larger_than_standard_deviation': None, 'value_count': [{'value': -1}, {'value': 1}, {'value': 0}], 'time_reversal_asymmetry_statistic': [{'lag': 3}, {'lag': 2}], 'symmetry_looking': [{'r': 0.9500000000000001}, {'r': 0.9}, {'r': 0.8500000000000001}, {'r': 0.8}]}}), 'feature_selection__strategy': 'correlation', 'feature_selection__threshold': 0.85, 'imputation__params': ('interpolate', 'linear')}",0.48357289527720737,0.6069359510782105,0.633286442764199,0.6912959112959113,0.593972816399287,0.6018128033629632,0.06792084287570274,197,0.9970085470085471,0.9728195877333441,0.9550643374139933,0.9460124989771705,0.9243016585052006,0.9590413259276511,0.024591712575409038
184.31386160850525,87.91492455082607,63.22934126853943,3.6298517087163127,3,100,8,"('tsfresh', {'default_fc_parameters': {'variance_larger_than_standard_deviation': None, 'value_count': [{'value': -1}, {'value': 1}, {'value': 0}], 'time_reversal_asymmetry_statistic': [{'lag': 3}, {'lag': 2}], 'symmetry_looking': [{'r': 0.9500000000000001}, {'r': 0.9}, {'r': 0.8500000000000001}, {'r': 0.8}]}})",correlation,0.85,"('interpolate', ('polynomial', 2))","{'classifier__base_estimator__max_depth': 3, 'classifier__base_estimator__n_estimators': 100, 'feature_extraction__n_lags': 8, 'feature_extraction__params': ('tsfresh', {'default_fc_parameters': {'variance_larger_than_standard_deviation': None, 'value_count': [{'value': -1}, {'value': 1}, {'value': 0}], 'time_reversal_asymmetry_statistic': [{'lag': 3}, {'lag': 2}], 'symmetry_looking': [{'r': 0.9500000000000001}, {'r': 0.9}, {'r': 0.8500000000000001}, {'r': 0.8}]}}), 'feature_selection__strategy': 'correlation', 'feature_selection__threshold': 0.85, 'imputation__params': ('interpolate', ('polynomial', 2))}",0.48357289527720737,0.6069359510782105,0.633286442764199,0.6912959112959113,0.593972816399287,0.6018128033629632,0.06792084287570274,197,0.9970085470085471,0.9728195877333441,0.9550643374139933,0.9460124989771705,0.9243016585052006,0.9590413259276511,0.024591712575409038
185.19310455322267,88.80859783634708,62.97648386955261,3.4916254470067303,3,100,8,"('tsfresh', {'default_fc_parameters': {'variance_larger_than_standard_deviation': None, 'value_count': [{'value': -1}, {'value': 1}, {'value': 0}], 'time_reversal_asymmetry_statistic': [{'lag': 3}, {'lag': 2}], 'symmetry_looking': [{'r': 0.9500000000000001}, {'r': 0.9}, {'r': 0.8500000000000001}, {'r': 0.8}]}})",correlation,0.85,"('interpolate', ('spline', 2))","{'classifier__base_estimator__max_depth': 3, 'classifier__base_estimator__n_estimators': 100, 'feature_extraction__n_lags': 8, 'feature_extraction__params': ('tsfresh', {'default_fc_parameters': {'variance_larger_than_standard_deviation': None, 'value_count': [{'value': -1}, {'value': 1}, {'value': 0}], 'time_reversal_asymmetry_statistic': [{'lag': 3}, {'lag': 2}], 'symmetry_looking': [{'r': 0.9500000000000001}, {'r': 0.9}, {'r': 0.8500000000000001}, {'r': 0.8}]}}), 'feature_selection__strategy': 'correlation', 'feature_selection__threshold': 0.85, 'imputation__params': ('interpolate', ('spline', 2))}",0.48357289527720737,0.6069359510782105,0.633286442764199,0.6912959112959113,0.593972816399287,0.6018128033629632,0.06792084287570274,197,0.9970085470085471,0.9728195877333441,0.9550643374139933,0.9460124989771705,0.9243016585052006,0.9590413259276511,0.024591712575409038
185.49127879142762,87.27390431107995,63.75179500579834,3.4451081594863844,3,100,8,"('tsfresh', {'default_fc_parameters': {'variance_larger_than_standard_deviation': None, 'value_count': [{'value': -1}, {'value': 1}, {'value': 0}], 'time_reversal_asymmetry_statistic': [{'lag': 3}, {'lag': 2}], 'symmetry_looking': [{'r': 0.9500000000000001}, {'r': 0.9}, {'r': 0.8500000000000001}, {'r': 0.8}]}})",correlation,0.85,"('ffill', None)","{'classifier__base_estimator__max_depth': 3, 'classifier__base_estimator__n_estimators': 100, 'feature_extraction__n_lags': 8, 'feature_extraction__params': ('tsfresh', {'default_fc_parameters': {'variance_larger_than_standard_deviation': None, 'value_count': [{'value': -1}, {'value': 1}, {'value': 0}], 'time_reversal_asymmetry_statistic': [{'lag': 3}, {'lag': 2}], 'symmetry_looking': [{'r': 0.9500000000000001}, {'r': 0.9}, {'r': 0.8500000000000001}, {'r': 0.8}]}}), 'feature_selection__strategy': 'correlation', 'feature_selection__threshold': 0.85, 'imputation__params': ('ffill', None)}",0.48357289527720737,0.6069359510782105,0.633286442764199,0.6912959112959113,0.593972816399287,0.6018128033629632,0.06792084287570274,197,0.9970085470085471,0.9728195877333441,0.9550643374139933,0.9460124989771705,0.9243016585052006,0.9590413259276511,0.024591712575409038
184.90389666557311,88.59836142160579,63.240147256851195,3.2214557282681113,3,100,8,"('tsfresh', {'default_fc_parameters': {'variance_larger_than_standard_deviation': None, 'value_count': [{'value': -1}, {'value': 1}, {'value': 0}], 'time_reversal_asymmetry_statistic': [{'lag': 3}, {'lag': 2}], 'symmetry_looking': [{'r': 0.9500000000000001}, {'r': 0.9}, {'r': 0.8500000000000001}, {'r': 0.8}]}})",correlation,0.9,"('interpolate', 'linear')","{'classifier__base_estimator__max_depth': 3, 'classifier__base_estimator__n_estimators': 100, 'feature_extraction__n_lags': 8, 'feature_extraction__params': ('tsfresh', {'default_fc_parameters': {'variance_larger_than_standard_deviation': None, 'value_count': [{'value': -1}, {'value': 1}, {'value': 0}], 'time_reversal_asymmetry_statistic': [{'lag': 3}, {'lag': 2}], 'symmetry_looking': [{'r': 0.9500000000000001}, {'r': 0.9}, {'r': 0.8500000000000001}, {'r': 0.8}]}}), 'feature_selection__strategy': 'correlation', 'feature_selection__threshold': 0.9, 'imputation__params': ('interpolate', 'linear')}",0.508384668035592,0.6187439652397811,0.6322753648672411,0.6547470547470549,0.5743649732620321,0.5977032052303402,0.051796568862109024,237,0.9966588966588966,0.9768834748768673,0.9579483513537664,0.9413138757057524,0.9201084819673303,0.9585826161125226,0.026696798523424273
183.68477568626403,87.73585032457844,64.09627137184142,5.675248468339108,3,100,8,"('tsfresh', {'default_fc_parameters': {'variance_larger_than_standard_deviation': None, 'value_count': [{'value': -1}, {'value': 1}, {'value': 0}], 'time_reversal_asymmetry_statistic': [{'lag': 3}, {'lag': 2}], 'symmetry_looking': [{'r': 0.9500000000000001}, {'r': 0.9}, {'r': 0.8500000000000001}, {'r': 0.8}]}})",correlation,0.9,"('interpolate', ('polynomial', 2))","{'classifier__base_estimator__max_depth': 3, 'classifier__base_estimator__n_estimators': 100, 'feature_extraction__n_lags': 8, 'feature_extraction__params': ('tsfresh', {'default_fc_parameters': {'variance_larger_than_standard_deviation': None, 'value_count': [{'value': -1}, {'value': 1}, {'value': 0}], 'time_reversal_asymmetry_statistic': [{'lag': 3}, {'lag': 2}], 'symmetry_looking': [{'r': 0.9500000000000001}, {'r': 0.9}, {'r': 0.8500000000000001}, {'r': 0.8}]}}), 'feature_selection__strategy': 'correlation', 'feature_selection__threshold': 0.9, 'imputation__params': ('interpolate', ('polynomial', 2))}",0.508384668035592,0.6187439652397811,0.6322753648672411,0.6547470547470549,0.5743649732620321,0.5977032052303402,0.051796568862109024,237,0.9966588966588966,0.9768834748768673,0.9579483513537664,0.9413138757057524,0.9201084819673303,0.9585826161125226,0.026696798523424273
187.7340368747711,87.36949389648844,63.31685914993286,3.570945216353645,3,100,8,"('tsfresh', {'default_fc_parameters': {'variance_larger_than_standard_deviation': None, 'value_count': [{'value': -1}, {'value': 1}, {'value': 0}], 'time_reversal_asymmetry_statistic': [{'lag': 3}, {'lag': 2}], 'symmetry_looking': [{'r': 0.9500000000000001}, {'r': 0.9}, {'r': 0.8500000000000001}, {'r': 0.8}]}})",correlation,0.9,"('interpolate', ('spline', 2))","{'classifier__base_estimator__max_depth': 3, 'classifier__base_estimator__n_estimators': 100, 'feature_extraction__n_lags': 8, 'feature_extraction__params': ('tsfresh', {'default_fc_parameters': {'variance_larger_than_standard_deviation': None, 'value_count': [{'value': -1}, {'value': 1}, {'value': 0}], 'time_reversal_asymmetry_statistic': [{'lag': 3}, {'lag': 2}], 'symmetry_looking': [{'r': 0.9500000000000001}, {'r': 0.9}, {'r': 0.8500000000000001}, {'r': 0.8}]}}), 'feature_selection__strategy': 'correlation', 'feature_selection__threshold': 0.9, 'imputation__params': ('interpolate', ('spline', 2))}",0.508384668035592,0.6187439652397811,0.6322753648672411,0.6547470547470549,0.5743649732620321,0.5977032052303402,0.051796568862109024,237,0.9966588966588966,0.9768834748768673,0.9579483513537664,0.9413138757057524,0.9201084819673303,0.9585826161125226,0.026696798523424273
184.9438034057617,88.99915420051619,63.23605580329895,3.148646681780669,3,100,8,"('tsfresh', {'default_fc_parameters': {'variance_larger_than_standard_deviation': None, 'value_count': [{'value': -1}, {'value': 1}, {'value': 0}], 'time_reversal_asymmetry_statistic': [{'lag': 3}, {'lag': 2}], 'symmetry_looking': [{'r': 0.9500000000000001}, {'r': 0.9}, {'r': 0.8500000000000001}, {'r': 0.8}]}})",correlation,0.9,"('ffill', None)","{'classifier__base_estimator__max_depth': 3, 'classifier__base_estimator__n_estimators': 100, 'feature_extraction__n_lags': 8, 'feature_extraction__params': ('tsfresh', {'default_fc_parameters': {'variance_larger_than_standard_deviation': None, 'value_count': [{'value': -1}, {'value': 1}, {'value': 0}], 'time_reversal_asymmetry_statistic': [{'lag': 3}, {'lag': 2}], 'symmetry_looking': [{'r': 0.9500000000000001}, {'r': 0.9}, {'r': 0.8500000000000001}, {'r': 0.8}]}}), 'feature_selection__strategy': 'correlation', 'feature_selection__threshold': 0.9, 'imputation__params': ('ffill', None)}",0.508384668035592,0.6187439652397811,0.6322753648672411,0.6547470547470549,0.5743649732620321,0.5977032052303402,0.051796568862109024,237,0.9966588966588966,0.9768834748768673,0.9579483513537664,0.9413138757057524,0.9201084819673303,0.9585826161125226,0.026696798523424273
185.32281675338746,88.91264449112641,62.68625311851501,3.223590779210084,3,100,8,"('tsfresh', {'default_fc_parameters': {'variance_larger_than_standard_deviation': None, 'value_count': [{'value': -1}, {'value': 1}, {'value': 0}], 'time_reversal_asymmetry_statistic': [{'lag': 3}, {'lag': 2}], 'symmetry_looking': [{'r': 0.9500000000000001}, {'r': 0.9}, {'r': 0.8500000000000001}, {'r': 0.8}]}})",correlation,0.95,"('interpolate', 'linear')","{'classifier__base_estimator__max_depth': 3, 'classifier__base_estimator__n_estimators': 100, 'feature_extraction__n_lags': 8, 'feature_extraction__params': ('tsfresh', {'default_fc_parameters': {'variance_larger_than_standard_deviation': None, 'value_count': [{'value': -1}, {'value': 1}, {'value': 0}], 'time_reversal_asymmetry_statistic': [{'lag': 3}, {'lag': 2}], 'symmetry_looking': [{'r': 0.9500000000000001}, {'r': 0.9}, {'r': 0.8500000000000001}, {'r': 0.8}]}}), 'feature_selection__strategy': 'correlation', 'feature_selection__threshold': 0.95, 'imputation__params': ('interpolate', 'linear')}",0.514758726899384,0.6489982298036692,0.6202743098294355,0.6505474705474705,0.561575311942959,0.5992308098045835,0.05311589962715801,229,0.9981351981351982,0.9747856578227294,0.9627468501474399,0.9423520477047704,0.9219165147561685,0.9599872537132613,0.026238351533535244
184.44213066101074,87.79600471310096,63.00100169181824,3.255751637746768,3,100,8,"('tsfresh', {'default_fc_parameters': {'variance_larger_than_standard_deviation': None, 'value_count': [{'value': -1}, {'value': 1}, {'value': 0}], 'time_reversal_asymmetry_statistic': [{'lag': 3}, {'lag': 2}], 'symmetry_looking': [{'r': 0.9500000000000001}, {'r': 0.9}, {'r': 0.8500000000000001}, {'r': 0.8}]}})",correlation,0.95,"('interpolate', ('polynomial', 2))","{'classifier__base_estimator__max_depth': 3, 'classifier__base_estimator__n_estimators': 100, 'feature_extraction__n_lags': 8, 'feature_extraction__params': ('tsfresh', {'default_fc_parameters': {'variance_larger_than_standard_deviation': None, 'value_count': [{'value': -1}, {'value': 1}, {'value': 0}], 'time_reversal_asymmetry_statistic': [{'lag': 3}, {'lag': 2}], 'symmetry_looking': [{'r': 0.9500000000000001}, {'r': 0.9}, {'r': 0.8500000000000001}, {'r': 0.8}]}}), 'feature_selection__strategy': 'correlation', 'feature_selection__threshold': 0.95, 'imputation__params': ('interpolate', ('polynomial', 2))}",0.514758726899384,0.6489982298036692,0.6202743098294355,0.6505474705474705,0.561575311942959,0.5992308098045835,0.05311589962715801,229,0.9981351981351982,0.9747856578227294,0.9627468501474399,0.9423520477047704,0.9219165147561685,0.9599872537132613,0.026238351533535244
184.7333626270294,88.41157155127708,63.04987168312073,3.1409636498049553,3,100,8,"('tsfresh', {'default_fc_parameters': {'variance_larger_than_standard_deviation': None, 'value_count': [{'value': -1}, {'value': 1}, {'value': 0}], 'time_reversal_asymmetry_statistic': [{'lag': 3}, {'lag': 2}], 'symmetry_looking': [{'r': 0.9500000000000001}, {'r': 0.9}, {'r': 0.8500000000000001}, {'r': 0.8}]}})",correlation,0.95,"('interpolate', ('spline', 2))","{'classifier__base_estimator__max_depth': 3, 'classifier__base_estimator__n_estimators': 100, 'feature_extraction__n_lags': 8, 'feature_extraction__params': ('tsfresh', {'default_fc_parameters': {'variance_larger_than_standard_deviation': None, 'value_count': [{'value': -1}, {'value': 1}, {'value': 0}], 'time_reversal_asymmetry_statistic': [{'lag': 3}, {'lag': 2}], 'symmetry_looking': [{'r': 0.9500000000000001}, {'r': 0.9}, {'r': 0.8500000000000001}, {'r': 0.8}]}}), 'feature_selection__strategy': 'correlation', 'feature_selection__threshold': 0.95, 'imputation__params': ('interpolate', ('spline', 2))}",0.514758726899384,0.6489982298036692,0.6202743098294355,0.6505474705474705,0.561575311942959,0.5992308098045835,0.05311589962715801,229,0.9981351981351982,0.9747856578227294,0.9627468501474399,0.9423520477047704,0.9219165147561685,0.9599872537132613,0.026238351533535244
184.43628611564637,88.62771153010728,63.1741705417633,3.176675210627348,3,100,8,"('tsfresh', {'default_fc_parameters': {'variance_larger_than_standard_deviation': None, 'value_count': [{'value': -1}, {'value': 1}, {'value': 0}], 'time_reversal_asymmetry_statistic': [{'lag': 3}, {'lag': 2}], 'symmetry_looking': [{'r': 0.9500000000000001}, {'r': 0.9}, {'r': 0.8500000000000001}, {'r': 0.8}]}})",correlation,0.95,"('ffill', None)","{'classifier__base_estimator__max_depth': 3, 'classifier__base_estimator__n_estimators': 100, 'feature_extraction__n_lags': 8, 'feature_extraction__params': ('tsfresh', {'default_fc_parameters': {'variance_larger_than_standard_deviation': None, 'value_count': [{'value': -1}, {'value': 1}, {'value': 0}], 'time_reversal_asymmetry_statistic': [{'lag': 3}, {'lag': 2}], 'symmetry_looking': [{'r': 0.9500000000000001}, {'r': 0.9}, {'r': 0.8500000000000001}, {'r': 0.8}]}}), 'feature_selection__strategy': 'correlation', 'feature_selection__threshold': 0.95, 'imputation__params': ('ffill', None)}",0.514758726899384,0.6489982298036692,0.6202743098294355,0.6505474705474705,0.561575311942959,0.5992308098045835,0.05311589962715801,229,0.9981351981351982,0.9747856578227294,0.9627468501474399,0.9423520477047704,0.9219165147561685,0.9599872537132613,0.026238351533535244
184.5124053955078,88.93148415268098,63.19702696800232,3.100963958075677,3,100,8,"('tsfresh', {'default_fc_parameters': {'variance_larger_than_standard_deviation': None, 'value_count': [{'value': -1}, {'value': 1}, {'value': 0}], 'time_reversal_asymmetry_statistic': [{'lag': 3}, {'lag': 2}], 'symmetry_looking': [{'r': 0.9500000000000001}, {'r': 0.9}, {'r': 0.8500000000000001}, {'r': 0.8}]}})",pca,0.85,"('interpolate', 'linear')","{'classifier__base_estimator__max_depth': 3, 'classifier__base_estimator__n_estimators': 100, 'feature_extraction__n_lags': 8, 'feature_extraction__params': ('tsfresh', {'default_fc_parameters': {'variance_larger_than_standard_deviation': None, 'value_count': [{'value': -1}, {'value': 1}, {'value': 0}], 'time_reversal_asymmetry_statistic': [{'lag': 3}, {'lag': 2}], 'symmetry_looking': [{'r': 0.9500000000000001}, {'r': 0.9}, {'r': 0.8500000000000001}, {'r': 0.8}]}}), 'feature_selection__strategy': 'pca', 'feature_selection__threshold': 0.85, 'imputation__params': ('interpolate', 'linear')}",0.5038928815879534,0.5510741873189572,0.46742570775452796,0.5142758142758143,0.5553141711229947,0.5183965524120495,0.03242253028268533,589,0.8413364413364414,0.7859719885684172,0.7658408542578857,0.7268572027657311,0.7133441457864197,0.766670126542979,0.045556640039296534
183.7936800956726,87.7094840071327,62.92494058609009,3.304675026452979,3,100,8,"('tsfresh', {'default_fc_parameters': {'variance_larger_than_standard_deviation': None, 'value_count': [{'value': -1}, {'value': 1}, {'value': 0}], 'time_reversal_asymmetry_statistic': [{'lag': 3}, {'lag': 2}], 'symmetry_looking': [{'r': 0.9500000000000001}, {'r': 0.9}, {'r': 0.8500000000000001}, {'r': 0.8}]}})",pca,0.85,"('interpolate', ('polynomial', 2))","{'classifier__base_estimator__max_depth': 3, 'classifier__base_estimator__n_estimators': 100, 'feature_extraction__n_lags': 8, 'feature_extraction__params': ('tsfresh', {'default_fc_parameters': {'variance_larger_than_standard_deviation': None, 'value_count': [{'value': -1}, {'value': 1}, {'value': 0}], 'time_reversal_asymmetry_statistic': [{'lag': 3}, {'lag': 2}], 'symmetry_looking': [{'r': 0.9500000000000001}, {'r': 0.9}, {'r': 0.8500000000000001}, {'r': 0.8}]}}), 'feature_selection__strategy': 'pca', 'feature_selection__threshold': 0.85, 'imputation__params': ('interpolate', ('polynomial', 2))}",0.5038928815879534,0.5510741873189572,0.46742570775452796,0.5142758142758143,0.5553141711229947,0.5183965524120495,0.03242253028268533,589,0.8413364413364414,0.7859719885684172,0.7658408542578857,0.7268572027657311,0.7133441457864197,0.766670126542979,0.045556640039296534
184.83968997001648,88.14212920559632,62.850597286224364,3.473003838622498,3,100,8,"('tsfresh', {'default_fc_parameters': {'variance_larger_than_standard_deviation': None, 'value_count': [{'value': -1}, {'value': 1}, {'value': 0}], 'time_reversal_asymmetry_statistic': [{'lag': 3}, {'lag': 2}], 'symmetry_looking': [{'r': 0.9500000000000001}, {'r': 0.9}, {'r': 0.8500000000000001}, {'r': 0.8}]}})",pca,0.85,"('interpolate', ('spline', 2))","{'classifier__base_estimator__max_depth': 3, 'classifier__base_estimator__n_estimators': 100, 'feature_extraction__n_lags': 8, 'feature_extraction__params': ('tsfresh', {'default_fc_parameters': {'variance_larger_than_standard_deviation': None, 'value_count': [{'value': -1}, {'value': 1}, {'value': 0}], 'time_reversal_asymmetry_statistic': [{'lag': 3}, {'lag': 2}], 'symmetry_looking': [{'r': 0.9500000000000001}, {'r': 0.9}, {'r': 0.8500000000000001}, {'r': 0.8}]}}), 'feature_selection__strategy': 'pca', 'feature_selection__threshold': 0.85, 'imputation__params': ('interpolate', ('spline', 2))}",0.5038928815879534,0.5510741873189572,0.46742570775452796,0.5142758142758143,0.5553141711229947,0.5183965524120495,0.03242253028268533,589,0.8413364413364414,0.7859719885684172,0.7658408542578857,0.7268572027657311,0.7133441457864197,0.766670126542979,0.045556640039296534
184.02348990440368,88.76825980823993,63.10385160446167,3.214623193100904,3,100,8,"('tsfresh', {'default_fc_parameters': {'variance_larger_than_standard_deviation': None, 'value_count': [{'value': -1}, {'value': 1}, {'value': 0}], 'time_reversal_asymmetry_statistic': [{'lag': 3}, {'lag': 2}], 'symmetry_looking': [{'r': 0.9500000000000001}, {'r': 0.9}, {'r': 0.8500000000000001}, {'r': 0.8}]}})",pca,0.85,"('ffill', None)","{'classifier__base_estimator__max_depth': 3, 'classifier__base_estimator__n_estimators': 100, 'feature_extraction__n_lags': 8, 'feature_extraction__params': ('tsfresh', {'default_fc_parameters': {'variance_larger_than_standard_deviation': None, 'value_count': [{'value': -1}, {'value': 1}, {'value': 0}], 'time_reversal_asymmetry_statistic': [{'lag': 3}, {'lag': 2}], 'symmetry_looking': [{'r': 0.9500000000000001}, {'r': 0.9}, {'r': 0.8500000000000001}, {'r': 0.8}]}}), 'feature_selection__strategy': 'pca', 'feature_selection__threshold': 0.85, 'imputation__params': ('ffill', None)}",0.5038928815879534,0.5510741873189572,0.46742570775452796,0.5142758142758143,0.5553141711229947,0.5183965524120495,0.03242253028268533,589,0.8413364413364414,0.7859719885684172,0.7658408542578857,0.7268572027657311,0.7133441457864197,0.766670126542979,0.045556640039296534
184.05112471580506,88.27938416646236,63.128852891921994,3.441315986272217,3,100,8,"('tsfresh', {'default_fc_parameters': {'variance_larger_than_standard_deviation': None, 'value_count': [{'value': -1}, {'value': 1}, {'value': 0}], 'time_reversal_asymmetry_statistic': [{'lag': 3}, {'lag': 2}], 'symmetry_looking': [{'r': 0.9500000000000001}, {'r': 0.9}, {'r': 0.8500000000000001}, {'r': 0.8}]}})",pca,0.9,"('interpolate', 'linear')","{'classifier__base_estimator__max_depth': 3, 'classifier__base_estimator__n_estimators': 100, 'feature_extraction__n_lags': 8, 'feature_extraction__params': ('tsfresh', {'default_fc_parameters': {'variance_larger_than_standard_deviation': None, 'value_count': [{'value': -1}, {'value': 1}, {'value': 0}], 'time_reversal_asymmetry_statistic': [{'lag': 3}, {'lag': 2}], 'symmetry_looking': [{'r': 0.9500000000000001}, {'r': 0.9}, {'r': 0.8500000000000001}, {'r': 0.8}]}}), 'feature_selection__strategy': 'pca', 'feature_selection__threshold': 0.9, 'imputation__params': ('interpolate', 'linear')}",0.5038928815879534,0.5510741873189572,0.46742570775452796,0.5142758142758143,0.5553141711229947,0.5183965524120495,0.03242253028268533,589,0.8413364413364414,0.7859719885684172,0.7658408542578857,0.7268572027657311,0.7133441457864197,0.766670126542979,0.045556640039296534
184.15884375572205,87.80493070648873,62.92436408996582,3.3551139612746104,3,100,8,"('tsfresh', {'default_fc_parameters': {'variance_larger_than_standard_deviation': None, 'value_count': [{'value': -1}, {'value': 1}, {'value': 0}], 'time_reversal_asymmetry_statistic': [{'lag': 3}, {'lag': 2}], 'symmetry_looking': [{'r': 0.9500000000000001}, {'r': 0.9}, {'r': 0.8500000000000001}, {'r': 0.8}]}})",pca,0.9,"('interpolate', ('polynomial', 2))","{'classifier__base_estimator__max_depth': 3, 'classifier__base_estimator__n_estimators': 100, 'feature_extraction__n_lags': 8, 'feature_extraction__params': ('tsfresh', {'default_fc_parameters': {'variance_larger_than_standard_deviation': None, 'value_count': [{'value': -1}, {'value': 1}, {'value': 0}], 'time_reversal_asymmetry_statistic': [{'lag': 3}, {'lag': 2}], 'symmetry_looking': [{'r': 0.9500000000000001}, {'r': 0.9}, {'r': 0.8500000000000001}, {'r': 0.8}]}}), 'feature_selection__strategy': 'pca', 'feature_selection__threshold': 0.9, 'imputation__params': ('interpolate', ('polynomial', 2))}",0.5038928815879534,0.5510741873189572,0.46742570775452796,0.5142758142758143,0.5553141711229947,0.5183965524120495,0.03242253028268533,589,0.8413364413364414,0.7859719885684172,0.7658408542578857,0.7268572027657311,0.7133441457864197,0.766670126542979,0.045556640039296534
183.70820307731628,87.98548183798384,62.74782366752625,3.0998289063464695,3,100,8,"('tsfresh', {'default_fc_parameters': {'variance_larger_than_standard_deviation': None, 'value_count': [{'value': -1}, {'value': 1}, {'value': 0}], 'time_reversal_asymmetry_statistic': [{'lag': 3}, {'lag': 2}], 'symmetry_looking': [{'r': 0.9500000000000001}, {'r': 0.9}, {'r': 0.8500000000000001}, {'r': 0.8}]}})",pca,0.9,"('interpolate', ('spline', 2))","{'classifier__base_estimator__max_depth': 3, 'classifier__base_estimator__n_estimators': 100, 'feature_extraction__n_lags': 8, 'feature_extraction__params': ('tsfresh', {'default_fc_parameters': {'variance_larger_than_standard_deviation': None, 'value_count': [{'value': -1}, {'value': 1}, {'value': 0}], 'time_reversal_asymmetry_statistic': [{'lag': 3}, {'lag': 2}], 'symmetry_looking': [{'r': 0.9500000000000001}, {'r': 0.9}, {'r': 0.8500000000000001}, {'r': 0.8}]}}), 'feature_selection__strategy': 'pca', 'feature_selection__threshold': 0.9, 'imputation__params': ('interpolate', ('spline', 2))}",0.5038928815879534,0.5510741873189572,0.46742570775452796,0.5142758142758143,0.5553141711229947,0.5183965524120495,0.03242253028268533,589,0.8413364413364414,0.7859719885684172,0.7658408542578857,0.7268572027657311,0.7133441457864197,0.766670126542979,0.045556640039296534
185.84803986549377,89.79834794653674,63.95595989227295,3.1425671073248793,3,100,8,"('tsfresh', {'default_fc_parameters': {'variance_larger_than_standard_deviation': None, 'value_count': [{'value': -1}, {'value': 1}, {'value': 0}], 'time_reversal_asymmetry_statistic': [{'lag': 3}, {'lag': 2}], 'symmetry_looking': [{'r': 0.9500000000000001}, {'r': 0.9}, {'r': 0.8500000000000001}, {'r': 0.8}]}})",pca,0.9,"('ffill', None)","{'classifier__base_estimator__max_depth': 3, 'classifier__base_estimator__n_estimators': 100, 'feature_extraction__n_lags': 8, 'feature_extraction__params': ('tsfresh', {'default_fc_parameters': {'variance_larger_than_standard_deviation': None, 'value_count': [{'value': -1}, {'value': 1}, {'value': 0}], 'time_reversal_asymmetry_statistic': [{'lag': 3}, {'lag': 2}], 'symmetry_looking': [{'r': 0.9500000000000001}, {'r': 0.9}, {'r': 0.8500000000000001}, {'r': 0.8}]}}), 'feature_selection__strategy': 'pca', 'feature_selection__threshold': 0.9, 'imputation__params': ('ffill', None)}",0.5038928815879534,0.5510741873189572,0.46742570775452796,0.5142758142758143,0.5553141711229947,0.5183965524120495,0.03242253028268533,589,0.8413364413364414,0.7859719885684172,0.7658408542578857,0.7268572027657311,0.7133441457864197,0.766670126542979,0.045556640039296534
184.76972742080687,88.16343490435064,62.77381567955017,3.4484441811782798,3,100,8,"('tsfresh', {'default_fc_parameters': {'variance_larger_than_standard_deviation': None, 'value_count': [{'value': -1}, {'value': 1}, {'value': 0}], 'time_reversal_asymmetry_statistic': [{'lag': 3}, {'lag': 2}], 'symmetry_looking': [{'r': 0.9500000000000001}, {'r': 0.9}, {'r': 0.8500000000000001}, {'r': 0.8}]}})",pca,0.95,"('interpolate', 'linear')","{'classifier__base_estimator__max_depth': 3, 'classifier__base_estimator__n_estimators': 100, 'feature_extraction__n_lags': 8, 'feature_extraction__params': ('tsfresh', {'default_fc_parameters': {'variance_larger_than_standard_deviation': None, 'value_count': [{'value': -1}, {'value': 1}, {'value': 0}], 'time_reversal_asymmetry_statistic': [{'lag': 3}, {'lag': 2}], 'symmetry_looking': [{'r': 0.9500000000000001}, {'r': 0.9}, {'r': 0.8500000000000001}, {'r': 0.8}]}}), 'feature_selection__strategy': 'pca', 'feature_selection__threshold': 0.95, 'imputation__params': ('interpolate', 'linear')}",0.5038928815879534,0.5510741873189572,0.46742570775452796,0.5142758142758143,0.5553141711229947,0.5183965524120495,0.03242253028268533,589,0.8413364413364414,0.7859719885684172,0.7658408542578857,0.7268572027657311,0.7133441457864197,0.766670126542979,0.045556640039296534
184.02067351341248,87.91935282159197,63.481027364730835,3.404406184695349,3,100,8,"('tsfresh', {'default_fc_parameters': {'variance_larger_than_standard_deviation': None, 'value_count': [{'value': -1}, {'value': 1}, {'value': 0}], 'time_reversal_asymmetry_statistic': [{'lag': 3}, {'lag': 2}], 'symmetry_looking': [{'r': 0.9500000000000001}, {'r': 0.9}, {'r': 0.8500000000000001}, {'r': 0.8}]}})",pca,0.95,"('interpolate', ('polynomial', 2))","{'classifier__base_estimator__max_depth': 3, 'classifier__base_estimator__n_estimators': 100, 'feature_extraction__n_lags': 8, 'feature_extraction__params': ('tsfresh', {'default_fc_parameters': {'variance_larger_than_standard_deviation': None, 'value_count': [{'value': -1}, {'value': 1}, {'value': 0}], 'time_reversal_asymmetry_statistic': [{'lag': 3}, {'lag': 2}], 'symmetry_looking': [{'r': 0.9500000000000001}, {'r': 0.9}, {'r': 0.8500000000000001}, {'r': 0.8}]}}), 'feature_selection__strategy': 'pca', 'feature_selection__threshold': 0.95, 'imputation__params': ('interpolate', ('polynomial', 2))}",0.5038928815879534,0.5510741873189572,0.46742570775452796,0.5142758142758143,0.5553141711229947,0.5183965524120495,0.03242253028268533,589,0.8413364413364414,0.7859719885684172,0.7658408542578857,0.7268572027657311,0.7133441457864197,0.766670126542979,0.045556640039296534
184.5187608718872,88.33034344828813,63.0532630443573,3.0395189464738626,3,100,8,"('tsfresh', {'default_fc_parameters': {'variance_larger_than_standard_deviation': None, 'value_count': [{'value': -1}, {'value': 1}, {'value': 0}], 'time_reversal_asymmetry_statistic': [{'lag': 3}, {'lag': 2}], 'symmetry_looking': [{'r': 0.9500000000000001}, {'r': 0.9}, {'r': 0.8500000000000001}, {'r': 0.8}]}})",pca,0.95,"('interpolate', ('spline', 2))","{'classifier__base_estimator__max_depth': 3, 'classifier__base_estimator__n_estimators': 100, 'feature_extraction__n_lags': 8, 'feature_extraction__params': ('tsfresh', {'default_fc_parameters': {'variance_larger_than_standard_deviation': None, 'value_count': [{'value': -1}, {'value': 1}, {'value': 0}], 'time_reversal_asymmetry_statistic': [{'lag': 3}, {'lag': 2}], 'symmetry_looking': [{'r': 0.9500000000000001}, {'r': 0.9}, {'r': 0.8500000000000001}, {'r': 0.8}]}}), 'feature_selection__strategy': 'pca', 'feature_selection__threshold': 0.95, 'imputation__params': ('interpolate', ('spline', 2))}",0.5038928815879534,0.5510741873189572,0.46742570775452796,0.5142758142758143,0.5553141711229947,0.5183965524120495,0.03242253028268533,589,0.8413364413364414,0.7859719885684172,0.7658408542578857,0.7268572027657311,0.7133441457864197,0.766670126542979,0.045556640039296534
184.6257447242737,88.20652808142846,63.382507133483884,3.2787036152710227,3,100,8,"('tsfresh', {'default_fc_parameters': {'variance_larger_than_standard_deviation': None, 'value_count': [{'value': -1}, {'value': 1}, {'value': 0}], 'time_reversal_asymmetry_statistic': [{'lag': 3}, {'lag': 2}], 'symmetry_looking': [{'r': 0.9500000000000001}, {'r': 0.9}, {'r': 0.8500000000000001}, {'r': 0.8}]}})",pca,0.95,"('ffill', None)","{'classifier__base_estimator__max_depth': 3, 'classifier__base_estimator__n_estimators': 100, 'feature_extraction__n_lags': 8, 'feature_extraction__params': ('tsfresh', {'default_fc_parameters': {'variance_larger_than_standard_deviation': None, 'value_count': [{'value': -1}, {'value': 1}, {'value': 0}], 'time_reversal_asymmetry_statistic': [{'lag': 3}, {'lag': 2}], 'symmetry_looking': [{'r': 0.9500000000000001}, {'r': 0.9}, {'r': 0.8500000000000001}, {'r': 0.8}]}}), 'feature_selection__strategy': 'pca', 'feature_selection__threshold': 0.95, 'imputation__params': ('ffill', None)}",0.5038928815879534,0.5510741873189572,0.46742570775452796,0.5142758142758143,0.5553141711229947,0.5183965524120495,0.03242253028268533,589,0.8413364413364414,0.7859719885684172,0.7658408542578857,0.7268572027657311,0.7133441457864197,0.766670126542979,0.045556640039296534
233.90303187370301,110.05900569321244,78.6884126663208,0.8626330851439078,5,25,3,"('tsfresh', {'default_fc_parameters': {'variance_larger_than_standard_deviation': None, 'value_count': [{'value': -1}, {'value': 1}, {'value': 0}], 'time_reversal_asymmetry_statistic': [{'lag': 3}, {'lag': 2}], 'symmetry_looking': [{'r': 0.9500000000000001}, {'r': 0.9}, {'r': 0.8500000000000001}, {'r': 0.8}]}})",correlation,0.85,"('interpolate', 'linear')","{'classifier__base_estimator__max_depth': 5, 'classifier__base_estimator__n_estimators': 25, 'feature_extraction__n_lags': 3, 'feature_extraction__params': ('tsfresh', {'default_fc_parameters': {'variance_larger_than_standard_deviation': None, 'value_count': [{'value': -1}, {'value': 1}, {'value': 0}], 'time_reversal_asymmetry_statistic': [{'lag': 3}, {'lag': 2}], 'symmetry_looking': [{'r': 0.9500000000000001}, {'r': 0.9}, {'r': 0.8500000000000001}, {'r': 0.8}]}}), 'feature_selection__strategy': 'correlation', 'feature_selection__threshold': 0.85, 'imputation__params': ('interpolate', 'linear')}",0.52868,0.6102719744024091,0.6361654056326187,0.6795061929595827,0.6424355790627923,0.6194118304114806,0.05047357667611059,45,0.9556061861364264,0.9306851760650087,0.9159225389994621,0.8877938678823636,0.8900737207864144,0.916016297973935,0.02550320329416975
234.10283904075624,110.14766183212662,78.00146355628968,1.8370495760998418,5,25,3,"('tsfresh', {'default_fc_parameters': {'variance_larger_than_standard_deviation': None, 'value_count': [{'value': -1}, {'value': 1}, {'value': 0}], 'time_reversal_asymmetry_statistic': [{'lag': 3}, {'lag': 2}], 'symmetry_looking': [{'r': 0.9500000000000001}, {'r': 0.9}, {'r': 0.8500000000000001}, {'r': 0.8}]}})",correlation,0.85,"('interpolate', ('polynomial', 2))","{'classifier__base_estimator__max_depth': 5, 'classifier__base_estimator__n_estimators': 25, 'feature_extraction__n_lags': 3, 'feature_extraction__params': ('tsfresh', {'default_fc_parameters': {'variance_larger_than_standard_deviation': None, 'value_count': [{'value': -1}, {'value': 1}, {'value': 0}], 'time_reversal_asymmetry_statistic': [{'lag': 3}, {'lag': 2}], 'symmetry_looking': [{'r': 0.9500000000000001}, {'r': 0.9}, {'r': 0.8500000000000001}, {'r': 0.8}]}}), 'feature_selection__strategy': 'correlation', 'feature_selection__threshold': 0.85, 'imputation__params': ('interpolate', ('polynomial', 2))}",0.52868,0.6102719744024091,0.6361654056326187,0.6795061929595827,0.6424355790627923,0.6194118304114806,0.05047357667611059,45,0.9556061861364264,0.9306851760650087,0.9159225389994621,0.8877938678823636,0.8900737207864144,0.916016297973935,0.02550320329416975
234.3312711238861,110.9170538809671,78.35156478881837,0.7293757179240585,5,25,3,"('tsfresh', {'default_fc_parameters': {'variance_larger_than_standard_deviation': None, 'value_count': [{'value': -1}, {'value': 1}, {'value': 0}], 'time_reversal_asymmetry_statistic': [{'lag': 3}, {'lag': 2}], 'symmetry_looking': [{'r': 0.9500000000000001}, {'r': 0.9}, {'r': 0.8500000000000001}, {'r': 0.8}]}})",correlation,0.85,"('interpolate', ('spline', 2))","{'classifier__base_estimator__max_depth': 5, 'classifier__base_estimator__n_estimators': 25, 'feature_extraction__n_lags': 3, 'feature_extraction__params': ('tsfresh', {'default_fc_parameters': {'variance_larger_than_standard_deviation': None, 'value_count': [{'value': -1}, {'value': 1}, {'value': 0}], 'time_reversal_asymmetry_statistic': [{'lag': 3}, {'lag': 2}], 'symmetry_looking': [{'r': 0.9500000000000001}, {'r': 0.9}, {'r': 0.8500000000000001}, {'r': 0.8}]}}), 'feature_selection__strategy': 'correlation', 'feature_selection__threshold': 0.85, 'imputation__params': ('interpolate', ('spline', 2))}",0.52868,0.6102719744024091,0.6361654056326187,0.6795061929595827,0.6424355790627923,0.6194118304114806,0.05047357667611059,45,0.9556061861364264,0.9306851760650087,0.9159225389994621,0.8877938678823636,0.8900737207864144,0.916016297973935,0.02550320329416975
234.43107762336732,111.5062005511413,78.90991172790527,2.0728292771567784,5,25,3,"('tsfresh', {'default_fc_parameters': {'variance_larger_than_standard_deviation': None, 'value_count': [{'value': -1}, {'value': 1}, {'value': 0}], 'time_reversal_asymmetry_statistic': [{'lag': 3}, {'lag': 2}], 'symmetry_looking': [{'r': 0.9500000000000001}, {'r': 0.9}, {'r': 0.8500000000000001}, {'r': 0.8}]}})",correlation,0.85,"('ffill', None)","{'classifier__base_estimator__max_depth': 5, 'classifier__base_estimator__n_estimators': 25, 'feature_extraction__n_lags': 3, 'feature_extraction__params': ('tsfresh', {'default_fc_parameters': {'variance_larger_than_standard_deviation': None, 'value_count': [{'value': -1}, {'value': 1}, {'value': 0}], 'time_reversal_asymmetry_statistic': [{'lag': 3}, {'lag': 2}], 'symmetry_looking': [{'r': 0.9500000000000001}, {'r': 0.9}, {'r': 0.8500000000000001}, {'r': 0.8}]}}), 'feature_selection__strategy': 'correlation', 'feature_selection__threshold': 0.85, 'imputation__params': ('ffill', None)}",0.52868,0.6102719744024091,0.6361654056326187,0.6795061929595827,0.6424355790627923,0.6194118304114806,0.05047357667611059,45,0.9556061861364264,0.9306851760650087,0.9159225389994621,0.8877938678823636,0.8900737207864144,0.916016297973935,0.02550320329416975
235.5855836868286,110.43422102985436,78.24028663635254,1.317081476867443,5,25,3,"('tsfresh', {'default_fc_parameters': {'variance_larger_than_standard_deviation': None, 'value_count': [{'value': -1}, {'value': 1}, {'value': 0}], 'time_reversal_asymmetry_statistic': [{'lag': 3}, {'lag': 2}], 'symmetry_looking': [{'r': 0.9500000000000001}, {'r': 0.9}, {'r': 0.8500000000000001}, {'r': 0.8}]}})",correlation,0.9,"('interpolate', 'linear')","{'classifier__base_estimator__max_depth': 5, 'classifier__base_estimator__n_estimators': 25, 'feature_extraction__n_lags': 3, 'feature_extraction__params': ('tsfresh', {'default_fc_parameters': {'variance_larger_than_standard_deviation': None, 'value_count': [{'value': -1}, {'value': 1}, {'value': 0}], 'time_reversal_asymmetry_statistic': [{'lag': 3}, {'lag': 2}], 'symmetry_looking': [{'r': 0.9500000000000001}, {'r': 0.9}, {'r': 0.8500000000000001}, {'r': 0.8}]}}), 'feature_selection__strategy': 'correlation', 'feature_selection__threshold': 0.9, 'imputation__params': ('interpolate', 'linear')}",0.5301600000000001,0.6725249388292867,0.6346810634720471,0.6463168187744458,0.6289063759796175,0.6225178394110794,0.048550652581995174,29,0.9545590536684158,0.9257479684806698,0.9256481979558903,0.8887810050458814,0.8798248853256927,0.91491222209531,0.027270891211186702
234.90365958213806,112.0566115025672,78.04372272491455,1.4229273628901558,5,25,3,"('tsfresh', {'default_fc_parameters': {'variance_larger_than_standard_deviation': None, 'value_count': [{'value': -1}, {'value': 1}, {'value': 0}], 'time_reversal_asymmetry_statistic': [{'lag': 3}, {'lag': 2}], 'symmetry_looking': [{'r': 0.9500000000000001}, {'r': 0.9}, {'r': 0.8500000000000001}, {'r': 0.8}]}})",correlation,0.9,"('interpolate', ('polynomial', 2))","{'classifier__base_estimator__max_depth': 5, 'classifier__base_estimator__n_estimators': 25, 'feature_extraction__n_lags': 3, 'feature_extraction__params': ('tsfresh', {'default_fc_parameters': {'variance_larger_than_standard_deviation': None, 'value_count': [{'value': -1}, {'value': 1}, {'value': 0}], 'time_reversal_asymmetry_statistic': [{'lag': 3}, {'lag': 2}], 'symmetry_looking': [{'r': 0.9500000000000001}, {'r': 0.9}, {'r': 0.8500000000000001}, {'r': 0.8}]}}), 'feature_selection__strategy': 'correlation', 'feature_selection__threshold': 0.9, 'imputation__params': ('interpolate', ('polynomial', 2))}",0.5301600000000001,0.6725249388292867,0.6346810634720471,0.6463168187744458,0.6289063759796175,0.6225178394110794,0.048550652581995174,29,0.9545590536684158,0.9257479684806698,0.9256481979558903,0.8887810050458814,0.8798248853256927,0.91491222209531,0.027270891211186702
234.4295282840729,110.66066240756457,78.37546768188477,1.0618103318330725,5,25,3,"('tsfresh', {'default_fc_parameters': {'variance_larger_than_standard_deviation': None, 'value_count': [{'value': -1}, {'value': 1}, {'value': 0}], 'time_reversal_asymmetry_statistic': [{'lag': 3}, {'lag': 2}], 'symmetry_looking': [{'r': 0.9500000000000001}, {'r': 0.9}, {'r': 0.8500000000000001}, {'r': 0.8}]}})",correlation,0.9,"('interpolate', ('spline', 2))","{'classifier__base_estimator__max_depth': 5, 'classifier__base_estimator__n_estimators': 25, 'feature_extraction__n_lags': 3, 'feature_extraction__params': ('tsfresh', {'default_fc_parameters': {'variance_larger_than_standard_deviation': None, 'value_count': [{'value': -1}, {'value': 1}, {'value': 0}], 'time_reversal_asymmetry_statistic': [{'lag': 3}, {'lag': 2}], 'symmetry_looking': [{'r': 0.9500000000000001}, {'r': 0.9}, {'r': 0.8500000000000001}, {'r': 0.8}]}}), 'feature_selection__strategy': 'correlation', 'feature_selection__threshold': 0.9, 'imputation__params': ('interpolate', ('spline', 2))}",0.5301600000000001,0.6725249388292867,0.6346810634720471,0.6463168187744458,0.6289063759796175,0.6225178394110794,0.048550652581995174,29,0.9545590536684158,0.9257479684806698,0.9256481979558903,0.8887810050458814,0.8798248853256927,0.91491222209531,0.027270891211186702
234.6133379459381,111.12449148891693,78.42303757667541,0.9339932137343994,5,25,3,"('tsfresh', {'default_fc_parameters': {'variance_larger_than_standard_deviation': None, 'value_count': [{'value': -1}, {'value': 1}, {'value': 0}], 'time_reversal_asymmetry_statistic': [{'lag': 3}, {'lag': 2}], 'symmetry_looking': [{'r': 0.9500000000000001}, {'r': 0.9}, {'r': 0.8500000000000001}, {'r': 0.8}]}})",correlation,0.9,"('ffill', None)","{'classifier__base_estimator__max_depth': 5, 'classifier__base_estimator__n_estimators': 25, 'feature_extraction__n_lags': 3, 'feature_extraction__params': ('tsfresh', {'default_fc_parameters': {'variance_larger_than_standard_deviation': None, 'value_count': [{'value': -1}, {'value': 1}, {'value': 0}], 'time_reversal_asymmetry_statistic': [{'lag': 3}, {'lag': 2}], 'symmetry_looking': [{'r': 0.9500000000000001}, {'r': 0.9}, {'r': 0.8500000000000001}, {'r': 0.8}]}}), 'feature_selection__strategy': 'correlation', 'feature_selection__threshold': 0.9, 'imputation__params': ('ffill', None)}",0.5301600000000001,0.6725249388292867,0.6346810634720471,0.6463168187744458,0.6289063759796175,0.6225178394110794,0.048550652581995174,29,0.9545590536684158,0.9257479684806698,0.9256481979558903,0.8887810050458814,0.8798248853256927,0.91491222209531,0.027270891211186702
235.59769849777223,111.22775630573597,79.04535775184631,1.293574684128584,5,25,3,"('tsfresh', {'default_fc_parameters': {'variance_larger_than_standard_deviation': None, 'value_count': [{'value': -1}, {'value': 1}, {'value': 0}], 'time_reversal_asymmetry_statistic': [{'lag': 3}, {'lag': 2}], 'symmetry_looking': [{'r': 0.9500000000000001}, {'r': 0.9}, {'r': 0.8500000000000001}, {'r': 0.8}]}})",correlation,0.95,"('interpolate', 'linear')","{'classifier__base_estimator__max_depth': 5, 'classifier__base_estimator__n_estimators': 25, 'feature_extraction__n_lags': 3, 'feature_extraction__params': ('tsfresh', {'default_fc_parameters': {'variance_larger_than_standard_deviation': None, 'value_count': [{'value': -1}, {'value': 1}, {'value': 0}], 'time_reversal_asymmetry_statistic': [{'lag': 3}, {'lag': 2}], 'symmetry_looking': [{'r': 0.9500000000000001}, {'r': 0.9}, {'r': 0.8500000000000001}, {'r': 0.8}]}}), 'feature_selection__strategy': 'correlation', 'feature_selection__threshold': 0.95, 'imputation__params': ('interpolate', 'linear')}",0.5437333333333333,0.6447040278562017,0.6640920554854981,0.6604872881355933,0.6281323572096623,0.6282298124040577,0.044130962978459636,5,0.9551574150787076,0.9313377246983502,0.9093639053254438,0.8990654176800041,0.8803343017435834,0.9150517529052177,0.025949616393330013
235.52568950653077,111.8949695670254,78.09807839393616,1.226340365584157,5,25,3,"('tsfresh', {'default_fc_parameters': {'variance_larger_than_standard_deviation': None, 'value_count': [{'value': -1}, {'value': 1}, {'value': 0}], 'time_reversal_asymmetry_statistic': [{'lag': 3}, {'lag': 2}], 'symmetry_looking': [{'r': 0.9500000000000001}, {'r': 0.9}, {'r': 0.8500000000000001}, {'r': 0.8}]}})",correlation,0.95,"('interpolate', ('polynomial', 2))","{'classifier__base_estimator__max_depth': 5, 'classifier__base_estimator__n_estimators': 25, 'feature_extraction__n_lags': 3, 'feature_extraction__params': ('tsfresh', {'default_fc_parameters': {'variance_larger_than_standard_deviation': None, 'value_count': [{'value': -1}, {'value': 1}, {'value': 0}], 'time_reversal_asymmetry_statistic': [{'lag': 3}, {'lag': 2}], 'symmetry_looking': [{'r': 0.9500000000000001}, {'r': 0.9}, {'r': 0.8500000000000001}, {'r': 0.8}]}}), 'feature_selection__strategy': 'correlation', 'feature_selection__threshold': 0.95, 'imputation__params': ('interpolate', ('polynomial', 2))}",0.5437333333333333,0.6447040278562017,0.6640920554854981,0.6604872881355933,0.6281323572096623,0.6282298124040577,0.044130962978459636,5,0.9551574150787076,0.9313377246983502,0.9093639053254438,0.8990654176800041,0.8803343017435834,0.9150517529052177,0.025949616393330013
235.51858835220338,110.92025150572626,78.60813617706299,1.1611411540295429,5,25,3,"('tsfresh', {'default_fc_parameters': {'variance_larger_than_standard_deviation': None, 'value_count': [{'value': -1}, {'value': 1}, {'value': 0}], 'time_reversal_asymmetry_statistic': [{'lag': 3}, {'lag': 2}], 'symmetry_looking': [{'r': 0.9500000000000001}, {'r': 0.9}, {'r': 0.8500000000000001}, {'r': 0.8}]}})",correlation,0.95,"('interpolate', ('spline', 2))","{'classifier__base_estimator__max_depth': 5, 'classifier__base_estimator__n_estimators': 25, 'feature_extraction__n_lags': 3, 'feature_extraction__params': ('tsfresh', {'default_fc_parameters': {'variance_larger_than_standard_deviation': None, 'value_count': [{'value': -1}, {'value': 1}, {'value': 0}], 'time_reversal_asymmetry_statistic': [{'lag': 3}, {'lag': 2}], 'symmetry_looking': [{'r': 0.9500000000000001}, {'r': 0.9}, {'r': 0.8500000000000001}, {'r': 0.8}]}}), 'feature_selection__strategy': 'correlation', 'feature_selection__threshold': 0.95, 'imputation__params': ('interpolate', ('spline', 2))}",0.5437333333333333,0.6447040278562017,0.6640920554854981,0.6604872881355933,0.6281323572096623,0.6282298124040577,0.044130962978459636,5,0.9551574150787076,0.9313377246983502,0.9093639053254438,0.8990654176800041,0.8803343017435834,0.9150517529052177,0.025949616393330013
234.30926270484923,109.64452332770249,78.84510779380798,1.2452706488189333,5,25,3,"('tsfresh', {'default_fc_parameters': {'variance_larger_than_standard_deviation': None, 'value_count': [{'value': -1}, {'value': 1}, {'value': 0}], 'time_reversal_asymmetry_statistic': [{'lag': 3}, {'lag': 2}], 'symmetry_looking': [{'r': 0.9500000000000001}, {'r': 0.9}, {'r': 0.8500000000000001}, {'r': 0.8}]}})",correlation,0.95,"('ffill', None)","{'classifier__base_estimator__max_depth': 5, 'classifier__base_estimator__n_estimators': 25, 'feature_extraction__n_lags': 3, 'feature_extraction__params': ('tsfresh', {'default_fc_parameters': {'variance_larger_than_standard_deviation': None, 'value_count': [{'value': -1}, {'value': 1}, {'value': 0}], 'time_reversal_asymmetry_statistic': [{'lag': 3}, {'lag': 2}], 'symmetry_looking': [{'r': 0.9500000000000001}, {'r': 0.9}, {'r': 0.8500000000000001}, {'r': 0.8}]}}), 'feature_selection__strategy': 'correlation', 'feature_selection__threshold': 0.95, 'imputation__params': ('ffill', None)}",0.5437333333333333,0.6447040278562017,0.6640920554854981,0.6604872881355933,0.6281323572096623,0.6282298124040577,0.044130962978459636,5,0.9551574150787076,0.9313377246983502,0.9093639053254438,0.8990654176800041,0.8803343017435834,0.9150517529052177,0.025949616393330013
234.59260401725768,110.6581305574337,78.27656955718994,1.2895262080329364,5,25,3,"('tsfresh', {'default_fc_parameters': {'variance_larger_than_standard_deviation': None, 'value_count': [{'value': -1}, {'value': 1}, {'value': 0}], 'time_reversal_asymmetry_statistic': [{'lag': 3}, {'lag': 2}], 'symmetry_looking': [{'r': 0.9500000000000001}, {'r': 0.9}, {'r': 0.8500000000000001}, {'r': 0.8}]}})",pca,0.85,"('interpolate', 'linear')","{'classifier__base_estimator__max_depth': 5, 'classifier__base_estimator__n_estimators': 25, 'feature_extraction__n_lags': 3, 'feature_extraction__params': ('tsfresh', {'default_fc_parameters': {'variance_larger_than_standard_deviation': None, 'value_count': [{'value': -1}, {'value': 1}, {'value': 0}], 'time_reversal_asymmetry_statistic': [{'lag': 3}, {'lag': 2}], 'symmetry_looking': [{'r': 0.9500000000000001}, {'r': 0.9}, {'r': 0.8500000000000001}, {'r': 0.8}]}}), 'feature_selection__strategy': 'pca', 'feature_selection__threshold': 0.85, 'imputation__params': ('interpolate', 'linear')}",0.4842933333333333,0.5898738942217203,0.5075793400588483,0.5506926336375488,0.6195375237849519,0.5503953450072805,0.050083872337943126,373,0.8981059559974225,0.8416061314947056,0.8072202797202797,0.7833877376141642,0.7379673172663247,0.8136574844185794,0.054035854402157836
233.17260251045226,110.59561867642884,77.99018397331238,1.23624744805039,5,25,3,"('tsfresh', {'default_fc_parameters': {'variance_larger_than_standard_deviation': None, 'value_count': [{'value': -1}, {'value': 1}, {'value': 0}], 'time_reversal_asymmetry_statistic': [{'lag': 3}, {'lag': 2}], 'symmetry_looking': [{'r': 0.9500000000000001}, {'r': 0.9}, {'r': 0.8500000000000001}, {'r': 0.8}]}})",pca,0.85,"('interpolate', ('polynomial', 2))","{'classifier__base_estimator__max_depth': 5, 'classifier__base_estimator__n_estimators': 25, 'feature_extraction__n_lags': 3, 'feature_extraction__params': ('tsfresh', {'default_fc_parameters': {'variance_larger_than_standard_deviation': None, 'value_count': [{'value': -1}, {'value': 1}, {'value': 0}], 'time_reversal_asymmetry_statistic': [{'lag': 3}, {'lag': 2}], 'symmetry_looking': [{'r': 0.9500000000000001}, {'r': 0.9}, {'r': 0.8500000000000001}, {'r': 0.8}]}}), 'feature_selection__strategy': 'pca', 'feature_selection__threshold': 0.85, 'imputation__params': ('interpolate', ('polynomial', 2))}",0.4842933333333333,0.5898738942217203,0.5075793400588483,0.5506926336375488,0.6195375237849519,0.5503953450072805,0.050083872337943126,373,0.8981059559974225,0.8416061314947056,0.8072202797202797,0.7833877376141642,0.7379673172663247,0.8136574844185794,0.054035854402157836
235.1754099845886,112.4635894847414,78.32886099815369,1.099817161261174,5,25,3,"('tsfresh', {'default_fc_parameters': {'variance_larger_than_standard_deviation': None, 'value_count': [{'value': -1}, {'value': 1}, {'value': 0}], 'time_reversal_asymmetry_statistic': [{'lag': 3}, {'lag': 2}], 'symmetry_looking': [{'r': 0.9500000000000001}, {'r': 0.9}, {'r': 0.8500000000000001}, {'r': 0.8}]}})",pca,0.85,"('interpolate', ('spline', 2))","{'classifier__base_estimator__max_depth': 5, 'classifier__base_estimator__n_estimators': 25, 'feature_extraction__n_lags': 3, 'feature_extraction__params': ('tsfresh', {'default_fc_parameters': {'variance_larger_than_standard_deviation': None, 'value_count': [{'value': -1}, {'value': 1}, {'value': 0}], 'time_reversal_asymmetry_statistic': [{'lag': 3}, {'lag': 2}], 'symmetry_looking': [{'r': 0.9500000000000001}, {'r': 0.9}, {'r': 0.8500000000000001}, {'r': 0.8}]}}), 'feature_selection__strategy': 'pca', 'feature_selection__threshold': 0.85, 'imputation__params': ('interpolate', ('spline', 2))}",0.4842933333333333,0.5898738942217203,0.5075793400588483,0.5506926336375488,0.6195375237849519,0.5503953450072805,0.050083872337943126,373,0.8981059559974225,0.8416061314947056,0.8072202797202797,0.7833877376141642,0.7379673172663247,0.8136574844185794,0.054035854402157836
235.12696413993837,110.57089361751862,78.92519812583923,1.3147275643691416,5,25,3,"('tsfresh', {'default_fc_parameters': {'variance_larger_than_standard_deviation': None, 'value_count': [{'value': -1}, {'value': 1}, {'value': 0}], 'time_reversal_asymmetry_statistic': [{'lag': 3}, {'lag': 2}], 'symmetry_looking': [{'r': 0.9500000000000001}, {'r': 0.9}, {'r': 0.8500000000000001}, {'r': 0.8}]}})",pca,0.85,"('ffill', None)","{'classifier__base_estimator__max_depth': 5, 'classifier__base_estimator__n_estimators': 25, 'feature_extraction__n_lags': 3, 'feature_extraction__params': ('tsfresh', {'default_fc_parameters': {'variance_larger_than_standard_deviation': None, 'value_count': [{'value': -1}, {'value': 1}, {'value': 0}], 'time_reversal_asymmetry_statistic': [{'lag': 3}, {'lag': 2}], 'symmetry_looking': [{'r': 0.9500000000000001}, {'r': 0.9}, {'r': 0.8500000000000001}, {'r': 0.8}]}}), 'feature_selection__strategy': 'pca', 'feature_selection__threshold': 0.85, 'imputation__params': ('ffill', None)}",0.4842933333333333,0.5898738942217203,0.5075793400588483,0.5506926336375488,0.6195375237849519,0.5503953450072805,0.050083872337943126,373,0.8981059559974225,0.8416061314947056,0.8072202797202797,0.7833877376141642,0.7379673172663247,0.8136574844185794,0.054035854402157836
233.44638042449952,110.1429856446922,78.62669053077698,1.5783867289290165,5,25,3,"('tsfresh', {'default_fc_parameters': {'variance_larger_than_standard_deviation': None, 'value_count': [{'value': -1}, {'value': 1}, {'value': 0}], 'time_reversal_asymmetry_statistic': [{'lag': 3}, {'lag': 2}], 'symmetry_looking': [{'r': 0.9500000000000001}, {'r': 0.9}, {'r': 0.8500000000000001}, {'r': 0.8}]}})",pca,0.9,"('interpolate', 'linear')","{'classifier__base_estimator__max_depth': 5, 'classifier__base_estimator__n_estimators': 25, 'feature_extraction__n_lags': 3, 'feature_extraction__params': ('tsfresh', {'default_fc_parameters': {'variance_larger_than_standard_deviation': None, 'value_count': [{'value': -1}, {'value': 1}, {'value': 0}], 'time_reversal_asymmetry_statistic': [{'lag': 3}, {'lag': 2}], 'symmetry_looking': [{'r': 0.9500000000000001}, {'r': 0.9}, {'r': 0.8500000000000001}, {'r': 0.8}]}}), 'feature_selection__strategy': 'pca', 'feature_selection__threshold': 0.9, 'imputation__params': ('interpolate', 'linear')}",0.4842933333333333,0.5898738942217203,0.5075793400588483,0.5506926336375488,0.6195375237849519,0.5503953450072805,0.050083872337943126,373,0.8981059559974225,0.8416061314947056,0.8072202797202797,0.7833877376141642,0.7379673172663247,0.8136574844185794,0.054035854402157836
233.834934091568,110.48384625485365,78.02357306480408,1.393528701037373,5,25,3,"('tsfresh', {'default_fc_parameters': {'variance_larger_than_standard_deviation': None, 'value_count': [{'value': -1}, {'value': 1}, {'value': 0}], 'time_reversal_asymmetry_statistic': [{'lag': 3}, {'lag': 2}], 'symmetry_looking': [{'r': 0.9500000000000001}, {'r': 0.9}, {'r': 0.8500000000000001}, {'r': 0.8}]}})",pca,0.9,"('interpolate', ('polynomial', 2))","{'classifier__base_estimator__max_depth': 5, 'classifier__base_estimator__n_estimators': 25, 'feature_extraction__n_lags': 3, 'feature_extraction__params': ('tsfresh', {'default_fc_parameters': {'variance_larger_than_standard_deviation': None, 'value_count': [{'value': -1}, {'value': 1}, {'value': 0}], 'time_reversal_asymmetry_statistic': [{'lag': 3}, {'lag': 2}], 'symmetry_looking': [{'r': 0.9500000000000001}, {'r': 0.9}, {'r': 0.8500000000000001}, {'r': 0.8}]}}), 'feature_selection__strategy': 'pca', 'feature_selection__threshold': 0.9, 'imputation__params': ('interpolate', ('polynomial', 2))}",0.4842933333333333,0.5898738942217203,0.5075793400588483,0.5506926336375488,0.6195375237849519,0.5503953450072805,0.050083872337943126,373,0.8981059559974225,0.8416061314947056,0.8072202797202797,0.7833877376141642,0.7379673172663247,0.8136574844185794,0.054035854402157836
233.98130550384522,111.01020651863739,78.4014699935913,1.1202587188310276,5,25,3,"('tsfresh', {'default_fc_parameters': {'variance_larger_than_standard_deviation': None, 'value_count': [{'value': -1}, {'value': 1}, {'value': 0}], 'time_reversal_asymmetry_statistic': [{'lag': 3}, {'lag': 2}], 'symmetry_looking': [{'r': 0.9500000000000001}, {'r': 0.9}, {'r': 0.8500000000000001}, {'r': 0.8}]}})",pca,0.9,"('interpolate', ('spline', 2))","{'classifier__base_estimator__max_depth': 5, 'classifier__base_estimator__n_estimators': 25, 'feature_extraction__n_lags': 3, 'feature_extraction__params': ('tsfresh', {'default_fc_parameters': {'variance_larger_than_standard_deviation': None, 'value_count': [{'value': -1}, {'value': 1}, {'value': 0}], 'time_reversal_asymmetry_statistic': [{'lag': 3}, {'lag': 2}], 'symmetry_looking': [{'r': 0.9500000000000001}, {'r': 0.9}, {'r': 0.8500000000000001}, {'r': 0.8}]}}), 'feature_selection__strategy': 'pca', 'feature_selection__threshold': 0.9, 'imputation__params': ('interpolate', ('spline', 2))}",0.4842933333333333,0.5898738942217203,0.5075793400588483,0.5506926336375488,0.6195375237849519,0.5503953450072805,0.050083872337943126,373,0.8981059559974225,0.8416061314947056,0.8072202797202797,0.7833877376141642,0.7379673172663247,0.8136574844185794,0.054035854402157836
233.95811667442322,110.05059209278284,78.4378710269928,1.2698399173384842,5,25,3,"('tsfresh', {'default_fc_parameters': {'variance_larger_than_standard_deviation': None, 'value_count': [{'value': -1}, {'value': 1}, {'value': 0}], 'time_reversal_asymmetry_statistic': [{'lag': 3}, {'lag': 2}], 'symmetry_looking': [{'r': 0.9500000000000001}, {'r': 0.9}, {'r': 0.8500000000000001}, {'r': 0.8}]}})",pca,0.9,"('ffill', None)","{'classifier__base_estimator__max_depth': 5, 'classifier__base_estimator__n_estimators': 25, 'feature_extraction__n_lags': 3, 'feature_extraction__params': ('tsfresh', {'default_fc_parameters': {'variance_larger_than_standard_deviation': None, 'value_count': [{'value': -1}, {'value': 1}, {'value': 0}], 'time_reversal_asymmetry_statistic': [{'lag': 3}, {'lag': 2}], 'symmetry_looking': [{'r': 0.9500000000000001}, {'r': 0.9}, {'r': 0.8500000000000001}, {'r': 0.8}]}}), 'feature_selection__strategy': 'pca', 'feature_selection__threshold': 0.9, 'imputation__params': ('ffill', None)}",0.4842933333333333,0.5898738942217203,0.5075793400588483,0.5506926336375488,0.6195375237849519,0.5503953450072805,0.050083872337943126,373,0.8981059559974225,0.8416061314947056,0.8072202797202797,0.7833877376141642,0.7379673172663247,0.8136574844185794,0.054035854402157836
234.3053431034088,111.20264987689058,78.13663625717163,1.5389361634178513,5,25,3,"('tsfresh', {'default_fc_parameters': {'variance_larger_than_standard_deviation': None, 'value_count': [{'value': -1}, {'value': 1}, {'value': 0}], 'time_reversal_asymmetry_statistic': [{'lag': 3}, {'lag': 2}], 'symmetry_looking': [{'r': 0.9500000000000001}, {'r': 0.9}, {'r': 0.8500000000000001}, {'r': 0.8}]}})",pca,0.95,"('interpolate', 'linear')","{'classifier__base_estimator__max_depth': 5, 'classifier__base_estimator__n_estimators': 25, 'feature_extraction__n_lags': 3, 'feature_extraction__params': ('tsfresh', {'default_fc_parameters': {'variance_larger_than_standard_deviation': None, 'value_count': [{'value': -1}, {'value': 1}, {'value': 0}], 'time_reversal_asymmetry_statistic': [{'lag': 3}, {'lag': 2}], 'symmetry_looking': [{'r': 0.9500000000000001}, {'r': 0.9}, {'r': 0.8500000000000001}, {'r': 0.8}]}}), 'feature_selection__strategy': 'pca', 'feature_selection__threshold': 0.95, 'imputation__params': ('interpolate', 'linear')}",0.4842933333333333,0.5898738942217203,0.5075793400588483,0.5506926336375488,0.6195375237849519,0.5503953450072805,0.050083872337943126,373,0.8981059559974225,0.8416061314947056,0.8072202797202797,0.7833877376141642,0.7379673172663247,0.8136574844185794,0.054035854402157836
234.58653264045716,110.67969874645402,78.00931777954102,0.9674754130214772,5,25,3,"('tsfresh', {'default_fc_parameters': {'variance_larger_than_standard_deviation': None, 'value_count': [{'value': -1}, {'value': 1}, {'value': 0}], 'time_reversal_asymmetry_statistic': [{'lag': 3}, {'lag': 2}], 'symmetry_looking': [{'r': 0.9500000000000001}, {'r': 0.9}, {'r': 0.8500000000000001}, {'r': 0.8}]}})",pca,0.95,"('interpolate', ('polynomial', 2))","{'classifier__base_estimator__max_depth': 5, 'classifier__base_estimator__n_estimators': 25, 'feature_extraction__n_lags': 3, 'feature_extraction__params': ('tsfresh', {'default_fc_parameters': {'variance_larger_than_standard_deviation': None, 'value_count': [{'value': -1}, {'value': 1}, {'value': 0}], 'time_reversal_asymmetry_statistic': [{'lag': 3}, {'lag': 2}], 'symmetry_looking': [{'r': 0.9500000000000001}, {'r': 0.9}, {'r': 0.8500000000000001}, {'r': 0.8}]}}), 'feature_selection__strategy': 'pca', 'feature_selection__threshold': 0.95, 'imputation__params': ('interpolate', ('polynomial', 2))}",0.4842933333333333,0.5898738942217203,0.5075793400588483,0.5506926336375488,0.6195375237849519,0.5503953450072805,0.050083872337943126,373,0.8981059559974225,0.8416061314947056,0.8072202797202797,0.7833877376141642,0.7379673172663247,0.8136574844185794,0.054035854402157836
234.9022183418274,111.97767671034478,78.873486328125,1.1852606933478318,5,25,3,"('tsfresh', {'default_fc_parameters': {'variance_larger_than_standard_deviation': None, 'value_count': [{'value': -1}, {'value': 1}, {'value': 0}], 'time_reversal_asymmetry_statistic': [{'lag': 3}, {'lag': 2}], 'symmetry_looking': [{'r': 0.9500000000000001}, {'r': 0.9}, {'r': 0.8500000000000001}, {'r': 0.8}]}})",pca,0.95,"('interpolate', ('spline', 2))","{'classifier__base_estimator__max_depth': 5, 'classifier__base_estimator__n_estimators': 25, 'feature_extraction__n_lags': 3, 'feature_extraction__params': ('tsfresh', {'default_fc_parameters': {'variance_larger_than_standard_deviation': None, 'value_count': [{'value': -1}, {'value': 1}, {'value': 0}], 'time_reversal_asymmetry_statistic': [{'lag': 3}, {'lag': 2}], 'symmetry_looking': [{'r': 0.9500000000000001}, {'r': 0.9}, {'r': 0.8500000000000001}, {'r': 0.8}]}}), 'feature_selection__strategy': 'pca', 'feature_selection__threshold': 0.95, 'imputation__params': ('interpolate', ('spline', 2))}",0.4842933333333333,0.5898738942217203,0.5075793400588483,0.5506926336375488,0.6195375237849519,0.5503953450072805,0.050083872337943126,373,0.8981059559974225,0.8416061314947056,0.8072202797202797,0.7833877376141642,0.7379673172663247,0.8136574844185794,0.054035854402157836
235.6390217781067,110.74337619280307,78.74791684150696,1.4955766617837205,5,25,3,"('tsfresh', {'default_fc_parameters': {'variance_larger_than_standard_deviation': None, 'value_count': [{'value': -1}, {'value': 1}, {'value': 0}], 'time_reversal_asymmetry_statistic': [{'lag': 3}, {'lag': 2}], 'symmetry_looking': [{'r': 0.9500000000000001}, {'r': 0.9}, {'r': 0.8500000000000001}, {'r': 0.8}]}})",pca,0.95,"('ffill', None)","{'classifier__base_estimator__max_depth': 5, 'classifier__base_estimator__n_estimators': 25, 'feature_extraction__n_lags': 3, 'feature_extraction__params': ('tsfresh', {'default_fc_parameters': {'variance_larger_than_standard_deviation': None, 'value_count': [{'value': -1}, {'value': 1}, {'value': 0}], 'time_reversal_asymmetry_statistic': [{'lag': 3}, {'lag': 2}], 'symmetry_looking': [{'r': 0.9500000000000001}, {'r': 0.9}, {'r': 0.8500000000000001}, {'r': 0.8}]}}), 'feature_selection__strategy': 'pca', 'feature_selection__threshold': 0.95, 'imputation__params': ('ffill', None)}",0.4842933333333333,0.5898738942217203,0.5075793400588483,0.5506926336375488,0.6195375237849519,0.5503953450072805,0.050083872337943126,373,0.8981059559974225,0.8416061314947056,0.8072202797202797,0.7833877376141642,0.7379673172663247,0.8136574844185794,0.054035854402157836
215.2960356235504,102.45767065715961,72.9267406463623,1.879911217730795,5,25,5,"('tsfresh', {'default_fc_parameters': {'variance_larger_than_standard_deviation': None, 'value_count': [{'value': -1}, {'value': 1}, {'value': 0}], 'time_reversal_asymmetry_statistic': [{'lag': 3}, {'lag': 2}], 'symmetry_looking': [{'r': 0.9500000000000001}, {'r': 0.9}, {'r': 0.8500000000000001}, {'r': 0.8}]}})",correlation,0.85,"('interpolate', 'linear')","{'classifier__base_estimator__max_depth': 5, 'classifier__base_estimator__n_estimators': 25, 'feature_extraction__n_lags': 5, 'feature_extraction__params': ('tsfresh', {'default_fc_parameters': {'variance_larger_than_standard_deviation': None, 'value_count': [{'value': -1}, {'value': 1}, {'value': 0}], 'time_reversal_asymmetry_statistic': [{'lag': 3}, {'lag': 2}], 'symmetry_looking': [{'r': 0.9500000000000001}, {'r': 0.9}, {'r': 0.8500000000000001}, {'r': 0.8}]}}), 'feature_selection__strategy': 'correlation', 'feature_selection__threshold': 0.85, 'imputation__params': ('interpolate', 'linear')}",0.5645614035087719,0.5339852607709751,0.6619740488788108,0.6994595897703758,0.6347667533217793,0.6189494112501427,0.06125383065796167,53,0.972202166064982,0.9509575569358177,0.9294542624242659,0.9232797876901696,0.9081896737258953,0.9368166893682262,0.02240113907261678
215.05073404312134,102.06774987703683,72.19706134796142,2.0552271516880043,5,25,5,"('tsfresh', {'default_fc_parameters': {'variance_larger_than_standard_deviation': None, 'value_count': [{'value': -1}, {'value': 1}, {'value': 0}], 'time_reversal_asymmetry_statistic': [{'lag': 3}, {'lag': 2}], 'symmetry_looking': [{'r': 0.9500000000000001}, {'r': 0.9}, {'r': 0.8500000000000001}, {'r': 0.8}]}})",correlation,0.85,"('interpolate', ('polynomial', 2))","{'classifier__base_estimator__max_depth': 5, 'classifier__base_estimator__n_estimators': 25, 'feature_extraction__n_lags': 5, 'feature_extraction__params': ('tsfresh', {'default_fc_parameters': {'variance_larger_than_standard_deviation': None, 'value_count': [{'value': -1}, {'value': 1}, {'value': 0}], 'time_reversal_asymmetry_statistic': [{'lag': 3}, {'lag': 2}], 'symmetry_looking': [{'r': 0.9500000000000001}, {'r': 0.9}, {'r': 0.8500000000000001}, {'r': 0.8}]}}), 'feature_selection__strategy': 'correlation', 'feature_selection__threshold': 0.85, 'imputation__params': ('interpolate', ('polynomial', 2))}",0.5645614035087719,0.5339852607709751,0.6619740488788108,0.6994595897703758,0.6347667533217793,0.6189494112501427,0.06125383065796167,53,0.972202166064982,0.9509575569358177,0.9294542624242659,0.9232797876901696,0.9081896737258953,0.9368166893682262,0.02240113907261678
229.0735598087311,121.94879626731036,76.01605806350707,4.276104124568663,5,25,5,"('tsfresh', {'default_fc_parameters': {'variance_larger_than_standard_deviation': None, 'value_count': [{'value': -1}, {'value': 1}, {'value': 0}], 'time_reversal_asymmetry_statistic': [{'lag': 3}, {'lag': 2}], 'symmetry_looking': [{'r': 0.9500000000000001}, {'r': 0.9}, {'r': 0.8500000000000001}, {'r': 0.8}]}})",correlation,0.85,"('interpolate', ('spline', 2))","{'classifier__base_estimator__max_depth': 5, 'classifier__base_estimator__n_estimators': 25, 'feature_extraction__n_lags': 5, 'feature_extraction__params': ('tsfresh', {'default_fc_parameters': {'variance_larger_than_standard_deviation': None, 'value_count': [{'value': -1}, {'value': 1}, {'value': 0}], 'time_reversal_asymmetry_statistic': [{'lag': 3}, {'lag': 2}], 'symmetry_looking': [{'r': 0.9500000000000001}, {'r': 0.9}, {'r': 0.8500000000000001}, {'r': 0.8}]}}), 'feature_selection__strategy': 'correlation', 'feature_selection__threshold': 0.85, 'imputation__params': ('interpolate', ('spline', 2))}",0.5645614035087719,0.5339852607709751,0.6619740488788108,0.6994595897703758,0.6347667533217793,0.6189494112501427,0.06125383065796167,53,0.972202166064982,0.9509575569358177,0.9294542624242659,0.9232797876901696,0.9081896737258953,0.9368166893682262,0.02240113907261678
224.41769318580629,95.24361173894314,79.9401786327362,14.152920586454343,5,25,5,"('tsfresh', {'default_fc_parameters': {'variance_larger_than_standard_deviation': None, 'value_count': [{'value': -1}, {'value': 1}, {'value': 0}], 'time_reversal_asymmetry_statistic': [{'lag': 3}, {'lag': 2}], 'symmetry_looking': [{'r': 0.9500000000000001}, {'r': 0.9}, {'r': 0.8500000000000001}, {'r': 0.8}]}})",correlation,0.85,"('ffill', None)","{'classifier__base_estimator__max_depth': 5, 'classifier__base_estimator__n_estimators': 25, 'feature_extraction__n_lags': 5, 'feature_extraction__params': ('tsfresh', {'default_fc_parameters': {'variance_larger_than_standard_deviation': None, 'value_count': [{'value': -1}, {'value': 1}, {'value': 0}], 'time_reversal_asymmetry_statistic': [{'lag': 3}, {'lag': 2}], 'symmetry_looking': [{'r': 0.9500000000000001}, {'r': 0.9}, {'r': 0.8500000000000001}, {'r': 0.8}]}}), 'feature_selection__strategy': 'correlation', 'feature_selection__threshold': 0.85, 'imputation__params': ('ffill', None)}",0.5645614035087719,0.5339852607709751,0.6619740488788108,0.6994595897703758,0.6347667533217793,0.6189494112501427,0.06125383065796167,53,0.972202166064982,0.9509575569358177,0.9294542624242659,0.9232797876901696,0.9081896737258953,0.9368166893682262,0.02240113907261678
215.50148749351501,101.61370175949126,72.01667428016663,2.0290511273875538,5,25,5,"('tsfresh', {'default_fc_parameters': {'variance_larger_than_standard_deviation': None, 'value_count': [{'value': -1}, {'value': 1}, {'value': 0}], 'time_reversal_asymmetry_statistic': [{'lag': 3}, {'lag': 2}], 'symmetry_looking': [{'r': 0.9500000000000001}, {'r': 0.9}, {'r': 0.8500000000000001}, {'r': 0.8}]}})",correlation,0.9,"('interpolate', 'linear')","{'classifier__base_estimator__max_depth': 5, 'classifier__base_estimator__n_estimators': 25, 'feature_extraction__n_lags': 5, 'feature_extraction__params': ('tsfresh', {'default_fc_parameters': {'variance_larger_than_standard_deviation': None, 'value_count': [{'value': -1}, {'value': 1}, {'value': 0}], 'time_reversal_asymmetry_statistic': [{'lag': 3}, {'lag': 2}], 'symmetry_looking': [{'r': 0.9500000000000001}, {'r': 0.9}, {'r': 0.8500000000000001}, {'r': 0.8}]}}), 'feature_selection__strategy': 'correlation', 'feature_selection__threshold': 0.9, 'imputation__params': ('interpolate', 'linear')}",0.5601275917065389,0.578344671201814,0.6678791887125222,0.6709926271169415,0.63236568457539,0.6219419526626414,0.045489758580363956,37,0.9769925020827548,0.9585995267672286,0.9302988024648298,0.927687508316454,0.9126011535812673,0.9412358986425069,0.023251485325397198
214.75333971977233,101.67926839253622,72.5107684135437,1.8422037795833577,5,25,5,"('tsfresh', {'default_fc_parameters': {'variance_larger_than_standard_deviation': None, 'value_count': [{'value': -1}, {'value': 1}, {'value': 0}], 'time_reversal_asymmetry_statistic': [{'lag': 3}, {'lag': 2}], 'symmetry_looking': [{'r': 0.9500000000000001}, {'r': 0.9}, {'r': 0.8500000000000001}, {'r': 0.8}]}})",correlation,0.9,"('interpolate', ('polynomial', 2))","{'classifier__base_estimator__max_depth': 5, 'classifier__base_estimator__n_estimators': 25, 'feature_extraction__n_lags': 5, 'feature_extraction__params': ('tsfresh', {'default_fc_parameters': {'variance_larger_than_standard_deviation': None, 'value_count': [{'value': -1}, {'value': 1}, {'value': 0}], 'time_reversal_asymmetry_statistic': [{'lag': 3}, {'lag': 2}], 'symmetry_looking': [{'r': 0.9500000000000001}, {'r': 0.9}, {'r': 0.8500000000000001}, {'r': 0.8}]}}), 'feature_selection__strategy': 'correlation', 'feature_selection__threshold': 0.9, 'imputation__params': ('interpolate', ('polynomial', 2))}",0.5601275917065389,0.578344671201814,0.6678791887125222,0.6709926271169415,0.63236568457539,0.6219419526626414,0.045489758580363956,37,0.9769925020827548,0.9585995267672286,0.9302988024648298,0.927687508316454,0.9126011535812673,0.9412358986425069,0.023251485325397198
216.0480571746826,103.30777588833271,72.51235604286194,1.7129033161488676,5,25,5,"('tsfresh', {'default_fc_parameters': {'variance_larger_than_standard_deviation': None, 'value_count': [{'value': -1}, {'value': 1}, {'value': 0}], 'time_reversal_asymmetry_statistic': [{'lag': 3}, {'lag': 2}], 'symmetry_looking': [{'r': 0.9500000000000001}, {'r': 0.9}, {'r': 0.8500000000000001}, {'r': 0.8}]}})",correlation,0.9,"('interpolate', ('spline', 2))","{'classifier__base_estimator__max_depth': 5, 'classifier__base_estimator__n_estimators': 25, 'feature_extraction__n_lags': 5, 'feature_extraction__params': ('tsfresh', {'default_fc_parameters': {'variance_larger_than_standard_deviation': None, 'value_count': [{'value': -1}, {'value': 1}, {'value': 0}], 'time_reversal_asymmetry_statistic': [{'lag': 3}, {'lag': 2}], 'symmetry_looking': [{'r': 0.9500000000000001}, {'r': 0.9}, {'r': 0.8500000000000001}, {'r': 0.8}]}}), 'feature_selection__strategy': 'correlation', 'feature_selection__threshold': 0.9, 'imputation__params': ('interpolate', ('spline', 2))}",0.5601275917065389,0.578344671201814,0.6678791887125222,0.6709926271169415,0.63236568457539,0.6219419526626414,0.045489758580363956,37,0.9769925020827548,0.9585995267672286,0.9302988024648298,0.927687508316454,0.9126011535812673,0.9412358986425069,0.023251485325397198
214.46326127052308,101.52862409301555,72.3553713798523,2.096163317619383,5,25,5,"('tsfresh', {'default_fc_parameters': {'variance_larger_than_standard_deviation': None, 'value_count': [{'value': -1}, {'value': 1}, {'value': 0}], 'time_reversal_asymmetry_statistic': [{'lag': 3}, {'lag': 2}], 'symmetry_looking': [{'r': 0.9500000000000001}, {'r': 0.9}, {'r': 0.8500000000000001}, {'r': 0.8}]}})",correlation,0.9,"('ffill', None)","{'classifier__base_estimator__max_depth': 5, 'classifier__base_estimator__n_estimators': 25, 'feature_extraction__n_lags': 5, 'feature_extraction__params': ('tsfresh', {'default_fc_parameters': {'variance_larger_than_standard_deviation': None, 'value_count': [{'value': -1}, {'value': 1}, {'value': 0}], 'time_reversal_asymmetry_statistic': [{'lag': 3}, {'lag': 2}], 'symmetry_looking': [{'r': 0.9500000000000001}, {'r': 0.9}, {'r': 0.8500000000000001}, {'r': 0.8}]}}), 'feature_selection__strategy': 'correlation', 'feature_selection__threshold': 0.9, 'imputation__params': ('ffill', None)}",0.5601275917065389,0.578344671201814,0.6678791887125222,0.6709926271169415,0.63236568457539,0.6219419526626414,0.045489758580363956,37,0.9769925020827548,0.9585995267672286,0.9302988024648298,0.927687508316454,0.9126011535812673,0.9412358986425069,0.023251485325397198
214.90662908554077,102.0050314424575,72.18644218444824,2.060161173584268,5,25,5,"('tsfresh', {'default_fc_parameters': {'variance_larger_than_standard_deviation': None, 'value_count': [{'value': -1}, {'value': 1}, {'value': 0}], 'time_reversal_asymmetry_statistic': [{'lag': 3}, {'lag': 2}], 'symmetry_looking': [{'r': 0.9500000000000001}, {'r': 0.9}, {'r': 0.8500000000000001}, {'r': 0.8}]}})",correlation,0.95,"('interpolate', 'linear')","{'classifier__base_estimator__max_depth': 5, 'classifier__base_estimator__n_estimators': 25, 'feature_extraction__n_lags': 5, 'feature_extraction__params': ('tsfresh', {'default_fc_parameters': {'variance_larger_than_standard_deviation': None, 'value_count': [{'value': -1}, {'value': 1}, {'value': 0}], 'time_reversal_asymmetry_statistic': [{'lag': 3}, {'lag': 2}], 'symmetry_looking': [{'r': 0.9500000000000001}, {'r': 0.9}, {'r': 0.8500000000000001}, {'r': 0.8}]}}), 'feature_selection__strategy': 'correlation', 'feature_selection__threshold': 0.95, 'imputation__params': ('interpolate', 'linear')}",0.5038437001594896,0.6212018140589569,0.6638007054673721,0.6468047491813488,0.6222649480069324,0.61158318337482,0.056181211640102466,117,0.9675090252707581,0.9585736468500443,0.9362008939528996,0.9270693185682393,0.9128373579545455,0.9404380485192974,0.020100807188107483
214.27148246765137,101.15512441462838,72.17293663024903,1.8348981154506496,5,25,5,"('tsfresh', {'default_fc_parameters': {'variance_larger_than_standard_deviation': None, 'value_count': [{'value': -1}, {'value': 1}, {'value': 0}], 'time_reversal_asymmetry_statistic': [{'lag': 3}, {'lag': 2}], 'symmetry_looking': [{'r': 0.9500000000000001}, {'r': 0.9}, {'r': 0.8500000000000001}, {'r': 0.8}]}})",correlation,0.95,"('interpolate', ('polynomial', 2))","{'classifier__base_estimator__max_depth': 5, 'classifier__base_estimator__n_estimators': 25, 'feature_extraction__n_lags': 5, 'feature_extraction__params': ('tsfresh', {'default_fc_parameters': {'variance_larger_than_standard_deviation': None, 'value_count': [{'value': -1}, {'value': 1}, {'value': 0}], 'time_reversal_asymmetry_statistic': [{'lag': 3}, {'lag': 2}], 'symmetry_looking': [{'r': 0.9500000000000001}, {'r': 0.9}, {'r': 0.8500000000000001}, {'r': 0.8}]}}), 'feature_selection__strategy': 'correlation', 'feature_selection__threshold': 0.95, 'imputation__params': ('interpolate', ('polynomial', 2))}",0.5038437001594896,0.6212018140589569,0.6638007054673721,0.6468047491813488,0.6222649480069324,0.61158318337482,0.056181211640102466,117,0.9675090252707581,0.9585736468500443,0.9362008939528996,0.9270693185682393,0.9128373579545455,0.9404380485192974,0.020100807188107483
213.49445767402648,101.45356757473877,72.17427425384521,1.886268090036973,5,25,5,"('tsfresh', {'default_fc_parameters': {'variance_larger_than_standard_deviation': None, 'value_count': [{'value': -1}, {'value': 1}, {'value': 0}], 'time_reversal_asymmetry_statistic': [{'lag': 3}, {'lag': 2}], 'symmetry_looking': [{'r': 0.9500000000000001}, {'r': 0.9}, {'r': 0.8500000000000001}, {'r': 0.8}]}})",correlation,0.95,"('interpolate', ('spline', 2))","{'classifier__base_estimator__max_depth': 5, 'classifier__base_estimator__n_estimators': 25, 'feature_extraction__n_lags': 5, 'feature_extraction__params': ('tsfresh', {'default_fc_parameters': {'variance_larger_than_standard_deviation': None, 'value_count': [{'value': -1}, {'value': 1}, {'value': 0}], 'time_reversal_asymmetry_statistic': [{'lag': 3}, {'lag': 2}], 'symmetry_looking': [{'r': 0.9500000000000001}, {'r': 0.9}, {'r': 0.8500000000000001}, {'r': 0.8}]}}), 'feature_selection__strategy': 'correlation', 'feature_selection__threshold': 0.95, 'imputation__params': ('interpolate', ('spline', 2))}",0.5038437001594896,0.6212018140589569,0.6638007054673721,0.6468047491813488,0.6222649480069324,0.61158318337482,0.056181211640102466,117,0.9675090252707581,0.9585736468500443,0.9362008939528996,0.9270693185682393,0.9128373579545455,0.9404380485192974,0.020100807188107483
213.54436912536622,101.7998848614937,71.8621579170227,2.15910447346965,5,25,5,"('tsfresh', {'default_fc_parameters': {'variance_larger_than_standard_deviation': None, 'value_count': [{'value': -1}, {'value': 1}, {'value': 0}], 'time_reversal_asymmetry_statistic': [{'lag': 3}, {'lag': 2}], 'symmetry_looking': [{'r': 0.9500000000000001}, {'r': 0.9}, {'r': 0.8500000000000001}, {'r': 0.8}]}})",correlation,0.95,"('ffill', None)","{'classifier__base_estimator__max_depth': 5, 'classifier__base_estimator__n_estimators': 25, 'feature_extraction__n_lags': 5, 'feature_extraction__params': ('tsfresh', {'default_fc_parameters': {'variance_larger_than_standard_deviation': None, 'value_count': [{'value': -1}, {'value': 1}, {'value': 0}], 'time_reversal_asymmetry_statistic': [{'lag': 3}, {'lag': 2}], 'symmetry_looking': [{'r': 0.9500000000000001}, {'r': 0.9}, {'r': 0.8500000000000001}, {'r': 0.8}]}}), 'feature_selection__strategy': 'correlation', 'feature_selection__threshold': 0.95, 'imputation__params': ('ffill', None)}",0.5038437001594896,0.6212018140589569,0.6638007054673721,0.6468047491813488,0.6222649480069324,0.61158318337482,0.056181211640102466,117,0.9675090252707581,0.9585736468500443,0.9362008939528996,0.9270693185682393,0.9128373579545455,0.9404380485192974,0.020100807188107483
214.18624901771545,102.6969774234799,71.75434584617615,2.1585286672415696,5,25,5,"('tsfresh', {'default_fc_parameters': {'variance_larger_than_standard_deviation': None, 'value_count': [{'value': -1}, {'value': 1}, {'value': 0}], 'time_reversal_asymmetry_statistic': [{'lag': 3}, {'lag': 2}], 'symmetry_looking': [{'r': 0.9500000000000001}, {'r': 0.9}, {'r': 0.8500000000000001}, {'r': 0.8}]}})",pca,0.85,"('interpolate', 'linear')","{'classifier__base_estimator__max_depth': 5, 'classifier__base_estimator__n_estimators': 25, 'feature_extraction__n_lags': 5, 'feature_extraction__params': ('tsfresh', {'default_fc_parameters': {'variance_larger_than_standard_deviation': None, 'value_count': [{'value': -1}, {'value': 1}, {'value': 0}], 'time_reversal_asymmetry_statistic': [{'lag': 3}, {'lag': 2}], 'symmetry_looking': [{'r': 0.9500000000000001}, {'r': 0.9}, {'r': 0.8500000000000001}, {'r': 0.8}]}}), 'feature_selection__strategy': 'pca', 'feature_selection__threshold': 0.85, 'imputation__params': ('interpolate', 'linear')}",0.47996810207336527,0.561890589569161,0.49340199042579996,0.5231934427546858,0.5634026574234546,0.5243713564492933,0.03424404596825839,565,0.808789225215218,0.7801501035196686,0.7473953287085481,0.713439944113429,0.7021355242768595,0.7503820251667446,0.03999725506263908
213.51942381858825,101.69206067501615,72.52601795196533,2.544104432876869,5,25,5,"('tsfresh', {'default_fc_parameters': {'variance_larger_than_standard_deviation': None, 'value_count': [{'value': -1}, {'value': 1}, {'value': 0}], 'time_reversal_asymmetry_statistic': [{'lag': 3}, {'lag': 2}], 'symmetry_looking': [{'r': 0.9500000000000001}, {'r': 0.9}, {'r': 0.8500000000000001}, {'r': 0.8}]}})",pca,0.85,"('interpolate', ('polynomial', 2))","{'classifier__base_estimator__max_depth': 5, 'classifier__base_estimator__n_estimators': 25, 'feature_extraction__n_lags': 5, 'feature_extraction__params': ('tsfresh', {'default_fc_parameters': {'variance_larger_than_standard_deviation': None, 'value_count': [{'value': -1}, {'value': 1}, {'value': 0}], 'time_reversal_asymmetry_statistic': [{'lag': 3}, {'lag': 2}], 'symmetry_looking': [{'r': 0.9500000000000001}, {'r': 0.9}, {'r': 0.8500000000000001}, {'r': 0.8}]}}), 'feature_selection__strategy': 'pca', 'feature_selection__threshold': 0.85, 'imputation__params': ('interpolate', ('polynomial', 2))}",0.47996810207336527,0.561890589569161,0.49340199042579996,0.5231934427546858,0.5634026574234546,0.5243713564492933,0.03424404596825839,565,0.808789225215218,0.7801501035196686,0.7473953287085481,0.713439944113429,0.7021355242768595,0.7503820251667446,0.03999725506263908
214.2179892539978,100.81383710810249,72.1157774925232,1.7948870651262334,5,25,5,"('tsfresh', {'default_fc_parameters': {'variance_larger_than_standard_deviation': None, 'value_count': [{'value': -1}, {'value': 1}, {'value': 0}], 'time_reversal_asymmetry_statistic': [{'lag': 3}, {'lag': 2}], 'symmetry_looking': [{'r': 0.9500000000000001}, {'r': 0.9}, {'r': 0.8500000000000001}, {'r': 0.8}]}})",pca,0.85,"('interpolate', ('spline', 2))","{'classifier__base_estimator__max_depth': 5, 'classifier__base_estimator__n_estimators': 25, 'feature_extraction__n_lags': 5, 'feature_extraction__params': ('tsfresh', {'default_fc_parameters': {'variance_larger_than_standard_deviation': None, 'value_count': [{'value': -1}, {'value': 1}, {'value': 0}], 'time_reversal_asymmetry_statistic': [{'lag': 3}, {'lag': 2}], 'symmetry_looking': [{'r': 0.9500000000000001}, {'r': 0.9}, {'r': 0.8500000000000001}, {'r': 0.8}]}}), 'feature_selection__strategy': 'pca', 'feature_selection__threshold': 0.85, 'imputation__params': ('interpolate', ('spline', 2))}",0.47996810207336527,0.561890589569161,0.49340199042579996,0.5231934427546858,0.5634026574234546,0.5243713564492933,0.03424404596825839,565,0.808789225215218,0.7801501035196686,0.7473953287085481,0.713439944113429,0.7021355242768595,0.7503820251667446,0.03999725506263908
214.10842356681823,101.73376083987753,71.91785516738892,2.452216676038998,5,25,5,"('tsfresh', {'default_fc_parameters': {'variance_larger_than_standard_deviation': None, 'value_count': [{'value': -1}, {'value': 1}, {'value': 0}], 'time_reversal_asymmetry_statistic': [{'lag': 3}, {'lag': 2}], 'symmetry_looking': [{'r': 0.9500000000000001}, {'r': 0.9}, {'r': 0.8500000000000001}, {'r': 0.8}]}})",pca,0.85,"('ffill', None)","{'classifier__base_estimator__max_depth': 5, 'classifier__base_estimator__n_estimators': 25, 'feature_extraction__n_lags': 5, 'feature_extraction__params': ('tsfresh', {'default_fc_parameters': {'variance_larger_than_standard_deviation': None, 'value_count': [{'value': -1}, {'value': 1}, {'value': 0}], 'time_reversal_asymmetry_statistic': [{'lag': 3}, {'lag': 2}], 'symmetry_looking': [{'r': 0.9500000000000001}, {'r': 0.9}, {'r': 0.8500000000000001}, {'r': 0.8}]}}), 'feature_selection__strategy': 'pca', 'feature_selection__threshold': 0.85, 'imputation__params': ('ffill', None)}",0.47996810207336527,0.561890589569161,0.49340199042579996,0.5231934427546858,0.5634026574234546,0.5243713564492933,0.03424404596825839,565,0.808789225215218,0.7801501035196686,0.7473953287085481,0.713439944113429,0.7021355242768595,0.7503820251667446,0.03999725506263908
213.99278206825255,101.31466698873139,71.84453873634338,2.1769755444861483,5,25,5,"('tsfresh', {'default_fc_parameters': {'variance_larger_than_standard_deviation': None, 'value_count': [{'value': -1}, {'value': 1}, {'value': 0}], 'time_reversal_asymmetry_statistic': [{'lag': 3}, {'lag': 2}], 'symmetry_looking': [{'r': 0.9500000000000001}, {'r': 0.9}, {'r': 0.8500000000000001}, {'r': 0.8}]}})",pca,0.9,"('interpolate', 'linear')","{'classifier__base_estimator__max_depth': 5, 'classifier__base_estimator__n_estimators': 25, 'feature_extraction__n_lags': 5, 'feature_extraction__params': ('tsfresh', {'default_fc_parameters': {'variance_larger_than_standard_deviation': None, 'value_count': [{'value': -1}, {'value': 1}, {'value': 0}], 'time_reversal_asymmetry_statistic': [{'lag': 3}, {'lag': 2}], 'symmetry_looking': [{'r': 0.9500000000000001}, {'r': 0.9}, {'r': 0.8500000000000001}, {'r': 0.8}]}}), 'feature_selection__strategy': 'pca', 'feature_selection__threshold': 0.9, 'imputation__params': ('interpolate', 'linear')}",0.47996810207336527,0.561890589569161,0.49340199042579996,0.5231934427546858,0.5634026574234546,0.5243713564492933,0.03424404596825839,565,0.808789225215218,0.7801501035196686,0.7473953287085481,0.713439944113429,0.7021355242768595,0.7503820251667446,0.03999725506263908
214.2138325691223,101.78705082261905,72.17290935516357,1.8761852787657989,5,25,5,"('tsfresh', {'default_fc_parameters': {'variance_larger_than_standard_deviation': None, 'value_count': [{'value': -1}, {'value': 1}, {'value': 0}], 'time_reversal_asymmetry_statistic': [{'lag': 3}, {'lag': 2}], 'symmetry_looking': [{'r': 0.9500000000000001}, {'r': 0.9}, {'r': 0.8500000000000001}, {'r': 0.8}]}})",pca,0.9,"('interpolate', ('polynomial', 2))","{'classifier__base_estimator__max_depth': 5, 'classifier__base_estimator__n_estimators': 25, 'feature_extraction__n_lags': 5, 'feature_extraction__params': ('tsfresh', {'default_fc_parameters': {'variance_larger_than_standard_deviation': None, 'value_count': [{'value': -1}, {'value': 1}, {'value': 0}], 'time_reversal_asymmetry_statistic': [{'lag': 3}, {'lag': 2}], 'symmetry_looking': [{'r': 0.9500000000000001}, {'r': 0.9}, {'r': 0.8500000000000001}, {'r': 0.8}]}}), 'feature_selection__strategy': 'pca', 'feature_selection__threshold': 0.9, 'imputation__params': ('interpolate', ('polynomial', 2))}",0.47996810207336527,0.561890589569161,0.49340199042579996,0.5231934427546858,0.5634026574234546,0.5243713564492933,0.03424404596825839,565,0.808789225215218,0.7801501035196686,0.7473953287085481,0.713439944113429,0.7021355242768595,0.7503820251667446,0.03999725506263908
213.63078451156616,101.76477901150943,71.9671576976776,1.7430636024550037,5,25,5,"('tsfresh', {'default_fc_parameters': {'variance_larger_than_standard_deviation': None, 'value_count': [{'value': -1}, {'value': 1}, {'value': 0}], 'time_reversal_asymmetry_statistic': [{'lag': 3}, {'lag': 2}], 'symmetry_looking': [{'r': 0.9500000000000001}, {'r': 0.9}, {'r': 0.8500000000000001}, {'r': 0.8}]}})",pca,0.9,"('interpolate', ('spline', 2))","{'classifier__base_estimator__max_depth': 5, 'classifier__base_estimator__n_estimators': 25, 'feature_extraction__n_lags': 5, 'feature_extraction__params': ('tsfresh', {'default_fc_parameters': {'variance_larger_than_standard_deviation': None, 'value_count': [{'value': -1}, {'value': 1}, {'value': 0}], 'time_reversal_asymmetry_statistic': [{'lag': 3}, {'lag': 2}], 'symmetry_looking': [{'r': 0.9500000000000001}, {'r': 0.9}, {'r': 0.8500000000000001}, {'r': 0.8}]}}), 'feature_selection__strategy': 'pca', 'feature_selection__threshold': 0.9, 'imputation__params': ('interpolate', ('spline', 2))}",0.47996810207336527,0.561890589569161,0.49340199042579996,0.5231934427546858,0.5634026574234546,0.5243713564492933,0.03424404596825839,565,0.808789225215218,0.7801501035196686,0.7473953287085481,0.713439944113429,0.7021355242768595,0.7503820251667446,0.03999725506263908
213.9813585281372,101.27302257126367,72.09503469467163,1.9073048685191107,5,25,5,"('tsfresh', {'default_fc_parameters': {'variance_larger_than_standard_deviation': None, 'value_count': [{'value': -1}, {'value': 1}, {'value': 0}], 'time_reversal_asymmetry_statistic': [{'lag': 3}, {'lag': 2}], 'symmetry_looking': [{'r': 0.9500000000000001}, {'r': 0.9}, {'r': 0.8500000000000001}, {'r': 0.8}]}})",pca,0.9,"('ffill', None)","{'classifier__base_estimator__max_depth': 5, 'classifier__base_estimator__n_estimators': 25, 'feature_extraction__n_lags': 5, 'feature_extraction__params': ('tsfresh', {'default_fc_parameters': {'variance_larger_than_standard_deviation': None, 'value_count': [{'value': -1}, {'value': 1}, {'value': 0}], 'time_reversal_asymmetry_statistic': [{'lag': 3}, {'lag': 2}], 'symmetry_looking': [{'r': 0.9500000000000001}, {'r': 0.9}, {'r': 0.8500000000000001}, {'r': 0.8}]}}), 'feature_selection__strategy': 'pca', 'feature_selection__threshold': 0.9, 'imputation__params': ('ffill', None)}",0.47996810207336527,0.561890589569161,0.49340199042579996,0.5231934427546858,0.5634026574234546,0.5243713564492933,0.03424404596825839,565,0.808789225215218,0.7801501035196686,0.7473953287085481,0.713439944113429,0.7021355242768595,0.7503820251667446,0.03999725506263908
214.45557956695558,101.71659610909461,72.29959926605224,1.754226306280725,5,25,5,"('tsfresh', {'default_fc_parameters': {'variance_larger_than_standard_deviation': None, 'value_count': [{'value': -1}, {'value': 1}, {'value': 0}], 'time_reversal_asymmetry_statistic': [{'lag': 3}, {'lag': 2}], 'symmetry_looking': [{'r': 0.9500000000000001}, {'r': 0.9}, {'r': 0.8500000000000001}, {'r': 0.8}]}})",pca,0.95,"('interpolate', 'linear')","{'classifier__base_estimator__max_depth': 5, 'classifier__base_estimator__n_estimators': 25, 'feature_extraction__n_lags': 5, 'feature_extraction__params': ('tsfresh', {'default_fc_parameters': {'variance_larger_than_standard_deviation': None, 'value_count': [{'value': -1}, {'value': 1}, {'value': 0}], 'time_reversal_asymmetry_statistic': [{'lag': 3}, {'lag': 2}], 'symmetry_looking': [{'r': 0.9500000000000001}, {'r': 0.9}, {'r': 0.8500000000000001}, {'r': 0.8}]}}), 'feature_selection__strategy': 'pca', 'feature_selection__threshold': 0.95, 'imputation__params': ('interpolate', 'linear')}",0.47996810207336527,0.561890589569161,0.49340199042579996,0.5231934427546858,0.5634026574234546,0.5243713564492933,0.03424404596825839,565,0.808789225215218,0.7801501035196686,0.7473953287085481,0.713439944113429,0.7021355242768595,0.7503820251667446,0.03999725506263908
214.1463360786438,101.41954165846134,72.1868348121643,1.5257415311747982,5,25,5,"('tsfresh', {'default_fc_parameters': {'variance_larger_than_standard_deviation': None, 'value_count': [{'value': -1}, {'value': 1}, {'value': 0}], 'time_reversal_asymmetry_statistic': [{'lag': 3}, {'lag': 2}], 'symmetry_looking': [{'r': 0.9500000000000001}, {'r': 0.9}, {'r': 0.8500000000000001}, {'r': 0.8}]}})",pca,0.95,"('interpolate', ('polynomial', 2))","{'classifier__base_estimator__max_depth': 5, 'classifier__base_estimator__n_estimators': 25, 'feature_extraction__n_lags': 5, 'feature_extraction__params': ('tsfresh', {'default_fc_parameters': {'variance_larger_than_standard_deviation': None, 'value_count': [{'value': -1}, {'value': 1}, {'value': 0}], 'time_reversal_asymmetry_statistic': [{'lag': 3}, {'lag': 2}], 'symmetry_looking': [{'r': 0.9500000000000001}, {'r': 0.9}, {'r': 0.8500000000000001}, {'r': 0.8}]}}), 'feature_selection__strategy': 'pca', 'feature_selection__threshold': 0.95, 'imputation__params': ('interpolate', ('polynomial', 2))}",0.47996810207336527,0.561890589569161,0.49340199042579996,0.5231934427546858,0.5634026574234546,0.5243713564492933,0.03424404596825839,565,0.808789225215218,0.7801501035196686,0.7473953287085481,0.713439944113429,0.7021355242768595,0.7503820251667446,0.03999725506263908
213.9337628364563,100.8989631018387,72.18933343887329,2.160534752940255,5,25,5,"('tsfresh', {'default_fc_parameters': {'variance_larger_than_standard_deviation': None, 'value_count': [{'value': -1}, {'value': 1}, {'value': 0}], 'time_reversal_asymmetry_statistic': [{'lag': 3}, {'lag': 2}], 'symmetry_looking': [{'r': 0.9500000000000001}, {'r': 0.9}, {'r': 0.8500000000000001}, {'r': 0.8}]}})",pca,0.95,"('interpolate', ('spline', 2))","{'classifier__base_estimator__max_depth': 5, 'classifier__base_estimator__n_estimators': 25, 'feature_extraction__n_lags': 5, 'feature_extraction__params': ('tsfresh', {'default_fc_parameters': {'variance_larger_than_standard_deviation': None, 'value_count': [{'value': -1}, {'value': 1}, {'value': 0}], 'time_reversal_asymmetry_statistic': [{'lag': 3}, {'lag': 2}], 'symmetry_looking': [{'r': 0.9500000000000001}, {'r': 0.9}, {'r': 0.8500000000000001}, {'r': 0.8}]}}), 'feature_selection__strategy': 'pca', 'feature_selection__threshold': 0.95, 'imputation__params': ('interpolate', ('spline', 2))}",0.47996810207336527,0.561890589569161,0.49340199042579996,0.5231934427546858,0.5634026574234546,0.5243713564492933,0.03424404596825839,565,0.808789225215218,0.7801501035196686,0.7473953287085481,0.713439944113429,0.7021355242768595,0.7503820251667446,0.03999725506263908
214.76745357513428,101.41194266585627,72.7389714717865,1.8295581517068358,5,25,5,"('tsfresh', {'default_fc_parameters': {'variance_larger_than_standard_deviation': None, 'value_count': [{'value': -1}, {'value': 1}, {'value': 0}], 'time_reversal_asymmetry_statistic': [{'lag': 3}, {'lag': 2}], 'symmetry_looking': [{'r': 0.9500000000000001}, {'r': 0.9}, {'r': 0.8500000000000001}, {'r': 0.8}]}})",pca,0.95,"('ffill', None)","{'classifier__base_estimator__max_depth': 5, 'classifier__base_estimator__n_estimators': 25, 'feature_extraction__n_lags': 5, 'feature_extraction__params': ('tsfresh', {'default_fc_parameters': {'variance_larger_than_standard_deviation': None, 'value_count': [{'value': -1}, {'value': 1}, {'value': 0}], 'time_reversal_asymmetry_statistic': [{'lag': 3}, {'lag': 2}], 'symmetry_looking': [{'r': 0.9500000000000001}, {'r': 0.9}, {'r': 0.8500000000000001}, {'r': 0.8}]}}), 'feature_selection__strategy': 'pca', 'feature_selection__threshold': 0.95, 'imputation__params': ('ffill', None)}",0.47996810207336527,0.561890589569161,0.49340199042579996,0.5231934427546858,0.5634026574234546,0.5243713564492933,0.03424404596825839,565,0.808789225215218,0.7801501035196686,0.7473953287085481,0.713439944113429,0.7021355242768595,0.7503820251667446,0.03999725506263908
184.49728560447693,88.31433594553944,63.072669696807864,3.452906667228042,5,25,8,"('tsfresh', {'default_fc_parameters': {'variance_larger_than_standard_deviation': None, 'value_count': [{'value': -1}, {'value': 1}, {'value': 0}], 'time_reversal_asymmetry_statistic': [{'lag': 3}, {'lag': 2}], 'symmetry_looking': [{'r': 0.9500000000000001}, {'r': 0.9}, {'r': 0.8500000000000001}, {'r': 0.8}]}})",correlation,0.85,"('interpolate', 'linear')","{'classifier__base_estimator__max_depth': 5, 'classifier__base_estimator__n_estimators': 25, 'feature_extraction__n_lags': 8, 'feature_extraction__params': ('tsfresh', {'default_fc_parameters': {'variance_larger_than_standard_deviation': None, 'value_count': [{'value': -1}, {'value': 1}, {'value': 0}], 'time_reversal_asymmetry_statistic': [{'lag': 3}, {'lag': 2}], 'symmetry_looking': [{'r': 0.9500000000000001}, {'r': 0.9}, {'r': 0.8500000000000001}, {'r': 0.8}]}}), 'feature_selection__strategy': 'correlation', 'feature_selection__threshold': 0.85, 'imputation__params': ('interpolate', 'linear')}",0.5299024640657084,0.6230889925973608,0.6160761385616318,0.7088149688149689,0.6095811051693405,0.6174927338418021,0.0567586551680729,61,0.978108003108003,0.9657001844457507,0.9488919667590028,0.939173604860486,0.9155988252254827,0.9494945168797451,0.021620164012665203
184.48631830215453,88.01412985203865,62.8165680885315,3.922295210079249,5,25,8,"('tsfresh', {'default_fc_parameters': {'variance_larger_than_standard_deviation': None, 'value_count': [{'value': -1}, {'value': 1}, {'value': 0}], 'time_reversal_asymmetry_statistic': [{'lag': 3}, {'lag': 2}], 'symmetry_looking': [{'r': 0.9500000000000001}, {'r': 0.9}, {'r': 0.8500000000000001}, {'r': 0.8}]}})",correlation,0.85,"('interpolate', ('polynomial', 2))","{'classifier__base_estimator__max_depth': 5, 'classifier__base_estimator__n_estimators': 25, 'feature_extraction__n_lags': 8, 'feature_extraction__params': ('tsfresh', {'default_fc_parameters': {'variance_larger_than_standard_deviation': None, 'value_count': [{'value': -1}, {'value': 1}, {'value': 0}], 'time_reversal_asymmetry_statistic': [{'lag': 3}, {'lag': 2}], 'symmetry_looking': [{'r': 0.9500000000000001}, {'r': 0.9}, {'r': 0.8500000000000001}, {'r': 0.8}]}}), 'feature_selection__strategy': 'correlation', 'feature_selection__threshold': 0.85, 'imputation__params': ('interpolate', ('polynomial', 2))}",0.5299024640657084,0.6230889925973608,0.6160761385616318,0.7088149688149689,0.6095811051693405,0.6174927338418021,0.0567586551680729,61,0.978108003108003,0.9657001844457507,0.9488919667590028,0.939173604860486,0.9155988252254827,0.9494945168797451,0.021620164012665203
183.46219263076782,87.95172482149916,62.89350094795227,3.62779705080155,5,25,8,"('tsfresh', {'default_fc_parameters': {'variance_larger_than_standard_deviation': None, 'value_count': [{'value': -1}, {'value': 1}, {'value': 0}], 'time_reversal_asymmetry_statistic': [{'lag': 3}, {'lag': 2}], 'symmetry_looking': [{'r': 0.9500000000000001}, {'r': 0.9}, {'r': 0.8500000000000001}, {'r': 0.8}]}})",correlation,0.85,"('interpolate', ('spline', 2))","{'classifier__base_estimator__max_depth': 5, 'classifier__base_estimator__n_estimators': 25, 'feature_extraction__n_lags': 8, 'feature_extraction__params': ('tsfresh', {'default_fc_parameters': {'variance_larger_than_standard_deviation': None, 'value_count': [{'value': -1}, {'value': 1}, {'value': 0}], 'time_reversal_asymmetry_statistic': [{'lag': 3}, {'lag': 2}], 'symmetry_looking': [{'r': 0.9500000000000001}, {'r': 0.9}, {'r': 0.8500000000000001}, {'r': 0.8}]}}), 'feature_selection__strategy': 'correlation', 'feature_selection__threshold': 0.85, 'imputation__params': ('interpolate', ('spline', 2))}",0.5299024640657084,0.6230889925973608,0.6160761385616318,0.7088149688149689,0.6095811051693405,0.6174927338418021,0.0567586551680729,61,0.978108003108003,0.9657001844457507,0.9488919667590028,0.939173604860486,0.9155988252254827,0.9494945168797451,0.021620164012665203
184.64520649909974,89.57706357259147,62.7605815410614,3.624107034778618,5,25,8,"('tsfresh', {'default_fc_parameters': {'variance_larger_than_standard_deviation': None, 'value_count': [{'value': -1}, {'value': 1}, {'value': 0}], 'time_reversal_asymmetry_statistic': [{'lag': 3}, {'lag': 2}], 'symmetry_looking': [{'r': 0.9500000000000001}, {'r': 0.9}, {'r': 0.8500000000000001}, {'r': 0.8}]}})",correlation,0.85,"('ffill', None)","{'classifier__base_estimator__max_depth': 5, 'classifier__base_estimator__n_estimators': 25, 'feature_extraction__n_lags': 8, 'feature_extraction__params': ('tsfresh', {'default_fc_parameters': {'variance_larger_than_standard_deviation': None, 'value_count': [{'value': -1}, {'value': 1}, {'value': 0}], 'time_reversal_asymmetry_statistic': [{'lag': 3}, {'lag': 2}], 'symmetry_looking': [{'r': 0.9500000000000001}, {'r': 0.9}, {'r': 0.8500000000000001}, {'r': 0.8}]}}), 'feature_selection__strategy': 'correlation', 'feature_selection__threshold': 0.85, 'imputation__params': ('ffill', None)}",0.5299024640657084,0.6230889925973608,0.6160761385616318,0.7088149688149689,0.6095811051693405,0.6174927338418021,0.0567586551680729,61,0.978108003108003,0.9657001844457507,0.9488919667590028,0.939173604860486,0.9155988252254827,0.9494945168797451,0.021620164012665203
183.94677662849426,87.02076989890078,63.60280051231384,3.5435863964116674,5,25,8,"('tsfresh', {'default_fc_parameters': {'variance_larger_than_standard_deviation': None, 'value_count': [{'value': -1}, {'value': 1}, {'value': 0}], 'time_reversal_asymmetry_statistic': [{'lag': 3}, {'lag': 2}], 'symmetry_looking': [{'r': 0.9500000000000001}, {'r': 0.9}, {'r': 0.8500000000000001}, {'r': 0.8}]}})",correlation,0.9,"('interpolate', 'linear')","{'classifier__base_estimator__max_depth': 5, 'classifier__base_estimator__n_estimators': 25, 'feature_extraction__n_lags': 8, 'feature_extraction__params': ('tsfresh', {'default_fc_parameters': {'variance_larger_than_standard_deviation': None, 'value_count': [{'value': -1}, {'value': 1}, {'value': 0}], 'time_reversal_asymmetry_statistic': [{'lag': 3}, {'lag': 2}], 'symmetry_looking': [{'r': 0.9500000000000001}, {'r': 0.9}, {'r': 0.8500000000000001}, {'r': 0.8}]}}), 'feature_selection__strategy': 'correlation', 'feature_selection__threshold': 0.9, 'imputation__params': ('interpolate', 'linear')}",0.5193574606433949,0.6246177985194722,0.604954281695094,0.6802217602217603,0.6059826203208556,0.6070267842801154,0.051687995003339024,157,0.9803613053613054,0.9682489814946187,0.9540277901885443,0.9401478500122739,0.9124682775136719,0.9510508409140828,0.0235424340359027
184.81237907409667,87.92120028494526,62.64865522384643,3.3605727797903207,5,25,8,"('tsfresh', {'default_fc_parameters': {'variance_larger_than_standard_deviation': None, 'value_count': [{'value': -1}, {'value': 1}, {'value': 0}], 'time_reversal_asymmetry_statistic': [{'lag': 3}, {'lag': 2}], 'symmetry_looking': [{'r': 0.9500000000000001}, {'r': 0.9}, {'r': 0.8500000000000001}, {'r': 0.8}]}})",correlation,0.9,"('interpolate', ('polynomial', 2))","{'classifier__base_estimator__max_depth': 5, 'classifier__base_estimator__n_estimators': 25, 'feature_extraction__n_lags': 8, 'feature_extraction__params': ('tsfresh', {'default_fc_parameters': {'variance_larger_than_standard_deviation': None, 'value_count': [{'value': -1}, {'value': 1}, {'value': 0}], 'time_reversal_asymmetry_statistic': [{'lag': 3}, {'lag': 2}], 'symmetry_looking': [{'r': 0.9500000000000001}, {'r': 0.9}, {'r': 0.8500000000000001}, {'r': 0.8}]}}), 'feature_selection__strategy': 'correlation', 'feature_selection__threshold': 0.9, 'imputation__params': ('interpolate', ('polynomial', 2))}",0.5193574606433949,0.6246177985194722,0.604954281695094,0.6802217602217603,0.6059826203208556,0.6070267842801154,0.051687995003339024,157,0.9803613053613054,0.9682489814946187,0.9540277901885443,0.9401478500122739,0.9124682775136719,0.9510508409140828,0.0235424340359027
184.20069980621338,88.1242959119295,62.535906600952146,3.68726455011948,5,25,8,"('tsfresh', {'default_fc_parameters': {'variance_larger_than_standard_deviation': None, 'value_count': [{'value': -1}, {'value': 1}, {'value': 0}], 'time_reversal_asymmetry_statistic': [{'lag': 3}, {'lag': 2}], 'symmetry_looking': [{'r': 0.9500000000000001}, {'r': 0.9}, {'r': 0.8500000000000001}, {'r': 0.8}]}})",correlation,0.9,"('interpolate', ('spline', 2))","{'classifier__base_estimator__max_depth': 5, 'classifier__base_estimator__n_estimators': 25, 'feature_extraction__n_lags': 8, 'feature_extraction__params': ('tsfresh', {'default_fc_parameters': {'variance_larger_than_standard_deviation': None, 'value_count': [{'value': -1}, {'value': 1}, {'value': 0}], 'time_reversal_asymmetry_statistic': [{'lag': 3}, {'lag': 2}], 'symmetry_looking': [{'r': 0.9500000000000001}, {'r': 0.9}, {'r': 0.8500000000000001}, {'r': 0.8}]}}), 'feature_selection__strategy': 'correlation', 'feature_selection__threshold': 0.9, 'imputation__params': ('interpolate', ('spline', 2))}",0.5193574606433949,0.6246177985194722,0.604954281695094,0.6802217602217603,0.6059826203208556,0.6070267842801154,0.051687995003339024,157,0.9803613053613054,0.9682489814946187,0.9540277901885443,0.9401478500122739,0.9124682775136719,0.9510508409140828,0.0235424340359027
183.89147267341613,88.0553470996407,62.67600588798523,3.325911674753012,5,25,8,"('tsfresh', {'default_fc_parameters': {'variance_larger_than_standard_deviation': None, 'value_count': [{'value': -1}, {'value': 1}, {'value': 0}], 'time_reversal_asymmetry_statistic': [{'lag': 3}, {'lag': 2}], 'symmetry_looking': [{'r': 0.9500000000000001}, {'r': 0.9}, {'r': 0.8500000000000001}, {'r': 0.8}]}})",correlation,0.9,"('ffill', None)","{'classifier__base_estimator__max_depth': 5, 'classifier__base_estimator__n_estimators': 25, 'feature_extraction__n_lags': 8, 'feature_extraction__params': ('tsfresh', {'default_fc_parameters': {'variance_larger_than_standard_deviation': None, 'value_count': [{'value': -1}, {'value': 1}, {'value': 0}], 'time_reversal_asymmetry_statistic': [{'lag': 3}, {'lag': 2}], 'symmetry_looking': [{'r': 0.9500000000000001}, {'r': 0.9}, {'r': 0.8500000000000001}, {'r': 0.8}]}}), 'feature_selection__strategy': 'correlation', 'feature_selection__threshold': 0.9, 'imputation__params': ('ffill', None)}",0.5193574606433949,0.6246177985194722,0.604954281695094,0.6802217602217603,0.6059826203208556,0.6070267842801154,0.051687995003339024,157,0.9803613053613054,0.9682489814946187,0.9540277901885443,0.9401478500122739,0.9124682775136719,0.9510508409140828,0.0235424340359027
184.45871515274047,88.19464378271755,63.1679162979126,2.5742484462475907,5,25,8,"('tsfresh', {'default_fc_parameters': {'variance_larger_than_standard_deviation': None, 'value_count': [{'value': -1}, {'value': 1}, {'value': 0}], 'time_reversal_asymmetry_statistic': [{'lag': 3}, {'lag': 2}], 'symmetry_looking': [{'r': 0.9500000000000001}, {'r': 0.9}, {'r': 0.8500000000000001}, {'r': 0.8}]}})",correlation,0.95,"('interpolate', 'linear')","{'classifier__base_estimator__max_depth': 5, 'classifier__base_estimator__n_estimators': 25, 'feature_extraction__n_lags': 8, 'feature_extraction__params': ('tsfresh', {'default_fc_parameters': {'variance_larger_than_standard_deviation': None, 'value_count': [{'value': -1}, {'value': 1}, {'value': 0}], 'time_reversal_asymmetry_statistic': [{'lag': 3}, {'lag': 2}], 'symmetry_looking': [{'r': 0.9500000000000001}, {'r': 0.9}, {'r': 0.8500000000000001}, {'r': 0.8}]}}), 'feature_selection__strategy': 'correlation', 'feature_selection__threshold': 0.95, 'imputation__params': ('interpolate', 'linear')}",0.5131759069130732,0.623109108464757,0.6310664673817479,0.6764795564795564,0.5651069518716578,0.6017875982221584,0.05672433209824787,201,0.9796037296037297,0.9637037112106532,0.950755071039228,0.9392170751166025,0.9263487269304548,0.9519256627801337,0.018557240855295448
183.45738997459412,87.81640700976293,63.14645476341248,3.7548182651499027,5,25,8,"('tsfresh', {'default_fc_parameters': {'variance_larger_than_standard_deviation': None, 'value_count': [{'value': -1}, {'value': 1}, {'value': 0}], 'time_reversal_asymmetry_statistic': [{'lag': 3}, {'lag': 2}], 'symmetry_looking': [{'r': 0.9500000000000001}, {'r': 0.9}, {'r': 0.8500000000000001}, {'r': 0.8}]}})",correlation,0.95,"('interpolate', ('polynomial', 2))","{'classifier__base_estimator__max_depth': 5, 'classifier__base_estimator__n_estimators': 25, 'feature_extraction__n_lags': 8, 'feature_extraction__params': ('tsfresh', {'default_fc_parameters': {'variance_larger_than_standard_deviation': None, 'value_count': [{'value': -1}, {'value': 1}, {'value': 0}], 'time_reversal_asymmetry_statistic': [{'lag': 3}, {'lag': 2}], 'symmetry_looking': [{'r': 0.9500000000000001}, {'r': 0.9}, {'r': 0.8500000000000001}, {'r': 0.8}]}}), 'feature_selection__strategy': 'correlation', 'feature_selection__threshold': 0.95, 'imputation__params': ('interpolate', ('polynomial', 2))}",0.5131759069130732,0.623109108464757,0.6310664673817479,0.6764795564795564,0.5651069518716578,0.6017875982221584,0.05672433209824787,201,0.9796037296037297,0.9637037112106532,0.950755071039228,0.9392170751166025,0.9263487269304548,0.9519256627801337,0.018557240855295448
184.16112022399903,87.54845547740295,62.76970672607422,3.263676035494494,5,25,8,"('tsfresh', {'default_fc_parameters': {'variance_larger_than_standard_deviation': None, 'value_count': [{'value': -1}, {'value': 1}, {'value': 0}], 'time_reversal_asymmetry_statistic': [{'lag': 3}, {'lag': 2}], 'symmetry_looking': [{'r': 0.9500000000000001}, {'r': 0.9}, {'r': 0.8500000000000001}, {'r': 0.8}]}})",correlation,0.95,"('interpolate', ('spline', 2))","{'classifier__base_estimator__max_depth': 5, 'classifier__base_estimator__n_estimators': 25, 'feature_extraction__n_lags': 8, 'feature_extraction__params': ('tsfresh', {'default_fc_parameters': {'variance_larger_than_standard_deviation': None, 'value_count': [{'value': -1}, {'value': 1}, {'value': 0}], 'time_reversal_asymmetry_statistic': [{'lag': 3}, {'lag': 2}], 'symmetry_looking': [{'r': 0.9500000000000001}, {'r': 0.9}, {'r': 0.8500000000000001}, {'r': 0.8}]}}), 'feature_selection__strategy': 'correlation', 'feature_selection__threshold': 0.95, 'imputation__params': ('interpolate', ('spline', 2))}",0.5131759069130732,0.623109108464757,0.6310664673817479,0.6764795564795564,0.5651069518716578,0.6017875982221584,0.05672433209824787,201,0.9796037296037297,0.9637037112106532,0.950755071039228,0.9392170751166025,0.9263487269304548,0.9519256627801337,0.018557240855295448
183.77336010932922,87.56970923611377,63.16180205345154,3.2213457296822394,5,25,8,"('tsfresh', {'default_fc_parameters': {'variance_larger_than_standard_deviation': None, 'value_count': [{'value': -1}, {'value': 1}, {'value': 0}], 'time_reversal_asymmetry_statistic': [{'lag': 3}, {'lag': 2}], 'symmetry_looking': [{'r': 0.9500000000000001}, {'r': 0.9}, {'r': 0.8500000000000001}, {'r': 0.8}]}})",correlation,0.95,"('ffill', None)","{'classifier__base_estimator__max_depth': 5, 'classifier__base_estimator__n_estimators': 25, 'feature_extraction__n_lags': 8, 'feature_extraction__params': ('tsfresh', {'default_fc_parameters': {'variance_larger_than_standard_deviation': None, 'value_count': [{'value': -1}, {'value': 1}, {'value': 0}], 'time_reversal_asymmetry_statistic': [{'lag': 3}, {'lag': 2}], 'symmetry_looking': [{'r': 0.9500000000000001}, {'r': 0.9}, {'r': 0.8500000000000001}, {'r': 0.8}]}}), 'feature_selection__strategy': 'correlation', 'feature_selection__threshold': 0.95, 'imputation__params': ('ffill', None)}",0.5131759069130732,0.623109108464757,0.6310664673817479,0.6764795564795564,0.5651069518716578,0.6017875982221584,0.05672433209824787,201,0.9796037296037297,0.9637037112106532,0.950755071039228,0.9392170751166025,0.9263487269304548,0.9519256627801337,0.018557240855295448
183.30853109359742,87.74943363194537,62.5308030128479,3.3438759587449245,5,25,8,"('tsfresh', {'default_fc_parameters': {'variance_larger_than_standard_deviation': None, 'value_count': [{'value': -1}, {'value': 1}, {'value': 0}], 'time_reversal_asymmetry_statistic': [{'lag': 3}, {'lag': 2}], 'symmetry_looking': [{'r': 0.9500000000000001}, {'r': 0.9}, {'r': 0.8500000000000001}, {'r': 0.8}]}})",pca,0.85,"('interpolate', 'linear')","{'classifier__base_estimator__max_depth': 5, 'classifier__base_estimator__n_estimators': 25, 'feature_extraction__n_lags': 8, 'feature_extraction__params': ('tsfresh', {'default_fc_parameters': {'variance_larger_than_standard_deviation': None, 'value_count': [{'value': -1}, {'value': 1}, {'value': 0}], 'time_reversal_asymmetry_statistic': [{'lag': 3}, {'lag': 2}], 'symmetry_looking': [{'r': 0.9500000000000001}, {'r': 0.9}, {'r': 0.8500000000000001}, {'r': 0.8}]}}), 'feature_selection__strategy': 'pca', 'feature_selection__threshold': 0.85, 'imputation__params': ('interpolate', 'linear')}",0.5222022587268994,0.564592050209205,0.4696456831369791,0.5123215523215523,0.5674688057040997,0.5272460700197471,0.03627279016610335,517,0.7994366744366744,0.7833421164643168,0.7522652131176839,0.7200016876687669,0.7075291012855798,0.7525149585946045,0.03530683672269781
184.85039367675782,88.10512078749738,63.15445795059204,2.8502702687134107,5,25,8,"('tsfresh', {'default_fc_parameters': {'variance_larger_than_standard_deviation': None, 'value_count': [{'value': -1}, {'value': 1}, {'value': 0}], 'time_reversal_asymmetry_statistic': [{'lag': 3}, {'lag': 2}], 'symmetry_looking': [{'r': 0.9500000000000001}, {'r': 0.9}, {'r': 0.8500000000000001}, {'r': 0.8}]}})",pca,0.85,"('interpolate', ('polynomial', 2))","{'classifier__base_estimator__max_depth': 5, 'classifier__base_estimator__n_estimators': 25, 'feature_extraction__n_lags': 8, 'feature_extraction__params': ('tsfresh', {'default_fc_parameters': {'variance_larger_than_standard_deviation': None, 'value_count': [{'value': -1}, {'value': 1}, {'value': 0}], 'time_reversal_asymmetry_statistic': [{'lag': 3}, {'lag': 2}], 'symmetry_looking': [{'r': 0.9500000000000001}, {'r': 0.9}, {'r': 0.8500000000000001}, {'r': 0.8}]}}), 'feature_selection__strategy': 'pca', 'feature_selection__threshold': 0.85, 'imputation__params': ('interpolate', ('polynomial', 2))}",0.5222022587268994,0.564592050209205,0.4696456831369791,0.5123215523215523,0.5674688057040997,0.5272460700197471,0.03627279016610335,517,0.7994366744366744,0.7833421164643168,0.7522652131176839,0.7200016876687669,0.7075291012855798,0.7525149585946045,0.03530683672269781
183.70403056144715,88.09678553889368,63.032874727249144,3.425997491339027,5,25,8,"('tsfresh', {'default_fc_parameters': {'variance_larger_than_standard_deviation': None, 'value_count': [{'value': -1}, {'value': 1}, {'value': 0}], 'time_reversal_asymmetry_statistic': [{'lag': 3}, {'lag': 2}], 'symmetry_looking': [{'r': 0.9500000000000001}, {'r': 0.9}, {'r': 0.8500000000000001}, {'r': 0.8}]}})",pca,0.85,"('interpolate', ('spline', 2))","{'classifier__base_estimator__max_depth': 5, 'classifier__base_estimator__n_estimators': 25, 'feature_extraction__n_lags': 8, 'feature_extraction__params': ('tsfresh', {'default_fc_parameters': {'variance_larger_than_standard_deviation': None, 'value_count': [{'value': -1}, {'value': 1}, {'value': 0}], 'time_reversal_asymmetry_statistic': [{'lag': 3}, {'lag': 2}], 'symmetry_looking': [{'r': 0.9500000000000001}, {'r': 0.9}, {'r': 0.8500000000000001}, {'r': 0.8}]}}), 'feature_selection__strategy': 'pca', 'feature_selection__threshold': 0.85, 'imputation__params': ('interpolate', ('spline', 2))}",0.5222022587268994,0.564592050209205,0.4696456831369791,0.5123215523215523,0.5674688057040997,0.5272460700197471,0.03627279016610335,517,0.7994366744366744,0.7833421164643168,0.7522652131176839,0.7200016876687669,0.7075291012855798,0.7525149585946045,0.03530683672269781
184.4812487602234,88.19635196221077,63.0551821231842,3.3220356951932084,5,25,8,"('tsfresh', {'default_fc_parameters': {'variance_larger_than_standard_deviation': None, 'value_count': [{'value': -1}, {'value': 1}, {'value': 0}], 'time_reversal_asymmetry_statistic': [{'lag': 3}, {'lag': 2}], 'symmetry_looking': [{'r': 0.9500000000000001}, {'r': 0.9}, {'r': 0.8500000000000001}, {'r': 0.8}]}})",pca,0.85,"('ffill', None)","{'classifier__base_estimator__max_depth': 5, 'classifier__base_estimator__n_estimators': 25, 'feature_extraction__n_lags': 8, 'feature_extraction__params': ('tsfresh', {'default_fc_parameters': {'variance_larger_than_standard_deviation': None, 'value_count': [{'value': -1}, {'value': 1}, {'value': 0}], 'time_reversal_asymmetry_statistic': [{'lag': 3}, {'lag': 2}], 'symmetry_looking': [{'r': 0.9500000000000001}, {'r': 0.9}, {'r': 0.8500000000000001}, {'r': 0.8}]}}), 'feature_selection__strategy': 'pca', 'feature_selection__threshold': 0.85, 'imputation__params': ('ffill', None)}",0.5222022587268994,0.564592050209205,0.4696456831369791,0.5123215523215523,0.5674688057040997,0.5272460700197471,0.03627279016610335,517,0.7994366744366744,0.7833421164643168,0.7522652131176839,0.7200016876687669,0.7075291012855798,0.7525149585946045,0.03530683672269781
183.72349853515624,87.95915919789273,63.155892276763915,3.240942927794515,5,25,8,"('tsfresh', {'default_fc_parameters': {'variance_larger_than_standard_deviation': None, 'value_count': [{'value': -1}, {'value': 1}, {'value': 0}], 'time_reversal_asymmetry_statistic': [{'lag': 3}, {'lag': 2}], 'symmetry_looking': [{'r': 0.9500000000000001}, {'r': 0.9}, {'r': 0.8500000000000001}, {'r': 0.8}]}})",pca,0.9,"('interpolate', 'linear')","{'classifier__base_estimator__max_depth': 5, 'classifier__base_estimator__n_estimators': 25, 'feature_extraction__n_lags': 8, 'feature_extraction__params': ('tsfresh', {'default_fc_parameters': {'variance_larger_than_standard_deviation': None, 'value_count': [{'value': -1}, {'value': 1}, {'value': 0}], 'time_reversal_asymmetry_statistic': [{'lag': 3}, {'lag': 2}], 'symmetry_looking': [{'r': 0.9500000000000001}, {'r': 0.9}, {'r': 0.8500000000000001}, {'r': 0.8}]}}), 'feature_selection__strategy': 'pca', 'feature_selection__threshold': 0.9, 'imputation__params': ('interpolate', 'linear')}",0.5222022587268994,0.564592050209205,0.4696456831369791,0.5123215523215523,0.5674688057040997,0.5272460700197471,0.03627279016610335,517,0.7994366744366744,0.7833421164643168,0.7522652131176839,0.7200016876687669,0.7075291012855798,0.7525149585946045,0.03530683672269781
183.51560678482056,87.52070068216265,63.0196771144867,3.437964414870579,5,25,8,"('tsfresh', {'default_fc_parameters': {'variance_larger_than_standard_deviation': None, 'value_count': [{'value': -1}, {'value': 1}, {'value': 0}], 'time_reversal_asymmetry_statistic': [{'lag': 3}, {'lag': 2}], 'symmetry_looking': [{'r': 0.9500000000000001}, {'r': 0.9}, {'r': 0.8500000000000001}, {'r': 0.8}]}})",pca,0.9,"('interpolate', ('polynomial', 2))","{'classifier__base_estimator__max_depth': 5, 'classifier__base_estimator__n_estimators': 25, 'feature_extraction__n_lags': 8, 'feature_extraction__params': ('tsfresh', {'default_fc_parameters': {'variance_larger_than_standard_deviation': None, 'value_count': [{'value': -1}, {'value': 1}, {'value': 0}], 'time_reversal_asymmetry_statistic': [{'lag': 3}, {'lag': 2}], 'symmetry_looking': [{'r': 0.9500000000000001}, {'r': 0.9}, {'r': 0.8500000000000001}, {'r': 0.8}]}}), 'feature_selection__strategy': 'pca', 'feature_selection__threshold': 0.9, 'imputation__params': ('interpolate', ('polynomial', 2))}",0.5222022587268994,0.564592050209205,0.4696456831369791,0.5123215523215523,0.5674688057040997,0.5272460700197471,0.03627279016610335,517,0.7994366744366744,0.7833421164643168,0.7522652131176839,0.7200016876687669,0.7075291012855798,0.7525149585946045,0.03530683672269781
183.57320823669434,88.1782685752117,63.14600605964661,3.286204366133202,5,25,8,"('tsfresh', {'default_fc_parameters': {'variance_larger_than_standard_deviation': None, 'value_count': [{'value': -1}, {'value': 1}, {'value': 0}], 'time_reversal_asymmetry_statistic': [{'lag': 3}, {'lag': 2}], 'symmetry_looking': [{'r': 0.9500000000000001}, {'r': 0.9}, {'r': 0.8500000000000001}, {'r': 0.8}]}})",pca,0.9,"('interpolate', ('spline', 2))","{'classifier__base_estimator__max_depth': 5, 'classifier__base_estimator__n_estimators': 25, 'feature_extraction__n_lags': 8, 'feature_extraction__params': ('tsfresh', {'default_fc_parameters': {'variance_larger_than_standard_deviation': None, 'value_count': [{'value': -1}, {'value': 1}, {'value': 0}], 'time_reversal_asymmetry_statistic': [{'lag': 3}, {'lag': 2}], 'symmetry_looking': [{'r': 0.9500000000000001}, {'r': 0.9}, {'r': 0.8500000000000001}, {'r': 0.8}]}}), 'feature_selection__strategy': 'pca', 'feature_selection__threshold': 0.9, 'imputation__params': ('interpolate', ('spline', 2))}",0.5222022587268994,0.564592050209205,0.4696456831369791,0.5123215523215523,0.5674688057040997,0.5272460700197471,0.03627279016610335,517,0.7994366744366744,0.7833421164643168,0.7522652131176839,0.7200016876687669,0.7075291012855798,0.7525149585946045,0.03530683672269781
182.78650183677672,87.21407843168252,62.65837292671203,3.4458998766133773,5,25,8,"('tsfresh', {'default_fc_parameters': {'variance_larger_than_standard_deviation': None, 'value_count': [{'value': -1}, {'value': 1}, {'value': 0}], 'time_reversal_asymmetry_statistic': [{'lag': 3}, {'lag': 2}], 'symmetry_looking': [{'r': 0.9500000000000001}, {'r': 0.9}, {'r': 0.8500000000000001}, {'r': 0.8}]}})",pca,0.9,"('ffill', None)","{'classifier__base_estimator__max_depth': 5, 'classifier__base_estimator__n_estimators': 25, 'feature_extraction__n_lags': 8, 'feature_extraction__params': ('tsfresh', {'default_fc_parameters': {'variance_larger_than_standard_deviation': None, 'value_count': [{'value': -1}, {'value': 1}, {'value': 0}], 'time_reversal_asymmetry_statistic': [{'lag': 3}, {'lag': 2}], 'symmetry_looking': [{'r': 0.9500000000000001}, {'r': 0.9}, {'r': 0.8500000000000001}, {'r': 0.8}]}}), 'feature_selection__strategy': 'pca', 'feature_selection__threshold': 0.9, 'imputation__params': ('ffill', None)}",0.5222022587268994,0.564592050209205,0.4696456831369791,0.5123215523215523,0.5674688057040997,0.5272460700197471,0.03627279016610335,517,0.7994366744366744,0.7833421164643168,0.7522652131176839,0.7200016876687669,0.7075291012855798,0.7525149585946045,0.03530683672269781
183.88437542915344,88.61245495246426,63.51078667640686,3.224096595155401,5,25,8,"('tsfresh', {'default_fc_parameters': {'variance_larger_than_standard_deviation': None, 'value_count': [{'value': -1}, {'value': 1}, {'value': 0}], 'time_reversal_asymmetry_statistic': [{'lag': 3}, {'lag': 2}], 'symmetry_looking': [{'r': 0.9500000000000001}, {'r': 0.9}, {'r': 0.8500000000000001}, {'r': 0.8}]}})",pca,0.95,"('interpolate', 'linear')","{'classifier__base_estimator__max_depth': 5, 'classifier__base_estimator__n_estimators': 25, 'feature_extraction__n_lags': 8, 'feature_extraction__params': ('tsfresh', {'default_fc_parameters': {'variance_larger_than_standard_deviation': None, 'value_count': [{'value': -1}, {'value': 1}, {'value': 0}], 'time_reversal_asymmetry_statistic': [{'lag': 3}, {'lag': 2}], 'symmetry_looking': [{'r': 0.9500000000000001}, {'r': 0.9}, {'r': 0.8500000000000001}, {'r': 0.8}]}}), 'feature_selection__strategy': 'pca', 'feature_selection__threshold': 0.95, 'imputation__params': ('interpolate', 'linear')}",0.5222022587268994,0.564592050209205,0.4696456831369791,0.5123215523215523,0.5674688057040997,0.5272460700197471,0.03627279016610335,517,0.7994366744366744,0.7833421164643168,0.7522652131176839,0.7200016876687669,0.7075291012855798,0.7525149585946045,0.03530683672269781
184.28245120048524,88.15001944633164,63.384682941436765,3.2528637424373947,5,25,8,"('tsfresh', {'default_fc_parameters': {'variance_larger_than_standard_deviation': None, 'value_count': [{'value': -1}, {'value': 1}, {'value': 0}], 'time_reversal_asymmetry_statistic': [{'lag': 3}, {'lag': 2}], 'symmetry_looking': [{'r': 0.9500000000000001}, {'r': 0.9}, {'r': 0.8500000000000001}, {'r': 0.8}]}})",pca,0.95,"('interpolate', ('polynomial', 2))","{'classifier__base_estimator__max_depth': 5, 'classifier__base_estimator__n_estimators': 25, 'feature_extraction__n_lags': 8, 'feature_extraction__params': ('tsfresh', {'default_fc_parameters': {'variance_larger_than_standard_deviation': None, 'value_count': [{'value': -1}, {'value': 1}, {'value': 0}], 'time_reversal_asymmetry_statistic': [{'lag': 3}, {'lag': 2}], 'symmetry_looking': [{'r': 0.9500000000000001}, {'r': 0.9}, {'r': 0.8500000000000001}, {'r': 0.8}]}}), 'feature_selection__strategy': 'pca', 'feature_selection__threshold': 0.95, 'imputation__params': ('interpolate', ('polynomial', 2))}",0.5222022587268994,0.564592050209205,0.4696456831369791,0.5123215523215523,0.5674688057040997,0.5272460700197471,0.03627279016610335,517,0.7994366744366744,0.7833421164643168,0.7522652131176839,0.7200016876687669,0.7075291012855798,0.7525149585946045,0.03530683672269781
184.52817611694337,87.24102500405111,63.18549509048462,3.438668626711332,5,25,8,"('tsfresh', {'default_fc_parameters': {'variance_larger_than_standard_deviation': None, 'value_count': [{'value': -1}, {'value': 1}, {'value': 0}], 'time_reversal_asymmetry_statistic': [{'lag': 3}, {'lag': 2}], 'symmetry_looking': [{'r': 0.9500000000000001}, {'r': 0.9}, {'r': 0.8500000000000001}, {'r': 0.8}]}})",pca,0.95,"('interpolate', ('spline', 2))","{'classifier__base_estimator__max_depth': 5, 'classifier__base_estimator__n_estimators': 25, 'feature_extraction__n_lags': 8, 'feature_extraction__params': ('tsfresh', {'default_fc_parameters': {'variance_larger_than_standard_deviation': None, 'value_count': [{'value': -1}, {'value': 1}, {'value': 0}], 'time_reversal_asymmetry_statistic': [{'lag': 3}, {'lag': 2}], 'symmetry_looking': [{'r': 0.9500000000000001}, {'r': 0.9}, {'r': 0.8500000000000001}, {'r': 0.8}]}}), 'feature_selection__strategy': 'pca', 'feature_selection__threshold': 0.95, 'imputation__params': ('interpolate', ('spline', 2))}",0.5222022587268994,0.564592050209205,0.4696456831369791,0.5123215523215523,0.5674688057040997,0.5272460700197471,0.03627279016610335,517,0.7994366744366744,0.7833421164643168,0.7522652131176839,0.7200016876687669,0.7075291012855798,0.7525149585946045,0.03530683672269781
183.36499652862548,88.03245343707438,62.74521288871765,3.5924270171172377,5,25,8,"('tsfresh', {'default_fc_parameters': {'variance_larger_than_standard_deviation': None, 'value_count': [{'value': -1}, {'value': 1}, {'value': 0}], 'time_reversal_asymmetry_statistic': [{'lag': 3}, {'lag': 2}], 'symmetry_looking': [{'r': 0.9500000000000001}, {'r': 0.9}, {'r': 0.8500000000000001}, {'r': 0.8}]}})",pca,0.95,"('ffill', None)","{'classifier__base_estimator__max_depth': 5, 'classifier__base_estimator__n_estimators': 25, 'feature_extraction__n_lags': 8, 'feature_extraction__params': ('tsfresh', {'default_fc_parameters': {'variance_larger_than_standard_deviation': None, 'value_count': [{'value': -1}, {'value': 1}, {'value': 0}], 'time_reversal_asymmetry_statistic': [{'lag': 3}, {'lag': 2}], 'symmetry_looking': [{'r': 0.9500000000000001}, {'r': 0.9}, {'r': 0.8500000000000001}, {'r': 0.8}]}}), 'feature_selection__strategy': 'pca', 'feature_selection__threshold': 0.95, 'imputation__params': ('ffill', None)}",0.5222022587268994,0.564592050209205,0.4696456831369791,0.5123215523215523,0.5674688057040997,0.5272460700197471,0.03627279016610335,517,0.7994366744366744,0.7833421164643168,0.7522652131176839,0.7200016876687669,0.7075291012855798,0.7525149585946045,0.03530683672269781
233.7779761314392,110.18831238951684,78.41882944107056,0.8011320088989604,5,50,3,"('tsfresh', {'default_fc_parameters': {'variance_larger_than_standard_deviation': None, 'value_count': [{'value': -1}, {'value': 1}, {'value': 0}], 'time_reversal_asymmetry_statistic': [{'lag': 3}, {'lag': 2}], 'symmetry_looking': [{'r': 0.9500000000000001}, {'r': 0.9}, {'r': 0.8500000000000001}, {'r': 0.8}]}})",correlation,0.85,"('interpolate', 'linear')","{'classifier__base_estimator__max_depth': 5, 'classifier__base_estimator__n_estimators': 50, 'feature_extraction__n_lags': 3, 'feature_extraction__params': ('tsfresh', {'default_fc_parameters': {'variance_larger_than_standard_deviation': None, 'value_count': [{'value': -1}, {'value': 1}, {'value': 0}], 'time_reversal_asymmetry_statistic': [{'lag': 3}, {'lag': 2}], 'symmetry_looking': [{'r': 0.9500000000000001}, {'r': 0.9}, {'r': 0.8500000000000001}, {'r': 0.8}]}}), 'feature_selection__strategy': 'correlation', 'feature_selection__threshold': 0.85, 'imputation__params': ('interpolate', 'linear')}",0.5477866666666668,0.5827333897986071,0.6222020807061792,0.6789439374185137,0.5944706034121328,0.60522733560042,0.04391672730902279,169,0.9755822516800148,0.9538814331445458,0.9478362022592792,0.9346524444937628,0.9145724238878483,0.9453049510930903,0.02027137061446957
234.47044253349304,111.11240581266902,78.62702851295471,1.3951190968479081,5,50,3,"('tsfresh', {'default_fc_parameters': {'variance_larger_than_standard_deviation': None, 'value_count': [{'value': -1}, {'value': 1}, {'value': 0}], 'time_reversal_asymmetry_statistic': [{'lag': 3}, {'lag': 2}], 'symmetry_looking': [{'r': 0.9500000000000001}, {'r': 0.9}, {'r': 0.8500000000000001}, {'r': 0.8}]}})",correlation,0.85,"('interpolate', ('polynomial', 2))","{'classifier__base_estimator__max_depth': 5, 'classifier__base_estimator__n_estimators': 50, 'feature_extraction__n_lags': 3, 'feature_extraction__params': ('tsfresh', {'default_fc_parameters': {'variance_larger_than_standard_deviation': None, 'value_count': [{'value': -1}, {'value': 1}, {'value': 0}], 'time_reversal_asymmetry_statistic': [{'lag': 3}, {'lag': 2}], 'symmetry_looking': [{'r': 0.9500000000000001}, {'r': 0.9}, {'r': 0.8500000000000001}, {'r': 0.8}]}}), 'feature_selection__strategy': 'correlation', 'feature_selection__threshold': 0.85, 'imputation__params': ('interpolate', ('polynomial', 2))}",0.5477866666666668,0.5827333897986071,0.6222020807061792,0.6789439374185137,0.5944706034121328,0.60522733560042,0.04391672730902279,169,0.9755822516800148,0.9538814331445458,0.9478362022592792,0.9346524444937628,0.9145724238878483,0.9453049510930903,0.02027137061446957
234.3683798789978,110.75452839298276,77.94270100593567,1.344757718514138,5,50,3,"('tsfresh', {'default_fc_parameters': {'variance_larger_than_standard_deviation': None, 'value_count': [{'value': -1}, {'value': 1}, {'value': 0}], 'time_reversal_asymmetry_statistic': [{'lag': 3}, {'lag': 2}], 'symmetry_looking': [{'r': 0.9500000000000001}, {'r': 0.9}, {'r': 0.8500000000000001}, {'r': 0.8}]}})",correlation,0.85,"('interpolate', ('spline', 2))","{'classifier__base_estimator__max_depth': 5, 'classifier__base_estimator__n_estimators': 50, 'feature_extraction__n_lags': 3, 'feature_extraction__params': ('tsfresh', {'default_fc_parameters': {'variance_larger_than_standard_deviation': None, 'value_count': [{'value': -1}, {'value': 1}, {'value': 0}], 'time_reversal_asymmetry_statistic': [{'lag': 3}, {'lag': 2}], 'symmetry_looking': [{'r': 0.9500000000000001}, {'r': 0.9}, {'r': 0.8500000000000001}, {'r': 0.8}]}}), 'feature_selection__strategy': 'correlation', 'feature_selection__threshold': 0.85, 'imputation__params': ('interpolate', ('spline', 2))}",0.5477866666666668,0.5827333897986071,0.6222020807061792,0.6789439374185137,0.5944706034121328,0.60522733560042,0.04391672730902279,169,0.9755822516800148,0.9538814331445458,0.9478362022592792,0.9346524444937628,0.9145724238878483,0.9453049510930903,0.02027137061446957
234.35735540390016,110.94561901438527,78.25477280616761,1.5030765311394565,5,50,3,"('tsfresh', {'default_fc_parameters': {'variance_larger_than_standard_deviation': None, 'value_count': [{'value': -1}, {'value': 1}, {'value': 0}], 'time_reversal_asymmetry_statistic': [{'lag': 3}, {'lag': 2}], 'symmetry_looking': [{'r': 0.9500000000000001}, {'r': 0.9}, {'r': 0.8500000000000001}, {'r': 0.8}]}})",correlation,0.85,"('ffill', None)","{'classifier__base_estimator__max_depth': 5, 'classifier__base_estimator__n_estimators': 50, 'feature_extraction__n_lags': 3, 'feature_extraction__params': ('tsfresh', {'default_fc_parameters': {'variance_larger_than_standard_deviation': None, 'value_count': [{'value': -1}, {'value': 1}, {'value': 0}], 'time_reversal_asymmetry_statistic': [{'lag': 3}, {'lag': 2}], 'symmetry_looking': [{'r': 0.9500000000000001}, {'r': 0.9}, {'r': 0.8500000000000001}, {'r': 0.8}]}}), 'feature_selection__strategy': 'correlation', 'feature_selection__threshold': 0.85, 'imputation__params': ('ffill', None)}",0.5477866666666668,0.5827333897986071,0.6222020807061792,0.6789439374185137,0.5944706034121328,0.60522733560042,0.04391672730902279,169,0.9755822516800148,0.9538814331445458,0.9478362022592792,0.9346524444937628,0.9145724238878483,0.9453049510930903,0.02027137061446957
234.29140276908873,111.1246734321461,78.00187335014343,1.2922722673646438,5,50,3,"('tsfresh', {'default_fc_parameters': {'variance_larger_than_standard_deviation': None, 'value_count': [{'value': -1}, {'value': 1}, {'value': 0}], 'time_reversal_asymmetry_statistic': [{'lag': 3}, {'lag': 2}], 'symmetry_looking': [{'r': 0.9500000000000001}, {'r': 0.9}, {'r': 0.8500000000000001}, {'r': 0.8}]}})",correlation,0.9,"('interpolate', 'linear')","{'classifier__base_estimator__max_depth': 5, 'classifier__base_estimator__n_estimators': 50, 'feature_extraction__n_lags': 3, 'feature_extraction__params': ('tsfresh', {'default_fc_parameters': {'variance_larger_than_standard_deviation': None, 'value_count': [{'value': -1}, {'value': 1}, {'value': 0}], 'time_reversal_asymmetry_statistic': [{'lag': 3}, {'lag': 2}], 'symmetry_looking': [{'r': 0.9500000000000001}, {'r': 0.9}, {'r': 0.8500000000000001}, {'r': 0.8}]}}), 'feature_selection__strategy': 'correlation', 'feature_selection__threshold': 0.9, 'imputation__params': ('interpolate', 'linear')}",0.55544,0.6306230001882175,0.6170397225725095,0.6517193611473272,0.6003966846196019,0.6110437537055312,0.032492894861826535,125,0.9717159164135138,0.9553804481654765,0.9533485745024208,0.934288721823052,0.9149505932810422,0.9459368508371011,0.019516672190939194
235.00562996864318,111.07318181270715,78.54899263381958,1.2438762864055621,5,50,3,"('tsfresh', {'default_fc_parameters': {'variance_larger_than_standard_deviation': None, 'value_count': [{'value': -1}, {'value': 1}, {'value': 0}], 'time_reversal_asymmetry_statistic': [{'lag': 3}, {'lag': 2}], 'symmetry_looking': [{'r': 0.9500000000000001}, {'r': 0.9}, {'r': 0.8500000000000001}, {'r': 0.8}]}})",correlation,0.9,"('interpolate', ('polynomial', 2))","{'classifier__base_estimator__max_depth': 5, 'classifier__base_estimator__n_estimators': 50, 'feature_extraction__n_lags': 3, 'feature_extraction__params': ('tsfresh', {'default_fc_parameters': {'variance_larger_than_standard_deviation': None, 'value_count': [{'value': -1}, {'value': 1}, {'value': 0}], 'time_reversal_asymmetry_statistic': [{'lag': 3}, {'lag': 2}], 'symmetry_looking': [{'r': 0.9500000000000001}, {'r': 0.9}, {'r': 0.8500000000000001}, {'r': 0.8}]}}), 'feature_selection__strategy': 'correlation', 'feature_selection__threshold': 0.9, 'imputation__params': ('interpolate', ('polynomial', 2))}",0.55544,0.6306230001882175,0.6170397225725095,0.6517193611473272,0.6003966846196019,0.6110437537055312,0.032492894861826535,125,0.9717159164135138,0.9553804481654765,0.9533485745024208,0.934288721823052,0.9149505932810422,0.9459368508371011,0.019516672190939194
234.8099760532379,111.08849382198186,78.18295769691467,0.679593799737437,5,50,3,"('tsfresh', {'default_fc_parameters': {'variance_larger_than_standard_deviation': None, 'value_count': [{'value': -1}, {'value': 1}, {'value': 0}], 'time_reversal_asymmetry_statistic': [{'lag': 3}, {'lag': 2}], 'symmetry_looking': [{'r': 0.9500000000000001}, {'r': 0.9}, {'r': 0.8500000000000001}, {'r': 0.8}]}})",correlation,0.9,"('interpolate', ('spline', 2))","{'classifier__base_estimator__max_depth': 5, 'classifier__base_estimator__n_estimators': 50, 'feature_extraction__n_lags': 3, 'feature_extraction__params': ('tsfresh', {'default_fc_parameters': {'variance_larger_than_standard_deviation': None, 'value_count': [{'value': -1}, {'value': 1}, {'value': 0}], 'time_reversal_asymmetry_statistic': [{'lag': 3}, {'lag': 2}], 'symmetry_looking': [{'r': 0.9500000000000001}, {'r': 0.9}, {'r': 0.8500000000000001}, {'r': 0.8}]}}), 'feature_selection__strategy': 'correlation', 'feature_selection__threshold': 0.9, 'imputation__params': ('interpolate', ('spline', 2))}",0.55544,0.6306230001882175,0.6170397225725095,0.6517193611473272,0.6003966846196019,0.6110437537055312,0.032492894861826535,125,0.9717159164135138,0.9553804481654765,0.9533485745024208,0.934288721823052,0.9149505932810422,0.9459368508371011,0.019516672190939194
233.66692476272584,110.99597157333757,78.19689841270447,1.4582749321313817,5,50,3,"('tsfresh', {'default_fc_parameters': {'variance_larger_than_standard_deviation': None, 'value_count': [{'value': -1}, {'value': 1}, {'value': 0}], 'time_reversal_asymmetry_statistic': [{'lag': 3}, {'lag': 2}], 'symmetry_looking': [{'r': 0.9500000000000001}, {'r': 0.9}, {'r': 0.8500000000000001}, {'r': 0.8}]}})",correlation,0.9,"('ffill', None)","{'classifier__base_estimator__max_depth': 5, 'classifier__base_estimator__n_estimators': 50, 'feature_extraction__n_lags': 3, 'feature_extraction__params': ('tsfresh', {'default_fc_parameters': {'variance_larger_than_standard_deviation': None, 'value_count': [{'value': -1}, {'value': 1}, {'value': 0}], 'time_reversal_asymmetry_statistic': [{'lag': 3}, {'lag': 2}], 'symmetry_looking': [{'r': 0.9500000000000001}, {'r': 0.9}, {'r': 0.8500000000000001}, {'r': 0.8}]}}), 'feature_selection__strategy': 'correlation', 'feature_selection__threshold': 0.9, 'imputation__params': ('ffill', None)}",0.55544,0.6306230001882175,0.6170397225725095,0.6517193611473272,0.6003966846196019,0.6110437537055312,0.032492894861826535,125,0.9717159164135138,0.9553804481654765,0.9533485745024208,0.934288721823052,0.9149505932810422,0.9459368508371011,0.019516672190939194
234.13795099258422,111.17751867159478,78.39840688705445,1.2684593725829345,5,50,3,"('tsfresh', {'default_fc_parameters': {'variance_larger_than_standard_deviation': None, 'value_count': [{'value': -1}, {'value': 1}, {'value': 0}], 'time_reversal_asymmetry_statistic': [{'lag': 3}, {'lag': 2}], 'symmetry_looking': [{'r': 0.9500000000000001}, {'r': 0.9}, {'r': 0.8500000000000001}, {'r': 0.8}]}})",correlation,0.95,"('interpolate', 'linear')","{'classifier__base_estimator__max_depth': 5, 'classifier__base_estimator__n_estimators': 50, 'feature_extraction__n_lags': 3, 'feature_extraction__params': ('tsfresh', {'default_fc_parameters': {'variance_larger_than_standard_deviation': None, 'value_count': [{'value': -1}, {'value': 1}, {'value': 0}], 'time_reversal_asymmetry_statistic': [{'lag': 3}, {'lag': 2}], 'symmetry_looking': [{'r': 0.9500000000000001}, {'r': 0.9}, {'r': 0.8500000000000001}, {'r': 0.8}]}}), 'feature_selection__strategy': 'correlation', 'feature_selection__threshold': 0.95, 'imputation__params': ('interpolate', 'linear')}",0.5468000000000001,0.6768892339544513,0.6352064943253468,0.6422588005215124,0.5644612506853292,0.613123155897328,0.04933439846926919,97,0.970668783945503,0.9571103176557498,0.9466756320602474,0.9324546964919257,0.9092389007283097,0.9432296661763472,0.02111361862760125
234.184632062912,110.75108808701617,78.24880504608154,0.9056296364166927,5,50,3,"('tsfresh', {'default_fc_parameters': {'variance_larger_than_standard_deviation': None, 'value_count': [{'value': -1}, {'value': 1}, {'value': 0}], 'time_reversal_asymmetry_statistic': [{'lag': 3}, {'lag': 2}], 'symmetry_looking': [{'r': 0.9500000000000001}, {'r': 0.9}, {'r': 0.8500000000000001}, {'r': 0.8}]}})",correlation,0.95,"('interpolate', ('polynomial', 2))","{'classifier__base_estimator__max_depth': 5, 'classifier__base_estimator__n_estimators': 50, 'feature_extraction__n_lags': 3, 'feature_extraction__params': ('tsfresh', {'default_fc_parameters': {'variance_larger_than_standard_deviation': None, 'value_count': [{'value': -1}, {'value': 1}, {'value': 0}], 'time_reversal_asymmetry_statistic': [{'lag': 3}, {'lag': 2}], 'symmetry_looking': [{'r': 0.9500000000000001}, {'r': 0.9}, {'r': 0.8500000000000001}, {'r': 0.8}]}}), 'feature_selection__strategy': 'correlation', 'feature_selection__threshold': 0.95, 'imputation__params': ('interpolate', ('polynomial', 2))}",0.5468000000000001,0.6768892339544513,0.6352064943253468,0.6422588005215124,0.5644612506853292,0.613123155897328,0.04933439846926919,97,0.970668783945503,0.9571103176557498,0.9466756320602474,0.9324546964919257,0.9092389007283097,0.9432296661763472,0.02111361862760125
235.57108902931213,112.27111124679648,79.23170909881591,0.8759965723401744,5,50,3,"('tsfresh', {'default_fc_parameters': {'variance_larger_than_standard_deviation': None, 'value_count': [{'value': -1}, {'value': 1}, {'value': 0}], 'time_reversal_asymmetry_statistic': [{'lag': 3}, {'lag': 2}], 'symmetry_looking': [{'r': 0.9500000000000001}, {'r': 0.9}, {'r': 0.8500000000000001}, {'r': 0.8}]}})",correlation,0.95,"('interpolate', ('spline', 2))","{'classifier__base_estimator__max_depth': 5, 'classifier__base_estimator__n_estimators': 50, 'feature_extraction__n_lags': 3, 'feature_extraction__params': ('tsfresh', {'default_fc_parameters': {'variance_larger_than_standard_deviation': None, 'value_count': [{'value': -1}, {'value': 1}, {'value': 0}], 'time_reversal_asymmetry_statistic': [{'lag': 3}, {'lag': 2}], 'symmetry_looking': [{'r': 0.9500000000000001}, {'r': 0.9}, {'r': 0.8500000000000001}, {'r': 0.8}]}}), 'feature_selection__strategy': 'correlation', 'feature_selection__threshold': 0.95, 'imputation__params': ('interpolate', ('spline', 2))}",0.5468000000000001,0.6768892339544513,0.6352064943253468,0.6422588005215124,0.5644612506853292,0.613123155897328,0.04933439846926919,97,0.970668783945503,0.9571103176557498,0.9466756320602474,0.9324546964919257,0.9092389007283097,0.9432296661763472,0.02111361862760125
234.9441096305847,111.12172619749217,78.58123965263367,1.4009160607350766,5,50,3,"('tsfresh', {'default_fc_parameters': {'variance_larger_than_standard_deviation': None, 'value_count': [{'value': -1}, {'value': 1}, {'value': 0}], 'time_reversal_asymmetry_statistic': [{'lag': 3}, {'lag': 2}], 'symmetry_looking': [{'r': 0.9500000000000001}, {'r': 0.9}, {'r': 0.8500000000000001}, {'r': 0.8}]}})",correlation,0.95,"('ffill', None)","{'classifier__base_estimator__max_depth': 5, 'classifier__base_estimator__n_estimators': 50, 'feature_extraction__n_lags': 3, 'feature_extraction__params': ('tsfresh', {'default_fc_parameters': {'variance_larger_than_standard_deviation': None, 'value_count': [{'value': -1}, {'value': 1}, {'value': 0}], 'time_reversal_asymmetry_statistic': [{'lag': 3}, {'lag': 2}], 'symmetry_looking': [{'r': 0.9500000000000001}, {'r': 0.9}, {'r': 0.8500000000000001}, {'r': 0.8}]}}), 'feature_selection__strategy': 'correlation', 'feature_selection__threshold': 0.95, 'imputation__params': ('ffill', None)}",0.5468000000000001,0.6768892339544513,0.6352064943253468,0.6422588005215124,0.5644612506853292,0.613123155897328,0.04933439846926919,97,0.970668783945503,0.9571103176557498,0.9466756320602474,0.9324546964919257,0.9092389007283097,0.9432296661763472,0.02111361862760125
233.6162766933441,110.89227245896824,77.8947253704071,1.6070608786449432,5,50,3,"('tsfresh', {'default_fc_parameters': {'variance_larger_than_standard_deviation': None, 'value_count': [{'value': -1}, {'value': 1}, {'value': 0}], 'time_reversal_asymmetry_statistic': [{'lag': 3}, {'lag': 2}], 'symmetry_looking': [{'r': 0.9500000000000001}, {'r': 0.9}, {'r': 0.8500000000000001}, {'r': 0.8}]}})",pca,0.85,"('interpolate', 'linear')","{'classifier__base_estimator__max_depth': 5, 'classifier__base_estimator__n_estimators': 50, 'feature_extraction__n_lags': 3, 'feature_extraction__params': ('tsfresh', {'default_fc_parameters': {'variance_larger_than_standard_deviation': None, 'value_count': [{'value': -1}, {'value': 1}, {'value': 0}], 'time_reversal_asymmetry_statistic': [{'lag': 3}, {'lag': 2}], 'symmetry_looking': [{'r': 0.9500000000000001}, {'r': 0.9}, {'r': 0.8500000000000001}, {'r': 0.8}]}}), 'feature_selection__strategy': 'pca', 'feature_selection__threshold': 0.85, 'imputation__params': ('interpolate', 'linear')}",0.47009333333333336,0.6042490118577075,0.5019835014712064,0.5379400260756193,0.6212306898442288,0.547099312516419,0.0579841340430907,397,0.9253889349166896,0.8857208815562669,0.8399636901559979,0.8329495750917784,0.7913310227924918,0.8550708209026447,0.04618311413342986
234.38946390151978,110.76192104999434,78.31683940887451,1.6285599114137237,5,50,3,"('tsfresh', {'default_fc_parameters': {'variance_larger_than_standard_deviation': None, 'value_count': [{'value': -1}, {'value': 1}, {'value': 0}], 'time_reversal_asymmetry_statistic': [{'lag': 3}, {'lag': 2}], 'symmetry_looking': [{'r': 0.9500000000000001}, {'r': 0.9}, {'r': 0.8500000000000001}, {'r': 0.8}]}})",pca,0.85,"('interpolate', ('polynomial', 2))","{'classifier__base_estimator__max_depth': 5, 'classifier__base_estimator__n_estimators': 50, 'feature_extraction__n_lags': 3, 'feature_extraction__params': ('tsfresh', {'default_fc_parameters': {'variance_larger_than_standard_deviation': None, 'value_count': [{'value': -1}, {'value': 1}, {'value': 0}], 'time_reversal_asymmetry_statistic': [{'lag': 3}, {'lag': 2}], 'symmetry_looking': [{'r': 0.9500000000000001}, {'r': 0.9}, {'r': 0.8500000000000001}, {'r': 0.8}]}}), 'feature_selection__strategy': 'pca', 'feature_selection__threshold': 0.85, 'imputation__params': ('interpolate', ('polynomial', 2))}",0.47009333333333336,0.6042490118577075,0.5019835014712064,0.5379400260756193,0.6212306898442288,0.547099312516419,0.0579841340430907,397,0.9253889349166896,0.8857208815562669,0.8399636901559979,0.8329495750917784,0.7913310227924918,0.8550708209026447,0.04618311413342986
234.25550894737245,111.14207799534525,78.32793469429016,0.5648728888562802,5,50,3,"('tsfresh', {'default_fc_parameters': {'variance_larger_than_standard_deviation': None, 'value_count': [{'value': -1}, {'value': 1}, {'value': 0}], 'time_reversal_asymmetry_statistic': [{'lag': 3}, {'lag': 2}], 'symmetry_looking': [{'r': 0.9500000000000001}, {'r': 0.9}, {'r': 0.8500000000000001}, {'r': 0.8}]}})",pca,0.85,"('interpolate', ('spline', 2))","{'classifier__base_estimator__max_depth': 5, 'classifier__base_estimator__n_estimators': 50, 'feature_extraction__n_lags': 3, 'feature_extraction__params': ('tsfresh', {'default_fc_parameters': {'variance_larger_than_standard_deviation': None, 'value_count': [{'value': -1}, {'value': 1}, {'value': 0}], 'time_reversal_asymmetry_statistic': [{'lag': 3}, {'lag': 2}], 'symmetry_looking': [{'r': 0.9500000000000001}, {'r': 0.9}, {'r': 0.8500000000000001}, {'r': 0.8}]}}), 'feature_selection__strategy': 'pca', 'feature_selection__threshold': 0.85, 'imputation__params': ('interpolate', ('spline', 2))}",0.47009333333333336,0.6042490118577075,0.5019835014712064,0.5379400260756193,0.6212306898442288,0.547099312516419,0.0579841340430907,397,0.9253889349166896,0.8857208815562669,0.8399636901559979,0.8329495750917784,0.7913310227924918,0.8550708209026447,0.04618311413342986
235.63927149772644,110.42333821369598,78.257071352005,1.310118198038348,5,50,3,"('tsfresh', {'default_fc_parameters': {'variance_larger_than_standard_deviation': None, 'value_count': [{'value': -1}, {'value': 1}, {'value': 0}], 'time_reversal_asymmetry_statistic': [{'lag': 3}, {'lag': 2}], 'symmetry_looking': [{'r': 0.9500000000000001}, {'r': 0.9}, {'r': 0.8500000000000001}, {'r': 0.8}]}})",pca,0.85,"('ffill', None)","{'classifier__base_estimator__max_depth': 5, 'classifier__base_estimator__n_estimators': 50, 'feature_extraction__n_lags': 3, 'feature_extraction__params': ('tsfresh', {'default_fc_parameters': {'variance_larger_than_standard_deviation': None, 'value_count': [{'value': -1}, {'value': 1}, {'value': 0}], 'time_reversal_asymmetry_statistic': [{'lag': 3}, {'lag': 2}], 'symmetry_looking': [{'r': 0.9500000000000001}, {'r': 0.9}, {'r': 0.8500000000000001}, {'r': 0.8}]}}), 'feature_selection__strategy': 'pca', 'feature_selection__threshold': 0.85, 'imputation__params': ('ffill', None)}",0.47009333333333336,0.6042490118577075,0.5019835014712064,0.5379400260756193,0.6212306898442288,0.547099312516419,0.0579841340430907,397,0.9253889349166896,0.8857208815562669,0.8399636901559979,0.8329495750917784,0.7913310227924918,0.8550708209026447,0.04618311413342986
233.65806560516359,110.62763638620926,78.35161190032959,1.3773625475246631,5,50,3,"('tsfresh', {'default_fc_parameters': {'variance_larger_than_standard_deviation': None, 'value_count': [{'value': -1}, {'value': 1}, {'value': 0}], 'time_reversal_asymmetry_statistic': [{'lag': 3}, {'lag': 2}], 'symmetry_looking': [{'r': 0.9500000000000001}, {'r': 0.9}, {'r': 0.8500000000000001}, {'r': 0.8}]}})",pca,0.9,"('interpolate', 'linear')","{'classifier__base_estimator__max_depth': 5, 'classifier__base_estimator__n_estimators': 50, 'feature_extraction__n_lags': 3, 'feature_extraction__params': ('tsfresh', {'default_fc_parameters': {'variance_larger_than_standard_deviation': None, 'value_count': [{'value': -1}, {'value': 1}, {'value': 0}], 'time_reversal_asymmetry_statistic': [{'lag': 3}, {'lag': 2}], 'symmetry_looking': [{'r': 0.9500000000000001}, {'r': 0.9}, {'r': 0.8500000000000001}, {'r': 0.8}]}}), 'feature_selection__strategy': 'pca', 'feature_selection__threshold': 0.9, 'imputation__params': ('interpolate', 'linear')}",0.47009333333333336,0.6042490118577075,0.5019835014712064,0.5379400260756193,0.6212306898442288,0.547099312516419,0.0579841340430907,397,0.9253889349166896,0.8857208815562669,0.8399636901559979,0.8329495750917784,0.7913310227924918,0.8550708209026447,0.04618311413342986
234.4003465652466,111.56338612455646,78.40274791717529,1.9587344927228372,5,50,3,"('tsfresh', {'default_fc_parameters': {'variance_larger_than_standard_deviation': None, 'value_count': [{'value': -1}, {'value': 1}, {'value': 0}], 'time_reversal_asymmetry_statistic': [{'lag': 3}, {'lag': 2}], 'symmetry_looking': [{'r': 0.9500000000000001}, {'r': 0.9}, {'r': 0.8500000000000001}, {'r': 0.8}]}})",pca,0.9,"('interpolate', ('polynomial', 2))","{'classifier__base_estimator__max_depth': 5, 'classifier__base_estimator__n_estimators': 50, 'feature_extraction__n_lags': 3, 'feature_extraction__params': ('tsfresh', {'default_fc_parameters': {'variance_larger_than_standard_deviation': None, 'value_count': [{'value': -1}, {'value': 1}, {'value': 0}], 'time_reversal_asymmetry_statistic': [{'lag': 3}, {'lag': 2}], 'symmetry_looking': [{'r': 0.9500000000000001}, {'r': 0.9}, {'r': 0.8500000000000001}, {'r': 0.8}]}}), 'feature_selection__strategy': 'pca', 'feature_selection__threshold': 0.9, 'imputation__params': ('interpolate', ('polynomial', 2))}",0.47009333333333336,0.6042490118577075,0.5019835014712064,0.5379400260756193,0.6212306898442288,0.547099312516419,0.0579841340430907,397,0.9253889349166896,0.8857208815562669,0.8399636901559979,0.8329495750917784,0.7913310227924918,0.8550708209026447,0.04618311413342986
235.0912702560425,111.07098995975775,78.73409533500671,0.7169285469088009,5,50,3,"('tsfresh', {'default_fc_parameters': {'variance_larger_than_standard_deviation': None, 'value_count': [{'value': -1}, {'value': 1}, {'value': 0}], 'time_reversal_asymmetry_statistic': [{'lag': 3}, {'lag': 2}], 'symmetry_looking': [{'r': 0.9500000000000001}, {'r': 0.9}, {'r': 0.8500000000000001}, {'r': 0.8}]}})",pca,0.9,"('interpolate', ('spline', 2))","{'classifier__base_estimator__max_depth': 5, 'classifier__base_estimator__n_estimators': 50, 'feature_extraction__n_lags': 3, 'feature_extraction__params': ('tsfresh', {'default_fc_parameters': {'variance_larger_than_standard_deviation': None, 'value_count': [{'value': -1}, {'value': 1}, {'value': 0}], 'time_reversal_asymmetry_statistic': [{'lag': 3}, {'lag': 2}], 'symmetry_looking': [{'r': 0.9500000000000001}, {'r': 0.9}, {'r': 0.8500000000000001}, {'r': 0.8}]}}), 'feature_selection__strategy': 'pca', 'feature_selection__threshold': 0.9, 'imputation__params': ('interpolate', ('spline', 2))}",0.47009333333333336,0.6042490118577075,0.5019835014712064,0.5379400260756193,0.6212306898442288,0.547099312516419,0.0579841340430907,397,0.9253889349166896,0.8857208815562669,0.8399636901559979,0.8329495750917784,0.7913310227924918,0.8550708209026447,0.04618311413342986
234.94392671585084,112.03195777267953,78.26077723503113,1.4401304068288752,5,50,3,"('tsfresh', {'default_fc_parameters': {'variance_larger_than_standard_deviation': None, 'value_count': [{'value': -1}, {'value': 1}, {'value': 0}], 'time_reversal_asymmetry_statistic': [{'lag': 3}, {'lag': 2}], 'symmetry_looking': [{'r': 0.9500000000000001}, {'r': 0.9}, {'r': 0.8500000000000001}, {'r': 0.8}]}})",pca,0.9,"('ffill', None)","{'classifier__base_estimator__max_depth': 5, 'classifier__base_estimator__n_estimators': 50, 'feature_extraction__n_lags': 3, 'feature_extraction__params': ('tsfresh', {'default_fc_parameters': {'variance_larger_than_standard_deviation': None, 'value_count': [{'value': -1}, {'value': 1}, {'value': 0}], 'time_reversal_asymmetry_statistic': [{'lag': 3}, {'lag': 2}], 'symmetry_looking': [{'r': 0.9500000000000001}, {'r': 0.9}, {'r': 0.8500000000000001}, {'r': 0.8}]}}), 'feature_selection__strategy': 'pca', 'feature_selection__threshold': 0.9, 'imputation__params': ('ffill', None)}",0.47009333333333336,0.6042490118577075,0.5019835014712064,0.5379400260756193,0.6212306898442288,0.547099312516419,0.0579841340430907,397,0.9253889349166896,0.8857208815562669,0.8399636901559979,0.8329495750917784,0.7913310227924918,0.8550708209026447,0.04618311413342986
238.84108219146728,115.97144796001187,78.9482696056366,1.7537616503809856,5,50,3,"('tsfresh', {'default_fc_parameters': {'variance_larger_than_standard_deviation': None, 'value_count': [{'value': -1}, {'value': 1}, {'value': 0}], 'time_reversal_asymmetry_statistic': [{'lag': 3}, {'lag': 2}], 'symmetry_looking': [{'r': 0.9500000000000001}, {'r': 0.9}, {'r': 0.8500000000000001}, {'r': 0.8}]}})",pca,0.95,"('interpolate', 'linear')","{'classifier__base_estimator__max_depth': 5, 'classifier__base_estimator__n_estimators': 50, 'feature_extraction__n_lags': 3, 'feature_extraction__params': ('tsfresh', {'default_fc_parameters': {'variance_larger_than_standard_deviation': None, 'value_count': [{'value': -1}, {'value': 1}, {'value': 0}], 'time_reversal_asymmetry_statistic': [{'lag': 3}, {'lag': 2}], 'symmetry_looking': [{'r': 0.9500000000000001}, {'r': 0.9}, {'r': 0.8500000000000001}, {'r': 0.8}]}}), 'feature_selection__strategy': 'pca', 'feature_selection__threshold': 0.95, 'imputation__params': ('interpolate', 'linear')}",0.47009333333333336,0.6042490118577075,0.5019835014712064,0.5379400260756193,0.6212306898442288,0.547099312516419,0.0579841340430907,397,0.9253889349166896,0.8857208815562669,0.8399636901559979,0.8329495750917784,0.7913310227924918,0.8550708209026447,0.04618311413342986
236.04245266914367,109.86496435183867,78.98305773735046,0.574192944376693,5,50,3,"('tsfresh', {'default_fc_parameters': {'variance_larger_than_standard_deviation': None, 'value_count': [{'value': -1}, {'value': 1}, {'value': 0}], 'time_reversal_asymmetry_statistic': [{'lag': 3}, {'lag': 2}], 'symmetry_looking': [{'r': 0.9500000000000001}, {'r': 0.9}, {'r': 0.8500000000000001}, {'r': 0.8}]}})",pca,0.95,"('interpolate', ('polynomial', 2))","{'classifier__base_estimator__max_depth': 5, 'classifier__base_estimator__n_estimators': 50, 'feature_extraction__n_lags': 3, 'feature_extraction__params': ('tsfresh', {'default_fc_parameters': {'variance_larger_than_standard_deviation': None, 'value_count': [{'value': -1}, {'value': 1}, {'value': 0}], 'time_reversal_asymmetry_statistic': [{'lag': 3}, {'lag': 2}], 'symmetry_looking': [{'r': 0.9500000000000001}, {'r': 0.9}, {'r': 0.8500000000000001}, {'r': 0.8}]}}), 'feature_selection__strategy': 'pca', 'feature_selection__threshold': 0.95, 'imputation__params': ('interpolate', ('polynomial', 2))}",0.47009333333333336,0.6042490118577075,0.5019835014712064,0.5379400260756193,0.6212306898442288,0.547099312516419,0.0579841340430907,397,0.9253889349166896,0.8857208815562669,0.8399636901559979,0.8329495750917784,0.7913310227924918,0.8550708209026447,0.04618311413342986
234.5686972141266,111.31055298594403,78.70359964370728,1.361990480934778,5,50,3,"('tsfresh', {'default_fc_parameters': {'variance_larger_than_standard_deviation': None, 'value_count': [{'value': -1}, {'value': 1}, {'value': 0}], 'time_reversal_asymmetry_statistic': [{'lag': 3}, {'lag': 2}], 'symmetry_looking': [{'r': 0.9500000000000001}, {'r': 0.9}, {'r': 0.8500000000000001}, {'r': 0.8}]}})",pca,0.95,"('interpolate', ('spline', 2))","{'classifier__base_estimator__max_depth': 5, 'classifier__base_estimator__n_estimators': 50, 'feature_extraction__n_lags': 3, 'feature_extraction__params': ('tsfresh', {'default_fc_parameters': {'variance_larger_than_standard_deviation': None, 'value_count': [{'value': -1}, {'value': 1}, {'value': 0}], 'time_reversal_asymmetry_statistic': [{'lag': 3}, {'lag': 2}], 'symmetry_looking': [{'r': 0.9500000000000001}, {'r': 0.9}, {'r': 0.8500000000000001}, {'r': 0.8}]}}), 'feature_selection__strategy': 'pca', 'feature_selection__threshold': 0.95, 'imputation__params': ('interpolate', ('spline', 2))}",0.47009333333333336,0.6042490118577075,0.5019835014712064,0.5379400260756193,0.6212306898442288,0.547099312516419,0.0579841340430907,397,0.9253889349166896,0.8857208815562669,0.8399636901559979,0.8329495750917784,0.7913310227924918,0.8550708209026447,0.04618311413342986
235.81841230392456,112.40415215180303,78.82015914916992,1.6519705187637015,5,50,3,"('tsfresh', {'default_fc_parameters': {'variance_larger_than_standard_deviation': None, 'value_count': [{'value': -1}, {'value': 1}, {'value': 0}], 'time_reversal_asymmetry_statistic': [{'lag': 3}, {'lag': 2}], 'symmetry_looking': [{'r': 0.9500000000000001}, {'r': 0.9}, {'r': 0.8500000000000001}, {'r': 0.8}]}})",pca,0.95,"('ffill', None)","{'classifier__base_estimator__max_depth': 5, 'classifier__base_estimator__n_estimators': 50, 'feature_extraction__n_lags': 3, 'feature_extraction__params': ('tsfresh', {'default_fc_parameters': {'variance_larger_than_standard_deviation': None, 'value_count': [{'value': -1}, {'value': 1}, {'value': 0}], 'time_reversal_asymmetry_statistic': [{'lag': 3}, {'lag': 2}], 'symmetry_looking': [{'r': 0.9500000000000001}, {'r': 0.9}, {'r': 0.8500000000000001}, {'r': 0.8}]}}), 'feature_selection__strategy': 'pca', 'feature_selection__threshold': 0.95, 'imputation__params': ('ffill', None)}",0.47009333333333336,0.6042490118577075,0.5019835014712064,0.5379400260756193,0.6212306898442288,0.547099312516419,0.0579841340430907,397,0.9253889349166896,0.8857208815562669,0.8399636901559979,0.8329495750917784,0.7913310227924918,0.8550708209026447,0.04618311413342986
216.2503164291382,102.24517974315343,72.49682359695434,1.8526016055193368,5,50,5,"('tsfresh', {'default_fc_parameters': {'variance_larger_than_standard_deviation': None, 'value_count': [{'value': -1}, {'value': 1}, {'value': 0}], 'time_reversal_asymmetry_statistic': [{'lag': 3}, {'lag': 2}], 'symmetry_looking': [{'r': 0.9500000000000001}, {'r': 0.9}, {'r': 0.8500000000000001}, {'r': 0.8}]}})",correlation,0.85,"('interpolate', 'linear')","{'classifier__base_estimator__max_depth': 5, 'classifier__base_estimator__n_estimators': 50, 'feature_extraction__n_lags': 5, 'feature_extraction__params': ('tsfresh', {'default_fc_parameters': {'variance_larger_than_standard_deviation': None, 'value_count': [{'value': -1}, {'value': 1}, {'value': 0}], 'time_reversal_asymmetry_statistic': [{'lag': 3}, {'lag': 2}], 'symmetry_looking': [{'r': 0.9500000000000001}, {'r': 0.9}, {'r': 0.8500000000000001}, {'r': 0.8}]}}), 'feature_selection__strategy': 'correlation', 'feature_selection__threshold': 0.85, 'imputation__params': ('interpolate', 'linear')}",0.5824561403508772,0.5565759637188209,0.6556594860166289,0.6852461980432729,0.5935694685153091,0.6147014513289818,0.04799794783548353,85,0.9961955012496528,0.9755545696539486,0.9633085300158897,0.9536339207830034,0.929202178030303,0.9635789399465594,0.022306922986678513
215.7817922592163,102.5068638377752,72.64401049613953,1.5834585205763911,5,50,5,"('tsfresh', {'default_fc_parameters': {'variance_larger_than_standard_deviation': None, 'value_count': [{'value': -1}, {'value': 1}, {'value': 0}], 'time_reversal_asymmetry_statistic': [{'lag': 3}, {'lag': 2}], 'symmetry_looking': [{'r': 0.9500000000000001}, {'r': 0.9}, {'r': 0.8500000000000001}, {'r': 0.8}]}})",correlation,0.85,"('interpolate', ('polynomial', 2))","{'classifier__base_estimator__max_depth': 5, 'classifier__base_estimator__n_estimators': 50, 'feature_extraction__n_lags': 5, 'feature_extraction__params': ('tsfresh', {'default_fc_parameters': {'variance_larger_than_standard_deviation': None, 'value_count': [{'value': -1}, {'value': 1}, {'value': 0}], 'time_reversal_asymmetry_statistic': [{'lag': 3}, {'lag': 2}], 'symmetry_looking': [{'r': 0.9500000000000001}, {'r': 0.9}, {'r': 0.8500000000000001}, {'r': 0.8}]}}), 'feature_selection__strategy': 'correlation', 'feature_selection__threshold': 0.85, 'imputation__params': ('interpolate', ('polynomial', 2))}",0.5824561403508772,0.5565759637188209,0.6556594860166289,0.6852461980432729,0.5935694685153091,0.6147014513289818,0.04799794783548353,85,0.9961955012496528,0.9755545696539486,0.9633085300158897,0.9536339207830034,0.929202178030303,0.9635789399465594,0.022306922986678513
216.39615135192872,104.42526789156392,73.38441147804261,2.3985149477881658,5,50,5,"('tsfresh', {'default_fc_parameters': {'variance_larger_than_standard_deviation': None, 'value_count': [{'value': -1}, {'value': 1}, {'value': 0}], 'time_reversal_asymmetry_statistic': [{'lag': 3}, {'lag': 2}], 'symmetry_looking': [{'r': 0.9500000000000001}, {'r': 0.9}, {'r': 0.8500000000000001}, {'r': 0.8}]}})",correlation,0.85,"('interpolate', ('spline', 2))","{'classifier__base_estimator__max_depth': 5, 'classifier__base_estimator__n_estimators': 50, 'feature_extraction__n_lags': 5, 'feature_extraction__params': ('tsfresh', {'default_fc_parameters': {'variance_larger_than_standard_deviation': None, 'value_count': [{'value': -1}, {'value': 1}, {'value': 0}], 'time_reversal_asymmetry_statistic': [{'lag': 3}, {'lag': 2}], 'symmetry_looking': [{'r': 0.9500000000000001}, {'r': 0.9}, {'r': 0.8500000000000001}, {'r': 0.8}]}}), 'feature_selection__strategy': 'correlation', 'feature_selection__threshold': 0.85, 'imputation__params': ('interpolate', ('spline', 2))}",0.5824561403508772,0.5565759637188209,0.6556594860166289,0.6852461980432729,0.5935694685153091,0.6147014513289818,0.04799794783548353,85,0.9961955012496528,0.9755545696539486,0.9633085300158897,0.9536339207830034,0.929202178030303,0.9635789399465594,0.022306922986678513
216.39741592407228,101.31897767116332,72.78578886985778,1.9324943912741723,5,50,5,"('tsfresh', {'default_fc_parameters': {'variance_larger_than_standard_deviation': None, 'value_count': [{'value': -1}, {'value': 1}, {'value': 0}], 'time_reversal_asymmetry_statistic': [{'lag': 3}, {'lag': 2}], 'symmetry_looking': [{'r': 0.9500000000000001}, {'r': 0.9}, {'r': 0.8500000000000001}, {'r': 0.8}]}})",correlation,0.85,"('ffill', None)","{'classifier__base_estimator__max_depth': 5, 'classifier__base_estimator__n_estimators': 50, 'feature_extraction__n_lags': 5, 'feature_extraction__params': ('tsfresh', {'default_fc_parameters': {'variance_larger_than_standard_deviation': None, 'value_count': [{'value': -1}, {'value': 1}, {'value': 0}], 'time_reversal_asymmetry_statistic': [{'lag': 3}, {'lag': 2}], 'symmetry_looking': [{'r': 0.9500000000000001}, {'r': 0.9}, {'r': 0.8500000000000001}, {'r': 0.8}]}}), 'feature_selection__strategy': 'correlation', 'feature_selection__threshold': 0.85, 'imputation__params': ('ffill', None)}",0.5824561403508772,0.5565759637188209,0.6556594860166289,0.6852461980432729,0.5935694685153091,0.6147014513289818,0.04799794783548353,85,0.9961955012496528,0.9755545696539486,0.9633085300158897,0.9536339207830034,0.929202178030303,0.9635789399465594,0.022306922986678513
215.73867769241332,102.28157542151774,74.58772625923157,5.742421361394497,5,50,5,"('tsfresh', {'default_fc_parameters': {'variance_larger_than_standard_deviation': None, 'value_count': [{'value': -1}, {'value': 1}, {'value': 0}], 'time_reversal_asymmetry_statistic': [{'lag': 3}, {'lag': 2}], 'symmetry_looking': [{'r': 0.9500000000000001}, {'r': 0.9}, {'r': 0.8500000000000001}, {'r': 0.8}]}})",correlation,0.9,"('interpolate', 'linear')","{'classifier__base_estimator__max_depth': 5, 'classifier__base_estimator__n_estimators': 50, 'feature_extraction__n_lags': 5, 'feature_extraction__params': ('tsfresh', {'default_fc_parameters': {'variance_larger_than_standard_deviation': None, 'value_count': [{'value': -1}, {'value': 1}, {'value': 0}], 'time_reversal_asymmetry_statistic': [{'lag': 3}, {'lag': 2}], 'symmetry_looking': [{'r': 0.9500000000000001}, {'r': 0.9}, {'r': 0.8500000000000001}, {'r': 0.8}]}}), 'feature_selection__strategy': 'correlation', 'feature_selection__threshold': 0.9, 'imputation__params': ('interpolate', 'linear')}",0.587097288676236,0.542687074829932,0.6552028218694886,0.6624545472808726,0.6138973136915078,0.6122678092696073,0.04436172443882293,109,0.9951818939183561,0.9810485063590655,0.9590890594116962,0.9559625279063235,0.9372810132575757,0.9657126001706035,0.02025299794277023
222.49302010536195,102.9836117730521,72.79145736694336,2.0025196541361723,5,50,5,"('tsfresh', {'default_fc_parameters': {'variance_larger_than_standard_deviation': None, 'value_count': [{'value': -1}, {'value': 1}, {'value': 0}], 'time_reversal_asymmetry_statistic': [{'lag': 3}, {'lag': 2}], 'symmetry_looking': [{'r': 0.9500000000000001}, {'r': 0.9}, {'r': 0.8500000000000001}, {'r': 0.8}]}})",correlation,0.9,"('interpolate', ('polynomial', 2))","{'classifier__base_estimator__max_depth': 5, 'classifier__base_estimator__n_estimators': 50, 'feature_extraction__n_lags': 5, 'feature_extraction__params': ('tsfresh', {'default_fc_parameters': {'variance_larger_than_standard_deviation': None, 'value_count': [{'value': -1}, {'value': 1}, {'value': 0}], 'time_reversal_asymmetry_statistic': [{'lag': 3}, {'lag': 2}], 'symmetry_looking': [{'r': 0.9500000000000001}, {'r': 0.9}, {'r': 0.8500000000000001}, {'r': 0.8}]}}), 'feature_selection__strategy': 'correlation', 'feature_selection__threshold': 0.9, 'imputation__params': ('interpolate', ('polynomial', 2))}",0.587097288676236,0.542687074829932,0.6552028218694886,0.6624545472808726,0.6138973136915078,0.6122678092696073,0.04436172443882293,109,0.9951818939183561,0.9810485063590655,0.9590890594116962,0.9559625279063235,0.9372810132575757,0.9657126001706035,0.02025299794277023
215.7930112361908,102.43456928489397,72.80284504890442,2.301584626410288,5,50,5,"('tsfresh', {'default_fc_parameters': {'variance_larger_than_standard_deviation': None, 'value_count': [{'value': -1}, {'value': 1}, {'value': 0}], 'time_reversal_asymmetry_statistic': [{'lag': 3}, {'lag': 2}], 'symmetry_looking': [{'r': 0.9500000000000001}, {'r': 0.9}, {'r': 0.8500000000000001}, {'r': 0.8}]}})",correlation,0.9,"('interpolate', ('spline', 2))","{'classifier__base_estimator__max_depth': 5, 'classifier__base_estimator__n_estimators': 50, 'feature_extraction__n_lags': 5, 'feature_extraction__params': ('tsfresh', {'default_fc_parameters': {'variance_larger_than_standard_deviation': None, 'value_count': [{'value': -1}, {'value': 1}, {'value': 0}], 'time_reversal_asymmetry_statistic': [{'lag': 3}, {'lag': 2}], 'symmetry_looking': [{'r': 0.9500000000000001}, {'r': 0.9}, {'r': 0.8500000000000001}, {'r': 0.8}]}}), 'feature_selection__strategy': 'correlation', 'feature_selection__threshold': 0.9, 'imputation__params': ('interpolate', ('spline', 2))}",0.587097288676236,0.542687074829932,0.6552028218694886,0.6624545472808726,0.6138973136915078,0.6122678092696073,0.04436172443882293,109,0.9951818939183561,0.9810485063590655,0.9590890594116962,0.9559625279063235,0.9372810132575757,0.9657126001706035,0.02025299794277023
216.71101603507995,103.26087601915535,73.32673282623291,1.72302574562752,5,50,5,"('tsfresh', {'default_fc_parameters': {'variance_larger_than_standard_deviation': None, 'value_count': [{'value': -1}, {'value': 1}, {'value': 0}], 'time_reversal_asymmetry_statistic': [{'lag': 3}, {'lag': 2}], 'symmetry_looking': [{'r': 0.9500000000000001}, {'r': 0.9}, {'r': 0.8500000000000001}, {'r': 0.8}]}})",correlation,0.9,"('ffill', None)","{'classifier__base_estimator__max_depth': 5, 'classifier__base_estimator__n_estimators': 50, 'feature_extraction__n_lags': 5, 'feature_extraction__params': ('tsfresh', {'default_fc_parameters': {'variance_larger_than_standard_deviation': None, 'value_count': [{'value': -1}, {'value': 1}, {'value': 0}], 'time_reversal_asymmetry_statistic': [{'lag': 3}, {'lag': 2}], 'symmetry_looking': [{'r': 0.9500000000000001}, {'r': 0.9}, {'r': 0.8500000000000001}, {'r': 0.8}]}}), 'feature_selection__strategy': 'correlation', 'feature_selection__threshold': 0.9, 'imputation__params': ('ffill', None)}",0.587097288676236,0.542687074829932,0.6552028218694886,0.6624545472808726,0.6138973136915078,0.6122678092696073,0.04436172443882293,109,0.9951818939183561,0.9810485063590655,0.9590890594116962,0.9559625279063235,0.9372810132575757,0.9657126001706035,0.02025299794277023
215.52716975212098,102.49100540461028,73.0399507522583,2.3437860477417933,5,50,5,"('tsfresh', {'default_fc_parameters': {'variance_larger_than_standard_deviation': None, 'value_count': [{'value': -1}, {'value': 1}, {'value': 0}], 'time_reversal_asymmetry_statistic': [{'lag': 3}, {'lag': 2}], 'symmetry_looking': [{'r': 0.9500000000000001}, {'r': 0.9}, {'r': 0.8500000000000001}, {'r': 0.8}]}})",correlation,0.95,"('interpolate', 'linear')","{'classifier__base_estimator__max_depth': 5, 'classifier__base_estimator__n_estimators': 50, 'feature_extraction__n_lags': 5, 'feature_extraction__params': ('tsfresh', {'default_fc_parameters': {'variance_larger_than_standard_deviation': None, 'value_count': [{'value': -1}, {'value': 1}, {'value': 0}], 'time_reversal_asymmetry_statistic': [{'lag': 3}, {'lag': 2}], 'symmetry_looking': [{'r': 0.9500000000000001}, {'r': 0.9}, {'r': 0.8500000000000001}, {'r': 0.8}]}}), 'feature_selection__strategy': 'correlation', 'feature_selection__threshold': 0.95, 'imputation__params': ('interpolate', 'linear')}",0.5119617224880382,0.645280612244898,0.6431878306878306,0.6334250758382386,0.5903018486424033,0.6048314179802817,0.05051898199313331,173,0.9947653429602888,0.9786268855368234,0.9687988476792104,0.9533835031122019,0.9362431129476585,0.9663635384472367,0.02019259399912272
216.64447765350343,102.6720380958645,72.76668038368226,1.8980781388140155,5,50,5,"('tsfresh', {'default_fc_parameters': {'variance_larger_than_standard_deviation': None, 'value_count': [{'value': -1}, {'value': 1}, {'value': 0}], 'time_reversal_asymmetry_statistic': [{'lag': 3}, {'lag': 2}], 'symmetry_looking': [{'r': 0.9500000000000001}, {'r': 0.9}, {'r': 0.8500000000000001}, {'r': 0.8}]}})",correlation,0.95,"('interpolate', ('polynomial', 2))","{'classifier__base_estimator__max_depth': 5, 'classifier__base_estimator__n_estimators': 50, 'feature_extraction__n_lags': 5, 'feature_extraction__params': ('tsfresh', {'default_fc_parameters': {'variance_larger_than_standard_deviation': None, 'value_count': [{'value': -1}, {'value': 1}, {'value': 0}], 'time_reversal_asymmetry_statistic': [{'lag': 3}, {'lag': 2}], 'symmetry_looking': [{'r': 0.9500000000000001}, {'r': 0.9}, {'r': 0.8500000000000001}, {'r': 0.8}]}}), 'feature_selection__strategy': 'correlation', 'feature_selection__threshold': 0.95, 'imputation__params': ('interpolate', ('polynomial', 2))}",0.5119617224880382,0.645280612244898,0.6431878306878306,0.6334250758382386,0.5903018486424033,0.6048314179802817,0.05051898199313331,173,0.9947653429602888,0.9786268855368234,0.9687988476792104,0.9533835031122019,0.9362431129476585,0.9663635384472367,0.02019259399912272
213.15339426994325,99.22956880368876,71.22289052009583,1.9398110975191531,5,50,5,"('tsfresh', {'default_fc_parameters': {'variance_larger_than_standard_deviation': None, 'value_count': [{'value': -1}, {'value': 1}, {'value': 0}], 'time_reversal_asymmetry_statistic': [{'lag': 3}, {'lag': 2}], 'symmetry_looking': [{'r': 0.9500000000000001}, {'r': 0.9}, {'r': 0.8500000000000001}, {'r': 0.8}]}})",correlation,0.95,"('interpolate', ('spline', 2))","{'classifier__base_estimator__max_depth': 5, 'classifier__base_estimator__n_estimators': 50, 'feature_extraction__n_lags': 5, 'feature_extraction__params': ('tsfresh', {'default_fc_parameters': {'variance_larger_than_standard_deviation': None, 'value_count': [{'value': -1}, {'value': 1}, {'value': 0}], 'time_reversal_asymmetry_statistic': [{'lag': 3}, {'lag': 2}], 'symmetry_looking': [{'r': 0.9500000000000001}, {'r': 0.9}, {'r': 0.8500000000000001}, {'r': 0.8}]}}), 'feature_selection__strategy': 'correlation', 'feature_selection__threshold': 0.95, 'imputation__params': ('interpolate', ('spline', 2))}",0.5119617224880382,0.645280612244898,0.6431878306878306,0.6334250758382386,0.5903018486424033,0.6048314179802817,0.05051898199313331,173,0.9947653429602888,0.9786268855368234,0.9687988476792104,0.9533835031122019,0.9362431129476585,0.9663635384472367,0.02019259399912272
211.21786885261537,100.78569040366061,70.97243218421936,2.1313647723421054,5,50,5,"('tsfresh', {'default_fc_parameters': {'variance_larger_than_standard_deviation': None, 'value_count': [{'value': -1}, {'value': 1}, {'value': 0}], 'time_reversal_asymmetry_statistic': [{'lag': 3}, {'lag': 2}], 'symmetry_looking': [{'r': 0.9500000000000001}, {'r': 0.9}, {'r': 0.8500000000000001}, {'r': 0.8}]}})",correlation,0.95,"('ffill', None)","{'classifier__base_estimator__max_depth': 5, 'classifier__base_estimator__n_estimators': 50, 'feature_extraction__n_lags': 5, 'feature_extraction__params': ('tsfresh', {'default_fc_parameters': {'variance_larger_than_standard_deviation': None, 'value_count': [{'value': -1}, {'value': 1}, {'value': 0}], 'time_reversal_asymmetry_statistic': [{'lag': 3}, {'lag': 2}], 'symmetry_looking': [{'r': 0.9500000000000001}, {'r': 0.9}, {'r': 0.8500000000000001}, {'r': 0.8}]}}), 'feature_selection__strategy': 'correlation', 'feature_selection__threshold': 0.95, 'imputation__params': ('ffill', None)}",0.5119617224880382,0.645280612244898,0.6431878306878306,0.6334250758382386,0.5903018486424033,0.6048314179802817,0.05051898199313331,173,0.9947653429602888,0.9786268855368234,0.9687988476792104,0.9533835031122019,0.9362431129476585,0.9663635384472367,0.02019259399912272
211.83585138320922,100.49917223494688,71.63877987861633,2.628043716487406,5,50,5,"('tsfresh', {'default_fc_parameters': {'variance_larger_than_standard_deviation': None, 'value_count': [{'value': -1}, {'value': 1}, {'value': 0}], 'time_reversal_asymmetry_statistic': [{'lag': 3}, {'lag': 2}], 'symmetry_looking': [{'r': 0.9500000000000001}, {'r': 0.9}, {'r': 0.8500000000000001}, {'r': 0.8}]}})",pca,0.85,"('interpolate', 'linear')","{'classifier__base_estimator__max_depth': 5, 'classifier__base_estimator__n_estimators': 50, 'feature_extraction__n_lags': 5, 'feature_extraction__params': ('tsfresh', {'default_fc_parameters': {'variance_larger_than_standard_deviation': None, 'value_count': [{'value': -1}, {'value': 1}, {'value': 0}], 'time_reversal_asymmetry_statistic': [{'lag': 3}, {'lag': 2}], 'symmetry_looking': [{'r': 0.9500000000000001}, {'r': 0.9}, {'r': 0.8500000000000001}, {'r': 0.8}]}}), 'feature_selection__strategy': 'pca', 'feature_selection__threshold': 0.85, 'imputation__params': ('interpolate', 'linear')}",0.4874322169059012,0.5672052154195011,0.5103300579491056,0.5164734716837094,0.55513431542461,0.5273150554765655,0.029535764682597478,493,0.841502360455429,0.8111838213546289,0.7766732550478627,0.7495250380708784,0.7226148200757576,0.7802998590009113,0.042396629324181985
213.79929308891298,101.6865048147901,71.67490434646606,1.9865215102265263,5,50,5,"('tsfresh', {'default_fc_parameters': {'variance_larger_than_standard_deviation': None, 'value_count': [{'value': -1}, {'value': 1}, {'value': 0}], 'time_reversal_asymmetry_statistic': [{'lag': 3}, {'lag': 2}], 'symmetry_looking': [{'r': 0.9500000000000001}, {'r': 0.9}, {'r': 0.8500000000000001}, {'r': 0.8}]}})",pca,0.85,"('interpolate', ('polynomial', 2))","{'classifier__base_estimator__max_depth': 5, 'classifier__base_estimator__n_estimators': 50, 'feature_extraction__n_lags': 5, 'feature_extraction__params': ('tsfresh', {'default_fc_parameters': {'variance_larger_than_standard_deviation': None, 'value_count': [{'value': -1}, {'value': 1}, {'value': 0}], 'time_reversal_asymmetry_statistic': [{'lag': 3}, {'lag': 2}], 'symmetry_looking': [{'r': 0.9500000000000001}, {'r': 0.9}, {'r': 0.8500000000000001}, {'r': 0.8}]}}), 'feature_selection__strategy': 'pca', 'feature_selection__threshold': 0.85, 'imputation__params': ('interpolate', ('polynomial', 2))}",0.4874322169059012,0.5672052154195011,0.5103300579491056,0.5164734716837094,0.55513431542461,0.5273150554765655,0.029535764682597478,493,0.841502360455429,0.8111838213546289,0.7766732550478627,0.7495250380708784,0.7226148200757576,0.7802998590009113,0.042396629324181985
213.27244691848756,102.21312226647449,71.97231302261352,2.019919740621446,5,50,5,"('tsfresh', {'default_fc_parameters': {'variance_larger_than_standard_deviation': None, 'value_count': [{'value': -1}, {'value': 1}, {'value': 0}], 'time_reversal_asymmetry_statistic': [{'lag': 3}, {'lag': 2}], 'symmetry_looking': [{'r': 0.9500000000000001}, {'r': 0.9}, {'r': 0.8500000000000001}, {'r': 0.8}]}})",pca,0.85,"('interpolate', ('spline', 2))","{'classifier__base_estimator__max_depth': 5, 'classifier__base_estimator__n_estimators': 50, 'feature_extraction__n_lags': 5, 'feature_extraction__params': ('tsfresh', {'default_fc_parameters': {'variance_larger_than_standard_deviation': None, 'value_count': [{'value': -1}, {'value': 1}, {'value': 0}], 'time_reversal_asymmetry_statistic': [{'lag': 3}, {'lag': 2}], 'symmetry_looking': [{'r': 0.9500000000000001}, {'r': 0.9}, {'r': 0.8500000000000001}, {'r': 0.8}]}}), 'feature_selection__strategy': 'pca', 'feature_selection__threshold': 0.85, 'imputation__params': ('interpolate', ('spline', 2))}",0.4874322169059012,0.5672052154195011,0.5103300579491056,0.5164734716837094,0.55513431542461,0.5273150554765655,0.029535764682597478,493,0.841502360455429,0.8111838213546289,0.7766732550478627,0.7495250380708784,0.7226148200757576,0.7802998590009113,0.042396629324181985
213.81866002082825,100.55690702170715,72.07638773918151,2.1847788475270793,5,50,5,"('tsfresh', {'default_fc_parameters': {'variance_larger_than_standard_deviation': None, 'value_count': [{'value': -1}, {'value': 1}, {'value': 0}], 'time_reversal_asymmetry_statistic': [{'lag': 3}, {'lag': 2}], 'symmetry_looking': [{'r': 0.9500000000000001}, {'r': 0.9}, {'r': 0.8500000000000001}, {'r': 0.8}]}})",pca,0.85,"('ffill', None)","{'classifier__base_estimator__max_depth': 5, 'classifier__base_estimator__n_estimators': 50, 'feature_extraction__n_lags': 5, 'feature_extraction__params': ('tsfresh', {'default_fc_parameters': {'variance_larger_than_standard_deviation': None, 'value_count': [{'value': -1}, {'value': 1}, {'value': 0}], 'time_reversal_asymmetry_statistic': [{'lag': 3}, {'lag': 2}], 'symmetry_looking': [{'r': 0.9500000000000001}, {'r': 0.9}, {'r': 0.8500000000000001}, {'r': 0.8}]}}), 'feature_selection__strategy': 'pca', 'feature_selection__threshold': 0.85, 'imputation__params': ('ffill', None)}",0.4874322169059012,0.5672052154195011,0.5103300579491056,0.5164734716837094,0.55513431542461,0.5273150554765655,0.029535764682597478,493,0.841502360455429,0.8111838213546289,0.7766732550478627,0.7495250380708784,0.7226148200757576,0.7802998590009113,0.042396629324181985
213.86784358024596,101.02826024611507,72.25856404304504,2.139818673232173,5,50,5,"('tsfresh', {'default_fc_parameters': {'variance_larger_than_standard_deviation': None, 'value_count': [{'value': -1}, {'value': 1}, {'value': 0}], 'time_reversal_asymmetry_statistic': [{'lag': 3}, {'lag': 2}], 'symmetry_looking': [{'r': 0.9500000000000001}, {'r': 0.9}, {'r': 0.8500000000000001}, {'r': 0.8}]}})",pca,0.9,"('interpolate', 'linear')","{'classifier__base_estimator__max_depth': 5, 'classifier__base_estimator__n_estimators': 50, 'feature_extraction__n_lags': 5, 'feature_extraction__params': ('tsfresh', {'default_fc_parameters': {'variance_larger_than_standard_deviation': None, 'value_count': [{'value': -1}, {'value': 1}, {'value': 0}], 'time_reversal_asymmetry_statistic': [{'lag': 3}, {'lag': 2}], 'symmetry_looking': [{'r': 0.9500000000000001}, {'r': 0.9}, {'r': 0.8500000000000001}, {'r': 0.8}]}}), 'feature_selection__strategy': 'pca', 'feature_selection__threshold': 0.9, 'imputation__params': ('interpolate', 'linear')}",0.4874322169059012,0.5672052154195011,0.5103300579491056,0.5164734716837094,0.55513431542461,0.5273150554765655,0.029535764682597478,493,0.841502360455429,0.8111838213546289,0.7766732550478627,0.7495250380708784,0.7226148200757576,0.7802998590009113,0.042396629324181985
214.80859336853027,102.06855892931404,71.92290582656861,2.3540558516688863,5,50,5,"('tsfresh', {'default_fc_parameters': {'variance_larger_than_standard_deviation': None, 'value_count': [{'value': -1}, {'value': 1}, {'value': 0}], 'time_reversal_asymmetry_statistic': [{'lag': 3}, {'lag': 2}], 'symmetry_looking': [{'r': 0.9500000000000001}, {'r': 0.9}, {'r': 0.8500000000000001}, {'r': 0.8}]}})",pca,0.9,"('interpolate', ('polynomial', 2))","{'classifier__base_estimator__max_depth': 5, 'classifier__base_estimator__n_estimators': 50, 'feature_extraction__n_lags': 5, 'feature_extraction__params': ('tsfresh', {'default_fc_parameters': {'variance_larger_than_standard_deviation': None, 'value_count': [{'value': -1}, {'value': 1}, {'value': 0}], 'time_reversal_asymmetry_statistic': [{'lag': 3}, {'lag': 2}], 'symmetry_looking': [{'r': 0.9500000000000001}, {'r': 0.9}, {'r': 0.8500000000000001}, {'r': 0.8}]}}), 'feature_selection__strategy': 'pca', 'feature_selection__threshold': 0.9, 'imputation__params': ('interpolate', ('polynomial', 2))}",0.4874322169059012,0.5672052154195011,0.5103300579491056,0.5164734716837094,0.55513431542461,0.5273150554765655,0.029535764682597478,493,0.841502360455429,0.8111838213546289,0.7766732550478627,0.7495250380708784,0.7226148200757576,0.7802998590009113,0.042396629324181985
214.60075364112853,102.49170893108311,72.21086883544922,2.0726443877910508,5,50,5,"('tsfresh', {'default_fc_parameters': {'variance_larger_than_standard_deviation': None, 'value_count': [{'value': -1}, {'value': 1}, {'value': 0}], 'time_reversal_asymmetry_statistic': [{'lag': 3}, {'lag': 2}], 'symmetry_looking': [{'r': 0.9500000000000001}, {'r': 0.9}, {'r': 0.8500000000000001}, {'r': 0.8}]}})",pca,0.9,"('interpolate', ('spline', 2))","{'classifier__base_estimator__max_depth': 5, 'classifier__base_estimator__n_estimators': 50, 'feature_extraction__n_lags': 5, 'feature_extraction__params': ('tsfresh', {'default_fc_parameters': {'variance_larger_than_standard_deviation': None, 'value_count': [{'value': -1}, {'value': 1}, {'value': 0}], 'time_reversal_asymmetry_statistic': [{'lag': 3}, {'lag': 2}], 'symmetry_looking': [{'r': 0.9500000000000001}, {'r': 0.9}, {'r': 0.8500000000000001}, {'r': 0.8}]}}), 'feature_selection__strategy': 'pca', 'feature_selection__threshold': 0.9, 'imputation__params': ('interpolate', ('spline', 2))}",0.4874322169059012,0.5672052154195011,0.5103300579491056,0.5164734716837094,0.55513431542461,0.5273150554765655,0.029535764682597478,493,0.841502360455429,0.8111838213546289,0.7766732550478627,0.7495250380708784,0.7226148200757576,0.7802998590009113,0.042396629324181985
214.09411025047302,100.92126261106532,71.87189240455628,2.2588650504738794,5,50,5,"('tsfresh', {'default_fc_parameters': {'variance_larger_than_standard_deviation': None, 'value_count': [{'value': -1}, {'value': 1}, {'value': 0}], 'time_reversal_asymmetry_statistic': [{'lag': 3}, {'lag': 2}], 'symmetry_looking': [{'r': 0.9500000000000001}, {'r': 0.9}, {'r': 0.8500000000000001}, {'r': 0.8}]}})",pca,0.9,"('ffill', None)","{'classifier__base_estimator__max_depth': 5, 'classifier__base_estimator__n_estimators': 50, 'feature_extraction__n_lags': 5, 'feature_extraction__params': ('tsfresh', {'default_fc_parameters': {'variance_larger_than_standard_deviation': None, 'value_count': [{'value': -1}, {'value': 1}, {'value': 0}], 'time_reversal_asymmetry_statistic': [{'lag': 3}, {'lag': 2}], 'symmetry_looking': [{'r': 0.9500000000000001}, {'r': 0.9}, {'r': 0.8500000000000001}, {'r': 0.8}]}}), 'feature_selection__strategy': 'pca', 'feature_selection__threshold': 0.9, 'imputation__params': ('ffill', None)}",0.4874322169059012,0.5672052154195011,0.5103300579491056,0.5164734716837094,0.55513431542461,0.5273150554765655,0.029535764682597478,493,0.841502360455429,0.8111838213546289,0.7766732550478627,0.7495250380708784,0.7226148200757576,0.7802998590009113,0.042396629324181985
214.67389760017394,101.93804708150554,72.37000517845154,2.0198517332142645,5,50,5,"('tsfresh', {'default_fc_parameters': {'variance_larger_than_standard_deviation': None, 'value_count': [{'value': -1}, {'value': 1}, {'value': 0}], 'time_reversal_asymmetry_statistic': [{'lag': 3}, {'lag': 2}], 'symmetry_looking': [{'r': 0.9500000000000001}, {'r': 0.9}, {'r': 0.8500000000000001}, {'r': 0.8}]}})",pca,0.95,"('interpolate', 'linear')","{'classifier__base_estimator__max_depth': 5, 'classifier__base_estimator__n_estimators': 50, 'feature_extraction__n_lags': 5, 'feature_extraction__params': ('tsfresh', {'default_fc_parameters': {'variance_larger_than_standard_deviation': None, 'value_count': [{'value': -1}, {'value': 1}, {'value': 0}], 'time_reversal_asymmetry_statistic': [{'lag': 3}, {'lag': 2}], 'symmetry_looking': [{'r': 0.9500000000000001}, {'r': 0.9}, {'r': 0.8500000000000001}, {'r': 0.8}]}}), 'feature_selection__strategy': 'pca', 'feature_selection__threshold': 0.95, 'imputation__params': ('interpolate', 'linear')}",0.4874322169059012,0.5672052154195011,0.5103300579491056,0.5164734716837094,0.55513431542461,0.5273150554765655,0.029535764682597478,493,0.841502360455429,0.8111838213546289,0.7766732550478627,0.7495250380708784,0.7226148200757576,0.7802998590009113,0.042396629324181985
214.43964881896972,102.36596784458013,72.60359005928039,1.8055814207957643,5,50,5,"('tsfresh', {'default_fc_parameters': {'variance_larger_than_standard_deviation': None, 'value_count': [{'value': -1}, {'value': 1}, {'value': 0}], 'time_reversal_asymmetry_statistic': [{'lag': 3}, {'lag': 2}], 'symmetry_looking': [{'r': 0.9500000000000001}, {'r': 0.9}, {'r': 0.8500000000000001}, {'r': 0.8}]}})",pca,0.95,"('interpolate', ('polynomial', 2))","{'classifier__base_estimator__max_depth': 5, 'classifier__base_estimator__n_estimators': 50, 'feature_extraction__n_lags': 5, 'feature_extraction__params': ('tsfresh', {'default_fc_parameters': {'variance_larger_than_standard_deviation': None, 'value_count': [{'value': -1}, {'value': 1}, {'value': 0}], 'time_reversal_asymmetry_statistic': [{'lag': 3}, {'lag': 2}], 'symmetry_looking': [{'r': 0.9500000000000001}, {'r': 0.9}, {'r': 0.8500000000000001}, {'r': 0.8}]}}), 'feature_selection__strategy': 'pca', 'feature_selection__threshold': 0.95, 'imputation__params': ('interpolate', ('polynomial', 2))}",0.4874322169059012,0.5672052154195011,0.5103300579491056,0.5164734716837094,0.55513431542461,0.5273150554765655,0.029535764682597478,493,0.841502360455429,0.8111838213546289,0.7766732550478627,0.7495250380708784,0.7226148200757576,0.7802998590009113,0.042396629324181985
215.64311771392823,102.38896426539851,72.63359413146972,1.8663930808254796,5,50,5,"('tsfresh', {'default_fc_parameters': {'variance_larger_than_standard_deviation': None, 'value_count': [{'value': -1}, {'value': 1}, {'value': 0}], 'time_reversal_asymmetry_statistic': [{'lag': 3}, {'lag': 2}], 'symmetry_looking': [{'r': 0.9500000000000001}, {'r': 0.9}, {'r': 0.8500000000000001}, {'r': 0.8}]}})",pca,0.95,"('interpolate', ('spline', 2))","{'classifier__base_estimator__max_depth': 5, 'classifier__base_estimator__n_estimators': 50, 'feature_extraction__n_lags': 5, 'feature_extraction__params': ('tsfresh', {'default_fc_parameters': {'variance_larger_than_standard_deviation': None, 'value_count': [{'value': -1}, {'value': 1}, {'value': 0}], 'time_reversal_asymmetry_statistic': [{'lag': 3}, {'lag': 2}], 'symmetry_looking': [{'r': 0.9500000000000001}, {'r': 0.9}, {'r': 0.8500000000000001}, {'r': 0.8}]}}), 'feature_selection__strategy': 'pca', 'feature_selection__threshold': 0.95, 'imputation__params': ('interpolate', ('spline', 2))}",0.4874322169059012,0.5672052154195011,0.5103300579491056,0.5164734716837094,0.55513431542461,0.5273150554765655,0.029535764682597478,493,0.841502360455429,0.8111838213546289,0.7766732550478627,0.7495250380708784,0.7226148200757576,0.7802998590009113,0.042396629324181985
214.5895308971405,101.60319058711927,71.92708053588868,1.7442499968467668,5,50,5,"('tsfresh', {'default_fc_parameters': {'variance_larger_than_standard_deviation': None, 'value_count': [{'value': -1}, {'value': 1}, {'value': 0}], 'time_reversal_asymmetry_statistic': [{'lag': 3}, {'lag': 2}], 'symmetry_looking': [{'r': 0.9500000000000001}, {'r': 0.9}, {'r': 0.8500000000000001}, {'r': 0.8}]}})",pca,0.95,"('ffill', None)","{'classifier__base_estimator__max_depth': 5, 'classifier__base_estimator__n_estimators': 50, 'feature_extraction__n_lags': 5, 'feature_extraction__params': ('tsfresh', {'default_fc_parameters': {'variance_larger_than_standard_deviation': None, 'value_count': [{'value': -1}, {'value': 1}, {'value': 0}], 'time_reversal_asymmetry_statistic': [{'lag': 3}, {'lag': 2}], 'symmetry_looking': [{'r': 0.9500000000000001}, {'r': 0.9}, {'r': 0.8500000000000001}, {'r': 0.8}]}}), 'feature_selection__strategy': 'pca', 'feature_selection__threshold': 0.95, 'imputation__params': ('ffill', None)}",0.4874322169059012,0.5672052154195011,0.5103300579491056,0.5164734716837094,0.55513431542461,0.5273150554765655,0.029535764682597478,493,0.841502360455429,0.8111838213546289,0.7766732550478627,0.7495250380708784,0.7226148200757576,0.7802998590009113,0.042396629324181985
184.47011590003967,88.14170011652509,63.058508253097536,3.221030873423457,5,50,8,"('tsfresh', {'default_fc_parameters': {'variance_larger_than_standard_deviation': None, 'value_count': [{'value': -1}, {'value': 1}, {'value': 0}], 'time_reversal_asymmetry_statistic': [{'lag': 3}, {'lag': 2}], 'symmetry_looking': [{'r': 0.9500000000000001}, {'r': 0.9}, {'r': 0.8500000000000001}, {'r': 0.8}]}})",correlation,0.85,"('interpolate', 'linear')","{'classifier__base_estimator__max_depth': 5, 'classifier__base_estimator__n_estimators': 50, 'feature_extraction__n_lags': 8, 'feature_extraction__params': ('tsfresh', {'default_fc_parameters': {'variance_larger_than_standard_deviation': None, 'value_count': [{'value': -1}, {'value': 1}, {'value': 0}], 'time_reversal_asymmetry_statistic': [{'lag': 3}, {'lag': 2}], 'symmetry_looking': [{'r': 0.9500000000000001}, {'r': 0.9}, {'r': 0.8500000000000001}, {'r': 0.8}]}}), 'feature_selection__strategy': 'correlation', 'feature_selection__threshold': 0.85, 'imputation__params': ('interpolate', 'linear')}",0.5299024640657084,0.6190255873833278,0.5752154035519605,0.6891476091476092,0.6015708556149733,0.6029723839527159,0.052527140056771206,193,0.9977466977466978,0.989794677422624,0.9736864444643016,0.9699940164470991,0.9566064684085738,0.9775656608978591,0.014618405953366985
184.60928621292115,88.48274217739804,63.18157486915588,3.33184027953305,5,50,8,"('tsfresh', {'default_fc_parameters': {'variance_larger_than_standard_deviation': None, 'value_count': [{'value': -1}, {'value': 1}, {'value': 0}], 'time_reversal_asymmetry_statistic': [{'lag': 3}, {'lag': 2}], 'symmetry_looking': [{'r': 0.9500000000000001}, {'r': 0.9}, {'r': 0.8500000000000001}, {'r': 0.8}]}})",correlation,0.85,"('interpolate', ('polynomial', 2))","{'classifier__base_estimator__max_depth': 5, 'classifier__base_estimator__n_estimators': 50, 'feature_extraction__n_lags': 8, 'feature_extraction__params': ('tsfresh', {'default_fc_parameters': {'variance_larger_than_standard_deviation': None, 'value_count': [{'value': -1}, {'value': 1}, {'value': 0}], 'time_reversal_asymmetry_statistic': [{'lag': 3}, {'lag': 2}], 'symmetry_looking': [{'r': 0.9500000000000001}, {'r': 0.9}, {'r': 0.8500000000000001}, {'r': 0.8}]}}), 'feature_selection__strategy': 'correlation', 'feature_selection__threshold': 0.85, 'imputation__params': ('interpolate', ('polynomial', 2))}",0.5299024640657084,0.6190255873833278,0.5752154035519605,0.6891476091476092,0.6015708556149733,0.6029723839527159,0.052527140056771206,193,0.9977466977466978,0.989794677422624,0.9736864444643016,0.9699940164470991,0.9566064684085738,0.9775656608978591,0.014618405953366985
183.90656208992004,88.10749335752134,62.76058368682861,3.2769673957167598,5,50,8,"('tsfresh', {'default_fc_parameters': {'variance_larger_than_standard_deviation': None, 'value_count': [{'value': -1}, {'value': 1}, {'value': 0}], 'time_reversal_asymmetry_statistic': [{'lag': 3}, {'lag': 2}], 'symmetry_looking': [{'r': 0.9500000000000001}, {'r': 0.9}, {'r': 0.8500000000000001}, {'r': 0.8}]}})",correlation,0.85,"('interpolate', ('spline', 2))","{'classifier__base_estimator__max_depth': 5, 'classifier__base_estimator__n_estimators': 50, 'feature_extraction__n_lags': 8, 'feature_extraction__params': ('tsfresh', {'default_fc_parameters': {'variance_larger_than_standard_deviation': None, 'value_count': [{'value': -1}, {'value': 1}, {'value': 0}], 'time_reversal_asymmetry_statistic': [{'lag': 3}, {'lag': 2}], 'symmetry_looking': [{'r': 0.9500000000000001}, {'r': 0.9}, {'r': 0.8500000000000001}, {'r': 0.8}]}}), 'feature_selection__strategy': 'correlation', 'feature_selection__threshold': 0.85, 'imputation__params': ('interpolate', ('spline', 2))}",0.5299024640657084,0.6190255873833278,0.5752154035519605,0.6891476091476092,0.6015708556149733,0.6029723839527159,0.052527140056771206,193,0.9977466977466978,0.989794677422624,0.9736864444643016,0.9699940164470991,0.9566064684085738,0.9775656608978591,0.014618405953366985
183.44869694709777,87.36812707824213,62.71213321685791,3.253178201152677,5,50,8,"('tsfresh', {'default_fc_parameters': {'variance_larger_than_standard_deviation': None, 'value_count': [{'value': -1}, {'value': 1}, {'value': 0}], 'time_reversal_asymmetry_statistic': [{'lag': 3}, {'lag': 2}], 'symmetry_looking': [{'r': 0.9500000000000001}, {'r': 0.9}, {'r': 0.8500000000000001}, {'r': 0.8}]}})",correlation,0.85,"('ffill', None)","{'classifier__base_estimator__max_depth': 5, 'classifier__base_estimator__n_estimators': 50, 'feature_extraction__n_lags': 8, 'feature_extraction__params': ('tsfresh', {'default_fc_parameters': {'variance_larger_than_standard_deviation': None, 'value_count': [{'value': -1}, {'value': 1}, {'value': 0}], 'time_reversal_asymmetry_statistic': [{'lag': 3}, {'lag': 2}], 'symmetry_looking': [{'r': 0.9500000000000001}, {'r': 0.9}, {'r': 0.8500000000000001}, {'r': 0.8}]}}), 'feature_selection__strategy': 'correlation', 'feature_selection__threshold': 0.85, 'imputation__params': ('ffill', None)}",0.5299024640657084,0.6190255873833278,0.5752154035519605,0.6891476091476092,0.6015708556149733,0.6029723839527159,0.052527140056771206,193,0.9977466977466978,0.989794677422624,0.9736864444643016,0.9699940164470991,0.9566064684085738,0.9775656608978591,0.014618405953366985
184.14776401519777,88.23888041095464,62.764533042907715,3.3690343352959995,5,50,8,"('tsfresh', {'default_fc_parameters': {'variance_larger_than_standard_deviation': None, 'value_count': [{'value': -1}, {'value': 1}, {'value': 0}], 'time_reversal_asymmetry_statistic': [{'lag': 3}, {'lag': 2}], 'symmetry_looking': [{'r': 0.9500000000000001}, {'r': 0.9}, {'r': 0.8500000000000001}, {'r': 0.8}]}})",correlation,0.9,"('interpolate', 'linear')","{'classifier__base_estimator__max_depth': 5, 'classifier__base_estimator__n_estimators': 50, 'feature_extraction__n_lags': 8, 'feature_extraction__params': ('tsfresh', {'default_fc_parameters': {'variance_larger_than_standard_deviation': None, 'value_count': [{'value': -1}, {'value': 1}, {'value': 0}], 'time_reversal_asymmetry_statistic': [{'lag': 3}, {'lag': 2}], 'symmetry_looking': [{'r': 0.9500000000000001}, {'r': 0.9}, {'r': 0.8500000000000001}, {'r': 0.8}]}}), 'feature_selection__strategy': 'correlation', 'feature_selection__threshold': 0.9, 'imputation__params': ('interpolate', 'linear')}",0.508748288843258,0.6036369488252334,0.6010858097415157,0.6698128898128898,0.589861853832442,0.5946291582110678,0.05132966598901336,253,0.9971250971250971,0.9920546445872266,0.9800397640961487,0.9710526450372309,0.9546919493393382,0.9789928200370083,0.015192534485956293
189.1171419620514,92.31429920630548,64.59171404838563,3.074671935067724,5,50,8,"('tsfresh', {'default_fc_parameters': {'variance_larger_than_standard_deviation': None, 'value_count': [{'value': -1}, {'value': 1}, {'value': 0}], 'time_reversal_asymmetry_statistic': [{'lag': 3}, {'lag': 2}], 'symmetry_looking': [{'r': 0.9500000000000001}, {'r': 0.9}, {'r': 0.8500000000000001}, {'r': 0.8}]}})",correlation,0.9,"('interpolate', ('polynomial', 2))","{'classifier__base_estimator__max_depth': 5, 'classifier__base_estimator__n_estimators': 50, 'feature_extraction__n_lags': 8, 'feature_extraction__params': ('tsfresh', {'default_fc_parameters': {'variance_larger_than_standard_deviation': None, 'value_count': [{'value': -1}, {'value': 1}, {'value': 0}], 'time_reversal_asymmetry_statistic': [{'lag': 3}, {'lag': 2}], 'symmetry_looking': [{'r': 0.9500000000000001}, {'r': 0.9}, {'r': 0.8500000000000001}, {'r': 0.8}]}}), 'feature_selection__strategy': 'correlation', 'feature_selection__threshold': 0.9, 'imputation__params': ('interpolate', ('polynomial', 2))}",0.508748288843258,0.6036369488252334,0.6010858097415157,0.6698128898128898,0.589861853832442,0.5946291582110678,0.05132966598901336,253,0.9971250971250971,0.9920546445872266,0.9800397640961487,0.9710526450372309,0.9546919493393382,0.9789928200370083,0.015192534485956293
185.24613313674928,88.08600439663496,63.81412148475647,3.1637565467658773,5,50,8,"('tsfresh', {'default_fc_parameters': {'variance_larger_than_standard_deviation': None, 'value_count': [{'value': -1}, {'value': 1}, {'value': 0}], 'time_reversal_asymmetry_statistic': [{'lag': 3}, {'lag': 2}], 'symmetry_looking': [{'r': 0.9500000000000001}, {'r': 0.9}, {'r': 0.8500000000000001}, {'r': 0.8}]}})",correlation,0.9,"('interpolate', ('spline', 2))","{'classifier__base_estimator__max_depth': 5, 'classifier__base_estimator__n_estimators': 50, 'feature_extraction__n_lags': 8, 'feature_extraction__params': ('tsfresh', {'default_fc_parameters': {'variance_larger_than_standard_deviation': None, 'value_count': [{'value': -1}, {'value': 1}, {'value': 0}], 'time_reversal_asymmetry_statistic': [{'lag': 3}, {'lag': 2}], 'symmetry_looking': [{'r': 0.9500000000000001}, {'r': 0.9}, {'r': 0.8500000000000001}, {'r': 0.8}]}}), 'feature_selection__strategy': 'correlation', 'feature_selection__threshold': 0.9, 'imputation__params': ('interpolate', ('spline', 2))}",0.508748288843258,0.6036369488252334,0.6010858097415157,0.6698128898128898,0.589861853832442,0.5946291582110678,0.05132966598901336,253,0.9971250971250971,0.9920546445872266,0.9800397640961487,0.9710526450372309,0.9546919493393382,0.9789928200370083,0.015192534485956293
184.10767498016358,88.18655369686678,63.04905514717102,3.4917188096848792,5,50,8,"('tsfresh', {'default_fc_parameters': {'variance_larger_than_standard_deviation': None, 'value_count': [{'value': -1}, {'value': 1}, {'value': 0}], 'time_reversal_asymmetry_statistic': [{'lag': 3}, {'lag': 2}], 'symmetry_looking': [{'r': 0.9500000000000001}, {'r': 0.9}, {'r': 0.8500000000000001}, {'r': 0.8}]}})",correlation,0.9,"('ffill', None)","{'classifier__base_estimator__max_depth': 5, 'classifier__base_estimator__n_estimators': 50, 'feature_extraction__n_lags': 8, 'feature_extraction__params': ('tsfresh', {'default_fc_parameters': {'variance_larger_than_standard_deviation': None, 'value_count': [{'value': -1}, {'value': 1}, {'value': 0}], 'time_reversal_asymmetry_statistic': [{'lag': 3}, {'lag': 2}], 'symmetry_looking': [{'r': 0.9500000000000001}, {'r': 0.9}, {'r': 0.8500000000000001}, {'r': 0.8}]}}), 'feature_selection__strategy': 'correlation', 'feature_selection__threshold': 0.9, 'imputation__params': ('ffill', None)}",0.508748288843258,0.6036369488252334,0.6010858097415157,0.6698128898128898,0.589861853832442,0.5946291582110678,0.05132966598901336,253,0.9971250971250971,0.9920546445872266,0.9800397640961487,0.9710526450372309,0.9546919493393382,0.9789928200370083,0.015192534485956293
184.72430863380433,88.97606106302975,62.99119567871094,2.987983015982387,5,50,8,"('tsfresh', {'default_fc_parameters': {'variance_larger_than_standard_deviation': None, 'value_count': [{'value': -1}, {'value': 1}, {'value': 0}], 'time_reversal_asymmetry_statistic': [{'lag': 3}, {'lag': 2}], 'symmetry_looking': [{'r': 0.9500000000000001}, {'r': 0.9}, {'r': 0.8500000000000001}, {'r': 0.8}]}})",correlation,0.95,"('interpolate', 'linear')","{'classifier__base_estimator__max_depth': 5, 'classifier__base_estimator__n_estimators': 50, 'feature_extraction__n_lags': 8, 'feature_extraction__params': ('tsfresh', {'default_fc_parameters': {'variance_larger_than_standard_deviation': None, 'value_count': [{'value': -1}, {'value': 1}, {'value': 0}], 'time_reversal_asymmetry_statistic': [{'lag': 3}, {'lag': 2}], 'symmetry_looking': [{'r': 0.9500000000000001}, {'r': 0.9}, {'r': 0.8500000000000001}, {'r': 0.8}]}}), 'feature_selection__strategy': 'correlation', 'feature_selection__threshold': 0.95, 'imputation__params': ('interpolate', 'linear')}",0.5063526694045175,0.6595590601866753,0.6241427817830139,0.6807345807345808,0.57576871657754,0.6093115617372654,0.0625646542433592,133,0.998912198912199,0.9856598496057726,0.9744348136895721,0.9674612347598396,0.9580861064445795,0.9769108406823925,0.014215493674035165
184.31142086982726,87.5983391475365,63.10685510635376,3.15146770031086,5,50,8,"('tsfresh', {'default_fc_parameters': {'variance_larger_than_standard_deviation': None, 'value_count': [{'value': -1}, {'value': 1}, {'value': 0}], 'time_reversal_asymmetry_statistic': [{'lag': 3}, {'lag': 2}], 'symmetry_looking': [{'r': 0.9500000000000001}, {'r': 0.9}, {'r': 0.8500000000000001}, {'r': 0.8}]}})",correlation,0.95,"('interpolate', ('polynomial', 2))","{'classifier__base_estimator__max_depth': 5, 'classifier__base_estimator__n_estimators': 50, 'feature_extraction__n_lags': 8, 'feature_extraction__params': ('tsfresh', {'default_fc_parameters': {'variance_larger_than_standard_deviation': None, 'value_count': [{'value': -1}, {'value': 1}, {'value': 0}], 'time_reversal_asymmetry_statistic': [{'lag': 3}, {'lag': 2}], 'symmetry_looking': [{'r': 0.9500000000000001}, {'r': 0.9}, {'r': 0.8500000000000001}, {'r': 0.8}]}}), 'feature_selection__strategy': 'correlation', 'feature_selection__threshold': 0.95, 'imputation__params': ('interpolate', ('polynomial', 2))}",0.5063526694045175,0.6595590601866753,0.6241427817830139,0.6807345807345808,0.57576871657754,0.6093115617372654,0.0625646542433592,133,0.998912198912199,0.9856598496057726,0.9744348136895721,0.9674612347598396,0.9580861064445795,0.9769108406823925,0.014215493674035165
184.10311608314515,88.27163142782035,63.39594144821167,3.137745786024404,5,50,8,"('tsfresh', {'default_fc_parameters': {'variance_larger_than_standard_deviation': None, 'value_count': [{'value': -1}, {'value': 1}, {'value': 0}], 'time_reversal_asymmetry_statistic': [{'lag': 3}, {'lag': 2}], 'symmetry_looking': [{'r': 0.9500000000000001}, {'r': 0.9}, {'r': 0.8500000000000001}, {'r': 0.8}]}})",correlation,0.95,"('interpolate', ('spline', 2))","{'classifier__base_estimator__max_depth': 5, 'classifier__base_estimator__n_estimators': 50, 'feature_extraction__n_lags': 8, 'feature_extraction__params': ('tsfresh', {'default_fc_parameters': {'variance_larger_than_standard_deviation': None, 'value_count': [{'value': -1}, {'value': 1}, {'value': 0}], 'time_reversal_asymmetry_statistic': [{'lag': 3}, {'lag': 2}], 'symmetry_looking': [{'r': 0.9500000000000001}, {'r': 0.9}, {'r': 0.8500000000000001}, {'r': 0.8}]}}), 'feature_selection__strategy': 'correlation', 'feature_selection__threshold': 0.95, 'imputation__params': ('interpolate', ('spline', 2))}",0.5063526694045175,0.6595590601866753,0.6241427817830139,0.6807345807345808,0.57576871657754,0.6093115617372654,0.0625646542433592,133,0.998912198912199,0.9856598496057726,0.9744348136895721,0.9674612347598396,0.9580861064445795,0.9769108406823925,0.014215493674035165
184.38494458198548,88.12145273760557,62.81691842079162,3.6647076208826586,5,50,8,"('tsfresh', {'default_fc_parameters': {'variance_larger_than_standard_deviation': None, 'value_count': [{'value': -1}, {'value': 1}, {'value': 0}], 'time_reversal_asymmetry_statistic': [{'lag': 3}, {'lag': 2}], 'symmetry_looking': [{'r': 0.9500000000000001}, {'r': 0.9}, {'r': 0.8500000000000001}, {'r': 0.8}]}})",correlation,0.95,"('ffill', None)","{'classifier__base_estimator__max_depth': 5, 'classifier__base_estimator__n_estimators': 50, 'feature_extraction__n_lags': 8, 'feature_extraction__params': ('tsfresh', {'default_fc_parameters': {'variance_larger_than_standard_deviation': None, 'value_count': [{'value': -1}, {'value': 1}, {'value': 0}], 'time_reversal_asymmetry_statistic': [{'lag': 3}, {'lag': 2}], 'symmetry_looking': [{'r': 0.9500000000000001}, {'r': 0.9}, {'r': 0.8500000000000001}, {'r': 0.8}]}}), 'feature_selection__strategy': 'correlation', 'feature_selection__threshold': 0.95, 'imputation__params': ('ffill', None)}",0.5063526694045175,0.6595590601866753,0.6241427817830139,0.6807345807345808,0.57576871657754,0.6093115617372654,0.0625646542433592,133,0.998912198912199,0.9856598496057726,0.9744348136895721,0.9674612347598396,0.9580861064445795,0.9769108406823925,0.014215493674035165
184.2181568145752,88.5955271682779,62.96052494049072,3.120714867147783,5,50,8,"('tsfresh', {'default_fc_parameters': {'variance_larger_than_standard_deviation': None, 'value_count': [{'value': -1}, {'value': 1}, {'value': 0}], 'time_reversal_asymmetry_statistic': [{'lag': 3}, {'lag': 2}], 'symmetry_looking': [{'r': 0.9500000000000001}, {'r': 0.9}, {'r': 0.8500000000000001}, {'r': 0.8}]}})",pca,0.85,"('interpolate', 'linear')","{'classifier__base_estimator__max_depth': 5, 'classifier__base_estimator__n_estimators': 50, 'feature_extraction__n_lags': 8, 'feature_extraction__params': ('tsfresh', {'default_fc_parameters': {'variance_larger_than_standard_deviation': None, 'value_count': [{'value': -1}, {'value': 1}, {'value': 0}], 'time_reversal_asymmetry_statistic': [{'lag': 3}, {'lag': 2}], 'symmetry_looking': [{'r': 0.9500000000000001}, {'r': 0.9}, {'r': 0.8500000000000001}, {'r': 0.8}]}}), 'feature_selection__strategy': 'pca', 'feature_selection__threshold': 0.85, 'imputation__params': ('interpolate', 'linear')}",0.5081279945242985,0.5479159961377535,0.4589414454017936,0.5206098406098407,0.5642936720142603,0.5199777897375893,0.0363612245767323,577,0.8328671328671329,0.80227820905203,0.7777566794745778,0.7411243965305622,0.7240218155389547,0.7756096466926515,0.039610045425340926
183.76212821006774,87.85334887040634,63.05000891685486,3.337416636574528,5,50,8,"('tsfresh', {'default_fc_parameters': {'variance_larger_than_standard_deviation': None, 'value_count': [{'value': -1}, {'value': 1}, {'value': 0}], 'time_reversal_asymmetry_statistic': [{'lag': 3}, {'lag': 2}], 'symmetry_looking': [{'r': 0.9500000000000001}, {'r': 0.9}, {'r': 0.8500000000000001}, {'r': 0.8}]}})",pca,0.85,"('interpolate', ('polynomial', 2))","{'classifier__base_estimator__max_depth': 5, 'classifier__base_estimator__n_estimators': 50, 'feature_extraction__n_lags': 8, 'feature_extraction__params': ('tsfresh', {'default_fc_parameters': {'variance_larger_than_standard_deviation': None, 'value_count': [{'value': -1}, {'value': 1}, {'value': 0}], 'time_reversal_asymmetry_statistic': [{'lag': 3}, {'lag': 2}], 'symmetry_looking': [{'r': 0.9500000000000001}, {'r': 0.9}, {'r': 0.8500000000000001}, {'r': 0.8}]}}), 'feature_selection__strategy': 'pca', 'feature_selection__threshold': 0.85, 'imputation__params': ('interpolate', ('polynomial', 2))}",0.5081279945242985,0.5479159961377535,0.4589414454017936,0.5206098406098407,0.5642936720142603,0.5199777897375893,0.0363612245767323,577,0.8328671328671329,0.80227820905203,0.7777566794745778,0.7411243965305622,0.7240218155389547,0.7756096466926515,0.039610045425340926
184.9506018638611,89.36208842329489,63.324846267700195,3.2251846147256265,5,50,8,"('tsfresh', {'default_fc_parameters': {'variance_larger_than_standard_deviation': None, 'value_count': [{'value': -1}, {'value': 1}, {'value': 0}], 'time_reversal_asymmetry_statistic': [{'lag': 3}, {'lag': 2}], 'symmetry_looking': [{'r': 0.9500000000000001}, {'r': 0.9}, {'r': 0.8500000000000001}, {'r': 0.8}]}})",pca,0.85,"('interpolate', ('spline', 2))","{'classifier__base_estimator__max_depth': 5, 'classifier__base_estimator__n_estimators': 50, 'feature_extraction__n_lags': 8, 'feature_extraction__params': ('tsfresh', {'default_fc_parameters': {'variance_larger_than_standard_deviation': None, 'value_count': [{'value': -1}, {'value': 1}, {'value': 0}], 'time_reversal_asymmetry_statistic': [{'lag': 3}, {'lag': 2}], 'symmetry_looking': [{'r': 0.9500000000000001}, {'r': 0.9}, {'r': 0.8500000000000001}, {'r': 0.8}]}}), 'feature_selection__strategy': 'pca', 'feature_selection__threshold': 0.85, 'imputation__params': ('interpolate', ('spline', 2))}",0.5081279945242985,0.5479159961377535,0.4589414454017936,0.5206098406098407,0.5642936720142603,0.5199777897375893,0.0363612245767323,577,0.8328671328671329,0.80227820905203,0.7777566794745778,0.7411243965305622,0.7240218155389547,0.7756096466926515,0.039610045425340926
183.4335000514984,87.20728682339029,62.8196683883667,3.7877532390722024,5,50,8,"('tsfresh', {'default_fc_parameters': {'variance_larger_than_standard_deviation': None, 'value_count': [{'value': -1}, {'value': 1}, {'value': 0}], 'time_reversal_asymmetry_statistic': [{'lag': 3}, {'lag': 2}], 'symmetry_looking': [{'r': 0.9500000000000001}, {'r': 0.9}, {'r': 0.8500000000000001}, {'r': 0.8}]}})",pca,0.85,"('ffill', None)","{'classifier__base_estimator__max_depth': 5, 'classifier__base_estimator__n_estimators': 50, 'feature_extraction__n_lags': 8, 'feature_extraction__params': ('tsfresh', {'default_fc_parameters': {'variance_larger_than_standard_deviation': None, 'value_count': [{'value': -1}, {'value': 1}, {'value': 0}], 'time_reversal_asymmetry_statistic': [{'lag': 3}, {'lag': 2}], 'symmetry_looking': [{'r': 0.9500000000000001}, {'r': 0.9}, {'r': 0.8500000000000001}, {'r': 0.8}]}}), 'feature_selection__strategy': 'pca', 'feature_selection__threshold': 0.85, 'imputation__params': ('ffill', None)}",0.5081279945242985,0.5479159961377535,0.4589414454017936,0.5206098406098407,0.5642936720142603,0.5199777897375893,0.0363612245767323,577,0.8328671328671329,0.80227820905203,0.7777566794745778,0.7411243965305622,0.7240218155389547,0.7756096466926515,0.039610045425340926
184.24424061775207,88.81401125731544,62.867104816436765,3.536747207759229,5,50,8,"('tsfresh', {'default_fc_parameters': {'variance_larger_than_standard_deviation': None, 'value_count': [{'value': -1}, {'value': 1}, {'value': 0}], 'time_reversal_asymmetry_statistic': [{'lag': 3}, {'lag': 2}], 'symmetry_looking': [{'r': 0.9500000000000001}, {'r': 0.9}, {'r': 0.8500000000000001}, {'r': 0.8}]}})",pca,0.9,"('interpolate', 'linear')","{'classifier__base_estimator__max_depth': 5, 'classifier__base_estimator__n_estimators': 50, 'feature_extraction__n_lags': 8, 'feature_extraction__params': ('tsfresh', {'default_fc_parameters': {'variance_larger_than_standard_deviation': None, 'value_count': [{'value': -1}, {'value': 1}, {'value': 0}], 'time_reversal_asymmetry_statistic': [{'lag': 3}, {'lag': 2}], 'symmetry_looking': [{'r': 0.9500000000000001}, {'r': 0.9}, {'r': 0.8500000000000001}, {'r': 0.8}]}}), 'feature_selection__strategy': 'pca', 'feature_selection__threshold': 0.9, 'imputation__params': ('interpolate', 'linear')}",0.5081279945242985,0.5479159961377535,0.4589414454017936,0.5206098406098407,0.5642936720142603,0.5199777897375893,0.0363612245767323,577,0.8328671328671329,0.80227820905203,0.7777566794745778,0.7411243965305622,0.7240218155389547,0.7756096466926515,0.039610045425340926
183.35692734718322,87.60460024256366,63.0491081237793,3.773578410245722,5,50,8,"('tsfresh', {'default_fc_parameters': {'variance_larger_than_standard_deviation': None, 'value_count': [{'value': -1}, {'value': 1}, {'value': 0}], 'time_reversal_asymmetry_statistic': [{'lag': 3}, {'lag': 2}], 'symmetry_looking': [{'r': 0.9500000000000001}, {'r': 0.9}, {'r': 0.8500000000000001}, {'r': 0.8}]}})",pca,0.9,"('interpolate', ('polynomial', 2))","{'classifier__base_estimator__max_depth': 5, 'classifier__base_estimator__n_estimators': 50, 'feature_extraction__n_lags': 8, 'feature_extraction__params': ('tsfresh', {'default_fc_parameters': {'variance_larger_than_standard_deviation': None, 'value_count': [{'value': -1}, {'value': 1}, {'value': 0}], 'time_reversal_asymmetry_statistic': [{'lag': 3}, {'lag': 2}], 'symmetry_looking': [{'r': 0.9500000000000001}, {'r': 0.9}, {'r': 0.8500000000000001}, {'r': 0.8}]}}), 'feature_selection__strategy': 'pca', 'feature_selection__threshold': 0.9, 'imputation__params': ('interpolate', ('polynomial', 2))}",0.5081279945242985,0.5479159961377535,0.4589414454017936,0.5206098406098407,0.5642936720142603,0.5199777897375893,0.0363612245767323,577,0.8328671328671329,0.80227820905203,0.7777566794745778,0.7411243965305622,0.7240218155389547,0.7756096466926515,0.039610045425340926
187.2254765033722,90.66828616584968,63.75408778190613,3.305845334738011,5,50,8,"('tsfresh', {'default_fc_parameters': {'variance_larger_than_standard_deviation': None, 'value_count': [{'value': -1}, {'value': 1}, {'value': 0}], 'time_reversal_asymmetry_statistic': [{'lag': 3}, {'lag': 2}], 'symmetry_looking': [{'r': 0.9500000000000001}, {'r': 0.9}, {'r': 0.8500000000000001}, {'r': 0.8}]}})",pca,0.9,"('interpolate', ('spline', 2))","{'classifier__base_estimator__max_depth': 5, 'classifier__base_estimator__n_estimators': 50, 'feature_extraction__n_lags': 8, 'feature_extraction__params': ('tsfresh', {'default_fc_parameters': {'variance_larger_than_standard_deviation': None, 'value_count': [{'value': -1}, {'value': 1}, {'value': 0}], 'time_reversal_asymmetry_statistic': [{'lag': 3}, {'lag': 2}], 'symmetry_looking': [{'r': 0.9500000000000001}, {'r': 0.9}, {'r': 0.8500000000000001}, {'r': 0.8}]}}), 'feature_selection__strategy': 'pca', 'feature_selection__threshold': 0.9, 'imputation__params': ('interpolate', ('spline', 2))}",0.5081279945242985,0.5479159961377535,0.4589414454017936,0.5206098406098407,0.5642936720142603,0.5199777897375893,0.0363612245767323,577,0.8328671328671329,0.80227820905203,0.7777566794745778,0.7411243965305622,0.7240218155389547,0.7756096466926515,0.039610045425340926
184.8475365638733,87.28478063185315,63.72770042419434,3.6595617459648166,5,50,8,"('tsfresh', {'default_fc_parameters': {'variance_larger_than_standard_deviation': None, 'value_count': [{'value': -1}, {'value': 1}, {'value': 0}], 'time_reversal_asymmetry_statistic': [{'lag': 3}, {'lag': 2}], 'symmetry_looking': [{'r': 0.9500000000000001}, {'r': 0.9}, {'r': 0.8500000000000001}, {'r': 0.8}]}})",pca,0.9,"('ffill', None)","{'classifier__base_estimator__max_depth': 5, 'classifier__base_estimator__n_estimators': 50, 'feature_extraction__n_lags': 8, 'feature_extraction__params': ('tsfresh', {'default_fc_parameters': {'variance_larger_than_standard_deviation': None, 'value_count': [{'value': -1}, {'value': 1}, {'value': 0}], 'time_reversal_asymmetry_statistic': [{'lag': 3}, {'lag': 2}], 'symmetry_looking': [{'r': 0.9500000000000001}, {'r': 0.9}, {'r': 0.8500000000000001}, {'r': 0.8}]}}), 'feature_selection__strategy': 'pca', 'feature_selection__threshold': 0.9, 'imputation__params': ('ffill', None)}",0.5081279945242985,0.5479159961377535,0.4589414454017936,0.5206098406098407,0.5642936720142603,0.5199777897375893,0.0363612245767323,577,0.8328671328671329,0.80227820905203,0.7777566794745778,0.7411243965305622,0.7240218155389547,0.7756096466926515,0.039610045425340926
184.19250869750977,87.96843182009862,62.88844261169434,3.614011001160703,5,50,8,"('tsfresh', {'default_fc_parameters': {'variance_larger_than_standard_deviation': None, 'value_count': [{'value': -1}, {'value': 1}, {'value': 0}], 'time_reversal_asymmetry_statistic': [{'lag': 3}, {'lag': 2}], 'symmetry_looking': [{'r': 0.9500000000000001}, {'r': 0.9}, {'r': 0.8500000000000001}, {'r': 0.8}]}})",pca,0.95,"('interpolate', 'linear')","{'classifier__base_estimator__max_depth': 5, 'classifier__base_estimator__n_estimators': 50, 'feature_extraction__n_lags': 8, 'feature_extraction__params': ('tsfresh', {'default_fc_parameters': {'variance_larger_than_standard_deviation': None, 'value_count': [{'value': -1}, {'value': 1}, {'value': 0}], 'time_reversal_asymmetry_statistic': [{'lag': 3}, {'lag': 2}], 'symmetry_looking': [{'r': 0.9500000000000001}, {'r': 0.9}, {'r': 0.8500000000000001}, {'r': 0.8}]}}), 'feature_selection__strategy': 'pca', 'feature_selection__threshold': 0.95, 'imputation__params': ('interpolate', 'linear')}",0.5081279945242985,0.5479159961377535,0.4589414454017936,0.5206098406098407,0.5642936720142603,0.5199777897375893,0.0363612245767323,577,0.8328671328671329,0.80227820905203,0.7777566794745778,0.7411243965305622,0.7240218155389547,0.7756096466926515,0.039610045425340926
184.57658257484437,88.53614840710567,62.919269227981566,3.5102772395665727,5,50,8,"('tsfresh', {'default_fc_parameters': {'variance_larger_than_standard_deviation': None, 'value_count': [{'value': -1}, {'value': 1}, {'value': 0}], 'time_reversal_asymmetry_statistic': [{'lag': 3}, {'lag': 2}], 'symmetry_looking': [{'r': 0.9500000000000001}, {'r': 0.9}, {'r': 0.8500000000000001}, {'r': 0.8}]}})",pca,0.95,"('interpolate', ('polynomial', 2))","{'classifier__base_estimator__max_depth': 5, 'classifier__base_estimator__n_estimators': 50, 'feature_extraction__n_lags': 8, 'feature_extraction__params': ('tsfresh', {'default_fc_parameters': {'variance_larger_than_standard_deviation': None, 'value_count': [{'value': -1}, {'value': 1}, {'value': 0}], 'time_reversal_asymmetry_statistic': [{'lag': 3}, {'lag': 2}], 'symmetry_looking': [{'r': 0.9500000000000001}, {'r': 0.9}, {'r': 0.8500000000000001}, {'r': 0.8}]}}), 'feature_selection__strategy': 'pca', 'feature_selection__threshold': 0.95, 'imputation__params': ('interpolate', ('polynomial', 2))}",0.5081279945242985,0.5479159961377535,0.4589414454017936,0.5206098406098407,0.5642936720142603,0.5199777897375893,0.0363612245767323,577,0.8328671328671329,0.80227820905203,0.7777566794745778,0.7411243965305622,0.7240218155389547,0.7756096466926515,0.039610045425340926
184.1455936908722,88.16976975676114,63.685147523880005,2.9967801557132656,5,50,8,"('tsfresh', {'default_fc_parameters': {'variance_larger_than_standard_deviation': None, 'value_count': [{'value': -1}, {'value': 1}, {'value': 0}], 'time_reversal_asymmetry_statistic': [{'lag': 3}, {'lag': 2}], 'symmetry_looking': [{'r': 0.9500000000000001}, {'r': 0.9}, {'r': 0.8500000000000001}, {'r': 0.8}]}})",pca,0.95,"('interpolate', ('spline', 2))","{'classifier__base_estimator__max_depth': 5, 'classifier__base_estimator__n_estimators': 50, 'feature_extraction__n_lags': 8, 'feature_extraction__params': ('tsfresh', {'default_fc_parameters': {'variance_larger_than_standard_deviation': None, 'value_count': [{'value': -1}, {'value': 1}, {'value': 0}], 'time_reversal_asymmetry_statistic': [{'lag': 3}, {'lag': 2}], 'symmetry_looking': [{'r': 0.9500000000000001}, {'r': 0.9}, {'r': 0.8500000000000001}, {'r': 0.8}]}}), 'feature_selection__strategy': 'pca', 'feature_selection__threshold': 0.95, 'imputation__params': ('interpolate', ('spline', 2))}",0.5081279945242985,0.5479159961377535,0.4589414454017936,0.5206098406098407,0.5642936720142603,0.5199777897375893,0.0363612245767323,577,0.8328671328671329,0.80227820905203,0.7777566794745778,0.7411243965305622,0.7240218155389547,0.7756096466926515,0.039610045425340926
184.28049607276915,87.21637331098505,62.67794795036316,3.294742054306681,5,50,8,"('tsfresh', {'default_fc_parameters': {'variance_larger_than_standard_deviation': None, 'value_count': [{'value': -1}, {'value': 1}, {'value': 0}], 'time_reversal_asymmetry_statistic': [{'lag': 3}, {'lag': 2}], 'symmetry_looking': [{'r': 0.9500000000000001}, {'r': 0.9}, {'r': 0.8500000000000001}, {'r': 0.8}]}})",pca,0.95,"('ffill', None)","{'classifier__base_estimator__max_depth': 5, 'classifier__base_estimator__n_estimators': 50, 'feature_extraction__n_lags': 8, 'feature_extraction__params': ('tsfresh', {'default_fc_parameters': {'variance_larger_than_standard_deviation': None, 'value_count': [{'value': -1}, {'value': 1}, {'value': 0}], 'time_reversal_asymmetry_statistic': [{'lag': 3}, {'lag': 2}], 'symmetry_looking': [{'r': 0.9500000000000001}, {'r': 0.9}, {'r': 0.8500000000000001}, {'r': 0.8}]}}), 'feature_selection__strategy': 'pca', 'feature_selection__threshold': 0.95, 'imputation__params': ('ffill', None)}",0.5081279945242985,0.5479159961377535,0.4589414454017936,0.5206098406098407,0.5642936720142603,0.5199777897375893,0.0363612245767323,577,0.8328671328671329,0.80227820905203,0.7777566794745778,0.7411243965305622,0.7240218155389547,0.7756096466926515,0.039610045425340926
234.32239084243776,110.99297939534758,78.7562002658844,1.2601877116699514,5,100,3,"('tsfresh', {'default_fc_parameters': {'variance_larger_than_standard_deviation': None, 'value_count': [{'value': -1}, {'value': 1}, {'value': 0}], 'time_reversal_asymmetry_statistic': [{'lag': 3}, {'lag': 2}], 'symmetry_looking': [{'r': 0.9500000000000001}, {'r': 0.9}, {'r': 0.8500000000000001}, {'r': 0.8}]}})",correlation,0.85,"('interpolate', 'linear')","{'classifier__base_estimator__max_depth': 5, 'classifier__base_estimator__n_estimators': 100, 'feature_extraction__n_lags': 3, 'feature_extraction__params': ('tsfresh', {'default_fc_parameters': {'variance_larger_than_standard_deviation': None, 'value_count': [{'value': -1}, {'value': 1}, {'value': 0}], 'time_reversal_asymmetry_statistic': [{'lag': 3}, {'lag': 2}], 'symmetry_looking': [{'r': 0.9500000000000001}, {'r': 0.9}, {'r': 0.8500000000000001}, {'r': 0.8}]}}), 'feature_selection__strategy': 'correlation', 'feature_selection__threshold': 0.85, 'imputation__params': ('interpolate', 'linear')}",0.5464800000000001,0.5694052324487107,0.6257881462799496,0.6507170795306388,0.5917050988486471,0.5968191114215893,0.037565665096095505,245,0.9913467734511645,0.9772592957399655,0.9749583109198494,0.9680193759382041,0.9487246793345999,0.9720616870767567,0.01391600755727704
234.1287896156311,111.2214255432485,78.0415973186493,0.9434962351969866,5,100,3,"('tsfresh', {'default_fc_parameters': {'variance_larger_than_standard_deviation': None, 'value_count': [{'value': -1}, {'value': 1}, {'value': 0}], 'time_reversal_asymmetry_statistic': [{'lag': 3}, {'lag': 2}], 'symmetry_looking': [{'r': 0.9500000000000001}, {'r': 0.9}, {'r': 0.8500000000000001}, {'r': 0.8}]}})",correlation,0.85,"('interpolate', ('polynomial', 2))","{'classifier__base_estimator__max_depth': 5, 'classifier__base_estimator__n_estimators': 100, 'feature_extraction__n_lags': 3, 'feature_extraction__params': ('tsfresh', {'default_fc_parameters': {'variance_larger_than_standard_deviation': None, 'value_count': [{'value': -1}, {'value': 1}, {'value': 0}], 'time_reversal_asymmetry_statistic': [{'lag': 3}, {'lag': 2}], 'symmetry_looking': [{'r': 0.9500000000000001}, {'r': 0.9}, {'r': 0.8500000000000001}, {'r': 0.8}]}}), 'feature_selection__strategy': 'correlation', 'feature_selection__threshold': 0.85, 'imputation__params': ('interpolate', ('polynomial', 2))}",0.5464800000000001,0.5694052324487107,0.6257881462799496,0.6507170795306388,0.5917050988486471,0.5968191114215893,0.037565665096095505,245,0.9913467734511645,0.9772592957399655,0.9749583109198494,0.9680193759382041,0.9487246793345999,0.9720616870767567,0.01391600755727704
234.71970157623292,111.61721323688998,78.6012921333313,1.3535641760875101,5,100,3,"('tsfresh', {'default_fc_parameters': {'variance_larger_than_standard_deviation': None, 'value_count': [{'value': -1}, {'value': 1}, {'value': 0}], 'time_reversal_asymmetry_statistic': [{'lag': 3}, {'lag': 2}], 'symmetry_looking': [{'r': 0.9500000000000001}, {'r': 0.9}, {'r': 0.8500000000000001}, {'r': 0.8}]}})",correlation,0.85,"('interpolate', ('spline', 2))","{'classifier__base_estimator__max_depth': 5, 'classifier__base_estimator__n_estimators': 100, 'feature_extraction__n_lags': 3, 'feature_extraction__params': ('tsfresh', {'default_fc_parameters': {'variance_larger_than_standard_deviation': None, 'value_count': [{'value': -1}, {'value': 1}, {'value': 0}], 'time_reversal_asymmetry_statistic': [{'lag': 3}, {'lag': 2}], 'symmetry_looking': [{'r': 0.9500000000000001}, {'r': 0.9}, {'r': 0.8500000000000001}, {'r': 0.8}]}}), 'feature_selection__strategy': 'correlation', 'feature_selection__threshold': 0.85, 'imputation__params': ('interpolate', ('spline', 2))}",0.5464800000000001,0.5694052324487107,0.6257881462799496,0.6507170795306388,0.5917050988486471,0.5968191114215893,0.037565665096095505,245,0.9913467734511645,0.9772592957399655,0.9749583109198494,0.9680193759382041,0.9487246793345999,0.9720616870767567,0.01391600755727704
234.34842009544371,110.79441266435713,78.1010232925415,0.7298286796453509,5,100,3,"('tsfresh', {'default_fc_parameters': {'variance_larger_than_standard_deviation': None, 'value_count': [{'value': -1}, {'value': 1}, {'value': 0}], 'time_reversal_asymmetry_statistic': [{'lag': 3}, {'lag': 2}], 'symmetry_looking': [{'r': 0.9500000000000001}, {'r': 0.9}, {'r': 0.8500000000000001}, {'r': 0.8}]}})",correlation,0.85,"('ffill', None)","{'classifier__base_estimator__max_depth': 5, 'classifier__base_estimator__n_estimators': 100, 'feature_extraction__n_lags': 3, 'feature_extraction__params': ('tsfresh', {'default_fc_parameters': {'variance_larger_than_standard_deviation': None, 'value_count': [{'value': -1}, {'value': 1}, {'value': 0}], 'time_reversal_asymmetry_statistic': [{'lag': 3}, {'lag': 2}], 'symmetry_looking': [{'r': 0.9500000000000001}, {'r': 0.9}, {'r': 0.8500000000000001}, {'r': 0.8}]}}), 'feature_selection__strategy': 'correlation', 'feature_selection__threshold': 0.85, 'imputation__params': ('ffill', None)}",0.5464800000000001,0.5694052324487107,0.6257881462799496,0.6507170795306388,0.5917050988486471,0.5968191114215893,0.037565665096095505,245,0.9913467734511645,0.9772592957399655,0.9749583109198494,0.9680193759382041,0.9487246793345999,0.9720616870767567,0.01391600755727704
233.5282609462738,110.84361778297342,77.70727276802063,1.4759336219034365,5,100,3,"('tsfresh', {'default_fc_parameters': {'variance_larger_than_standard_deviation': None, 'value_count': [{'value': -1}, {'value': 1}, {'value': 0}], 'time_reversal_asymmetry_statistic': [{'lag': 3}, {'lag': 2}], 'symmetry_looking': [{'r': 0.9500000000000001}, {'r': 0.9}, {'r': 0.8500000000000001}, {'r': 0.8}]}})",correlation,0.9,"('interpolate', 'linear')","{'classifier__base_estimator__max_depth': 5, 'classifier__base_estimator__n_estimators': 100, 'feature_extraction__n_lags': 3, 'feature_extraction__params': ('tsfresh', {'default_fc_parameters': {'variance_larger_than_standard_deviation': None, 'value_count': [{'value': -1}, {'value': 1}, {'value': 0}], 'time_reversal_asymmetry_statistic': [{'lag': 3}, {'lag': 2}], 'symmetry_looking': [{'r': 0.9500000000000001}, {'r': 0.9}, {'r': 0.8500000000000001}, {'r': 0.8}]}}), 'feature_selection__strategy': 'correlation', 'feature_selection__threshold': 0.9, 'imputation__params': ('interpolate', 'linear')}",0.5457866666666668,0.6053783173348389,0.5970996216897856,0.6222213168187745,0.5831908923791402,0.5907353629778411,0.025782123757425064,285,0.9929117186780816,0.9788875892637281,0.9762910166756321,0.9671616993862949,0.9509376376425365,0.9732379323292546,0.013874592366582943
235.54653725624084,111.48004646313967,78.3692594051361,1.0452616220173745,5,100,3,"('tsfresh', {'default_fc_parameters': {'variance_larger_than_standard_deviation': None, 'value_count': [{'value': -1}, {'value': 1}, {'value': 0}], 'time_reversal_asymmetry_statistic': [{'lag': 3}, {'lag': 2}], 'symmetry_looking': [{'r': 0.9500000000000001}, {'r': 0.9}, {'r': 0.8500000000000001}, {'r': 0.8}]}})",correlation,0.9,"('interpolate', ('polynomial', 2))","{'classifier__base_estimator__max_depth': 5, 'classifier__base_estimator__n_estimators': 100, 'feature_extraction__n_lags': 3, 'feature_extraction__params': ('tsfresh', {'default_fc_parameters': {'variance_larger_than_standard_deviation': None, 'value_count': [{'value': -1}, {'value': 1}, {'value': 0}], 'time_reversal_asymmetry_statistic': [{'lag': 3}, {'lag': 2}], 'symmetry_looking': [{'r': 0.9500000000000001}, {'r': 0.9}, {'r': 0.8500000000000001}, {'r': 0.8}]}}), 'feature_selection__strategy': 'correlation', 'feature_selection__threshold': 0.9, 'imputation__params': ('interpolate', ('polynomial', 2))}",0.5457866666666668,0.6053783173348389,0.5970996216897856,0.6222213168187745,0.5831908923791402,0.5907353629778411,0.025782123757425064,285,0.9929117186780816,0.9788875892637281,0.9762910166756321,0.9671616993862949,0.9509376376425365,0.9732379323292546,0.013874592366582943
234.46248650550842,110.57182282471427,78.4474488735199,0.8844289733394752,5,100,3,"('tsfresh', {'default_fc_parameters': {'variance_larger_than_standard_deviation': None, 'value_count': [{'value': -1}, {'value': 1}, {'value': 0}], 'time_reversal_asymmetry_statistic': [{'lag': 3}, {'lag': 2}], 'symmetry_looking': [{'r': 0.9500000000000001}, {'r': 0.9}, {'r': 0.8500000000000001}, {'r': 0.8}]}})",correlation,0.9,"('interpolate', ('spline', 2))","{'classifier__base_estimator__max_depth': 5, 'classifier__base_estimator__n_estimators': 100, 'feature_extraction__n_lags': 3, 'feature_extraction__params': ('tsfresh', {'default_fc_parameters': {'variance_larger_than_standard_deviation': None, 'value_count': [{'value': -1}, {'value': 1}, {'value': 0}], 'time_reversal_asymmetry_statistic': [{'lag': 3}, {'lag': 2}], 'symmetry_looking': [{'r': 0.9500000000000001}, {'r': 0.9}, {'r': 0.8500000000000001}, {'r': 0.8}]}}), 'feature_selection__strategy': 'correlation', 'feature_selection__threshold': 0.9, 'imputation__params': ('interpolate', ('spline', 2))}",0.5457866666666668,0.6053783173348389,0.5970996216897856,0.6222213168187745,0.5831908923791402,0.5907353629778411,0.025782123757425064,285,0.9929117186780816,0.9788875892637281,0.9762910166756321,0.9671616993862949,0.9509376376425365,0.9732379323292546,0.013874592366582943
234.94358534812926,111.01394074424218,78.074995470047,1.1194702358927449,5,100,3,"('tsfresh', {'default_fc_parameters': {'variance_larger_than_standard_deviation': None, 'value_count': [{'value': -1}, {'value': 1}, {'value': 0}], 'time_reversal_asymmetry_statistic': [{'lag': 3}, {'lag': 2}], 'symmetry_looking': [{'r': 0.9500000000000001}, {'r': 0.9}, {'r': 0.8500000000000001}, {'r': 0.8}]}})",correlation,0.9,"('ffill', None)","{'classifier__base_estimator__max_depth': 5, 'classifier__base_estimator__n_estimators': 100, 'feature_extraction__n_lags': 3, 'feature_extraction__params': ('tsfresh', {'default_fc_parameters': {'variance_larger_than_standard_deviation': None, 'value_count': [{'value': -1}, {'value': 1}, {'value': 0}], 'time_reversal_asymmetry_statistic': [{'lag': 3}, {'lag': 2}], 'symmetry_looking': [{'r': 0.9500000000000001}, {'r': 0.9}, {'r': 0.8500000000000001}, {'r': 0.8}]}}), 'feature_selection__strategy': 'correlation', 'feature_selection__threshold': 0.9, 'imputation__params': ('ffill', None)}",0.5457866666666668,0.6053783173348389,0.5970996216897856,0.6222213168187745,0.5831908923791402,0.5907353629778411,0.025782123757425064,285,0.9929117186780816,0.9788875892637281,0.9762910166756321,0.9671616993862949,0.9509376376425365,0.9732379323292546,0.013874592366582943
233.16365995407105,110.29450435852138,78.15443654060364,1.4824292338431588,5,100,3,"('tsfresh', {'default_fc_parameters': {'variance_larger_than_standard_deviation': None, 'value_count': [{'value': -1}, {'value': 1}, {'value': 0}], 'time_reversal_asymmetry_statistic': [{'lag': 3}, {'lag': 2}], 'symmetry_looking': [{'r': 0.9500000000000001}, {'r': 0.9}, {'r': 0.8500000000000001}, {'r': 0.8}]}})",correlation,0.95,"('interpolate', 'linear')","{'classifier__base_estimator__max_depth': 5, 'classifier__base_estimator__n_estimators': 100, 'feature_extraction__n_lags': 3, 'feature_extraction__params': ('tsfresh', {'default_fc_parameters': {'variance_larger_than_standard_deviation': None, 'value_count': [{'value': -1}, {'value': 1}, {'value': 0}], 'time_reversal_asymmetry_statistic': [{'lag': 3}, {'lag': 2}], 'symmetry_looking': [{'r': 0.9500000000000001}, {'r': 0.9}, {'r': 0.8500000000000001}, {'r': 0.8}]}}), 'feature_selection__strategy': 'correlation', 'feature_selection__threshold': 0.95, 'imputation__params': ('interpolate', 'linear')}",0.53232,0.6649021268586486,0.6119693148381674,0.6192144719687093,0.5339197600541813,0.5924651347439414,0.05174563950840645,265,0.9931763785326337,0.9781026840679635,0.9734413663259818,0.9636261917311657,0.9514701891291872,0.9719633619573864,0.013995330543150082
233.66949787139893,109.80916989521876,78.93976631164551,3.3342186451664664,5,100,3,"('tsfresh', {'default_fc_parameters': {'variance_larger_than_standard_deviation': None, 'value_count': [{'value': -1}, {'value': 1}, {'value': 0}], 'time_reversal_asymmetry_statistic': [{'lag': 3}, {'lag': 2}], 'symmetry_looking': [{'r': 0.9500000000000001}, {'r': 0.9}, {'r': 0.8500000000000001}, {'r': 0.8}]}})",correlation,0.95,"('interpolate', ('polynomial', 2))","{'classifier__base_estimator__max_depth': 5, 'classifier__base_estimator__n_estimators': 100, 'feature_extraction__n_lags': 3, 'feature_extraction__params': ('tsfresh', {'default_fc_parameters': {'variance_larger_than_standard_deviation': None, 'value_count': [{'value': -1}, {'value': 1}, {'value': 0}], 'time_reversal_asymmetry_statistic': [{'lag': 3}, {'lag': 2}], 'symmetry_looking': [{'r': 0.9500000000000001}, {'r': 0.9}, {'r': 0.8500000000000001}, {'r': 0.8}]}}), 'feature_selection__strategy': 'correlation', 'feature_selection__threshold': 0.95, 'imputation__params': ('interpolate', ('polynomial', 2))}",0.53232,0.6649021268586486,0.6119693148381674,0.6192144719687093,0.5339197600541813,0.5924651347439414,0.05174563950840645,265,0.9931763785326337,0.9781026840679635,0.9734413663259818,0.9636261917311657,0.9514701891291872,0.9719633619573864,0.013995330543150082
237.63638892173768,111.2195867882864,78.21474242210388,1.0483352911723376,5,100,3,"('tsfresh', {'default_fc_parameters': {'variance_larger_than_standard_deviation': None, 'value_count': [{'value': -1}, {'value': 1}, {'value': 0}], 'time_reversal_asymmetry_statistic': [{'lag': 3}, {'lag': 2}], 'symmetry_looking': [{'r': 0.9500000000000001}, {'r': 0.9}, {'r': 0.8500000000000001}, {'r': 0.8}]}})",correlation,0.95,"('interpolate', ('spline', 2))","{'classifier__base_estimator__max_depth': 5, 'classifier__base_estimator__n_estimators': 100, 'feature_extraction__n_lags': 3, 'feature_extraction__params': ('tsfresh', {'default_fc_parameters': {'variance_larger_than_standard_deviation': None, 'value_count': [{'value': -1}, {'value': 1}, {'value': 0}], 'time_reversal_asymmetry_statistic': [{'lag': 3}, {'lag': 2}], 'symmetry_looking': [{'r': 0.9500000000000001}, {'r': 0.9}, {'r': 0.8500000000000001}, {'r': 0.8}]}}), 'feature_selection__strategy': 'correlation', 'feature_selection__threshold': 0.95, 'imputation__params': ('interpolate', ('spline', 2))}",0.53232,0.6649021268586486,0.6119693148381674,0.6192144719687093,0.5339197600541813,0.5924651347439414,0.05174563950840645,265,0.9931763785326337,0.9781026840679635,0.9734413663259818,0.9636261917311657,0.9514701891291872,0.9719633619573864,0.013995330543150082
235.04451694488526,111.56298362128076,78.40003290176392,1.3493261142670054,5,100,3,"('tsfresh', {'default_fc_parameters': {'variance_larger_than_standard_deviation': None, 'value_count': [{'value': -1}, {'value': 1}, {'value': 0}], 'time_reversal_asymmetry_statistic': [{'lag': 3}, {'lag': 2}], 'symmetry_looking': [{'r': 0.9500000000000001}, {'r': 0.9}, {'r': 0.8500000000000001}, {'r': 0.8}]}})",correlation,0.95,"('ffill', None)","{'classifier__base_estimator__max_depth': 5, 'classifier__base_estimator__n_estimators': 100, 'feature_extraction__n_lags': 3, 'feature_extraction__params': ('tsfresh', {'default_fc_parameters': {'variance_larger_than_standard_deviation': None, 'value_count': [{'value': -1}, {'value': 1}, {'value': 0}], 'time_reversal_asymmetry_statistic': [{'lag': 3}, {'lag': 2}], 'symmetry_looking': [{'r': 0.9500000000000001}, {'r': 0.9}, {'r': 0.8500000000000001}, {'r': 0.8}]}}), 'feature_selection__strategy': 'correlation', 'feature_selection__threshold': 0.95, 'imputation__params': ('ffill', None)}",0.53232,0.6649021268586486,0.6119693148381674,0.6192144719687093,0.5339197600541813,0.5924651347439414,0.05174563950840645,265,0.9931763785326337,0.9781026840679635,0.9734413663259818,0.9636261917311657,0.9514701891291872,0.9719633619573864,0.013995330543150082
235.2748836517334,111.38017190579984,78.36319923400879,1.5416958813903416,5,100,3,"('tsfresh', {'default_fc_parameters': {'variance_larger_than_standard_deviation': None, 'value_count': [{'value': -1}, {'value': 1}, {'value': 0}], 'time_reversal_asymmetry_statistic': [{'lag': 3}, {'lag': 2}], 'symmetry_looking': [{'r': 0.9500000000000001}, {'r': 0.9}, {'r': 0.8500000000000001}, {'r': 0.8}]}})",pca,0.85,"('interpolate', 'linear')","{'classifier__base_estimator__max_depth': 5, 'classifier__base_estimator__n_estimators': 100, 'feature_extraction__n_lags': 3, 'feature_extraction__params': ('tsfresh', {'default_fc_parameters': {'variance_larger_than_standard_deviation': None, 'value_count': [{'value': -1}, {'value': 1}, {'value': 0}], 'time_reversal_asymmetry_statistic': [{'lag': 3}, {'lag': 2}], 'symmetry_looking': [{'r': 0.9500000000000001}, {'r': 0.9}, {'r': 0.8500000000000001}, {'r': 0.8}]}}), 'feature_selection__strategy': 'pca', 'feature_selection__threshold': 0.85, 'imputation__params': ('interpolate', 'linear')}",0.4614533333333333,0.6036490683229814,0.5040458175704077,0.5387141460234681,0.6097494114232269,0.5435223553346835,0.05712807515718533,421,0.952384240081009,0.9265267175572519,0.8903187197417967,0.8833390357650353,0.837562453563023,0.8980262333416231,0.0392378865405993
234.5961932659149,112.20670266547964,78.04894089698792,1.3862019085814734,5,100,3,"('tsfresh', {'default_fc_parameters': {'variance_larger_than_standard_deviation': None, 'value_count': [{'value': -1}, {'value': 1}, {'value': 0}], 'time_reversal_asymmetry_statistic': [{'lag': 3}, {'lag': 2}], 'symmetry_looking': [{'r': 0.9500000000000001}, {'r': 0.9}, {'r': 0.8500000000000001}, {'r': 0.8}]}})",pca,0.85,"('interpolate', ('polynomial', 2))","{'classifier__base_estimator__max_depth': 5, 'classifier__base_estimator__n_estimators': 100, 'feature_extraction__n_lags': 3, 'feature_extraction__params': ('tsfresh', {'default_fc_parameters': {'variance_larger_than_standard_deviation': None, 'value_count': [{'value': -1}, {'value': 1}, {'value': 0}], 'time_reversal_asymmetry_statistic': [{'lag': 3}, {'lag': 2}], 'symmetry_looking': [{'r': 0.9500000000000001}, {'r': 0.9}, {'r': 0.8500000000000001}, {'r': 0.8}]}}), 'feature_selection__strategy': 'pca', 'feature_selection__threshold': 0.85, 'imputation__params': ('interpolate', ('polynomial', 2))}",0.4614533333333333,0.6036490683229814,0.5040458175704077,0.5387141460234681,0.6097494114232269,0.5435223553346835,0.05712807515718533,421,0.952384240081009,0.9265267175572519,0.8903187197417967,0.8833390357650353,0.837562453563023,0.8980262333416231,0.0392378865405993
234.6694130897522,110.3871992340754,78.6868896484375,1.4347372662702447,5,100,3,"('tsfresh', {'default_fc_parameters': {'variance_larger_than_standard_deviation': None, 'value_count': [{'value': -1}, {'value': 1}, {'value': 0}], 'time_reversal_asymmetry_statistic': [{'lag': 3}, {'lag': 2}], 'symmetry_looking': [{'r': 0.9500000000000001}, {'r': 0.9}, {'r': 0.8500000000000001}, {'r': 0.8}]}})",pca,0.85,"('interpolate', ('spline', 2))","{'classifier__base_estimator__max_depth': 5, 'classifier__base_estimator__n_estimators': 100, 'feature_extraction__n_lags': 3, 'feature_extraction__params': ('tsfresh', {'default_fc_parameters': {'variance_larger_than_standard_deviation': None, 'value_count': [{'value': -1}, {'value': 1}, {'value': 0}], 'time_reversal_asymmetry_statistic': [{'lag': 3}, {'lag': 2}], 'symmetry_looking': [{'r': 0.9500000000000001}, {'r': 0.9}, {'r': 0.8500000000000001}, {'r': 0.8}]}}), 'feature_selection__strategy': 'pca', 'feature_selection__threshold': 0.85, 'imputation__params': ('interpolate', ('spline', 2))}",0.4614533333333333,0.6036490683229814,0.5040458175704077,0.5387141460234681,0.6097494114232269,0.5435223553346835,0.05712807515718533,421,0.952384240081009,0.9265267175572519,0.8903187197417967,0.8833390357650353,0.837562453563023,0.8980262333416231,0.0392378865405993
234.50678038597107,111.22531084881062,78.63902049064636,1.5932803786161918,5,100,3,"('tsfresh', {'default_fc_parameters': {'variance_larger_than_standard_deviation': None, 'value_count': [{'value': -1}, {'value': 1}, {'value': 0}], 'time_reversal_asymmetry_statistic': [{'lag': 3}, {'lag': 2}], 'symmetry_looking': [{'r': 0.9500000000000001}, {'r': 0.9}, {'r': 0.8500000000000001}, {'r': 0.8}]}})",pca,0.85,"('ffill', None)","{'classifier__base_estimator__max_depth': 5, 'classifier__base_estimator__n_estimators': 100, 'feature_extraction__n_lags': 3, 'feature_extraction__params': ('tsfresh', {'default_fc_parameters': {'variance_larger_than_standard_deviation': None, 'value_count': [{'value': -1}, {'value': 1}, {'value': 0}], 'time_reversal_asymmetry_statistic': [{'lag': 3}, {'lag': 2}], 'symmetry_looking': [{'r': 0.9500000000000001}, {'r': 0.9}, {'r': 0.8500000000000001}, {'r': 0.8}]}}), 'feature_selection__strategy': 'pca', 'feature_selection__threshold': 0.85, 'imputation__params': ('ffill', None)}",0.4614533333333333,0.6036490683229814,0.5040458175704077,0.5387141460234681,0.6097494114232269,0.5435223553346835,0.05712807515718533,421,0.952384240081009,0.9265267175572519,0.8903187197417967,0.8833390357650353,0.837562453563023,0.8980262333416231,0.0392378865405993
234.50777354240418,110.87954711339196,78.59051480293274,1.5566331062367333,5,100,3,"('tsfresh', {'default_fc_parameters': {'variance_larger_than_standard_deviation': None, 'value_count': [{'value': -1}, {'value': 1}, {'value': 0}], 'time_reversal_asymmetry_statistic': [{'lag': 3}, {'lag': 2}], 'symmetry_looking': [{'r': 0.9500000000000001}, {'r': 0.9}, {'r': 0.8500000000000001}, {'r': 0.8}]}})",pca,0.9,"('interpolate', 'linear')","{'classifier__base_estimator__max_depth': 5, 'classifier__base_estimator__n_estimators': 100, 'feature_extraction__n_lags': 3, 'feature_extraction__params': ('tsfresh', {'default_fc_parameters': {'variance_larger_than_standard_deviation': None, 'value_count': [{'value': -1}, {'value': 1}, {'value': 0}], 'time_reversal_asymmetry_statistic': [{'lag': 3}, {'lag': 2}], 'symmetry_looking': [{'r': 0.9500000000000001}, {'r': 0.9}, {'r': 0.8500000000000001}, {'r': 0.8}]}}), 'feature_selection__strategy': 'pca', 'feature_selection__threshold': 0.9, 'imputation__params': ('interpolate', 'linear')}",0.4614533333333333,0.6036490683229814,0.5040458175704077,0.5387141460234681,0.6097494114232269,0.5435223553346835,0.05712807515718533,421,0.952384240081009,0.9265267175572519,0.8903187197417967,0.8833390357650353,0.837562453563023,0.8980262333416231,0.0392378865405993
233.66437759399415,109.6865347012381,77.90058932304382,1.4918364835624796,5,100,3,"('tsfresh', {'default_fc_parameters': {'variance_larger_than_standard_deviation': None, 'value_count': [{'value': -1}, {'value': 1}, {'value': 0}], 'time_reversal_asymmetry_statistic': [{'lag': 3}, {'lag': 2}], 'symmetry_looking': [{'r': 0.9500000000000001}, {'r': 0.9}, {'r': 0.8500000000000001}, {'r': 0.8}]}})",pca,0.9,"('interpolate', ('polynomial', 2))","{'classifier__base_estimator__max_depth': 5, 'classifier__base_estimator__n_estimators': 100, 'feature_extraction__n_lags': 3, 'feature_extraction__params': ('tsfresh', {'default_fc_parameters': {'variance_larger_than_standard_deviation': None, 'value_count': [{'value': -1}, {'value': 1}, {'value': 0}], 'time_reversal_asymmetry_statistic': [{'lag': 3}, {'lag': 2}], 'symmetry_looking': [{'r': 0.9500000000000001}, {'r': 0.9}, {'r': 0.8500000000000001}, {'r': 0.8}]}}), 'feature_selection__strategy': 'pca', 'feature_selection__threshold': 0.9, 'imputation__params': ('interpolate', ('polynomial', 2))}",0.4614533333333333,0.6036490683229814,0.5040458175704077,0.5387141460234681,0.6097494114232269,0.5435223553346835,0.05712807515718533,421,0.952384240081009,0.9265267175572519,0.8903187197417967,0.8833390357650353,0.837562453563023,0.8980262333416231,0.0392378865405993
234.47655878067016,111.20105032621036,78.30492753982544,0.6436692245033555,5,100,3,"('tsfresh', {'default_fc_parameters': {'variance_larger_than_standard_deviation': None, 'value_count': [{'value': -1}, {'value': 1}, {'value': 0}], 'time_reversal_asymmetry_statistic': [{'lag': 3}, {'lag': 2}], 'symmetry_looking': [{'r': 0.9500000000000001}, {'r': 0.9}, {'r': 0.8500000000000001}, {'r': 0.8}]}})",pca,0.9,"('interpolate', ('spline', 2))","{'classifier__base_estimator__max_depth': 5, 'classifier__base_estimator__n_estimators': 100, 'feature_extraction__n_lags': 3, 'feature_extraction__params': ('tsfresh', {'default_fc_parameters': {'variance_larger_than_standard_deviation': None, 'value_count': [{'value': -1}, {'value': 1}, {'value': 0}], 'time_reversal_asymmetry_statistic': [{'lag': 3}, {'lag': 2}], 'symmetry_looking': [{'r': 0.9500000000000001}, {'r': 0.9}, {'r': 0.8500000000000001}, {'r': 0.8}]}}), 'feature_selection__strategy': 'pca', 'feature_selection__threshold': 0.9, 'imputation__params': ('interpolate', ('spline', 2))}",0.4614533333333333,0.6036490683229814,0.5040458175704077,0.5387141460234681,0.6097494114232269,0.5435223553346835,0.05712807515718533,421,0.952384240081009,0.9265267175572519,0.8903187197417967,0.8833390357650353,0.837562453563023,0.8980262333416231,0.0392378865405993
234.48212575912476,110.64495982413915,77.8880054473877,1.025660804024081,5,100,3,"('tsfresh', {'default_fc_parameters': {'variance_larger_than_standard_deviation': None, 'value_count': [{'value': -1}, {'value': 1}, {'value': 0}], 'time_reversal_asymmetry_statistic': [{'lag': 3}, {'lag': 2}], 'symmetry_looking': [{'r': 0.9500000000000001}, {'r': 0.9}, {'r': 0.8500000000000001}, {'r': 0.8}]}})",pca,0.9,"('ffill', None)","{'classifier__base_estimator__max_depth': 5, 'classifier__base_estimator__n_estimators': 100, 'feature_extraction__n_lags': 3, 'feature_extraction__params': ('tsfresh', {'default_fc_parameters': {'variance_larger_than_standard_deviation': None, 'value_count': [{'value': -1}, {'value': 1}, {'value': 0}], 'time_reversal_asymmetry_statistic': [{'lag': 3}, {'lag': 2}], 'symmetry_looking': [{'r': 0.9500000000000001}, {'r': 0.9}, {'r': 0.8500000000000001}, {'r': 0.8}]}}), 'feature_selection__strategy': 'pca', 'feature_selection__threshold': 0.9, 'imputation__params': ('ffill', None)}",0.4614533333333333,0.6036490683229814,0.5040458175704077,0.5387141460234681,0.6097494114232269,0.5435223553346835,0.05712807515718533,421,0.952384240081009,0.9265267175572519,0.8903187197417967,0.8833390357650353,0.837562453563023,0.8980262333416231,0.0392378865405993
234.42297806739808,111.23803867500843,78.51941533088684,0.780852279278908,5,100,3,"('tsfresh', {'default_fc_parameters': {'variance_larger_than_standard_deviation': None, 'value_count': [{'value': -1}, {'value': 1}, {'value': 0}], 'time_reversal_asymmetry_statistic': [{'lag': 3}, {'lag': 2}], 'symmetry_looking': [{'r': 0.9500000000000001}, {'r': 0.9}, {'r': 0.8500000000000001}, {'r': 0.8}]}})",pca,0.95,"('interpolate', 'linear')","{'classifier__base_estimator__max_depth': 5, 'classifier__base_estimator__n_estimators': 100, 'feature_extraction__n_lags': 3, 'feature_extraction__params': ('tsfresh', {'default_fc_parameters': {'variance_larger_than_standard_deviation': None, 'value_count': [{'value': -1}, {'value': 1}, {'value': 0}], 'time_reversal_asymmetry_statistic': [{'lag': 3}, {'lag': 2}], 'symmetry_looking': [{'r': 0.9500000000000001}, {'r': 0.9}, {'r': 0.8500000000000001}, {'r': 0.8}]}}), 'feature_selection__strategy': 'pca', 'feature_selection__threshold': 0.95, 'imputation__params': ('interpolate', 'linear')}",0.4614533333333333,0.6036490683229814,0.5040458175704077,0.5387141460234681,0.6097494114232269,0.5435223553346835,0.05712807515718533,421,0.952384240081009,0.9265267175572519,0.8903187197417967,0.8833390357650353,0.837562453563023,0.8980262333416231,0.0392378865405993
233.21435976028442,109.68372459249483,77.99019131660461,1.220581223730188,5,100,3,"('tsfresh', {'default_fc_parameters': {'variance_larger_than_standard_deviation': None, 'value_count': [{'value': -1}, {'value': 1}, {'value': 0}], 'time_reversal_asymmetry_statistic': [{'lag': 3}, {'lag': 2}], 'symmetry_looking': [{'r': 0.9500000000000001}, {'r': 0.9}, {'r': 0.8500000000000001}, {'r': 0.8}]}})",pca,0.95,"('interpolate', ('polynomial', 2))","{'classifier__base_estimator__max_depth': 5, 'classifier__base_estimator__n_estimators': 100, 'feature_extraction__n_lags': 3, 'feature_extraction__params': ('tsfresh', {'default_fc_parameters': {'variance_larger_than_standard_deviation': None, 'value_count': [{'value': -1}, {'value': 1}, {'value': 0}], 'time_reversal_asymmetry_statistic': [{'lag': 3}, {'lag': 2}], 'symmetry_looking': [{'r': 0.9500000000000001}, {'r': 0.9}, {'r': 0.8500000000000001}, {'r': 0.8}]}}), 'feature_selection__strategy': 'pca', 'feature_selection__threshold': 0.95, 'imputation__params': ('interpolate', ('polynomial', 2))}",0.4614533333333333,0.6036490683229814,0.5040458175704077,0.5387141460234681,0.6097494114232269,0.5435223553346835,0.05712807515718533,421,0.952384240081009,0.9265267175572519,0.8903187197417967,0.8833390357650353,0.837562453563023,0.8980262333416231,0.0392378865405993
232.65963463783265,110.32614249290268,77.85740451812744,1.1573683332948135,5,100,3,"('tsfresh', {'default_fc_parameters': {'variance_larger_than_standard_deviation': None, 'value_count': [{'value': -1}, {'value': 1}, {'value': 0}], 'time_reversal_asymmetry_statistic': [{'lag': 3}, {'lag': 2}], 'symmetry_looking': [{'r': 0.9500000000000001}, {'r': 0.9}, {'r': 0.8500000000000001}, {'r': 0.8}]}})",pca,0.95,"('interpolate', ('spline', 2))","{'classifier__base_estimator__max_depth': 5, 'classifier__base_estimator__n_estimators': 100, 'feature_extraction__n_lags': 3, 'feature_extraction__params': ('tsfresh', {'default_fc_parameters': {'variance_larger_than_standard_deviation': None, 'value_count': [{'value': -1}, {'value': 1}, {'value': 0}], 'time_reversal_asymmetry_statistic': [{'lag': 3}, {'lag': 2}], 'symmetry_looking': [{'r': 0.9500000000000001}, {'r': 0.9}, {'r': 0.8500000000000001}, {'r': 0.8}]}}), 'feature_selection__strategy': 'pca', 'feature_selection__threshold': 0.95, 'imputation__params': ('interpolate', ('spline', 2))}",0.4614533333333333,0.6036490683229814,0.5040458175704077,0.5387141460234681,0.6097494114232269,0.5435223553346835,0.05712807515718533,421,0.952384240081009,0.9265267175572519,0.8903187197417967,0.8833390357650353,0.837562453563023,0.8980262333416231,0.0392378865405993
233.36749849319457,109.96960441735114,77.90515160560608,1.2631445227945421,5,100,3,"('tsfresh', {'default_fc_parameters': {'variance_larger_than_standard_deviation': None, 'value_count': [{'value': -1}, {'value': 1}, {'value': 0}], 'time_reversal_asymmetry_statistic': [{'lag': 3}, {'lag': 2}], 'symmetry_looking': [{'r': 0.9500000000000001}, {'r': 0.9}, {'r': 0.8500000000000001}, {'r': 0.8}]}})",pca,0.95,"('ffill', None)","{'classifier__base_estimator__max_depth': 5, 'classifier__base_estimator__n_estimators': 100, 'feature_extraction__n_lags': 3, 'feature_extraction__params': ('tsfresh', {'default_fc_parameters': {'variance_larger_than_standard_deviation': None, 'value_count': [{'value': -1}, {'value': 1}, {'value': 0}], 'time_reversal_asymmetry_statistic': [{'lag': 3}, {'lag': 2}], 'symmetry_looking': [{'r': 0.9500000000000001}, {'r': 0.9}, {'r': 0.8500000000000001}, {'r': 0.8}]}}), 'feature_selection__strategy': 'pca', 'feature_selection__threshold': 0.95, 'imputation__params': ('ffill', None)}",0.4614533333333333,0.6036490683229814,0.5040458175704077,0.5387141460234681,0.6097494114232269,0.5435223553346835,0.05712807515718533,421,0.952384240081009,0.9265267175572519,0.8903187197417967,0.8833390357650353,0.837562453563023,0.8980262333416231,0.0392378865405993
215.2099441051483,102.60321196821755,72.38347716331482,1.7475797485425648,5,100,5,"('tsfresh', {'default_fc_parameters': {'variance_larger_than_standard_deviation': None, 'value_count': [{'value': -1}, {'value': 1}, {'value': 0}], 'time_reversal_asymmetry_statistic': [{'lag': 3}, {'lag': 2}], 'symmetry_looking': [{'r': 0.9500000000000001}, {'r': 0.9}, {'r': 0.8500000000000001}, {'r': 0.8}]}})",correlation,0.85,"('interpolate', 'linear')","{'classifier__base_estimator__max_depth': 5, 'classifier__base_estimator__n_estimators': 100, 'feature_extraction__n_lags': 5, 'feature_extraction__params': ('tsfresh', {'default_fc_parameters': {'variance_larger_than_standard_deviation': None, 'value_count': [{'value': -1}, {'value': 1}, {'value': 0}], 'time_reversal_asymmetry_statistic': [{'lag': 3}, {'lag': 2}], 'symmetry_looking': [{'r': 0.9500000000000001}, {'r': 0.9}, {'r': 0.8500000000000001}, {'r': 0.8}]}}), 'feature_selection__strategy': 'correlation', 'feature_selection__threshold': 0.85, 'imputation__params': ('interpolate', 'linear')}",0.5681818181818181,0.5700255102040817,0.6403218694885361,0.6575727745746028,0.5626444251877527,0.5997492795273582,0.04061149819887333,221,1.0,0.9965764566696244,0.9891905334005089,0.9858352307169153,0.9729139764118457,0.9889032394397788,0.009456935075458067
213.75768704414367,101.43983554022174,72.35859050750733,1.9782931315295322,5,100,5,"('tsfresh', {'default_fc_parameters': {'variance_larger_than_standard_deviation': None, 'value_count': [{'value': -1}, {'value': 1}, {'value': 0}], 'time_reversal_asymmetry_statistic': [{'lag': 3}, {'lag': 2}], 'symmetry_looking': [{'r': 0.9500000000000001}, {'r': 0.9}, {'r': 0.8500000000000001}, {'r': 0.8}]}})",correlation,0.85,"('interpolate', ('polynomial', 2))","{'classifier__base_estimator__max_depth': 5, 'classifier__base_estimator__n_estimators': 100, 'feature_extraction__n_lags': 5, 'feature_extraction__params': ('tsfresh', {'default_fc_parameters': {'variance_larger_than_standard_deviation': None, 'value_count': [{'value': -1}, {'value': 1}, {'value': 0}], 'time_reversal_asymmetry_statistic': [{'lag': 3}, {'lag': 2}], 'symmetry_looking': [{'r': 0.9500000000000001}, {'r': 0.9}, {'r': 0.8500000000000001}, {'r': 0.8}]}}), 'feature_selection__strategy': 'correlation', 'feature_selection__threshold': 0.85, 'imputation__params': ('interpolate', ('polynomial', 2))}",0.5681818181818181,0.5700255102040817,0.6403218694885361,0.6575727745746028,0.5626444251877527,0.5997492795273582,0.04061149819887333,221,1.0,0.9965764566696244,0.9891905334005089,0.9858352307169153,0.9729139764118457,0.9889032394397788,0.009456935075458067
214.04764170646666,100.66569826506979,72.42745456695556,1.599703676741324,5,100,5,"('tsfresh', {'default_fc_parameters': {'variance_larger_than_standard_deviation': None, 'value_count': [{'value': -1}, {'value': 1}, {'value': 0}], 'time_reversal_asymmetry_statistic': [{'lag': 3}, {'lag': 2}], 'symmetry_looking': [{'r': 0.9500000000000001}, {'r': 0.9}, {'r': 0.8500000000000001}, {'r': 0.8}]}})",correlation,0.85,"('interpolate', ('spline', 2))","{'classifier__base_estimator__max_depth': 5, 'classifier__base_estimator__n_estimators': 100, 'feature_extraction__n_lags': 5, 'feature_extraction__params': ('tsfresh', {'default_fc_parameters': {'variance_larger_than_standard_deviation': None, 'value_count': [{'value': -1}, {'value': 1}, {'value': 0}], 'time_reversal_asymmetry_statistic': [{'lag': 3}, {'lag': 2}], 'symmetry_looking': [{'r': 0.9500000000000001}, {'r': 0.9}, {'r': 0.8500000000000001}, {'r': 0.8}]}}), 'feature_selection__strategy': 'correlation', 'feature_selection__threshold': 0.85, 'imputation__params': ('interpolate', ('spline', 2))}",0.5681818181818181,0.5700255102040817,0.6403218694885361,0.6575727745746028,0.5626444251877527,0.5997492795273582,0.04061149819887333,221,1.0,0.9965764566696244,0.9891905334005089,0.9858352307169153,0.9729139764118457,0.9889032394397788,0.009456935075458067
214.42319011688232,102.12536228277725,71.84802350997924,2.382586574855898,5,100,5,"('tsfresh', {'default_fc_parameters': {'variance_larger_than_standard_deviation': None, 'value_count': [{'value': -1}, {'value': 1}, {'value': 0}], 'time_reversal_asymmetry_statistic': [{'lag': 3}, {'lag': 2}], 'symmetry_looking': [{'r': 0.9500000000000001}, {'r': 0.9}, {'r': 0.8500000000000001}, {'r': 0.8}]}})",correlation,0.85,"('ffill', None)","{'classifier__base_estimator__max_depth': 5, 'classifier__base_estimator__n_estimators': 100, 'feature_extraction__n_lags': 5, 'feature_extraction__params': ('tsfresh', {'default_fc_parameters': {'variance_larger_than_standard_deviation': None, 'value_count': [{'value': -1}, {'value': 1}, {'value': 0}], 'time_reversal_asymmetry_statistic': [{'lag': 3}, {'lag': 2}], 'symmetry_looking': [{'r': 0.9500000000000001}, {'r': 0.9}, {'r': 0.8500000000000001}, {'r': 0.8}]}}), 'feature_selection__strategy': 'correlation', 'feature_selection__threshold': 0.85, 'imputation__params': ('ffill', None)}",0.5681818181818181,0.5700255102040817,0.6403218694885361,0.6575727745746028,0.5626444251877527,0.5997492795273582,0.04061149819887333,221,1.0,0.9965764566696244,0.9891905334005089,0.9858352307169153,0.9729139764118457,0.9889032394397788,0.009456935075458067
214.69588866233826,102.25322086296677,71.93950834274293,2.345426457929349,5,100,5,"('tsfresh', {'default_fc_parameters': {'variance_larger_than_standard_deviation': None, 'value_count': [{'value': -1}, {'value': 1}, {'value': 0}], 'time_reversal_asymmetry_statistic': [{'lag': 3}, {'lag': 2}], 'symmetry_looking': [{'r': 0.9500000000000001}, {'r': 0.9}, {'r': 0.8500000000000001}, {'r': 0.8}]}})",correlation,0.9,"('interpolate', 'linear')","{'classifier__base_estimator__max_depth': 5, 'classifier__base_estimator__n_estimators': 100, 'feature_extraction__n_lags': 5, 'feature_extraction__params': ('tsfresh', {'default_fc_parameters': {'variance_larger_than_standard_deviation': None, 'value_count': [{'value': -1}, {'value': 1}, {'value': 0}], 'time_reversal_asymmetry_statistic': [{'lag': 3}, {'lag': 2}], 'symmetry_looking': [{'r': 0.9500000000000001}, {'r': 0.9}, {'r': 0.8500000000000001}, {'r': 0.8}]}}), 'feature_selection__strategy': 'correlation', 'feature_selection__threshold': 0.9, 'imputation__params': ('interpolate', 'linear')}",0.5741786283891548,0.5192885487528344,0.6277084908037289,0.625991923980955,0.5741172010398614,0.5842569585933068,0.0401375751322566,309,1.0,0.9979443951493641,0.991251017323567,0.9869450153022753,0.9737915375344353,0.9899863930619283,0.00934585169891154
213.77634038925171,101.75384485200561,71.59912242889405,1.9299478418002114,5,100,5,"('tsfresh', {'default_fc_parameters': {'variance_larger_than_standard_deviation': None, 'value_count': [{'value': -1}, {'value': 1}, {'value': 0}], 'time_reversal_asymmetry_statistic': [{'lag': 3}, {'lag': 2}], 'symmetry_looking': [{'r': 0.9500000000000001}, {'r': 0.9}, {'r': 0.8500000000000001}, {'r': 0.8}]}})",correlation,0.9,"('interpolate', ('polynomial', 2))","{'classifier__base_estimator__max_depth': 5, 'classifier__base_estimator__n_estimators': 100, 'feature_extraction__n_lags': 5, 'feature_extraction__params': ('tsfresh', {'default_fc_parameters': {'variance_larger_than_standard_deviation': None, 'value_count': [{'value': -1}, {'value': 1}, {'value': 0}], 'time_reversal_asymmetry_statistic': [{'lag': 3}, {'lag': 2}], 'symmetry_looking': [{'r': 0.9500000000000001}, {'r': 0.9}, {'r': 0.8500000000000001}, {'r': 0.8}]}}), 'feature_selection__strategy': 'correlation', 'feature_selection__threshold': 0.9, 'imputation__params': ('interpolate', ('polynomial', 2))}",0.5741786283891548,0.5192885487528344,0.6277084908037289,0.625991923980955,0.5741172010398614,0.5842569585933068,0.0401375751322566,309,1.0,0.9979443951493641,0.991251017323567,0.9869450153022753,0.9737915375344353,0.9899863930619283,0.00934585169891154
213.75453906059266,101.53092561667178,71.75248956680298,1.7305283460675873,5,100,5,"('tsfresh', {'default_fc_parameters': {'variance_larger_than_standard_deviation': None, 'value_count': [{'value': -1}, {'value': 1}, {'value': 0}], 'time_reversal_asymmetry_statistic': [{'lag': 3}, {'lag': 2}], 'symmetry_looking': [{'r': 0.9500000000000001}, {'r': 0.9}, {'r': 0.8500000000000001}, {'r': 0.8}]}})",correlation,0.9,"('interpolate', ('spline', 2))","{'classifier__base_estimator__max_depth': 5, 'classifier__base_estimator__n_estimators': 100, 'feature_extraction__n_lags': 5, 'feature_extraction__params': ('tsfresh', {'default_fc_parameters': {'variance_larger_than_standard_deviation': None, 'value_count': [{'value': -1}, {'value': 1}, {'value': 0}], 'time_reversal_asymmetry_statistic': [{'lag': 3}, {'lag': 2}], 'symmetry_looking': [{'r': 0.9500000000000001}, {'r': 0.9}, {'r': 0.8500000000000001}, {'r': 0.8}]}}), 'feature_selection__strategy': 'correlation', 'feature_selection__threshold': 0.9, 'imputation__params': ('interpolate', ('spline', 2))}",0.5741786283891548,0.5192885487528344,0.6277084908037289,0.625991923980955,0.5741172010398614,0.5842569585933068,0.0401375751322566,309,1.0,0.9979443951493641,0.991251017323567,0.9869450153022753,0.9737915375344353,0.9899863930619283,0.00934585169891154
213.50247826576233,101.61459726318621,72.24664287567138,2.5816277615189698,5,100,5,"('tsfresh', {'default_fc_parameters': {'variance_larger_than_standard_deviation': None, 'value_count': [{'value': -1}, {'value': 1}, {'value': 0}], 'time_reversal_asymmetry_statistic': [{'lag': 3}, {'lag': 2}], 'symmetry_looking': [{'r': 0.9500000000000001}, {'r': 0.9}, {'r': 0.8500000000000001}, {'r': 0.8}]}})",correlation,0.9,"('ffill', None)","{'classifier__base_estimator__max_depth': 5, 'classifier__base_estimator__n_estimators': 100, 'feature_extraction__n_lags': 5, 'feature_extraction__params': ('tsfresh', {'default_fc_parameters': {'variance_larger_than_standard_deviation': None, 'value_count': [{'value': -1}, {'value': 1}, {'value': 0}], 'time_reversal_asymmetry_statistic': [{'lag': 3}, {'lag': 2}], 'symmetry_looking': [{'r': 0.9500000000000001}, {'r': 0.9}, {'r': 0.8500000000000001}, {'r': 0.8}]}}), 'feature_selection__strategy': 'correlation', 'feature_selection__threshold': 0.9, 'imputation__params': ('ffill', None)}",0.5741786283891548,0.5192885487528344,0.6277084908037289,0.625991923980955,0.5741172010398614,0.5842569585933068,0.0401375751322566,309,1.0,0.9979443951493641,0.991251017323567,0.9869450153022753,0.9737915375344353,0.9899863930619283,0.00934585169891154
214.79463515281677,102.41938318019749,72.31955394744872,2.3120781852136867,5,100,5,"('tsfresh', {'default_fc_parameters': {'variance_larger_than_standard_deviation': None, 'value_count': [{'value': -1}, {'value': 1}, {'value': 0}], 'time_reversal_asymmetry_statistic': [{'lag': 3}, {'lag': 2}], 'symmetry_looking': [{'r': 0.9500000000000001}, {'r': 0.9}, {'r': 0.8500000000000001}, {'r': 0.8}]}})",correlation,0.95,"('interpolate', 'linear')","{'classifier__base_estimator__max_depth': 5, 'classifier__base_estimator__n_estimators': 100, 'feature_extraction__n_lags': 5, 'feature_extraction__params': ('tsfresh', {'default_fc_parameters': {'variance_larger_than_standard_deviation': None, 'value_count': [{'value': -1}, {'value': 1}, {'value': 0}], 'time_reversal_asymmetry_statistic': [{'lag': 3}, {'lag': 2}], 'symmetry_looking': [{'r': 0.9500000000000001}, {'r': 0.9}, {'r': 0.8500000000000001}, {'r': 0.8}]}}), 'feature_selection__strategy': 'correlation', 'feature_selection__threshold': 0.95, 'imputation__params': ('interpolate', 'linear')}",0.5148803827751196,0.6342545351473923,0.6301807760141094,0.6316973702714106,0.5494746533795494,0.5920975435175162,0.050149559312998485,269,1.0,0.9973232771369417,0.9940203981449186,0.9868877241746381,0.9719858384986226,0.9900434475910241,0.010039729341104043
213.68086972236634,101.33085615670866,71.6350384235382,2.3282599331140097,5,100,5,"('tsfresh', {'default_fc_parameters': {'variance_larger_than_standard_deviation': None, 'value_count': [{'value': -1}, {'value': 1}, {'value': 0}], 'time_reversal_asymmetry_statistic': [{'lag': 3}, {'lag': 2}], 'symmetry_looking': [{'r': 0.9500000000000001}, {'r': 0.9}, {'r': 0.8500000000000001}, {'r': 0.8}]}})",correlation,0.95,"('interpolate', ('polynomial', 2))","{'classifier__base_estimator__max_depth': 5, 'classifier__base_estimator__n_estimators': 100, 'feature_extraction__n_lags': 5, 'feature_extraction__params': ('tsfresh', {'default_fc_parameters': {'variance_larger_than_standard_deviation': None, 'value_count': [{'value': -1}, {'value': 1}, {'value': 0}], 'time_reversal_asymmetry_statistic': [{'lag': 3}, {'lag': 2}], 'symmetry_looking': [{'r': 0.9500000000000001}, {'r': 0.9}, {'r': 0.8500000000000001}, {'r': 0.8}]}}), 'feature_selection__strategy': 'correlation', 'feature_selection__threshold': 0.95, 'imputation__params': ('interpolate', ('polynomial', 2))}",0.5148803827751196,0.6342545351473923,0.6301807760141094,0.6316973702714106,0.5494746533795494,0.5920975435175162,0.050149559312998485,269,1.0,0.9973232771369417,0.9940203981449186,0.9868877241746381,0.9719858384986226,0.9900434475910241,0.010039729341104043
213.46515741348267,101.44363579099083,71.64105920791626,2.1715507645406307,5,100,5,"('tsfresh', {'default_fc_parameters': {'variance_larger_than_standard_deviation': None, 'value_count': [{'value': -1}, {'value': 1}, {'value': 0}], 'time_reversal_asymmetry_statistic': [{'lag': 3}, {'lag': 2}], 'symmetry_looking': [{'r': 0.9500000000000001}, {'r': 0.9}, {'r': 0.8500000000000001}, {'r': 0.8}]}})",correlation,0.95,"('interpolate', ('spline', 2))","{'classifier__base_estimator__max_depth': 5, 'classifier__base_estimator__n_estimators': 100, 'feature_extraction__n_lags': 5, 'feature_extraction__params': ('tsfresh', {'default_fc_parameters': {'variance_larger_than_standard_deviation': None, 'value_count': [{'value': -1}, {'value': 1}, {'value': 0}], 'time_reversal_asymmetry_statistic': [{'lag': 3}, {'lag': 2}], 'symmetry_looking': [{'r': 0.9500000000000001}, {'r': 0.9}, {'r': 0.8500000000000001}, {'r': 0.8}]}}), 'feature_selection__strategy': 'correlation', 'feature_selection__threshold': 0.95, 'imputation__params': ('interpolate', ('spline', 2))}",0.5148803827751196,0.6342545351473923,0.6301807760141094,0.6316973702714106,0.5494746533795494,0.5920975435175162,0.050149559312998485,269,1.0,0.9973232771369417,0.9940203981449186,0.9868877241746381,0.9719858384986226,0.9900434475910241,0.010039729341104043
214.38082346916198,101.66202905689988,72.37698736190796,1.8017327132533996,5,100,5,"('tsfresh', {'default_fc_parameters': {'variance_larger_than_standard_deviation': None, 'value_count': [{'value': -1}, {'value': 1}, {'value': 0}], 'time_reversal_asymmetry_statistic': [{'lag': 3}, {'lag': 2}], 'symmetry_looking': [{'r': 0.9500000000000001}, {'r': 0.9}, {'r': 0.8500000000000001}, {'r': 0.8}]}})",correlation,0.95,"('ffill', None)","{'classifier__base_estimator__max_depth': 5, 'classifier__base_estimator__n_estimators': 100, 'feature_extraction__n_lags': 5, 'feature_extraction__params': ('tsfresh', {'default_fc_parameters': {'variance_larger_than_standard_deviation': None, 'value_count': [{'value': -1}, {'value': 1}, {'value': 0}], 'time_reversal_asymmetry_statistic': [{'lag': 3}, {'lag': 2}], 'symmetry_looking': [{'r': 0.9500000000000001}, {'r': 0.9}, {'r': 0.8500000000000001}, {'r': 0.8}]}}), 'feature_selection__strategy': 'correlation', 'feature_selection__threshold': 0.95, 'imputation__params': ('ffill', None)}",0.5148803827751196,0.6342545351473923,0.6301807760141094,0.6316973702714106,0.5494746533795494,0.5920975435175162,0.050149559312998485,269,1.0,0.9973232771369417,0.9940203981449186,0.9868877241746381,0.9719858384986226,0.9900434475910241,0.010039729341104043
213.29424533843994,101.37326913395812,72.42449202537537,1.5846901208974238,5,100,5,"('tsfresh', {'default_fc_parameters': {'variance_larger_than_standard_deviation': None, 'value_count': [{'value': -1}, {'value': 1}, {'value': 0}], 'time_reversal_asymmetry_statistic': [{'lag': 3}, {'lag': 2}], 'symmetry_looking': [{'r': 0.9500000000000001}, {'r': 0.9}, {'r': 0.8500000000000001}, {'r': 0.8}]}})",pca,0.85,"('interpolate', 'linear')","{'classifier__base_estimator__max_depth': 5, 'classifier__base_estimator__n_estimators': 100, 'feature_extraction__n_lags': 5, 'feature_extraction__params': ('tsfresh', {'default_fc_parameters': {'variance_larger_than_standard_deviation': None, 'value_count': [{'value': -1}, {'value': 1}, {'value': 0}], 'time_reversal_asymmetry_statistic': [{'lag': 3}, {'lag': 2}], 'symmetry_looking': [{'r': 0.9500000000000001}, {'r': 0.9}, {'r': 0.8500000000000001}, {'r': 0.8}]}}), 'feature_selection__strategy': 'pca', 'feature_selection__threshold': 0.85, 'imputation__params': ('interpolate', 'linear')}",0.5,0.5722930839002267,0.5119677500629882,0.510707756594411,0.5431109185441941,0.527615901820364,0.026568907405554877,481,0.8788530963621217,0.8451715468796214,0.8024842072627214,0.7691444771352958,0.7398598915289256,0.8071026438337372,0.05016195556422875
213.2584958076477,100.85801188118145,71.80787034034729,2.544639501198087,5,100,5,"('tsfresh', {'default_fc_parameters': {'variance_larger_than_standard_deviation': None, 'value_count': [{'value': -1}, {'value': 1}, {'value': 0}], 'time_reversal_asymmetry_statistic': [{'lag': 3}, {'lag': 2}], 'symmetry_looking': [{'r': 0.9500000000000001}, {'r': 0.9}, {'r': 0.8500000000000001}, {'r': 0.8}]}})",pca,0.85,"('interpolate', ('polynomial', 2))","{'classifier__base_estimator__max_depth': 5, 'classifier__base_estimator__n_estimators': 100, 'feature_extraction__n_lags': 5, 'feature_extraction__params': ('tsfresh', {'default_fc_parameters': {'variance_larger_than_standard_deviation': None, 'value_count': [{'value': -1}, {'value': 1}, {'value': 0}], 'time_reversal_asymmetry_statistic': [{'lag': 3}, {'lag': 2}], 'symmetry_looking': [{'r': 0.9500000000000001}, {'r': 0.9}, {'r': 0.8500000000000001}, {'r': 0.8}]}}), 'feature_selection__strategy': 'pca', 'feature_selection__threshold': 0.85, 'imputation__params': ('interpolate', ('polynomial', 2))}",0.5,0.5722930839002267,0.5119677500629882,0.510707756594411,0.5431109185441941,0.527615901820364,0.026568907405554877,481,0.8788530963621217,0.8451715468796214,0.8024842072627214,0.7691444771352958,0.7398598915289256,0.8071026438337372,0.05016195556422875
213.30631818771363,101.54005431848218,72.14369592666625,1.8490496343759906,5,100,5,"('tsfresh', {'default_fc_parameters': {'variance_larger_than_standard_deviation': None, 'value_count': [{'value': -1}, {'value': 1}, {'value': 0}], 'time_reversal_asymmetry_statistic': [{'lag': 3}, {'lag': 2}], 'symmetry_looking': [{'r': 0.9500000000000001}, {'r': 0.9}, {'r': 0.8500000000000001}, {'r': 0.8}]}})",pca,0.85,"('interpolate', ('spline', 2))","{'classifier__base_estimator__max_depth': 5, 'classifier__base_estimator__n_estimators': 100, 'feature_extraction__n_lags': 5, 'feature_extraction__params': ('tsfresh', {'default_fc_parameters': {'variance_larger_than_standard_deviation': None, 'value_count': [{'value': -1}, {'value': 1}, {'value': 0}], 'time_reversal_asymmetry_statistic': [{'lag': 3}, {'lag': 2}], 'symmetry_looking': [{'r': 0.9500000000000001}, {'r': 0.9}, {'r': 0.8500000000000001}, {'r': 0.8}]}}), 'feature_selection__strategy': 'pca', 'feature_selection__threshold': 0.85, 'imputation__params': ('interpolate', ('spline', 2))}",0.5,0.5722930839002267,0.5119677500629882,0.510707756594411,0.5431109185441941,0.527615901820364,0.026568907405554877,481,0.8788530963621217,0.8451715468796214,0.8024842072627214,0.7691444771352958,0.7398598915289256,0.8071026438337372,0.05016195556422875
214.4822582244873,101.0634081039474,72.48696856498718,2.397935793649226,5,100,5,"('tsfresh', {'default_fc_parameters': {'variance_larger_than_standard_deviation': None, 'value_count': [{'value': -1}, {'value': 1}, {'value': 0}], 'time_reversal_asymmetry_statistic': [{'lag': 3}, {'lag': 2}], 'symmetry_looking': [{'r': 0.9500000000000001}, {'r': 0.9}, {'r': 0.8500000000000001}, {'r': 0.8}]}})",pca,0.85,"('ffill', None)","{'classifier__base_estimator__max_depth': 5, 'classifier__base_estimator__n_estimators': 100, 'feature_extraction__n_lags': 5, 'feature_extraction__params': ('tsfresh', {'default_fc_parameters': {'variance_larger_than_standard_deviation': None, 'value_count': [{'value': -1}, {'value': 1}, {'value': 0}], 'time_reversal_asymmetry_statistic': [{'lag': 3}, {'lag': 2}], 'symmetry_looking': [{'r': 0.9500000000000001}, {'r': 0.9}, {'r': 0.8500000000000001}, {'r': 0.8}]}}), 'feature_selection__strategy': 'pca', 'feature_selection__threshold': 0.85, 'imputation__params': ('ffill', None)}",0.5,0.5722930839002267,0.5119677500629882,0.510707756594411,0.5431109185441941,0.527615901820364,0.026568907405554877,481,0.8788530963621217,0.8451715468796214,0.8024842072627214,0.7691444771352958,0.7398598915289256,0.8071026438337372,0.05016195556422875
214.52934188842772,101.9512974626501,72.34624962806701,1.6436795367355759,5,100,5,"('tsfresh', {'default_fc_parameters': {'variance_larger_than_standard_deviation': None, 'value_count': [{'value': -1}, {'value': 1}, {'value': 0}], 'time_reversal_asymmetry_statistic': [{'lag': 3}, {'lag': 2}], 'symmetry_looking': [{'r': 0.9500000000000001}, {'r': 0.9}, {'r': 0.8500000000000001}, {'r': 0.8}]}})",pca,0.9,"('interpolate', 'linear')","{'classifier__base_estimator__max_depth': 5, 'classifier__base_estimator__n_estimators': 100, 'feature_extraction__n_lags': 5, 'feature_extraction__params': ('tsfresh', {'default_fc_parameters': {'variance_larger_than_standard_deviation': None, 'value_count': [{'value': -1}, {'value': 1}, {'value': 0}], 'time_reversal_asymmetry_statistic': [{'lag': 3}, {'lag': 2}], 'symmetry_looking': [{'r': 0.9500000000000001}, {'r': 0.9}, {'r': 0.8500000000000001}, {'r': 0.8}]}}), 'feature_selection__strategy': 'pca', 'feature_selection__threshold': 0.9, 'imputation__params': ('interpolate', 'linear')}",0.5,0.5722930839002267,0.5119677500629882,0.510707756594411,0.5431109185441941,0.527615901820364,0.026568907405554877,481,0.8788530963621217,0.8451715468796214,0.8024842072627214,0.7691444771352958,0.7398598915289256,0.8071026438337372,0.05016195556422875
213.74488377571106,101.81876371325403,72.37472920417785,2.3497455948994244,5,100,5,"('tsfresh', {'default_fc_parameters': {'variance_larger_than_standard_deviation': None, 'value_count': [{'value': -1}, {'value': 1}, {'value': 0}], 'time_reversal_asymmetry_statistic': [{'lag': 3}, {'lag': 2}], 'symmetry_looking': [{'r': 0.9500000000000001}, {'r': 0.9}, {'r': 0.8500000000000001}, {'r': 0.8}]}})",pca,0.9,"('interpolate', ('polynomial', 2))","{'classifier__base_estimator__max_depth': 5, 'classifier__base_estimator__n_estimators': 100, 'feature_extraction__n_lags': 5, 'feature_extraction__params': ('tsfresh', {'default_fc_parameters': {'variance_larger_than_standard_deviation': None, 'value_count': [{'value': -1}, {'value': 1}, {'value': 0}], 'time_reversal_asymmetry_statistic': [{'lag': 3}, {'lag': 2}], 'symmetry_looking': [{'r': 0.9500000000000001}, {'r': 0.9}, {'r': 0.8500000000000001}, {'r': 0.8}]}}), 'feature_selection__strategy': 'pca', 'feature_selection__threshold': 0.9, 'imputation__params': ('interpolate', ('polynomial', 2))}",0.5,0.5722930839002267,0.5119677500629882,0.510707756594411,0.5431109185441941,0.527615901820364,0.026568907405554877,481,0.8788530963621217,0.8451715468796214,0.8024842072627214,0.7691444771352958,0.7398598915289256,0.8071026438337372,0.05016195556422875
213.90440926551818,100.54235889786378,71.91866998672485,1.9376459287874892,5,100,5,"('tsfresh', {'default_fc_parameters': {'variance_larger_than_standard_deviation': None, 'value_count': [{'value': -1}, {'value': 1}, {'value': 0}], 'time_reversal_asymmetry_statistic': [{'lag': 3}, {'lag': 2}], 'symmetry_looking': [{'r': 0.9500000000000001}, {'r': 0.9}, {'r': 0.8500000000000001}, {'r': 0.8}]}})",pca,0.9,"('interpolate', ('spline', 2))","{'classifier__base_estimator__max_depth': 5, 'classifier__base_estimator__n_estimators': 100, 'feature_extraction__n_lags': 5, 'feature_extraction__params': ('tsfresh', {'default_fc_parameters': {'variance_larger_than_standard_deviation': None, 'value_count': [{'value': -1}, {'value': 1}, {'value': 0}], 'time_reversal_asymmetry_statistic': [{'lag': 3}, {'lag': 2}], 'symmetry_looking': [{'r': 0.9500000000000001}, {'r': 0.9}, {'r': 0.8500000000000001}, {'r': 0.8}]}}), 'feature_selection__strategy': 'pca', 'feature_selection__threshold': 0.9, 'imputation__params': ('interpolate', ('spline', 2))}",0.5,0.5722930839002267,0.5119677500629882,0.510707756594411,0.5431109185441941,0.527615901820364,0.026568907405554877,481,0.8788530963621217,0.8451715468796214,0.8024842072627214,0.7691444771352958,0.7398598915289256,0.8071026438337372,0.05016195556422875
213.27944188117982,101.02838703422604,71.88547821044922,2.0795669797051053,5,100,5,"('tsfresh', {'default_fc_parameters': {'variance_larger_than_standard_deviation': None, 'value_count': [{'value': -1}, {'value': 1}, {'value': 0}], 'time_reversal_asymmetry_statistic': [{'lag': 3}, {'lag': 2}], 'symmetry_looking': [{'r': 0.9500000000000001}, {'r': 0.9}, {'r': 0.8500000000000001}, {'r': 0.8}]}})",pca,0.9,"('ffill', None)","{'classifier__base_estimator__max_depth': 5, 'classifier__base_estimator__n_estimators': 100, 'feature_extraction__n_lags': 5, 'feature_extraction__params': ('tsfresh', {'default_fc_parameters': {'variance_larger_than_standard_deviation': None, 'value_count': [{'value': -1}, {'value': 1}, {'value': 0}], 'time_reversal_asymmetry_statistic': [{'lag': 3}, {'lag': 2}], 'symmetry_looking': [{'r': 0.9500000000000001}, {'r': 0.9}, {'r': 0.8500000000000001}, {'r': 0.8}]}}), 'feature_selection__strategy': 'pca', 'feature_selection__threshold': 0.9, 'imputation__params': ('ffill', None)}",0.5,0.5722930839002267,0.5119677500629882,0.510707756594411,0.5431109185441941,0.527615901820364,0.026568907405554877,481,0.8788530963621217,0.8451715468796214,0.8024842072627214,0.7691444771352958,0.7398598915289256,0.8071026438337372,0.05016195556422875
213.58660778999328,101.44636192733013,72.33633575439453,2.1192388790272734,5,100,5,"('tsfresh', {'default_fc_parameters': {'variance_larger_than_standard_deviation': None, 'value_count': [{'value': -1}, {'value': 1}, {'value': 0}], 'time_reversal_asymmetry_statistic': [{'lag': 3}, {'lag': 2}], 'symmetry_looking': [{'r': 0.9500000000000001}, {'r': 0.9}, {'r': 0.8500000000000001}, {'r': 0.8}]}})",pca,0.95,"('interpolate', 'linear')","{'classifier__base_estimator__max_depth': 5, 'classifier__base_estimator__n_estimators': 100, 'feature_extraction__n_lags': 5, 'feature_extraction__params': ('tsfresh', {'default_fc_parameters': {'variance_larger_than_standard_deviation': None, 'value_count': [{'value': -1}, {'value': 1}, {'value': 0}], 'time_reversal_asymmetry_statistic': [{'lag': 3}, {'lag': 2}], 'symmetry_looking': [{'r': 0.9500000000000001}, {'r': 0.9}, {'r': 0.8500000000000001}, {'r': 0.8}]}}), 'feature_selection__strategy': 'pca', 'feature_selection__threshold': 0.95, 'imputation__params': ('interpolate', 'linear')}",0.5,0.5722930839002267,0.5119677500629882,0.510707756594411,0.5431109185441941,0.527615901820364,0.026568907405554877,481,0.8788530963621217,0.8451715468796214,0.8024842072627214,0.7691444771352958,0.7398598915289256,0.8071026438337372,0.05016195556422875
214.15365195274353,101.63612520036553,71.91953072547912,2.0995639250805342,5,100,5,"('tsfresh', {'default_fc_parameters': {'variance_larger_than_standard_deviation': None, 'value_count': [{'value': -1}, {'value': 1}, {'value': 0}], 'time_reversal_asymmetry_statistic': [{'lag': 3}, {'lag': 2}], 'symmetry_looking': [{'r': 0.9500000000000001}, {'r': 0.9}, {'r': 0.8500000000000001}, {'r': 0.8}]}})",pca,0.95,"('interpolate', ('polynomial', 2))","{'classifier__base_estimator__max_depth': 5, 'classifier__base_estimator__n_estimators': 100, 'feature_extraction__n_lags': 5, 'feature_extraction__params': ('tsfresh', {'default_fc_parameters': {'variance_larger_than_standard_deviation': None, 'value_count': [{'value': -1}, {'value': 1}, {'value': 0}], 'time_reversal_asymmetry_statistic': [{'lag': 3}, {'lag': 2}], 'symmetry_looking': [{'r': 0.9500000000000001}, {'r': 0.9}, {'r': 0.8500000000000001}, {'r': 0.8}]}}), 'feature_selection__strategy': 'pca', 'feature_selection__threshold': 0.95, 'imputation__params': ('interpolate', ('polynomial', 2))}",0.5,0.5722930839002267,0.5119677500629882,0.510707756594411,0.5431109185441941,0.527615901820364,0.026568907405554877,481,0.8788530963621217,0.8451715468796214,0.8024842072627214,0.7691444771352958,0.7398598915289256,0.8071026438337372,0.05016195556422875
212.89855728149413,100.81953274717912,71.72864241600037,1.9173930134625072,5,100,5,"('tsfresh', {'default_fc_parameters': {'variance_larger_than_standard_deviation': None, 'value_count': [{'value': -1}, {'value': 1}, {'value': 0}], 'time_reversal_asymmetry_statistic': [{'lag': 3}, {'lag': 2}], 'symmetry_looking': [{'r': 0.9500000000000001}, {'r': 0.9}, {'r': 0.8500000000000001}, {'r': 0.8}]}})",pca,0.95,"('interpolate', ('spline', 2))","{'classifier__base_estimator__max_depth': 5, 'classifier__base_estimator__n_estimators': 100, 'feature_extraction__n_lags': 5, 'feature_extraction__params': ('tsfresh', {'default_fc_parameters': {'variance_larger_than_standard_deviation': None, 'value_count': [{'value': -1}, {'value': 1}, {'value': 0}], 'time_reversal_asymmetry_statistic': [{'lag': 3}, {'lag': 2}], 'symmetry_looking': [{'r': 0.9500000000000001}, {'r': 0.9}, {'r': 0.8500000000000001}, {'r': 0.8}]}}), 'feature_selection__strategy': 'pca', 'feature_selection__threshold': 0.95, 'imputation__params': ('interpolate', ('spline', 2))}",0.5,0.5722930839002267,0.5119677500629882,0.510707756594411,0.5431109185441941,0.527615901820364,0.026568907405554877,481,0.8788530963621217,0.8451715468796214,0.8024842072627214,0.7691444771352958,0.7398598915289256,0.8071026438337372,0.05016195556422875
213.32144112586974,100.84568948770563,71.75429673194886,1.9986280610641687,5,100,5,"('tsfresh', {'default_fc_parameters': {'variance_larger_than_standard_deviation': None, 'value_count': [{'value': -1}, {'value': 1}, {'value': 0}], 'time_reversal_asymmetry_statistic': [{'lag': 3}, {'lag': 2}], 'symmetry_looking': [{'r': 0.9500000000000001}, {'r': 0.9}, {'r': 0.8500000000000001}, {'r': 0.8}]}})",pca,0.95,"('ffill', None)","{'classifier__base_estimator__max_depth': 5, 'classifier__base_estimator__n_estimators': 100, 'feature_extraction__n_lags': 5, 'feature_extraction__params': ('tsfresh', {'default_fc_parameters': {'variance_larger_than_standard_deviation': None, 'value_count': [{'value': -1}, {'value': 1}, {'value': 0}], 'time_reversal_asymmetry_statistic': [{'lag': 3}, {'lag': 2}], 'symmetry_looking': [{'r': 0.9500000000000001}, {'r': 0.9}, {'r': 0.8500000000000001}, {'r': 0.8}]}}), 'feature_selection__strategy': 'pca', 'feature_selection__threshold': 0.95, 'imputation__params': ('ffill', None)}",0.5,0.5722930839002267,0.5119677500629882,0.510707756594411,0.5431109185441941,0.527615901820364,0.026568907405554877,481,0.8788530963621217,0.8451715468796214,0.8024842072627214,0.7691444771352958,0.7398598915289256,0.8071026438337372,0.05016195556422875
183.549232673645,88.4929696547424,62.889989614486694,3.1775482257901335,5,100,8,"('tsfresh', {'default_fc_parameters': {'variance_larger_than_standard_deviation': None, 'value_count': [{'value': -1}, {'value': 1}, {'value': 0}], 'time_reversal_asymmetry_statistic': [{'lag': 3}, {'lag': 2}], 'symmetry_looking': [{'r': 0.9500000000000001}, {'r': 0.9}, {'r': 0.8500000000000001}, {'r': 0.8}]}})",correlation,0.85,"('interpolate', 'linear')","{'classifier__base_estimator__max_depth': 5, 'classifier__base_estimator__n_estimators': 100, 'feature_extraction__n_lags': 8, 'feature_extraction__params': ('tsfresh', {'default_fc_parameters': {'variance_larger_than_standard_deviation': None, 'value_count': [{'value': -1}, {'value': 1}, {'value': 0}], 'time_reversal_asymmetry_statistic': [{'lag': 3}, {'lag': 2}], 'symmetry_looking': [{'r': 0.9500000000000001}, {'r': 0.9}, {'r': 0.8500000000000001}, {'r': 0.8}]}}), 'feature_selection__strategy': 'correlation', 'feature_selection__threshold': 0.85, 'imputation__params': ('interpolate', 'linear')}",0.5160420944558523,0.628982941744448,0.5862053806928083,0.6804851004851005,0.5959224598930482,0.6015275954542514,0.05396673481212982,205,1.0,0.9999594624723839,0.9963720847109284,0.9934807401194665,0.9885806495812036,0.9956785873767965,0.004305640270926258
184.15742993354797,88.05249903206938,65.61882786750793,8.398736857292576,5,100,8,"('tsfresh', {'default_fc_parameters': {'variance_larger_than_standard_deviation': None, 'value_count': [{'value': -1}, {'value': 1}, {'value': 0}], 'time_reversal_asymmetry_statistic': [{'lag': 3}, {'lag': 2}], 'symmetry_looking': [{'r': 0.9500000000000001}, {'r': 0.9}, {'r': 0.8500000000000001}, {'r': 0.8}]}})",correlation,0.85,"('interpolate', ('polynomial', 2))","{'classifier__base_estimator__max_depth': 5, 'classifier__base_estimator__n_estimators': 100, 'feature_extraction__n_lags': 8, 'feature_extraction__params': ('tsfresh', {'default_fc_parameters': {'variance_larger_than_standard_deviation': None, 'value_count': [{'value': -1}, {'value': 1}, {'value': 0}], 'time_reversal_asymmetry_statistic': [{'lag': 3}, {'lag': 2}], 'symmetry_looking': [{'r': 0.9500000000000001}, {'r': 0.9}, {'r': 0.8500000000000001}, {'r': 0.8}]}}), 'feature_selection__strategy': 'correlation', 'feature_selection__threshold': 0.85, 'imputation__params': ('interpolate', ('polynomial', 2))}",0.5160420944558523,0.628982941744448,0.5862053806928083,0.6804851004851005,0.5959224598930482,0.6015275954542514,0.05396673481212982,205,1.0,0.9999594624723839,0.9963720847109284,0.9934807401194665,0.9885806495812036,0.9956785873767965,0.004305640270926258
207.64287719726562,90.25124625422421,63.40429978370666,2.912646802747817,5,100,8,"('tsfresh', {'default_fc_parameters': {'variance_larger_than_standard_deviation': None, 'value_count': [{'value': -1}, {'value': 1}, {'value': 0}], 'time_reversal_asymmetry_statistic': [{'lag': 3}, {'lag': 2}], 'symmetry_looking': [{'r': 0.9500000000000001}, {'r': 0.9}, {'r': 0.8500000000000001}, {'r': 0.8}]}})",correlation,0.85,"('interpolate', ('spline', 2))","{'classifier__base_estimator__max_depth': 5, 'classifier__base_estimator__n_estimators': 100, 'feature_extraction__n_lags': 8, 'feature_extraction__params': ('tsfresh', {'default_fc_parameters': {'variance_larger_than_standard_deviation': None, 'value_count': [{'value': -1}, {'value': 1}, {'value': 0}], 'time_reversal_asymmetry_statistic': [{'lag': 3}, {'lag': 2}], 'symmetry_looking': [{'r': 0.9500000000000001}, {'r': 0.9}, {'r': 0.8500000000000001}, {'r': 0.8}]}}), 'feature_selection__strategy': 'correlation', 'feature_selection__threshold': 0.85, 'imputation__params': ('interpolate', ('spline', 2))}",0.5160420944558523,0.628982941744448,0.5862053806928083,0.6804851004851005,0.5959224598930482,0.6015275954542514,0.05396673481212982,205,1.0,0.9999594624723839,0.9963720847109284,0.9934807401194665,0.9885806495812036,0.9956785873767965,0.004305640270926258
183.8126693248749,86.92938716068586,62.844397974014285,3.1060077345441073,5,100,8,"('tsfresh', {'default_fc_parameters': {'variance_larger_than_standard_deviation': None, 'value_count': [{'value': -1}, {'value': 1}, {'value': 0}], 'time_reversal_asymmetry_statistic': [{'lag': 3}, {'lag': 2}], 'symmetry_looking': [{'r': 0.9500000000000001}, {'r': 0.9}, {'r': 0.8500000000000001}, {'r': 0.8}]}})",correlation,0.85,"('ffill', None)","{'classifier__base_estimator__max_depth': 5, 'classifier__base_estimator__n_estimators': 100, 'feature_extraction__n_lags': 8, 'feature_extraction__params': ('tsfresh', {'default_fc_parameters': {'variance_larger_than_standard_deviation': None, 'value_count': [{'value': -1}, {'value': 1}, {'value': 0}], 'time_reversal_asymmetry_statistic': [{'lag': 3}, {'lag': 2}], 'symmetry_looking': [{'r': 0.9500000000000001}, {'r': 0.9}, {'r': 0.8500000000000001}, {'r': 0.8}]}}), 'feature_selection__strategy': 'correlation', 'feature_selection__threshold': 0.85, 'imputation__params': ('ffill', None)}",0.5160420944558523,0.628982941744448,0.5862053806928083,0.6804851004851005,0.5959224598930482,0.6015275954542514,0.05396673481212982,205,1.0,0.9999594624723839,0.9963720847109284,0.9934807401194665,0.9885806495812036,0.9956785873767965,0.004305640270926258
183.83103475570678,87.95617782368961,62.78611316680908,3.7291929696555384,5,100,8,"('tsfresh', {'default_fc_parameters': {'variance_larger_than_standard_deviation': None, 'value_count': [{'value': -1}, {'value': 1}, {'value': 0}], 'time_reversal_asymmetry_statistic': [{'lag': 3}, {'lag': 2}], 'symmetry_looking': [{'r': 0.9500000000000001}, {'r': 0.9}, {'r': 0.8500000000000001}, {'r': 0.8}]}})",correlation,0.9,"('interpolate', 'linear')","{'classifier__base_estimator__max_depth': 5, 'classifier__base_estimator__n_estimators': 100, 'feature_extraction__n_lags': 8, 'feature_extraction__params': ('tsfresh', {'default_fc_parameters': {'variance_larger_than_standard_deviation': None, 'value_count': [{'value': -1}, {'value': 1}, {'value': 0}], 'time_reversal_asymmetry_statistic': [{'lag': 3}, {'lag': 2}], 'symmetry_looking': [{'r': 0.9500000000000001}, {'r': 0.9}, {'r': 0.8500000000000001}, {'r': 0.8}]}}), 'feature_selection__strategy': 'correlation', 'feature_selection__threshold': 0.9, 'imputation__params': ('interpolate', 'linear')}",0.502053388090349,0.5867396202124237,0.5799850536310884,0.6502286902286902,0.5715017825311942,0.5781017069387491,0.04713251120160663,317,1.0,0.9999493280904798,0.997453310696095,0.9952911484330251,0.9871955832767393,0.9959778740992679,0.004727093841866401
183.54241604804992,88.22698886574163,62.8242461681366,3.960739374019625,5,100,8,"('tsfresh', {'default_fc_parameters': {'variance_larger_than_standard_deviation': None, 'value_count': [{'value': -1}, {'value': 1}, {'value': 0}], 'time_reversal_asymmetry_statistic': [{'lag': 3}, {'lag': 2}], 'symmetry_looking': [{'r': 0.9500000000000001}, {'r': 0.9}, {'r': 0.8500000000000001}, {'r': 0.8}]}})",correlation,0.9,"('interpolate', ('polynomial', 2))","{'classifier__base_estimator__max_depth': 5, 'classifier__base_estimator__n_estimators': 100, 'feature_extraction__n_lags': 8, 'feature_extraction__params': ('tsfresh', {'default_fc_parameters': {'variance_larger_than_standard_deviation': None, 'value_count': [{'value': -1}, {'value': 1}, {'value': 0}], 'time_reversal_asymmetry_statistic': [{'lag': 3}, {'lag': 2}], 'symmetry_looking': [{'r': 0.9500000000000001}, {'r': 0.9}, {'r': 0.8500000000000001}, {'r': 0.8}]}}), 'feature_selection__strategy': 'correlation', 'feature_selection__threshold': 0.9, 'imputation__params': ('interpolate', ('polynomial', 2))}",0.502053388090349,0.5867396202124237,0.5799850536310884,0.6502286902286902,0.5715017825311942,0.5781017069387491,0.04713251120160663,317,1.0,0.9999493280904798,0.997453310696095,0.9952911484330251,0.9871955832767393,0.9959778740992679,0.004727093841866401
185.7739752292633,88.44403084299014,62.95268363952637,3.440677358447029,5,100,8,"('tsfresh', {'default_fc_parameters': {'variance_larger_than_standard_deviation': None, 'value_count': [{'value': -1}, {'value': 1}, {'value': 0}], 'time_reversal_asymmetry_statistic': [{'lag': 3}, {'lag': 2}], 'symmetry_looking': [{'r': 0.9500000000000001}, {'r': 0.9}, {'r': 0.8500000000000001}, {'r': 0.8}]}})",correlation,0.9,"('interpolate', ('spline', 2))","{'classifier__base_estimator__max_depth': 5, 'classifier__base_estimator__n_estimators': 100, 'feature_extraction__n_lags': 8, 'feature_extraction__params': ('tsfresh', {'default_fc_parameters': {'variance_larger_than_standard_deviation': None, 'value_count': [{'value': -1}, {'value': 1}, {'value': 0}], 'time_reversal_asymmetry_statistic': [{'lag': 3}, {'lag': 2}], 'symmetry_looking': [{'r': 0.9500000000000001}, {'r': 0.9}, {'r': 0.8500000000000001}, {'r': 0.8}]}}), 'feature_selection__strategy': 'correlation', 'feature_selection__threshold': 0.9, 'imputation__params': ('interpolate', ('spline', 2))}",0.502053388090349,0.5867396202124237,0.5799850536310884,0.6502286902286902,0.5715017825311942,0.5781017069387491,0.04713251120160663,317,1.0,0.9999493280904798,0.997453310696095,0.9952911484330251,0.9871955832767393,0.9959778740992679,0.004727093841866401
184.9912188053131,88.42012369582295,63.282333040237425,3.187031113666608,5,100,8,"('tsfresh', {'default_fc_parameters': {'variance_larger_than_standard_deviation': None, 'value_count': [{'value': -1}, {'value': 1}, {'value': 0}], 'time_reversal_asymmetry_statistic': [{'lag': 3}, {'lag': 2}], 'symmetry_looking': [{'r': 0.9500000000000001}, {'r': 0.9}, {'r': 0.8500000000000001}, {'r': 0.8}]}})",correlation,0.9,"('ffill', None)","{'classifier__base_estimator__max_depth': 5, 'classifier__base_estimator__n_estimators': 100, 'feature_extraction__n_lags': 8, 'feature_extraction__params': ('tsfresh', {'default_fc_parameters': {'variance_larger_than_standard_deviation': None, 'value_count': [{'value': -1}, {'value': 1}, {'value': 0}], 'time_reversal_asymmetry_statistic': [{'lag': 3}, {'lag': 2}], 'symmetry_looking': [{'r': 0.9500000000000001}, {'r': 0.9}, {'r': 0.8500000000000001}, {'r': 0.8}]}}), 'feature_selection__strategy': 'correlation', 'feature_selection__threshold': 0.9, 'imputation__params': ('ffill', None)}",0.502053388090349,0.5867396202124237,0.5799850536310884,0.6502286902286902,0.5715017825311942,0.5781017069387491,0.04713251120160663,317,1.0,0.9999493280904798,0.997453310696095,0.9952911484330251,0.9871955832767393,0.9959778740992679,0.004727093841866401
183.12086501121522,87.23830966250866,62.65459856987,3.8409417203455956,5,100,8,"('tsfresh', {'default_fc_parameters': {'variance_larger_than_standard_deviation': None, 'value_count': [{'value': -1}, {'value': 1}, {'value': 0}], 'time_reversal_asymmetry_statistic': [{'lag': 3}, {'lag': 2}], 'symmetry_looking': [{'r': 0.9500000000000001}, {'r': 0.9}, {'r': 0.8500000000000001}, {'r': 0.8}]}})",correlation,0.95,"('interpolate', 'linear')","{'classifier__base_estimator__max_depth': 5, 'classifier__base_estimator__n_estimators': 100, 'feature_extraction__n_lags': 8, 'feature_extraction__params': ('tsfresh', {'default_fc_parameters': {'variance_larger_than_standard_deviation': None, 'value_count': [{'value': -1}, {'value': 1}, {'value': 0}], 'time_reversal_asymmetry_statistic': [{'lag': 3}, {'lag': 2}], 'symmetry_looking': [{'r': 0.9500000000000001}, {'r': 0.9}, {'r': 0.8500000000000001}, {'r': 0.8}]}}), 'feature_selection__strategy': 'correlation', 'feature_selection__threshold': 0.95, 'imputation__params': ('interpolate', 'linear')}",0.5023100616016427,0.6237327003540392,0.6255494988570425,0.6692584892584892,0.5793449197860963,0.6000391339714619,0.05653796076599848,217,1.0,0.9997061029247826,0.9973371459208293,0.9957782710089191,0.9884972477392143,0.9962637535187492,0.004183677419247812
184.04410767555237,88.45875312108201,62.57107253074646,3.002495187576006,5,100,8,"('tsfresh', {'default_fc_parameters': {'variance_larger_than_standard_deviation': None, 'value_count': [{'value': -1}, {'value': 1}, {'value': 0}], 'time_reversal_asymmetry_statistic': [{'lag': 3}, {'lag': 2}], 'symmetry_looking': [{'r': 0.9500000000000001}, {'r': 0.9}, {'r': 0.8500000000000001}, {'r': 0.8}]}})",correlation,0.95,"('interpolate', ('polynomial', 2))","{'classifier__base_estimator__max_depth': 5, 'classifier__base_estimator__n_estimators': 100, 'feature_extraction__n_lags': 8, 'feature_extraction__params': ('tsfresh', {'default_fc_parameters': {'variance_larger_than_standard_deviation': None, 'value_count': [{'value': -1}, {'value': 1}, {'value': 0}], 'time_reversal_asymmetry_statistic': [{'lag': 3}, {'lag': 2}], 'symmetry_looking': [{'r': 0.9500000000000001}, {'r': 0.9}, {'r': 0.8500000000000001}, {'r': 0.8}]}}), 'feature_selection__strategy': 'correlation', 'feature_selection__threshold': 0.95, 'imputation__params': ('interpolate', ('polynomial', 2))}",0.5023100616016427,0.6237327003540392,0.6255494988570425,0.6692584892584892,0.5793449197860963,0.6000391339714619,0.05653796076599848,217,1.0,0.9997061029247826,0.9973371459208293,0.9957782710089191,0.9884972477392143,0.9962637535187492,0.004183677419247812
183.17021803855897,87.20723232224634,63.93420257568359,5.568980176950795,5,100,8,"('tsfresh', {'default_fc_parameters': {'variance_larger_than_standard_deviation': None, 'value_count': [{'value': -1}, {'value': 1}, {'value': 0}], 'time_reversal_asymmetry_statistic': [{'lag': 3}, {'lag': 2}], 'symmetry_looking': [{'r': 0.9500000000000001}, {'r': 0.9}, {'r': 0.8500000000000001}, {'r': 0.8}]}})",correlation,0.95,"('interpolate', ('spline', 2))","{'classifier__base_estimator__max_depth': 5, 'classifier__base_estimator__n_estimators': 100, 'feature_extraction__n_lags': 8, 'feature_extraction__params': ('tsfresh', {'default_fc_parameters': {'variance_larger_than_standard_deviation': None, 'value_count': [{'value': -1}, {'value': 1}, {'value': 0}], 'time_reversal_asymmetry_statistic': [{'lag': 3}, {'lag': 2}], 'symmetry_looking': [{'r': 0.9500000000000001}, {'r': 0.9}, {'r': 0.8500000000000001}, {'r': 0.8}]}}), 'feature_selection__strategy': 'correlation', 'feature_selection__threshold': 0.95, 'imputation__params': ('interpolate', ('spline', 2))}",0.5023100616016427,0.6237327003540392,0.6255494988570425,0.6692584892584892,0.5793449197860963,0.6000391339714619,0.05653796076599848,217,1.0,0.9997061029247826,0.9973371459208293,0.9957782710089191,0.9884972477392143,0.9962637535187492,0.004183677419247812
187.65249037742615,88.4657704701092,63.8326397895813,2.5131950770813694,5,100,8,"('tsfresh', {'default_fc_parameters': {'variance_larger_than_standard_deviation': None, 'value_count': [{'value': -1}, {'value': 1}, {'value': 0}], 'time_reversal_asymmetry_statistic': [{'lag': 3}, {'lag': 2}], 'symmetry_looking': [{'r': 0.9500000000000001}, {'r': 0.9}, {'r': 0.8500000000000001}, {'r': 0.8}]}})",correlation,0.95,"('ffill', None)","{'classifier__base_estimator__max_depth': 5, 'classifier__base_estimator__n_estimators': 100, 'feature_extraction__n_lags': 8, 'feature_extraction__params': ('tsfresh', {'default_fc_parameters': {'variance_larger_than_standard_deviation': None, 'value_count': [{'value': -1}, {'value': 1}, {'value': 0}], 'time_reversal_asymmetry_statistic': [{'lag': 3}, {'lag': 2}], 'symmetry_looking': [{'r': 0.9500000000000001}, {'r': 0.9}, {'r': 0.8500000000000001}, {'r': 0.8}]}}), 'feature_selection__strategy': 'correlation', 'feature_selection__threshold': 0.95, 'imputation__params': ('ffill', None)}",0.5023100616016427,0.6237327003540392,0.6255494988570425,0.6692584892584892,0.5793449197860963,0.6000391339714619,0.05653796076599848,217,1.0,0.9997061029247826,0.9973371459208293,0.9957782710089191,0.9884972477392143,0.9962637535187492,0.004183677419247812
184.25216431617736,87.93856120400757,62.796105241775514,3.304366319483015,5,100,8,"('tsfresh', {'default_fc_parameters': {'variance_larger_than_standard_deviation': None, 'value_count': [{'value': -1}, {'value': 1}, {'value': 0}], 'time_reversal_asymmetry_statistic': [{'lag': 3}, {'lag': 2}], 'symmetry_looking': [{'r': 0.9500000000000001}, {'r': 0.9}, {'r': 0.8500000000000001}, {'r': 0.8}]}})",pca,0.85,"('interpolate', 'linear')","{'classifier__base_estimator__max_depth': 5, 'classifier__base_estimator__n_estimators': 100, 'feature_extraction__n_lags': 8, 'feature_extraction__params': ('tsfresh', {'default_fc_parameters': {'variance_larger_than_standard_deviation': None, 'value_count': [{'value': -1}, {'value': 1}, {'value': 0}], 'time_reversal_asymmetry_statistic': [{'lag': 3}, {'lag': 2}], 'symmetry_looking': [{'r': 0.9500000000000001}, {'r': 0.9}, {'r': 0.8500000000000001}, {'r': 0.8}]}}), 'feature_selection__strategy': 'pca', 'feature_selection__threshold': 0.85, 'imputation__params': ('interpolate', 'linear')}",0.4945029089664613,0.5417605407145156,0.4461051521012836,0.527179487179487,0.559948752228164,0.5138993682379823,0.04011341578725014,613,0.8767676767676768,0.8246549242961672,0.7989969618443393,0.7614198919891989,0.7387184115523466,0.8001115732899458,0.048468429204370625
183.205228471756,87.46030686301845,62.77296204566956,3.0004983561394356,5,100,8,"('tsfresh', {'default_fc_parameters': {'variance_larger_than_standard_deviation': None, 'value_count': [{'value': -1}, {'value': 1}, {'value': 0}], 'time_reversal_asymmetry_statistic': [{'lag': 3}, {'lag': 2}], 'symmetry_looking': [{'r': 0.9500000000000001}, {'r': 0.9}, {'r': 0.8500000000000001}, {'r': 0.8}]}})",pca,0.85,"('interpolate', ('polynomial', 2))","{'classifier__base_estimator__max_depth': 5, 'classifier__base_estimator__n_estimators': 100, 'feature_extraction__n_lags': 8, 'feature_extraction__params': ('tsfresh', {'default_fc_parameters': {'variance_larger_than_standard_deviation': None, 'value_count': [{'value': -1}, {'value': 1}, {'value': 0}], 'time_reversal_asymmetry_statistic': [{'lag': 3}, {'lag': 2}], 'symmetry_looking': [{'r': 0.9500000000000001}, {'r': 0.9}, {'r': 0.8500000000000001}, {'r': 0.8}]}}), 'feature_selection__strategy': 'pca', 'feature_selection__threshold': 0.85, 'imputation__params': ('interpolate', ('polynomial', 2))}",0.4945029089664613,0.5417605407145156,0.4461051521012836,0.527179487179487,0.559948752228164,0.5138993682379823,0.04011341578725014,613,0.8767676767676768,0.8246549242961672,0.7989969618443393,0.7614198919891989,0.7387184115523466,0.8001115732899458,0.048468429204370625
183.47750124931335,87.68640749166275,62.678516483306886,3.4152761019674687,5,100,8,"('tsfresh', {'default_fc_parameters': {'variance_larger_than_standard_deviation': None, 'value_count': [{'value': -1}, {'value': 1}, {'value': 0}], 'time_reversal_asymmetry_statistic': [{'lag': 3}, {'lag': 2}], 'symmetry_looking': [{'r': 0.9500000000000001}, {'r': 0.9}, {'r': 0.8500000000000001}, {'r': 0.8}]}})",pca,0.85,"('interpolate', ('spline', 2))","{'classifier__base_estimator__max_depth': 5, 'classifier__base_estimator__n_estimators': 100, 'feature_extraction__n_lags': 8, 'feature_extraction__params': ('tsfresh', {'default_fc_parameters': {'variance_larger_than_standard_deviation': None, 'value_count': [{'value': -1}, {'value': 1}, {'value': 0}], 'time_reversal_asymmetry_statistic': [{'lag': 3}, {'lag': 2}], 'symmetry_looking': [{'r': 0.9500000000000001}, {'r': 0.9}, {'r': 0.8500000000000001}, {'r': 0.8}]}}), 'feature_selection__strategy': 'pca', 'feature_selection__threshold': 0.85, 'imputation__params': ('interpolate', ('spline', 2))}",0.4945029089664613,0.5417605407145156,0.4461051521012836,0.527179487179487,0.559948752228164,0.5138993682379823,0.04011341578725014,613,0.8767676767676768,0.8246549242961672,0.7989969618443393,0.7614198919891989,0.7387184115523466,0.8001115732899458,0.048468429204370625
183.4829767227173,88.13848062234423,63.2112603187561,2.994546882361199,5,100,8,"('tsfresh', {'default_fc_parameters': {'variance_larger_than_standard_deviation': None, 'value_count': [{'value': -1}, {'value': 1}, {'value': 0}], 'time_reversal_asymmetry_statistic': [{'lag': 3}, {'lag': 2}], 'symmetry_looking': [{'r': 0.9500000000000001}, {'r': 0.9}, {'r': 0.8500000000000001}, {'r': 0.8}]}})",pca,0.85,"('ffill', None)","{'classifier__base_estimator__max_depth': 5, 'classifier__base_estimator__n_estimators': 100, 'feature_extraction__n_lags': 8, 'feature_extraction__params': ('tsfresh', {'default_fc_parameters': {'variance_larger_than_standard_deviation': None, 'value_count': [{'value': -1}, {'value': 1}, {'value': 0}], 'time_reversal_asymmetry_statistic': [{'lag': 3}, {'lag': 2}], 'symmetry_looking': [{'r': 0.9500000000000001}, {'r': 0.9}, {'r': 0.8500000000000001}, {'r': 0.8}]}}), 'feature_selection__strategy': 'pca', 'feature_selection__threshold': 0.85, 'imputation__params': ('ffill', None)}",0.4945029089664613,0.5417605407145156,0.4461051521012836,0.527179487179487,0.559948752228164,0.5138993682379823,0.04011341578725014,613,0.8767676767676768,0.8246549242961672,0.7989969618443393,0.7614198919891989,0.7387184115523466,0.8001115732899458,0.048468429204370625
182.77983684539794,87.36376860600214,62.790763187408444,3.2178296175422667,5,100,8,"('tsfresh', {'default_fc_parameters': {'variance_larger_than_standard_deviation': None, 'value_count': [{'value': -1}, {'value': 1}, {'value': 0}], 'time_reversal_asymmetry_statistic': [{'lag': 3}, {'lag': 2}], 'symmetry_looking': [{'r': 0.9500000000000001}, {'r': 0.9}, {'r': 0.8500000000000001}, {'r': 0.8}]}})",pca,0.9,"('interpolate', 'linear')","{'classifier__base_estimator__max_depth': 5, 'classifier__base_estimator__n_estimators': 100, 'feature_extraction__n_lags': 8, 'feature_extraction__params': ('tsfresh', {'default_fc_parameters': {'variance_larger_than_standard_deviation': None, 'value_count': [{'value': -1}, {'value': 1}, {'value': 0}], 'time_reversal_asymmetry_statistic': [{'lag': 3}, {'lag': 2}], 'symmetry_looking': [{'r': 0.9500000000000001}, {'r': 0.9}, {'r': 0.8500000000000001}, {'r': 0.8}]}}), 'feature_selection__strategy': 'pca', 'feature_selection__threshold': 0.9, 'imputation__params': ('interpolate', 'linear')}",0.4945029089664613,0.5417605407145156,0.4461051521012836,0.527179487179487,0.559948752228164,0.5138993682379823,0.04011341578725014,613,0.8767676767676768,0.8246549242961672,0.7989969618443393,0.7614198919891989,0.7387184115523466,0.8001115732899458,0.048468429204370625
183.83338747024536,88.44547424663321,62.67775406837463,3.0805133493690957,5,100,8,"('tsfresh', {'default_fc_parameters': {'variance_larger_than_standard_deviation': None, 'value_count': [{'value': -1}, {'value': 1}, {'value': 0}], 'time_reversal_asymmetry_statistic': [{'lag': 3}, {'lag': 2}], 'symmetry_looking': [{'r': 0.9500000000000001}, {'r': 0.9}, {'r': 0.8500000000000001}, {'r': 0.8}]}})",pca,0.9,"('interpolate', ('polynomial', 2))","{'classifier__base_estimator__max_depth': 5, 'classifier__base_estimator__n_estimators': 100, 'feature_extraction__n_lags': 8, 'feature_extraction__params': ('tsfresh', {'default_fc_parameters': {'variance_larger_than_standard_deviation': None, 'value_count': [{'value': -1}, {'value': 1}, {'value': 0}], 'time_reversal_asymmetry_statistic': [{'lag': 3}, {'lag': 2}], 'symmetry_looking': [{'r': 0.9500000000000001}, {'r': 0.9}, {'r': 0.8500000000000001}, {'r': 0.8}]}}), 'feature_selection__strategy': 'pca', 'feature_selection__threshold': 0.9, 'imputation__params': ('interpolate', ('polynomial', 2))}",0.4945029089664613,0.5417605407145156,0.4461051521012836,0.527179487179487,0.559948752228164,0.5138993682379823,0.04011341578725014,613,0.8767676767676768,0.8246549242961672,0.7989969618443393,0.7614198919891989,0.7387184115523466,0.8001115732899458,0.048468429204370625
183.05522980690003,86.89482635655155,62.58436036109924,3.4814967220641777,5,100,8,"('tsfresh', {'default_fc_parameters': {'variance_larger_than_standard_deviation': None, 'value_count': [{'value': -1}, {'value': 1}, {'value': 0}], 'time_reversal_asymmetry_statistic': [{'lag': 3}, {'lag': 2}], 'symmetry_looking': [{'r': 0.9500000000000001}, {'r': 0.9}, {'r': 0.8500000000000001}, {'r': 0.8}]}})",pca,0.9,"('interpolate', ('spline', 2))","{'classifier__base_estimator__max_depth': 5, 'classifier__base_estimator__n_estimators': 100, 'feature_extraction__n_lags': 8, 'feature_extraction__params': ('tsfresh', {'default_fc_parameters': {'variance_larger_than_standard_deviation': None, 'value_count': [{'value': -1}, {'value': 1}, {'value': 0}], 'time_reversal_asymmetry_statistic': [{'lag': 3}, {'lag': 2}], 'symmetry_looking': [{'r': 0.9500000000000001}, {'r': 0.9}, {'r': 0.8500000000000001}, {'r': 0.8}]}}), 'feature_selection__strategy': 'pca', 'feature_selection__threshold': 0.9, 'imputation__params': ('interpolate', ('spline', 2))}",0.4945029089664613,0.5417605407145156,0.4461051521012836,0.527179487179487,0.559948752228164,0.5138993682379823,0.04011341578725014,613,0.8767676767676768,0.8246549242961672,0.7989969618443393,0.7614198919891989,0.7387184115523466,0.8001115732899458,0.048468429204370625
183.7415428161621,87.56884177280953,62.90553951263428,3.22660627845699,5,100,8,"('tsfresh', {'default_fc_parameters': {'variance_larger_than_standard_deviation': None, 'value_count': [{'value': -1}, {'value': 1}, {'value': 0}], 'time_reversal_asymmetry_statistic': [{'lag': 3}, {'lag': 2}], 'symmetry_looking': [{'r': 0.9500000000000001}, {'r': 0.9}, {'r': 0.8500000000000001}, {'r': 0.8}]}})",pca,0.9,"('ffill', None)","{'classifier__base_estimator__max_depth': 5, 'classifier__base_estimator__n_estimators': 100, 'feature_extraction__n_lags': 8, 'feature_extraction__params': ('tsfresh', {'default_fc_parameters': {'variance_larger_than_standard_deviation': None, 'value_count': [{'value': -1}, {'value': 1}, {'value': 0}], 'time_reversal_asymmetry_statistic': [{'lag': 3}, {'lag': 2}], 'symmetry_looking': [{'r': 0.9500000000000001}, {'r': 0.9}, {'r': 0.8500000000000001}, {'r': 0.8}]}}), 'feature_selection__strategy': 'pca', 'feature_selection__threshold': 0.9, 'imputation__params': ('ffill', None)}",0.4945029089664613,0.5417605407145156,0.4461051521012836,0.527179487179487,0.559948752228164,0.5138993682379823,0.04011341578725014,613,0.8767676767676768,0.8246549242961672,0.7989969618443393,0.7614198919891989,0.7387184115523466,0.8001115732899458,0.048468429204370625
183.12780666351318,87.78398909869243,62.618628358840944,3.7672621233838703,5,100,8,"('tsfresh', {'default_fc_parameters': {'variance_larger_than_standard_deviation': None, 'value_count': [{'value': -1}, {'value': 1}, {'value': 0}], 'time_reversal_asymmetry_statistic': [{'lag': 3}, {'lag': 2}], 'symmetry_looking': [{'r': 0.9500000000000001}, {'r': 0.9}, {'r': 0.8500000000000001}, {'r': 0.8}]}})",pca,0.95,"('interpolate', 'linear')","{'classifier__base_estimator__max_depth': 5, 'classifier__base_estimator__n_estimators': 100, 'feature_extraction__n_lags': 8, 'feature_extraction__params': ('tsfresh', {'default_fc_parameters': {'variance_larger_than_standard_deviation': None, 'value_count': [{'value': -1}, {'value': 1}, {'value': 0}], 'time_reversal_asymmetry_statistic': [{'lag': 3}, {'lag': 2}], 'symmetry_looking': [{'r': 0.9500000000000001}, {'r': 0.9}, {'r': 0.8500000000000001}, {'r': 0.8}]}}), 'feature_selection__strategy': 'pca', 'feature_selection__threshold': 0.95, 'imputation__params': ('interpolate', 'linear')}",0.4945029089664613,0.5417605407145156,0.4461051521012836,0.527179487179487,0.559948752228164,0.5138993682379823,0.04011341578725014,613,0.8767676767676768,0.8246549242961672,0.7989969618443393,0.7614198919891989,0.7387184115523466,0.8001115732899458,0.048468429204370625
183.60472278594972,87.81010308132473,62.56754379272461,3.550952066354297,5,100,8,"('tsfresh', {'default_fc_parameters': {'variance_larger_than_standard_deviation': None, 'value_count': [{'value': -1}, {'value': 1}, {'value': 0}], 'time_reversal_asymmetry_statistic': [{'lag': 3}, {'lag': 2}], 'symmetry_looking': [{'r': 0.9500000000000001}, {'r': 0.9}, {'r': 0.8500000000000001}, {'r': 0.8}]}})",pca,0.95,"('interpolate', ('polynomial', 2))","{'classifier__base_estimator__max_depth': 5, 'classifier__base_estimator__n_estimators': 100, 'feature_extraction__n_lags': 8, 'feature_extraction__params': ('tsfresh', {'default_fc_parameters': {'variance_larger_than_standard_deviation': None, 'value_count': [{'value': -1}, {'value': 1}, {'value': 0}], 'time_reversal_asymmetry_statistic': [{'lag': 3}, {'lag': 2}], 'symmetry_looking': [{'r': 0.9500000000000001}, {'r': 0.9}, {'r': 0.8500000000000001}, {'r': 0.8}]}}), 'feature_selection__strategy': 'pca', 'feature_selection__threshold': 0.95, 'imputation__params': ('interpolate', ('polynomial', 2))}",0.4945029089664613,0.5417605407145156,0.4461051521012836,0.527179487179487,0.559948752228164,0.5138993682379823,0.04011341578725014,613,0.8767676767676768,0.8246549242961672,0.7989969618443393,0.7614198919891989,0.7387184115523466,0.8001115732899458,0.048468429204370625
182.82692804336548,87.7714128548669,62.939082098007205,3.209624337865701,5,100,8,"('tsfresh', {'default_fc_parameters': {'variance_larger_than_standard_deviation': None, 'value_count': [{'value': -1}, {'value': 1}, {'value': 0}], 'time_reversal_asymmetry_statistic': [{'lag': 3}, {'lag': 2}], 'symmetry_looking': [{'r': 0.9500000000000001}, {'r': 0.9}, {'r': 0.8500000000000001}, {'r': 0.8}]}})",pca,0.95,"('interpolate', ('spline', 2))","{'classifier__base_estimator__max_depth': 5, 'classifier__base_estimator__n_estimators': 100, 'feature_extraction__n_lags': 8, 'feature_extraction__params': ('tsfresh', {'default_fc_parameters': {'variance_larger_than_standard_deviation': None, 'value_count': [{'value': -1}, {'value': 1}, {'value': 0}], 'time_reversal_asymmetry_statistic': [{'lag': 3}, {'lag': 2}], 'symmetry_looking': [{'r': 0.9500000000000001}, {'r': 0.9}, {'r': 0.8500000000000001}, {'r': 0.8}]}}), 'feature_selection__strategy': 'pca', 'feature_selection__threshold': 0.95, 'imputation__params': ('interpolate', ('spline', 2))}",0.4945029089664613,0.5417605407145156,0.4461051521012836,0.527179487179487,0.559948752228164,0.5138993682379823,0.04011341578725014,613,0.8767676767676768,0.8246549242961672,0.7989969618443393,0.7614198919891989,0.7387184115523466,0.8001115732899458,0.048468429204370625
183.13679533004762,87.03186579175393,63.15114798545837,2.972149180707875,5,100,8,"('tsfresh', {'default_fc_parameters': {'variance_larger_than_standard_deviation': None, 'value_count': [{'value': -1}, {'value': 1}, {'value': 0}], 'time_reversal_asymmetry_statistic': [{'lag': 3}, {'lag': 2}], 'symmetry_looking': [{'r': 0.9500000000000001}, {'r': 0.9}, {'r': 0.8500000000000001}, {'r': 0.8}]}})",pca,0.95,"('ffill', None)","{'classifier__base_estimator__max_depth': 5, 'classifier__base_estimator__n_estimators': 100, 'feature_extraction__n_lags': 8, 'feature_extraction__params': ('tsfresh', {'default_fc_parameters': {'variance_larger_than_standard_deviation': None, 'value_count': [{'value': -1}, {'value': 1}, {'value': 0}], 'time_reversal_asymmetry_statistic': [{'lag': 3}, {'lag': 2}], 'symmetry_looking': [{'r': 0.9500000000000001}, {'r': 0.9}, {'r': 0.8500000000000001}, {'r': 0.8}]}}), 'feature_selection__strategy': 'pca', 'feature_selection__threshold': 0.95, 'imputation__params': ('ffill', None)}",0.4945029089664613,0.5417605407145156,0.4461051521012836,0.527179487179487,0.559948752228164,0.5138993682379823,0.04011341578725014,613,0.8767676767676768,0.8246549242961672,0.7989969618443393,0.7614198919891989,0.7387184115523466,0.8001115732899458,0.048468429204370625
233.9763005256653,110.88006720309785,77.9171492099762,0.8990864331933639,7,25,3,"('tsfresh', {'default_fc_parameters': {'variance_larger_than_standard_deviation': None, 'value_count': [{'value': -1}, {'value': 1}, {'value': 0}], 'time_reversal_asymmetry_statistic': [{'lag': 3}, {'lag': 2}], 'symmetry_looking': [{'r': 0.9500000000000001}, {'r': 0.9}, {'r': 0.8500000000000001}, {'r': 0.8}]}})",correlation,0.85,"('interpolate', 'linear')","{'classifier__base_estimator__max_depth': 7, 'classifier__base_estimator__n_estimators': 25, 'feature_extraction__n_lags': 3, 'feature_extraction__params': ('tsfresh', {'default_fc_parameters': {'variance_larger_than_standard_deviation': None, 'value_count': [{'value': -1}, {'value': 1}, {'value': 0}], 'time_reversal_asymmetry_statistic': [{'lag': 3}, {'lag': 2}], 'symmetry_looking': [{'r': 0.9500000000000001}, {'r': 0.9}, {'r': 0.8500000000000001}, {'r': 0.8}]}}), 'feature_selection__strategy': 'correlation', 'feature_selection__threshold': 0.85, 'imputation__params': ('interpolate', 'linear')}",0.5102133333333334,0.6082368718238285,0.6324742538881882,0.6739243807040417,0.6374044570580837,0.6124506593614951,0.0552682216318817,105,0.9704271379913468,0.9589263728145776,0.9489335664335665,0.9380669681249479,0.9291733217064783,0.9491054734141834,0.01463032650423883
233.98699293136596,111.14408312735753,77.75434784889221,1.0048022439761224,7,25,3,"('tsfresh', {'default_fc_parameters': {'variance_larger_than_standard_deviation': None, 'value_count': [{'value': -1}, {'value': 1}, {'value': 0}], 'time_reversal_asymmetry_statistic': [{'lag': 3}, {'lag': 2}], 'symmetry_looking': [{'r': 0.9500000000000001}, {'r': 0.9}, {'r': 0.8500000000000001}, {'r': 0.8}]}})",correlation,0.85,"('interpolate', ('polynomial', 2))","{'classifier__base_estimator__max_depth': 7, 'classifier__base_estimator__n_estimators': 25, 'feature_extraction__n_lags': 3, 'feature_extraction__params': ('tsfresh', {'default_fc_parameters': {'variance_larger_than_standard_deviation': None, 'value_count': [{'value': -1}, {'value': 1}, {'value': 0}], 'time_reversal_asymmetry_statistic': [{'lag': 3}, {'lag': 2}], 'symmetry_looking': [{'r': 0.9500000000000001}, {'r': 0.9}, {'r': 0.8500000000000001}, {'r': 0.8}]}}), 'feature_selection__strategy': 'correlation', 'feature_selection__threshold': 0.85, 'imputation__params': ('interpolate', ('polynomial', 2))}",0.5102133333333334,0.6082368718238285,0.6324742538881882,0.6739243807040417,0.6374044570580837,0.6124506593614951,0.0552682216318817,105,0.9704271379913468,0.9589263728145776,0.9489335664335665,0.9380669681249479,0.9291733217064783,0.9491054734141834,0.01463032650423883
233.23556971549988,110.33424123102188,77.96295561790467,1.126068502526565,7,25,3,"('tsfresh', {'default_fc_parameters': {'variance_larger_than_standard_deviation': None, 'value_count': [{'value': -1}, {'value': 1}, {'value': 0}], 'time_reversal_asymmetry_statistic': [{'lag': 3}, {'lag': 2}], 'symmetry_looking': [{'r': 0.9500000000000001}, {'r': 0.9}, {'r': 0.8500000000000001}, {'r': 0.8}]}})",correlation,0.85,"('interpolate', ('spline', 2))","{'classifier__base_estimator__max_depth': 7, 'classifier__base_estimator__n_estimators': 25, 'feature_extraction__n_lags': 3, 'feature_extraction__params': ('tsfresh', {'default_fc_parameters': {'variance_larger_than_standard_deviation': None, 'value_count': [{'value': -1}, {'value': 1}, {'value': 0}], 'time_reversal_asymmetry_statistic': [{'lag': 3}, {'lag': 2}], 'symmetry_looking': [{'r': 0.9500000000000001}, {'r': 0.9}, {'r': 0.8500000000000001}, {'r': 0.8}]}}), 'feature_selection__strategy': 'correlation', 'feature_selection__threshold': 0.85, 'imputation__params': ('interpolate', ('spline', 2))}",0.5102133333333334,0.6082368718238285,0.6324742538881882,0.6739243807040417,0.6374044570580837,0.6124506593614951,0.0552682216318817,105,0.9704271379913468,0.9589263728145776,0.9489335664335665,0.9380669681249479,0.9291733217064783,0.9491054734141834,0.01463032650423883
233.55982766151428,111.14225714696138,77.7032356262207,1.2618608534620204,7,25,3,"('tsfresh', {'default_fc_parameters': {'variance_larger_than_standard_deviation': None, 'value_count': [{'value': -1}, {'value': 1}, {'value': 0}], 'time_reversal_asymmetry_statistic': [{'lag': 3}, {'lag': 2}], 'symmetry_looking': [{'r': 0.9500000000000001}, {'r': 0.9}, {'r': 0.8500000000000001}, {'r': 0.8}]}})",correlation,0.85,"('ffill', None)","{'classifier__base_estimator__max_depth': 7, 'classifier__base_estimator__n_estimators': 25, 'feature_extraction__n_lags': 3, 'feature_extraction__params': ('tsfresh', {'default_fc_parameters': {'variance_larger_than_standard_deviation': None, 'value_count': [{'value': -1}, {'value': 1}, {'value': 0}], 'time_reversal_asymmetry_statistic': [{'lag': 3}, {'lag': 2}], 'symmetry_looking': [{'r': 0.9500000000000001}, {'r': 0.9}, {'r': 0.8500000000000001}, {'r': 0.8}]}}), 'feature_selection__strategy': 'correlation', 'feature_selection__threshold': 0.85, 'imputation__params': ('ffill', None)}",0.5102133333333334,0.6082368718238285,0.6324742538881882,0.6739243807040417,0.6374044570580837,0.6124506593614951,0.0552682216318817,105,0.9704271379913468,0.9589263728145776,0.9489335664335665,0.9380669681249479,0.9291733217064783,0.9491054734141834,0.01463032650423883
233.55604338645935,110.88630693775501,77.72191991806031,1.107814935221178,7,25,3,"('tsfresh', {'default_fc_parameters': {'variance_larger_than_standard_deviation': None, 'value_count': [{'value': -1}, {'value': 1}, {'value': 0}], 'time_reversal_asymmetry_statistic': [{'lag': 3}, {'lag': 2}], 'symmetry_looking': [{'r': 0.9500000000000001}, {'r': 0.9}, {'r': 0.8500000000000001}, {'r': 0.8}]}})",correlation,0.9,"('interpolate', 'linear')","{'classifier__base_estimator__max_depth': 7, 'classifier__base_estimator__n_estimators': 25, 'feature_extraction__n_lags': 3, 'feature_extraction__params': ('tsfresh', {'default_fc_parameters': {'variance_larger_than_standard_deviation': None, 'value_count': [{'value': -1}, {'value': 1}, {'value': 0}], 'time_reversal_asymmetry_statistic': [{'lag': 3}, {'lag': 2}], 'symmetry_looking': [{'r': 0.9500000000000001}, {'r': 0.9}, {'r': 0.8500000000000001}, {'r': 0.8}]}}), 'feature_selection__strategy': 'correlation', 'feature_selection__threshold': 0.9, 'imputation__params': ('interpolate', 'linear')}",0.5284800000000001,0.6340344438170524,0.6443489911727617,0.6758800521512387,0.6353484697003902,0.6236183913682887,0.0499168135090445,17,0.9637185860259597,0.9570518345235164,0.9460166756320603,0.9364995700058257,0.9255575774023767,0.9457688487179479,0.013740271266094306
233.38182258605957,110.55835198600846,77.89209342002869,1.314560047933348,7,25,3,"('tsfresh', {'default_fc_parameters': {'variance_larger_than_standard_deviation': None, 'value_count': [{'value': -1}, {'value': 1}, {'value': 0}], 'time_reversal_asymmetry_statistic': [{'lag': 3}, {'lag': 2}], 'symmetry_looking': [{'r': 0.9500000000000001}, {'r': 0.9}, {'r': 0.8500000000000001}, {'r': 0.8}]}})",correlation,0.9,"('interpolate', ('polynomial', 2))","{'classifier__base_estimator__max_depth': 7, 'classifier__base_estimator__n_estimators': 25, 'feature_extraction__n_lags': 3, 'feature_extraction__params': ('tsfresh', {'default_fc_parameters': {'variance_larger_than_standard_deviation': None, 'value_count': [{'value': -1}, {'value': 1}, {'value': 0}], 'time_reversal_asymmetry_statistic': [{'lag': 3}, {'lag': 2}], 'symmetry_looking': [{'r': 0.9500000000000001}, {'r': 0.9}, {'r': 0.8500000000000001}, {'r': 0.8}]}}), 'feature_selection__strategy': 'correlation', 'feature_selection__threshold': 0.9, 'imputation__params': ('interpolate', ('polynomial', 2))}",0.5284800000000001,0.6340344438170524,0.6443489911727617,0.6758800521512387,0.6353484697003902,0.6236183913682887,0.0499168135090445,17,0.9637185860259597,0.9570518345235164,0.9460166756320603,0.9364995700058257,0.9255575774023767,0.9457688487179479,0.013740271266094306
234.37515292167663,111.35595864027717,77.86834964752197,1.2103700844101408,7,25,3,"('tsfresh', {'default_fc_parameters': {'variance_larger_than_standard_deviation': None, 'value_count': [{'value': -1}, {'value': 1}, {'value': 0}], 'time_reversal_asymmetry_statistic': [{'lag': 3}, {'lag': 2}], 'symmetry_looking': [{'r': 0.9500000000000001}, {'r': 0.9}, {'r': 0.8500000000000001}, {'r': 0.8}]}})",correlation,0.9,"('interpolate', ('spline', 2))","{'classifier__base_estimator__max_depth': 7, 'classifier__base_estimator__n_estimators': 25, 'feature_extraction__n_lags': 3, 'feature_extraction__params': ('tsfresh', {'default_fc_parameters': {'variance_larger_than_standard_deviation': None, 'value_count': [{'value': -1}, {'value': 1}, {'value': 0}], 'time_reversal_asymmetry_statistic': [{'lag': 3}, {'lag': 2}], 'symmetry_looking': [{'r': 0.9500000000000001}, {'r': 0.9}, {'r': 0.8500000000000001}, {'r': 0.8}]}}), 'feature_selection__strategy': 'correlation', 'feature_selection__threshold': 0.9, 'imputation__params': ('interpolate', ('spline', 2))}",0.5284800000000001,0.6340344438170524,0.6443489911727617,0.6758800521512387,0.6353484697003902,0.6236183913682887,0.0499168135090445,17,0.9637185860259597,0.9570518345235164,0.9460166756320603,0.9364995700058257,0.9255575774023767,0.9457688487179479,0.013740271266094306
233.34098858833312,110.65586304890611,78.30017824172974,1.1149826008357224,7,25,3,"('tsfresh', {'default_fc_parameters': {'variance_larger_than_standard_deviation': None, 'value_count': [{'value': -1}, {'value': 1}, {'value': 0}], 'time_reversal_asymmetry_statistic': [{'lag': 3}, {'lag': 2}], 'symmetry_looking': [{'r': 0.9500000000000001}, {'r': 0.9}, {'r': 0.8500000000000001}, {'r': 0.8}]}})",correlation,0.9,"('ffill', None)","{'classifier__base_estimator__max_depth': 7, 'classifier__base_estimator__n_estimators': 25, 'feature_extraction__n_lags': 3, 'feature_extraction__params': ('tsfresh', {'default_fc_parameters': {'variance_larger_than_standard_deviation': None, 'value_count': [{'value': -1}, {'value': 1}, {'value': 0}], 'time_reversal_asymmetry_statistic': [{'lag': 3}, {'lag': 2}], 'symmetry_looking': [{'r': 0.9500000000000001}, {'r': 0.9}, {'r': 0.8500000000000001}, {'r': 0.8}]}}), 'feature_selection__strategy': 'correlation', 'feature_selection__threshold': 0.9, 'imputation__params': ('ffill', None)}",0.5284800000000001,0.6340344438170524,0.6443489911727617,0.6758800521512387,0.6353484697003902,0.6236183913682887,0.0499168135090445,17,0.9637185860259597,0.9570518345235164,0.9460166756320603,0.9364995700058257,0.9255575774023767,0.9457688487179479,0.013740271266094306
233.50958762168884,111.18501436143758,78.02396078109741,1.157743920541451,7,25,3,"('tsfresh', {'default_fc_parameters': {'variance_larger_than_standard_deviation': None, 'value_count': [{'value': -1}, {'value': 1}, {'value': 0}], 'time_reversal_asymmetry_statistic': [{'lag': 3}, {'lag': 2}], 'symmetry_looking': [{'r': 0.9500000000000001}, {'r': 0.9}, {'r': 0.8500000000000001}, {'r': 0.8}]}})",correlation,0.95,"('interpolate', 'linear')","{'classifier__base_estimator__max_depth': 7, 'classifier__base_estimator__n_estimators': 25, 'feature_extraction__n_lags': 3, 'feature_extraction__params': ('tsfresh', {'default_fc_parameters': {'variance_larger_than_standard_deviation': None, 'value_count': [{'value': -1}, {'value': 1}, {'value': 0}], 'time_reversal_asymmetry_statistic': [{'lag': 3}, {'lag': 2}], 'symmetry_looking': [{'r': 0.9500000000000001}, {'r': 0.9}, {'r': 0.8500000000000001}, {'r': 0.8}]}}), 'feature_selection__strategy': 'correlation', 'feature_selection__threshold': 0.95, 'imputation__params': ('interpolate', 'linear')}",0.5302800000000001,0.6347990777338604,0.6507592475830181,0.6689700130378096,0.5872786790079659,0.6144174034725308,0.05005545428440469,89,0.9695986375770966,0.9598559468111303,0.9464456697149004,0.937923636733524,0.9284418976095246,0.9484531576892353,0.014781787909099784
233.5442502975464,110.0318984877258,78.0435851573944,1.1739031172532761,7,25,3,"('tsfresh', {'default_fc_parameters': {'variance_larger_than_standard_deviation': None, 'value_count': [{'value': -1}, {'value': 1}, {'value': 0}], 'time_reversal_asymmetry_statistic': [{'lag': 3}, {'lag': 2}], 'symmetry_looking': [{'r': 0.9500000000000001}, {'r': 0.9}, {'r': 0.8500000000000001}, {'r': 0.8}]}})",correlation,0.95,"('interpolate', ('polynomial', 2))","{'classifier__base_estimator__max_depth': 7, 'classifier__base_estimator__n_estimators': 25, 'feature_extraction__n_lags': 3, 'feature_extraction__params': ('tsfresh', {'default_fc_parameters': {'variance_larger_than_standard_deviation': None, 'value_count': [{'value': -1}, {'value': 1}, {'value': 0}], 'time_reversal_asymmetry_statistic': [{'lag': 3}, {'lag': 2}], 'symmetry_looking': [{'r': 0.9500000000000001}, {'r': 0.9}, {'r': 0.8500000000000001}, {'r': 0.8}]}}), 'feature_selection__strategy': 'correlation', 'feature_selection__threshold': 0.95, 'imputation__params': ('interpolate', ('polynomial', 2))}",0.5302800000000001,0.6347990777338604,0.6507592475830181,0.6689700130378096,0.5872786790079659,0.6144174034725308,0.05005545428440469,89,0.9695986375770966,0.9598559468111303,0.9464456697149004,0.937923636733524,0.9284418976095246,0.9484531576892353,0.014781787909099784
233.77360463142395,110.10027963962003,77.71986527442932,1.1455020629981836,7,25,3,"('tsfresh', {'default_fc_parameters': {'variance_larger_than_standard_deviation': None, 'value_count': [{'value': -1}, {'value': 1}, {'value': 0}], 'time_reversal_asymmetry_statistic': [{'lag': 3}, {'lag': 2}], 'symmetry_looking': [{'r': 0.9500000000000001}, {'r': 0.9}, {'r': 0.8500000000000001}, {'r': 0.8}]}})",correlation,0.95,"('interpolate', ('spline', 2))","{'classifier__base_estimator__max_depth': 7, 'classifier__base_estimator__n_estimators': 25, 'feature_extraction__n_lags': 3, 'feature_extraction__params': ('tsfresh', {'default_fc_parameters': {'variance_larger_than_standard_deviation': None, 'value_count': [{'value': -1}, {'value': 1}, {'value': 0}], 'time_reversal_asymmetry_statistic': [{'lag': 3}, {'lag': 2}], 'symmetry_looking': [{'r': 0.9500000000000001}, {'r': 0.9}, {'r': 0.8500000000000001}, {'r': 0.8}]}}), 'feature_selection__strategy': 'correlation', 'feature_selection__threshold': 0.95, 'imputation__params': ('interpolate', ('spline', 2))}",0.5302800000000001,0.6347990777338604,0.6507592475830181,0.6689700130378096,0.5872786790079659,0.6144174034725308,0.05005545428440469,89,0.9695986375770966,0.9598559468111303,0.9464456697149004,0.937923636733524,0.9284418976095246,0.9484531576892353,0.014781787909099784
234.06215467453003,110.8784371369372,77.87580342292786,1.6334947567035007,7,25,3,"('tsfresh', {'default_fc_parameters': {'variance_larger_than_standard_deviation': None, 'value_count': [{'value': -1}, {'value': 1}, {'value': 0}], 'time_reversal_asymmetry_statistic': [{'lag': 3}, {'lag': 2}], 'symmetry_looking': [{'r': 0.9500000000000001}, {'r': 0.9}, {'r': 0.8500000000000001}, {'r': 0.8}]}})",correlation,0.95,"('ffill', None)","{'classifier__base_estimator__max_depth': 7, 'classifier__base_estimator__n_estimators': 25, 'feature_extraction__n_lags': 3, 'feature_extraction__params': ('tsfresh', {'default_fc_parameters': {'variance_larger_than_standard_deviation': None, 'value_count': [{'value': -1}, {'value': 1}, {'value': 0}], 'time_reversal_asymmetry_statistic': [{'lag': 3}, {'lag': 2}], 'symmetry_looking': [{'r': 0.9500000000000001}, {'r': 0.9}, {'r': 0.8500000000000001}, {'r': 0.8}]}}), 'feature_selection__strategy': 'correlation', 'feature_selection__threshold': 0.95, 'imputation__params': ('ffill', None)}",0.5302800000000001,0.6347990777338604,0.6507592475830181,0.6689700130378096,0.5872786790079659,0.6144174034725308,0.05005545428440469,89,0.9695986375770966,0.9598559468111303,0.9464456697149004,0.937923636733524,0.9284418976095246,0.9484531576892353,0.014781787909099784
234.19461812973023,111.75782174215185,78.14559774398803,1.0615108702348628,7,25,3,"('tsfresh', {'default_fc_parameters': {'variance_larger_than_standard_deviation': None, 'value_count': [{'value': -1}, {'value': 1}, {'value': 0}], 'time_reversal_asymmetry_statistic': [{'lag': 3}, {'lag': 2}], 'symmetry_looking': [{'r': 0.9500000000000001}, {'r': 0.9}, {'r': 0.8500000000000001}, {'r': 0.8}]}})",pca,0.85,"('interpolate', 'linear')","{'classifier__base_estimator__max_depth': 7, 'classifier__base_estimator__n_estimators': 25, 'feature_extraction__n_lags': 3, 'feature_extraction__params': ('tsfresh', {'default_fc_parameters': {'variance_larger_than_standard_deviation': None, 'value_count': [{'value': -1}, {'value': 1}, {'value': 0}], 'time_reversal_asymmetry_statistic': [{'lag': 3}, {'lag': 2}], 'symmetry_looking': [{'r': 0.9500000000000001}, {'r': 0.9}, {'r': 0.8500000000000001}, {'r': 0.8}]}}), 'feature_selection__strategy': 'pca', 'feature_selection__threshold': 0.85, 'imputation__params': ('interpolate', 'linear')}",0.4873733333333333,0.5981554677206851,0.5252469525010508,0.5279986962190353,0.6350743380526978,0.5547697575653604,0.05378049690485646,337,0.9247100248550124,0.8895222851514405,0.8596974179666487,0.8423223692524883,0.7911543954406117,0.8614812985332403,0.044945052814422924
233.6584639072418,110.78106904844289,78.17764434814453,1.1776531676924638,7,25,3,"('tsfresh', {'default_fc_parameters': {'variance_larger_than_standard_deviation': None, 'value_count': [{'value': -1}, {'value': 1}, {'value': 0}], 'time_reversal_asymmetry_statistic': [{'lag': 3}, {'lag': 2}], 'symmetry_looking': [{'r': 0.9500000000000001}, {'r': 0.9}, {'r': 0.8500000000000001}, {'r': 0.8}]}})",pca,0.85,"('interpolate', ('polynomial', 2))","{'classifier__base_estimator__max_depth': 7, 'classifier__base_estimator__n_estimators': 25, 'feature_extraction__n_lags': 3, 'feature_extraction__params': ('tsfresh', {'default_fc_parameters': {'variance_larger_than_standard_deviation': None, 'value_count': [{'value': -1}, {'value': 1}, {'value': 0}], 'time_reversal_asymmetry_statistic': [{'lag': 3}, {'lag': 2}], 'symmetry_looking': [{'r': 0.9500000000000001}, {'r': 0.9}, {'r': 0.8500000000000001}, {'r': 0.8}]}}), 'feature_selection__strategy': 'pca', 'feature_selection__threshold': 0.85, 'imputation__params': ('interpolate', ('polynomial', 2))}",0.4873733333333333,0.5981554677206851,0.5252469525010508,0.5279986962190353,0.6350743380526978,0.5547697575653604,0.05378049690485646,337,0.9247100248550124,0.8895222851514405,0.8596974179666487,0.8423223692524883,0.7911543954406117,0.8614812985332403,0.044945052814422924
232.53403573036195,110.1121170657175,77.84487142562867,0.7304151986067686,7,25,3,"('tsfresh', {'default_fc_parameters': {'variance_larger_than_standard_deviation': None, 'value_count': [{'value': -1}, {'value': 1}, {'value': 0}], 'time_reversal_asymmetry_statistic': [{'lag': 3}, {'lag': 2}], 'symmetry_looking': [{'r': 0.9500000000000001}, {'r': 0.9}, {'r': 0.8500000000000001}, {'r': 0.8}]}})",pca,0.85,"('interpolate', ('spline', 2))","{'classifier__base_estimator__max_depth': 7, 'classifier__base_estimator__n_estimators': 25, 'feature_extraction__n_lags': 3, 'feature_extraction__params': ('tsfresh', {'default_fc_parameters': {'variance_larger_than_standard_deviation': None, 'value_count': [{'value': -1}, {'value': 1}, {'value': 0}], 'time_reversal_asymmetry_statistic': [{'lag': 3}, {'lag': 2}], 'symmetry_looking': [{'r': 0.9500000000000001}, {'r': 0.9}, {'r': 0.8500000000000001}, {'r': 0.8}]}}), 'feature_selection__strategy': 'pca', 'feature_selection__threshold': 0.85, 'imputation__params': ('interpolate', ('spline', 2))}",0.4873733333333333,0.5981554677206851,0.5252469525010508,0.5279986962190353,0.6350743380526978,0.5547697575653604,0.05378049690485646,337,0.9247100248550124,0.8895222851514405,0.8596974179666487,0.8423223692524883,0.7911543954406117,0.8614812985332403,0.044945052814422924
232.4165680885315,109.8700653836396,77.79315476417541,1.5842338749419553,7,25,3,"('tsfresh', {'default_fc_parameters': {'variance_larger_than_standard_deviation': None, 'value_count': [{'value': -1}, {'value': 1}, {'value': 0}], 'time_reversal_asymmetry_statistic': [{'lag': 3}, {'lag': 2}], 'symmetry_looking': [{'r': 0.9500000000000001}, {'r': 0.9}, {'r': 0.8500000000000001}, {'r': 0.8}]}})",pca,0.85,"('ffill', None)","{'classifier__base_estimator__max_depth': 7, 'classifier__base_estimator__n_estimators': 25, 'feature_extraction__n_lags': 3, 'feature_extraction__params': ('tsfresh', {'default_fc_parameters': {'variance_larger_than_standard_deviation': None, 'value_count': [{'value': -1}, {'value': 1}, {'value': 0}], 'time_reversal_asymmetry_statistic': [{'lag': 3}, {'lag': 2}], 'symmetry_looking': [{'r': 0.9500000000000001}, {'r': 0.9}, {'r': 0.8500000000000001}, {'r': 0.8}]}}), 'feature_selection__strategy': 'pca', 'feature_selection__threshold': 0.85, 'imputation__params': ('ffill', None)}",0.4873733333333333,0.5981554677206851,0.5252469525010508,0.5279986962190353,0.6350743380526978,0.5547697575653604,0.05378049690485646,337,0.9247100248550124,0.8895222851514405,0.8596974179666487,0.8423223692524883,0.7911543954406117,0.8614812985332403,0.044945052814422924
232.47706770896912,110.62404407248798,77.50095996856689,1.1535376568153262,7,25,3,"('tsfresh', {'default_fc_parameters': {'variance_larger_than_standard_deviation': None, 'value_count': [{'value': -1}, {'value': 1}, {'value': 0}], 'time_reversal_asymmetry_statistic': [{'lag': 3}, {'lag': 2}], 'symmetry_looking': [{'r': 0.9500000000000001}, {'r': 0.9}, {'r': 0.8500000000000001}, {'r': 0.8}]}})",pca,0.9,"('interpolate', 'linear')","{'classifier__base_estimator__max_depth': 7, 'classifier__base_estimator__n_estimators': 25, 'feature_extraction__n_lags': 3, 'feature_extraction__params': ('tsfresh', {'default_fc_parameters': {'variance_larger_than_standard_deviation': None, 'value_count': [{'value': -1}, {'value': 1}, {'value': 0}], 'time_reversal_asymmetry_statistic': [{'lag': 3}, {'lag': 2}], 'symmetry_looking': [{'r': 0.9500000000000001}, {'r': 0.9}, {'r': 0.8500000000000001}, {'r': 0.8}]}}), 'feature_selection__strategy': 'pca', 'feature_selection__threshold': 0.9, 'imputation__params': ('interpolate', 'linear')}",0.4873733333333333,0.5981554677206851,0.5252469525010508,0.5279986962190353,0.6350743380526978,0.5547697575653604,0.05378049690485646,337,0.9247100248550124,0.8895222851514405,0.8596974179666487,0.8423223692524883,0.7911543954406117,0.8614812985332403,0.044945052814422924
231.52729125022887,109.3529949815111,77.67781443595887,0.9120170560751357,7,25,3,"('tsfresh', {'default_fc_parameters': {'variance_larger_than_standard_deviation': None, 'value_count': [{'value': -1}, {'value': 1}, {'value': 0}], 'time_reversal_asymmetry_statistic': [{'lag': 3}, {'lag': 2}], 'symmetry_looking': [{'r': 0.9500000000000001}, {'r': 0.9}, {'r': 0.8500000000000001}, {'r': 0.8}]}})",pca,0.9,"('interpolate', ('polynomial', 2))","{'classifier__base_estimator__max_depth': 7, 'classifier__base_estimator__n_estimators': 25, 'feature_extraction__n_lags': 3, 'feature_extraction__params': ('tsfresh', {'default_fc_parameters': {'variance_larger_than_standard_deviation': None, 'value_count': [{'value': -1}, {'value': 1}, {'value': 0}], 'time_reversal_asymmetry_statistic': [{'lag': 3}, {'lag': 2}], 'symmetry_looking': [{'r': 0.9500000000000001}, {'r': 0.9}, {'r': 0.8500000000000001}, {'r': 0.8}]}}), 'feature_selection__strategy': 'pca', 'feature_selection__threshold': 0.9, 'imputation__params': ('interpolate', ('polynomial', 2))}",0.4873733333333333,0.5981554677206851,0.5252469525010508,0.5279986962190353,0.6350743380526978,0.5547697575653604,0.05378049690485646,337,0.9247100248550124,0.8895222851514405,0.8596974179666487,0.8423223692524883,0.7911543954406117,0.8614812985332403,0.044945052814422924
231.97841067314147,109.66149679225065,77.79949798583985,0.8823791932080158,7,25,3,"('tsfresh', {'default_fc_parameters': {'variance_larger_than_standard_deviation': None, 'value_count': [{'value': -1}, {'value': 1}, {'value': 0}], 'time_reversal_asymmetry_statistic': [{'lag': 3}, {'lag': 2}], 'symmetry_looking': [{'r': 0.9500000000000001}, {'r': 0.9}, {'r': 0.8500000000000001}, {'r': 0.8}]}})",pca,0.9,"('interpolate', ('spline', 2))","{'classifier__base_estimator__max_depth': 7, 'classifier__base_estimator__n_estimators': 25, 'feature_extraction__n_lags': 3, 'feature_extraction__params': ('tsfresh', {'default_fc_parameters': {'variance_larger_than_standard_deviation': None, 'value_count': [{'value': -1}, {'value': 1}, {'value': 0}], 'time_reversal_asymmetry_statistic': [{'lag': 3}, {'lag': 2}], 'symmetry_looking': [{'r': 0.9500000000000001}, {'r': 0.9}, {'r': 0.8500000000000001}, {'r': 0.8}]}}), 'feature_selection__strategy': 'pca', 'feature_selection__threshold': 0.9, 'imputation__params': ('interpolate', ('spline', 2))}",0.4873733333333333,0.5981554677206851,0.5252469525010508,0.5279986962190353,0.6350743380526978,0.5547697575653604,0.05378049690485646,337,0.9247100248550124,0.8895222851514405,0.8596974179666487,0.8423223692524883,0.7911543954406117,0.8614812985332403,0.044945052814422924
233.00446968078614,110.37817565671315,78.57153730392456,1.4389509361284107,7,25,3,"('tsfresh', {'default_fc_parameters': {'variance_larger_than_standard_deviation': None, 'value_count': [{'value': -1}, {'value': 1}, {'value': 0}], 'time_reversal_asymmetry_statistic': [{'lag': 3}, {'lag': 2}], 'symmetry_looking': [{'r': 0.9500000000000001}, {'r': 0.9}, {'r': 0.8500000000000001}, {'r': 0.8}]}})",pca,0.9,"('ffill', None)","{'classifier__base_estimator__max_depth': 7, 'classifier__base_estimator__n_estimators': 25, 'feature_extraction__n_lags': 3, 'feature_extraction__params': ('tsfresh', {'default_fc_parameters': {'variance_larger_than_standard_deviation': None, 'value_count': [{'value': -1}, {'value': 1}, {'value': 0}], 'time_reversal_asymmetry_statistic': [{'lag': 3}, {'lag': 2}], 'symmetry_looking': [{'r': 0.9500000000000001}, {'r': 0.9}, {'r': 0.8500000000000001}, {'r': 0.8}]}}), 'feature_selection__strategy': 'pca', 'feature_selection__threshold': 0.9, 'imputation__params': ('ffill', None)}",0.4873733333333333,0.5981554677206851,0.5252469525010508,0.5279986962190353,0.6350743380526978,0.5547697575653604,0.05378049690485646,337,0.9247100248550124,0.8895222851514405,0.8596974179666487,0.8423223692524883,0.7911543954406117,0.8614812985332403,0.044945052814422924
233.43294935226442,110.3184676364451,77.71621580123902,0.883496120557459,7,25,3,"('tsfresh', {'default_fc_parameters': {'variance_larger_than_standard_deviation': None, 'value_count': [{'value': -1}, {'value': 1}, {'value': 0}], 'time_reversal_asymmetry_statistic': [{'lag': 3}, {'lag': 2}], 'symmetry_looking': [{'r': 0.9500000000000001}, {'r': 0.9}, {'r': 0.8500000000000001}, {'r': 0.8}]}})",pca,0.95,"('interpolate', 'linear')","{'classifier__base_estimator__max_depth': 7, 'classifier__base_estimator__n_estimators': 25, 'feature_extraction__n_lags': 3, 'feature_extraction__params': ('tsfresh', {'default_fc_parameters': {'variance_larger_than_standard_deviation': None, 'value_count': [{'value': -1}, {'value': 1}, {'value': 0}], 'time_reversal_asymmetry_statistic': [{'lag': 3}, {'lag': 2}], 'symmetry_looking': [{'r': 0.9500000000000001}, {'r': 0.9}, {'r': 0.8500000000000001}, {'r': 0.8}]}}), 'feature_selection__strategy': 'pca', 'feature_selection__threshold': 0.95, 'imputation__params': ('interpolate', 'linear')}",0.4873733333333333,0.5981554677206851,0.5252469525010508,0.5279986962190353,0.6350743380526978,0.5547697575653604,0.05378049690485646,337,0.9247100248550124,0.8895222851514405,0.8596974179666487,0.8423223692524883,0.7911543954406117,0.8614812985332403,0.044945052814422924
232.12294073104857,109.6565987831577,77.93595728874206,1.3446431528197498,7,25,3,"('tsfresh', {'default_fc_parameters': {'variance_larger_than_standard_deviation': None, 'value_count': [{'value': -1}, {'value': 1}, {'value': 0}], 'time_reversal_asymmetry_statistic': [{'lag': 3}, {'lag': 2}], 'symmetry_looking': [{'r': 0.9500000000000001}, {'r': 0.9}, {'r': 0.8500000000000001}, {'r': 0.8}]}})",pca,0.95,"('interpolate', ('polynomial', 2))","{'classifier__base_estimator__max_depth': 7, 'classifier__base_estimator__n_estimators': 25, 'feature_extraction__n_lags': 3, 'feature_extraction__params': ('tsfresh', {'default_fc_parameters': {'variance_larger_than_standard_deviation': None, 'value_count': [{'value': -1}, {'value': 1}, {'value': 0}], 'time_reversal_asymmetry_statistic': [{'lag': 3}, {'lag': 2}], 'symmetry_looking': [{'r': 0.9500000000000001}, {'r': 0.9}, {'r': 0.8500000000000001}, {'r': 0.8}]}}), 'feature_selection__strategy': 'pca', 'feature_selection__threshold': 0.95, 'imputation__params': ('interpolate', ('polynomial', 2))}",0.4873733333333333,0.5981554677206851,0.5252469525010508,0.5279986962190353,0.6350743380526978,0.5547697575653604,0.05378049690485646,337,0.9247100248550124,0.8895222851514405,0.8596974179666487,0.8423223692524883,0.7911543954406117,0.8614812985332403,0.044945052814422924
232.97665033340454,109.61950349781591,78.14875674247742,0.855014854683823,7,25,3,"('tsfresh', {'default_fc_parameters': {'variance_larger_than_standard_deviation': None, 'value_count': [{'value': -1}, {'value': 1}, {'value': 0}], 'time_reversal_asymmetry_statistic': [{'lag': 3}, {'lag': 2}], 'symmetry_looking': [{'r': 0.9500000000000001}, {'r': 0.9}, {'r': 0.8500000000000001}, {'r': 0.8}]}})",pca,0.95,"('interpolate', ('spline', 2))","{'classifier__base_estimator__max_depth': 7, 'classifier__base_estimator__n_estimators': 25, 'feature_extraction__n_lags': 3, 'feature_extraction__params': ('tsfresh', {'default_fc_parameters': {'variance_larger_than_standard_deviation': None, 'value_count': [{'value': -1}, {'value': 1}, {'value': 0}], 'time_reversal_asymmetry_statistic': [{'lag': 3}, {'lag': 2}], 'symmetry_looking': [{'r': 0.9500000000000001}, {'r': 0.9}, {'r': 0.8500000000000001}, {'r': 0.8}]}}), 'feature_selection__strategy': 'pca', 'feature_selection__threshold': 0.95, 'imputation__params': ('interpolate', ('spline', 2))}",0.4873733333333333,0.5981554677206851,0.5252469525010508,0.5279986962190353,0.6350743380526978,0.5547697575653604,0.05378049690485646,337,0.9247100248550124,0.8895222851514405,0.8596974179666487,0.8423223692524883,0.7911543954406117,0.8614812985332403,0.044945052814422924
233.16256704330445,110.43272372336995,77.7635148525238,1.2761241780598473,7,25,3,"('tsfresh', {'default_fc_parameters': {'variance_larger_than_standard_deviation': None, 'value_count': [{'value': -1}, {'value': 1}, {'value': 0}], 'time_reversal_asymmetry_statistic': [{'lag': 3}, {'lag': 2}], 'symmetry_looking': [{'r': 0.9500000000000001}, {'r': 0.9}, {'r': 0.8500000000000001}, {'r': 0.8}]}})",pca,0.95,"('ffill', None)","{'classifier__base_estimator__max_depth': 7, 'classifier__base_estimator__n_estimators': 25, 'feature_extraction__n_lags': 3, 'feature_extraction__params': ('tsfresh', {'default_fc_parameters': {'variance_larger_than_standard_deviation': None, 'value_count': [{'value': -1}, {'value': 1}, {'value': 0}], 'time_reversal_asymmetry_statistic': [{'lag': 3}, {'lag': 2}], 'symmetry_looking': [{'r': 0.9500000000000001}, {'r': 0.9}, {'r': 0.8500000000000001}, {'r': 0.8}]}}), 'feature_selection__strategy': 'pca', 'feature_selection__threshold': 0.95, 'imputation__params': ('ffill', None)}",0.4873733333333333,0.5981554677206851,0.5252469525010508,0.5279986962190353,0.6350743380526978,0.5547697575653604,0.05378049690485646,337,0.9247100248550124,0.8895222851514405,0.8596974179666487,0.8423223692524883,0.7911543954406117,0.8614812985332403,0.044945052814422924
213.3033889770508,101.5781618624296,72.06591696739197,2.1040843550343498,7,25,5,"('tsfresh', {'default_fc_parameters': {'variance_larger_than_standard_deviation': None, 'value_count': [{'value': -1}, {'value': 1}, {'value': 0}], 'time_reversal_asymmetry_statistic': [{'lag': 3}, {'lag': 2}], 'symmetry_looking': [{'r': 0.9500000000000001}, {'r': 0.9}, {'r': 0.8500000000000001}, {'r': 0.8}]}})",correlation,0.85,"('interpolate', 'linear')","{'classifier__base_estimator__max_depth': 7, 'classifier__base_estimator__n_estimators': 25, 'feature_extraction__n_lags': 5, 'feature_extraction__params': ('tsfresh', {'default_fc_parameters': {'variance_larger_than_standard_deviation': None, 'value_count': [{'value': -1}, {'value': 1}, {'value': 0}], 'time_reversal_asymmetry_statistic': [{'lag': 3}, {'lag': 2}], 'symmetry_looking': [{'r': 0.9500000000000001}, {'r': 0.9}, {'r': 0.8500000000000001}, {'r': 0.8}]}}), 'feature_selection__strategy': 'correlation', 'feature_selection__threshold': 0.85, 'imputation__params': ('interpolate', 'linear')}",0.5556299840510366,0.5463435374149659,0.6326215671453767,0.6604857665186733,0.6198999855574813,0.6029961681375068,0.044545556892846505,189,0.9899888919744516,0.9820504288671991,0.9686680489348785,0.9643972603752383,0.9534741950757576,0.971715765045505,0.012933030604848225
214.15679359436035,102.05957927076437,71.74894328117371,2.8307123205528004,7,25,5,"('tsfresh', {'default_fc_parameters': {'variance_larger_than_standard_deviation': None, 'value_count': [{'value': -1}, {'value': 1}, {'value': 0}], 'time_reversal_asymmetry_statistic': [{'lag': 3}, {'lag': 2}], 'symmetry_looking': [{'r': 0.9500000000000001}, {'r': 0.9}, {'r': 0.8500000000000001}, {'r': 0.8}]}})",correlation,0.85,"('interpolate', ('polynomial', 2))","{'classifier__base_estimator__max_depth': 7, 'classifier__base_estimator__n_estimators': 25, 'feature_extraction__n_lags': 5, 'feature_extraction__params': ('tsfresh', {'default_fc_parameters': {'variance_larger_than_standard_deviation': None, 'value_count': [{'value': -1}, {'value': 1}, {'value': 0}], 'time_reversal_asymmetry_statistic': [{'lag': 3}, {'lag': 2}], 'symmetry_looking': [{'r': 0.9500000000000001}, {'r': 0.9}, {'r': 0.8500000000000001}, {'r': 0.8}]}}), 'feature_selection__strategy': 'correlation', 'feature_selection__threshold': 0.85, 'imputation__params': ('interpolate', ('polynomial', 2))}",0.5556299840510366,0.5463435374149659,0.6326215671453767,0.6604857665186733,0.6198999855574813,0.6029961681375068,0.044545556892846505,189,0.9899888919744516,0.9820504288671991,0.9686680489348785,0.9643972603752383,0.9534741950757576,0.971715765045505,0.012933030604848225
214.93135433197023,101.99910499860309,72.2883846282959,2.020217994669178,7,25,5,"('tsfresh', {'default_fc_parameters': {'variance_larger_than_standard_deviation': None, 'value_count': [{'value': -1}, {'value': 1}, {'value': 0}], 'time_reversal_asymmetry_statistic': [{'lag': 3}, {'lag': 2}], 'symmetry_looking': [{'r': 0.9500000000000001}, {'r': 0.9}, {'r': 0.8500000000000001}, {'r': 0.8}]}})",correlation,0.85,"('interpolate', ('spline', 2))","{'classifier__base_estimator__max_depth': 7, 'classifier__base_estimator__n_estimators': 25, 'feature_extraction__n_lags': 5, 'feature_extraction__params': ('tsfresh', {'default_fc_parameters': {'variance_larger_than_standard_deviation': None, 'value_count': [{'value': -1}, {'value': 1}, {'value': 0}], 'time_reversal_asymmetry_statistic': [{'lag': 3}, {'lag': 2}], 'symmetry_looking': [{'r': 0.9500000000000001}, {'r': 0.9}, {'r': 0.8500000000000001}, {'r': 0.8}]}}), 'feature_selection__strategy': 'correlation', 'feature_selection__threshold': 0.85, 'imputation__params': ('interpolate', ('spline', 2))}",0.5556299840510366,0.5463435374149659,0.6326215671453767,0.6604857665186733,0.6198999855574813,0.6029961681375068,0.044545556892846505,189,0.9899888919744516,0.9820504288671991,0.9686680489348785,0.9643972603752383,0.9534741950757576,0.971715765045505,0.012933030604848225
214.43345460891723,101.21943200647202,72.13085150718689,1.7347084244473068,7,25,5,"('tsfresh', {'default_fc_parameters': {'variance_larger_than_standard_deviation': None, 'value_count': [{'value': -1}, {'value': 1}, {'value': 0}], 'time_reversal_asymmetry_statistic': [{'lag': 3}, {'lag': 2}], 'symmetry_looking': [{'r': 0.9500000000000001}, {'r': 0.9}, {'r': 0.8500000000000001}, {'r': 0.8}]}})",correlation,0.85,"('ffill', None)","{'classifier__base_estimator__max_depth': 7, 'classifier__base_estimator__n_estimators': 25, 'feature_extraction__n_lags': 5, 'feature_extraction__params': ('tsfresh', {'default_fc_parameters': {'variance_larger_than_standard_deviation': None, 'value_count': [{'value': -1}, {'value': 1}, {'value': 0}], 'time_reversal_asymmetry_statistic': [{'lag': 3}, {'lag': 2}], 'symmetry_looking': [{'r': 0.9500000000000001}, {'r': 0.9}, {'r': 0.8500000000000001}, {'r': 0.8}]}}), 'feature_selection__strategy': 'correlation', 'feature_selection__threshold': 0.85, 'imputation__params': ('ffill', None)}",0.5556299840510366,0.5463435374149659,0.6326215671453767,0.6604857665186733,0.6198999855574813,0.6029961681375068,0.044545556892846505,189,0.9899888919744516,0.9820504288671991,0.9686680489348785,0.9643972603752383,0.9534741950757576,0.971715765045505,0.012933030604848225
213.6841076374054,100.96469872197295,71.89612617492676,2.0127800395284914,7,25,5,"('tsfresh', {'default_fc_parameters': {'variance_larger_than_standard_deviation': None, 'value_count': [{'value': -1}, {'value': 1}, {'value': 0}], 'time_reversal_asymmetry_statistic': [{'lag': 3}, {'lag': 2}], 'symmetry_looking': [{'r': 0.9500000000000001}, {'r': 0.9}, {'r': 0.8500000000000001}, {'r': 0.8}]}})",correlation,0.9,"('interpolate', 'linear')","{'classifier__base_estimator__max_depth': 7, 'classifier__base_estimator__n_estimators': 25, 'feature_extraction__n_lags': 5, 'feature_extraction__params': ('tsfresh', {'default_fc_parameters': {'variance_larger_than_standard_deviation': None, 'value_count': [{'value': -1}, {'value': 1}, {'value': 0}], 'time_reversal_asymmetry_statistic': [{'lag': 3}, {'lag': 2}], 'symmetry_looking': [{'r': 0.9500000000000001}, {'r': 0.9}, {'r': 0.8500000000000001}, {'r': 0.8}]}}), 'feature_selection__strategy': 'correlation', 'feature_selection__threshold': 0.9, 'imputation__params': ('interpolate', 'linear')}",0.5561722488038277,0.5645691609977325,0.6492819349962207,0.6501094883178978,0.6238987579433852,0.6088063182118126,0.04074133157561113,137,0.9909747292418772,0.9802905944986691,0.9721770078414655,0.9681137912680928,0.9502141442837466,0.9723540534267702,0.013549206597968577
213.2027717113495,101.2951148592135,72.32594203948975,1.9738390358191016,7,25,5,"('tsfresh', {'default_fc_parameters': {'variance_larger_than_standard_deviation': None, 'value_count': [{'value': -1}, {'value': 1}, {'value': 0}], 'time_reversal_asymmetry_statistic': [{'lag': 3}, {'lag': 2}], 'symmetry_looking': [{'r': 0.9500000000000001}, {'r': 0.9}, {'r': 0.8500000000000001}, {'r': 0.8}]}})",correlation,0.9,"('interpolate', ('polynomial', 2))","{'classifier__base_estimator__max_depth': 7, 'classifier__base_estimator__n_estimators': 25, 'feature_extraction__n_lags': 5, 'feature_extraction__params': ('tsfresh', {'default_fc_parameters': {'variance_larger_than_standard_deviation': None, 'value_count': [{'value': -1}, {'value': 1}, {'value': 0}], 'time_reversal_asymmetry_statistic': [{'lag': 3}, {'lag': 2}], 'symmetry_looking': [{'r': 0.9500000000000001}, {'r': 0.9}, {'r': 0.8500000000000001}, {'r': 0.8}]}}), 'feature_selection__strategy': 'correlation', 'feature_selection__threshold': 0.9, 'imputation__params': ('interpolate', ('polynomial', 2))}",0.5561722488038277,0.5645691609977325,0.6492819349962207,0.6501094883178978,0.6238987579433852,0.6088063182118126,0.04074133157561113,137,0.9909747292418772,0.9802905944986691,0.9721770078414655,0.9681137912680928,0.9502141442837466,0.9723540534267702,0.013549206597968577
213.27140321731568,101.60403298100492,71.94604787826538,1.976591991898008,7,25,5,"('tsfresh', {'default_fc_parameters': {'variance_larger_than_standard_deviation': None, 'value_count': [{'value': -1}, {'value': 1}, {'value': 0}], 'time_reversal_asymmetry_statistic': [{'lag': 3}, {'lag': 2}], 'symmetry_looking': [{'r': 0.9500000000000001}, {'r': 0.9}, {'r': 0.8500000000000001}, {'r': 0.8}]}})",correlation,0.9,"('interpolate', ('spline', 2))","{'classifier__base_estimator__max_depth': 7, 'classifier__base_estimator__n_estimators': 25, 'feature_extraction__n_lags': 5, 'feature_extraction__params': ('tsfresh', {'default_fc_parameters': {'variance_larger_than_standard_deviation': None, 'value_count': [{'value': -1}, {'value': 1}, {'value': 0}], 'time_reversal_asymmetry_statistic': [{'lag': 3}, {'lag': 2}], 'symmetry_looking': [{'r': 0.9500000000000001}, {'r': 0.9}, {'r': 0.8500000000000001}, {'r': 0.8}]}}), 'feature_selection__strategy': 'correlation', 'feature_selection__threshold': 0.9, 'imputation__params': ('interpolate', ('spline', 2))}",0.5561722488038277,0.5645691609977325,0.6492819349962207,0.6501094883178978,0.6238987579433852,0.6088063182118126,0.04074133157561113,137,0.9909747292418772,0.9802905944986691,0.9721770078414655,0.9681137912680928,0.9502141442837466,0.9723540534267702,0.013549206597968577
213.28844418525696,100.99040684641393,72.02449417114258,1.9473049884553912,7,25,5,"('tsfresh', {'default_fc_parameters': {'variance_larger_than_standard_deviation': None, 'value_count': [{'value': -1}, {'value': 1}, {'value': 0}], 'time_reversal_asymmetry_statistic': [{'lag': 3}, {'lag': 2}], 'symmetry_looking': [{'r': 0.9500000000000001}, {'r': 0.9}, {'r': 0.8500000000000001}, {'r': 0.8}]}})",correlation,0.9,"('ffill', None)","{'classifier__base_estimator__max_depth': 7, 'classifier__base_estimator__n_estimators': 25, 'feature_extraction__n_lags': 5, 'feature_extraction__params': ('tsfresh', {'default_fc_parameters': {'variance_larger_than_standard_deviation': None, 'value_count': [{'value': -1}, {'value': 1}, {'value': 0}], 'time_reversal_asymmetry_statistic': [{'lag': 3}, {'lag': 2}], 'symmetry_looking': [{'r': 0.9500000000000001}, {'r': 0.9}, {'r': 0.8500000000000001}, {'r': 0.8}]}}), 'feature_selection__strategy': 'correlation', 'feature_selection__threshold': 0.9, 'imputation__params': ('ffill', None)}",0.5561722488038277,0.5645691609977325,0.6492819349962207,0.6501094883178978,0.6238987579433852,0.6088063182118126,0.04074133157561113,137,0.9909747292418772,0.9802905944986691,0.9721770078414655,0.9681137912680928,0.9502141442837466,0.9723540534267702,0.013549206597968577
214.75156311988832,102.23351542703445,72.40257086753846,1.5337792552594915,7,25,5,"('tsfresh', {'default_fc_parameters': {'variance_larger_than_standard_deviation': None, 'value_count': [{'value': -1}, {'value': 1}, {'value': 0}], 'time_reversal_asymmetry_statistic': [{'lag': 3}, {'lag': 2}], 'symmetry_looking': [{'r': 0.9500000000000001}, {'r': 0.9}, {'r': 0.8500000000000001}, {'r': 0.8}]}})",correlation,0.95,"('interpolate', 'linear')","{'classifier__base_estimator__max_depth': 7, 'classifier__base_estimator__n_estimators': 25, 'feature_extraction__n_lags': 5, 'feature_extraction__params': ('tsfresh', {'default_fc_parameters': {'variance_larger_than_standard_deviation': None, 'value_count': [{'value': -1}, {'value': 1}, {'value': 0}], 'time_reversal_asymmetry_statistic': [{'lag': 3}, {'lag': 2}], 'symmetry_looking': [{'r': 0.9500000000000001}, {'r': 0.9}, {'r': 0.8500000000000001}, {'r': 0.8}]}}), 'feature_selection__strategy': 'correlation', 'feature_selection__threshold': 0.95, 'imputation__params': ('interpolate', 'linear')}",0.5401754385964912,0.6493480725623583,0.6585884353741497,0.6462121059927276,0.621434503177354,0.6231517111406161,0.04327078274166837,25,0.9867397945015273,0.9798913043478261,0.9697128240902221,0.966568778922779,0.9536157024793389,0.9713056808683387,0.011400311946033945
214.46752252578736,101.46169053044906,72.51210780143738,2.648400762327538,7,25,5,"('tsfresh', {'default_fc_parameters': {'variance_larger_than_standard_deviation': None, 'value_count': [{'value': -1}, {'value': 1}, {'value': 0}], 'time_reversal_asymmetry_statistic': [{'lag': 3}, {'lag': 2}], 'symmetry_looking': [{'r': 0.9500000000000001}, {'r': 0.9}, {'r': 0.8500000000000001}, {'r': 0.8}]}})",correlation,0.95,"('interpolate', ('polynomial', 2))","{'classifier__base_estimator__max_depth': 7, 'classifier__base_estimator__n_estimators': 25, 'feature_extraction__n_lags': 5, 'feature_extraction__params': ('tsfresh', {'default_fc_parameters': {'variance_larger_than_standard_deviation': None, 'value_count': [{'value': -1}, {'value': 1}, {'value': 0}], 'time_reversal_asymmetry_statistic': [{'lag': 3}, {'lag': 2}], 'symmetry_looking': [{'r': 0.9500000000000001}, {'r': 0.9}, {'r': 0.8500000000000001}, {'r': 0.8}]}}), 'feature_selection__strategy': 'correlation', 'feature_selection__threshold': 0.95, 'imputation__params': ('interpolate', ('polynomial', 2))}",0.5401754385964912,0.6493480725623583,0.6585884353741497,0.6462121059927276,0.621434503177354,0.6231517111406161,0.04327078274166837,25,0.9867397945015273,0.9798913043478261,0.9697128240902221,0.966568778922779,0.9536157024793389,0.9713056808683387,0.011400311946033945
214.99876389503478,101.32344080963567,71.97737793922424,2.228358623750325,7,25,5,"('tsfresh', {'default_fc_parameters': {'variance_larger_than_standard_deviation': None, 'value_count': [{'value': -1}, {'value': 1}, {'value': 0}], 'time_reversal_asymmetry_statistic': [{'lag': 3}, {'lag': 2}], 'symmetry_looking': [{'r': 0.9500000000000001}, {'r': 0.9}, {'r': 0.8500000000000001}, {'r': 0.8}]}})",correlation,0.95,"('interpolate', ('spline', 2))","{'classifier__base_estimator__max_depth': 7, 'classifier__base_estimator__n_estimators': 25, 'feature_extraction__n_lags': 5, 'feature_extraction__params': ('tsfresh', {'default_fc_parameters': {'variance_larger_than_standard_deviation': None, 'value_count': [{'value': -1}, {'value': 1}, {'value': 0}], 'time_reversal_asymmetry_statistic': [{'lag': 3}, {'lag': 2}], 'symmetry_looking': [{'r': 0.9500000000000001}, {'r': 0.9}, {'r': 0.8500000000000001}, {'r': 0.8}]}}), 'feature_selection__strategy': 'correlation', 'feature_selection__threshold': 0.95, 'imputation__params': ('interpolate', ('spline', 2))}",0.5401754385964912,0.6493480725623583,0.6585884353741497,0.6462121059927276,0.621434503177354,0.6231517111406161,0.04327078274166837,25,0.9867397945015273,0.9798913043478261,0.9697128240902221,0.966568778922779,0.9536157024793389,0.9713056808683387,0.011400311946033945
214.14314918518068,102.64052051021136,71.57197270393371,2.117497096139452,7,25,5,"('tsfresh', {'default_fc_parameters': {'variance_larger_than_standard_deviation': None, 'value_count': [{'value': -1}, {'value': 1}, {'value': 0}], 'time_reversal_asymmetry_statistic': [{'lag': 3}, {'lag': 2}], 'symmetry_looking': [{'r': 0.9500000000000001}, {'r': 0.9}, {'r': 0.8500000000000001}, {'r': 0.8}]}})",correlation,0.95,"('ffill', None)","{'classifier__base_estimator__max_depth': 7, 'classifier__base_estimator__n_estimators': 25, 'feature_extraction__n_lags': 5, 'feature_extraction__params': ('tsfresh', {'default_fc_parameters': {'variance_larger_than_standard_deviation': None, 'value_count': [{'value': -1}, {'value': 1}, {'value': 0}], 'time_reversal_asymmetry_statistic': [{'lag': 3}, {'lag': 2}], 'symmetry_looking': [{'r': 0.9500000000000001}, {'r': 0.9}, {'r': 0.8500000000000001}, {'r': 0.8}]}}), 'feature_selection__strategy': 'correlation', 'feature_selection__threshold': 0.95, 'imputation__params': ('ffill', None)}",0.5401754385964912,0.6493480725623583,0.6585884353741497,0.6462121059927276,0.621434503177354,0.6231517111406161,0.04327078274166837,25,0.9867397945015273,0.9798913043478261,0.9697128240902221,0.966568778922779,0.9536157024793389,0.9713056808683387,0.011400311946033945
212.90816922187804,100.61420805941911,72.4510320186615,1.9460632391477284,7,25,5,"('tsfresh', {'default_fc_parameters': {'variance_larger_than_standard_deviation': None, 'value_count': [{'value': -1}, {'value': 1}, {'value': 0}], 'time_reversal_asymmetry_statistic': [{'lag': 3}, {'lag': 2}], 'symmetry_looking': [{'r': 0.9500000000000001}, {'r': 0.9}, {'r': 0.8500000000000001}, {'r': 0.8}]}})",pca,0.85,"('interpolate', 'linear')","{'classifier__base_estimator__max_depth': 7, 'classifier__base_estimator__n_estimators': 25, 'feature_extraction__n_lags': 5, 'feature_extraction__params': ('tsfresh', {'default_fc_parameters': {'variance_larger_than_standard_deviation': None, 'value_count': [{'value': -1}, {'value': 1}, {'value': 0}], 'time_reversal_asymmetry_statistic': [{'lag': 3}, {'lag': 2}], 'symmetry_looking': [{'r': 0.9500000000000001}, {'r': 0.9}, {'r': 0.8500000000000001}, {'r': 0.8}]}}), 'feature_selection__strategy': 'pca', 'feature_selection__threshold': 0.85, 'imputation__params': ('interpolate', 'linear')}",0.48802232854864436,0.567063492063492,0.4959530108339632,0.5244289531309642,0.5475249133448874,0.5245985395843903,0.029957653758418846,553,0.8303943349069702,0.8093796214137828,0.7809702360190676,0.7312731936661886,0.724434508436639,0.7752903788885297,0.04184403268368967
213.3597272872925,101.32491136039259,71.83597378730774,1.9083649772817406,7,25,5,"('tsfresh', {'default_fc_parameters': {'variance_larger_than_standard_deviation': None, 'value_count': [{'value': -1}, {'value': 1}, {'value': 0}], 'time_reversal_asymmetry_statistic': [{'lag': 3}, {'lag': 2}], 'symmetry_looking': [{'r': 0.9500000000000001}, {'r': 0.9}, {'r': 0.8500000000000001}, {'r': 0.8}]}})",pca,0.85,"('interpolate', ('polynomial', 2))","{'classifier__base_estimator__max_depth': 7, 'classifier__base_estimator__n_estimators': 25, 'feature_extraction__n_lags': 5, 'feature_extraction__params': ('tsfresh', {'default_fc_parameters': {'variance_larger_than_standard_deviation': None, 'value_count': [{'value': -1}, {'value': 1}, {'value': 0}], 'time_reversal_asymmetry_statistic': [{'lag': 3}, {'lag': 2}], 'symmetry_looking': [{'r': 0.9500000000000001}, {'r': 0.9}, {'r': 0.8500000000000001}, {'r': 0.8}]}}), 'feature_selection__strategy': 'pca', 'feature_selection__threshold': 0.85, 'imputation__params': ('interpolate', ('polynomial', 2))}",0.48802232854864436,0.567063492063492,0.4959530108339632,0.5244289531309642,0.5475249133448874,0.5245985395843903,0.029957653758418846,553,0.8303943349069702,0.8093796214137828,0.7809702360190676,0.7312731936661886,0.724434508436639,0.7752903788885297,0.04184403268368967
212.77400550842285,100.95885355794245,71.61050448417663,2.322457141868675,7,25,5,"('tsfresh', {'default_fc_parameters': {'variance_larger_than_standard_deviation': None, 'value_count': [{'value': -1}, {'value': 1}, {'value': 0}], 'time_reversal_asymmetry_statistic': [{'lag': 3}, {'lag': 2}], 'symmetry_looking': [{'r': 0.9500000000000001}, {'r': 0.9}, {'r': 0.8500000000000001}, {'r': 0.8}]}})",pca,0.85,"('interpolate', ('spline', 2))","{'classifier__base_estimator__max_depth': 7, 'classifier__base_estimator__n_estimators': 25, 'feature_extraction__n_lags': 5, 'feature_extraction__params': ('tsfresh', {'default_fc_parameters': {'variance_larger_than_standard_deviation': None, 'value_count': [{'value': -1}, {'value': 1}, {'value': 0}], 'time_reversal_asymmetry_statistic': [{'lag': 3}, {'lag': 2}], 'symmetry_looking': [{'r': 0.9500000000000001}, {'r': 0.9}, {'r': 0.8500000000000001}, {'r': 0.8}]}}), 'feature_selection__strategy': 'pca', 'feature_selection__threshold': 0.85, 'imputation__params': ('interpolate', ('spline', 2))}",0.48802232854864436,0.567063492063492,0.4959530108339632,0.5244289531309642,0.5475249133448874,0.5245985395843903,0.029957653758418846,553,0.8303943349069702,0.8093796214137828,0.7809702360190676,0.7312731936661886,0.724434508436639,0.7752903788885297,0.04184403268368967
213.30585379600524,101.13039113554066,72.24109630584717,2.8231102008768145,7,25,5,"('tsfresh', {'default_fc_parameters': {'variance_larger_than_standard_deviation': None, 'value_count': [{'value': -1}, {'value': 1}, {'value': 0}], 'time_reversal_asymmetry_statistic': [{'lag': 3}, {'lag': 2}], 'symmetry_looking': [{'r': 0.9500000000000001}, {'r': 0.9}, {'r': 0.8500000000000001}, {'r': 0.8}]}})",pca,0.85,"('ffill', None)","{'classifier__base_estimator__max_depth': 7, 'classifier__base_estimator__n_estimators': 25, 'feature_extraction__n_lags': 5, 'feature_extraction__params': ('tsfresh', {'default_fc_parameters': {'variance_larger_than_standard_deviation': None, 'value_count': [{'value': -1}, {'value': 1}, {'value': 0}], 'time_reversal_asymmetry_statistic': [{'lag': 3}, {'lag': 2}], 'symmetry_looking': [{'r': 0.9500000000000001}, {'r': 0.9}, {'r': 0.8500000000000001}, {'r': 0.8}]}}), 'feature_selection__strategy': 'pca', 'feature_selection__threshold': 0.85, 'imputation__params': ('ffill', None)}",0.48802232854864436,0.567063492063492,0.4959530108339632,0.5244289531309642,0.5475249133448874,0.5245985395843903,0.029957653758418846,553,0.8303943349069702,0.8093796214137828,0.7809702360190676,0.7312731936661886,0.724434508436639,0.7752903788885297,0.04184403268368967
214.02630572319032,100.31819637445295,72.21918115615844,1.693048633579124,7,25,5,"('tsfresh', {'default_fc_parameters': {'variance_larger_than_standard_deviation': None, 'value_count': [{'value': -1}, {'value': 1}, {'value': 0}], 'time_reversal_asymmetry_statistic': [{'lag': 3}, {'lag': 2}], 'symmetry_looking': [{'r': 0.9500000000000001}, {'r': 0.9}, {'r': 0.8500000000000001}, {'r': 0.8}]}})",pca,0.9,"('interpolate', 'linear')","{'classifier__base_estimator__max_depth': 7, 'classifier__base_estimator__n_estimators': 25, 'feature_extraction__n_lags': 5, 'feature_extraction__params': ('tsfresh', {'default_fc_parameters': {'variance_larger_than_standard_deviation': None, 'value_count': [{'value': -1}, {'value': 1}, {'value': 0}], 'time_reversal_asymmetry_statistic': [{'lag': 3}, {'lag': 2}], 'symmetry_looking': [{'r': 0.9500000000000001}, {'r': 0.9}, {'r': 0.8500000000000001}, {'r': 0.8}]}}), 'feature_selection__strategy': 'pca', 'feature_selection__threshold': 0.9, 'imputation__params': ('interpolate', 'linear')}",0.48802232854864436,0.567063492063492,0.4959530108339632,0.5244289531309642,0.5475249133448874,0.5245985395843903,0.029957653758418846,553,0.8303943349069702,0.8093796214137828,0.7809702360190676,0.7312731936661886,0.724434508436639,0.7752903788885297,0.04184403268368967
214.84033727645874,102.70175483546194,72.80299983024597,1.9640733059043542,7,25,5,"('tsfresh', {'default_fc_parameters': {'variance_larger_than_standard_deviation': None, 'value_count': [{'value': -1}, {'value': 1}, {'value': 0}], 'time_reversal_asymmetry_statistic': [{'lag': 3}, {'lag': 2}], 'symmetry_looking': [{'r': 0.9500000000000001}, {'r': 0.9}, {'r': 0.8500000000000001}, {'r': 0.8}]}})",pca,0.9,"('interpolate', ('polynomial', 2))","{'classifier__base_estimator__max_depth': 7, 'classifier__base_estimator__n_estimators': 25, 'feature_extraction__n_lags': 5, 'feature_extraction__params': ('tsfresh', {'default_fc_parameters': {'variance_larger_than_standard_deviation': None, 'value_count': [{'value': -1}, {'value': 1}, {'value': 0}], 'time_reversal_asymmetry_statistic': [{'lag': 3}, {'lag': 2}], 'symmetry_looking': [{'r': 0.9500000000000001}, {'r': 0.9}, {'r': 0.8500000000000001}, {'r': 0.8}]}}), 'feature_selection__strategy': 'pca', 'feature_selection__threshold': 0.9, 'imputation__params': ('interpolate', ('polynomial', 2))}",0.48802232854864436,0.567063492063492,0.4959530108339632,0.5244289531309642,0.5475249133448874,0.5245985395843903,0.029957653758418846,553,0.8303943349069702,0.8093796214137828,0.7809702360190676,0.7312731936661886,0.724434508436639,0.7752903788885297,0.04184403268368967
214.22365255355834,102.14894701576203,72.08226971626281,1.6805835384099819,7,25,5,"('tsfresh', {'default_fc_parameters': {'variance_larger_than_standard_deviation': None, 'value_count': [{'value': -1}, {'value': 1}, {'value': 0}], 'time_reversal_asymmetry_statistic': [{'lag': 3}, {'lag': 2}], 'symmetry_looking': [{'r': 0.9500000000000001}, {'r': 0.9}, {'r': 0.8500000000000001}, {'r': 0.8}]}})",pca,0.9,"('interpolate', ('spline', 2))","{'classifier__base_estimator__max_depth': 7, 'classifier__base_estimator__n_estimators': 25, 'feature_extraction__n_lags': 5, 'feature_extraction__params': ('tsfresh', {'default_fc_parameters': {'variance_larger_than_standard_deviation': None, 'value_count': [{'value': -1}, {'value': 1}, {'value': 0}], 'time_reversal_asymmetry_statistic': [{'lag': 3}, {'lag': 2}], 'symmetry_looking': [{'r': 0.9500000000000001}, {'r': 0.9}, {'r': 0.8500000000000001}, {'r': 0.8}]}}), 'feature_selection__strategy': 'pca', 'feature_selection__threshold': 0.9, 'imputation__params': ('interpolate', ('spline', 2))}",0.48802232854864436,0.567063492063492,0.4959530108339632,0.5244289531309642,0.5475249133448874,0.5245985395843903,0.029957653758418846,553,0.8303943349069702,0.8093796214137828,0.7809702360190676,0.7312731936661886,0.724434508436639,0.7752903788885297,0.04184403268368967
213.45470995903014,100.4160826120612,72.0143714427948,2.0276990395250216,7,25,5,"('tsfresh', {'default_fc_parameters': {'variance_larger_than_standard_deviation': None, 'value_count': [{'value': -1}, {'value': 1}, {'value': 0}], 'time_reversal_asymmetry_statistic': [{'lag': 3}, {'lag': 2}], 'symmetry_looking': [{'r': 0.9500000000000001}, {'r': 0.9}, {'r': 0.8500000000000001}, {'r': 0.8}]}})",pca,0.9,"('ffill', None)","{'classifier__base_estimator__max_depth': 7, 'classifier__base_estimator__n_estimators': 25, 'feature_extraction__n_lags': 5, 'feature_extraction__params': ('tsfresh', {'default_fc_parameters': {'variance_larger_than_standard_deviation': None, 'value_count': [{'value': -1}, {'value': 1}, {'value': 0}], 'time_reversal_asymmetry_statistic': [{'lag': 3}, {'lag': 2}], 'symmetry_looking': [{'r': 0.9500000000000001}, {'r': 0.9}, {'r': 0.8500000000000001}, {'r': 0.8}]}}), 'feature_selection__strategy': 'pca', 'feature_selection__threshold': 0.9, 'imputation__params': ('ffill', None)}",0.48802232854864436,0.567063492063492,0.4959530108339632,0.5244289531309642,0.5475249133448874,0.5245985395843903,0.029957653758418846,553,0.8303943349069702,0.8093796214137828,0.7809702360190676,0.7312731936661886,0.724434508436639,0.7752903788885297,0.04184403268368967
212.72836904525758,100.91974763380401,71.95293860435486,1.850159074652362,7,25,5,"('tsfresh', {'default_fc_parameters': {'variance_larger_than_standard_deviation': None, 'value_count': [{'value': -1}, {'value': 1}, {'value': 0}], 'time_reversal_asymmetry_statistic': [{'lag': 3}, {'lag': 2}], 'symmetry_looking': [{'r': 0.9500000000000001}, {'r': 0.9}, {'r': 0.8500000000000001}, {'r': 0.8}]}})",pca,0.95,"('interpolate', 'linear')","{'classifier__base_estimator__max_depth': 7, 'classifier__base_estimator__n_estimators': 25, 'feature_extraction__n_lags': 5, 'feature_extraction__params': ('tsfresh', {'default_fc_parameters': {'variance_larger_than_standard_deviation': None, 'value_count': [{'value': -1}, {'value': 1}, {'value': 0}], 'time_reversal_asymmetry_statistic': [{'lag': 3}, {'lag': 2}], 'symmetry_looking': [{'r': 0.9500000000000001}, {'r': 0.9}, {'r': 0.8500000000000001}, {'r': 0.8}]}}), 'feature_selection__strategy': 'pca', 'feature_selection__threshold': 0.95, 'imputation__params': ('interpolate', 'linear')}",0.48802232854864436,0.567063492063492,0.4959530108339632,0.5244289531309642,0.5475249133448874,0.5245985395843903,0.029957653758418846,553,0.8303943349069702,0.8093796214137828,0.7809702360190676,0.7312731936661886,0.724434508436639,0.7752903788885297,0.04184403268368967
213.11310534477235,101.06251780583213,72.31339683532715,2.0594050296544957,7,25,5,"('tsfresh', {'default_fc_parameters': {'variance_larger_than_standard_deviation': None, 'value_count': [{'value': -1}, {'value': 1}, {'value': 0}], 'time_reversal_asymmetry_statistic': [{'lag': 3}, {'lag': 2}], 'symmetry_looking': [{'r': 0.9500000000000001}, {'r': 0.9}, {'r': 0.8500000000000001}, {'r': 0.8}]}})",pca,0.95,"('interpolate', ('polynomial', 2))","{'classifier__base_estimator__max_depth': 7, 'classifier__base_estimator__n_estimators': 25, 'feature_extraction__n_lags': 5, 'feature_extraction__params': ('tsfresh', {'default_fc_parameters': {'variance_larger_than_standard_deviation': None, 'value_count': [{'value': -1}, {'value': 1}, {'value': 0}], 'time_reversal_asymmetry_statistic': [{'lag': 3}, {'lag': 2}], 'symmetry_looking': [{'r': 0.9500000000000001}, {'r': 0.9}, {'r': 0.8500000000000001}, {'r': 0.8}]}}), 'feature_selection__strategy': 'pca', 'feature_selection__threshold': 0.95, 'imputation__params': ('interpolate', ('polynomial', 2))}",0.48802232854864436,0.567063492063492,0.4959530108339632,0.5244289531309642,0.5475249133448874,0.5245985395843903,0.029957653758418846,553,0.8303943349069702,0.8093796214137828,0.7809702360190676,0.7312731936661886,0.724434508436639,0.7752903788885297,0.04184403268368967
213.49250421524047,101.96820467834162,71.84127626419067,2.1751912914550977,7,25,5,"('tsfresh', {'default_fc_parameters': {'variance_larger_than_standard_deviation': None, 'value_count': [{'value': -1}, {'value': 1}, {'value': 0}], 'time_reversal_asymmetry_statistic': [{'lag': 3}, {'lag': 2}], 'symmetry_looking': [{'r': 0.9500000000000001}, {'r': 0.9}, {'r': 0.8500000000000001}, {'r': 0.8}]}})",pca,0.95,"('interpolate', ('spline', 2))","{'classifier__base_estimator__max_depth': 7, 'classifier__base_estimator__n_estimators': 25, 'feature_extraction__n_lags': 5, 'feature_extraction__params': ('tsfresh', {'default_fc_parameters': {'variance_larger_than_standard_deviation': None, 'value_count': [{'value': -1}, {'value': 1}, {'value': 0}], 'time_reversal_asymmetry_statistic': [{'lag': 3}, {'lag': 2}], 'symmetry_looking': [{'r': 0.9500000000000001}, {'r': 0.9}, {'r': 0.8500000000000001}, {'r': 0.8}]}}), 'feature_selection__strategy': 'pca', 'feature_selection__threshold': 0.95, 'imputation__params': ('interpolate', ('spline', 2))}",0.48802232854864436,0.567063492063492,0.4959530108339632,0.5244289531309642,0.5475249133448874,0.5245985395843903,0.029957653758418846,553,0.8303943349069702,0.8093796214137828,0.7809702360190676,0.7312731936661886,0.724434508436639,0.7752903788885297,0.04184403268368967
213.69681034088134,101.20066570099307,71.79286680221557,2.140516311443337,7,25,5,"('tsfresh', {'default_fc_parameters': {'variance_larger_than_standard_deviation': None, 'value_count': [{'value': -1}, {'value': 1}, {'value': 0}], 'time_reversal_asymmetry_statistic': [{'lag': 3}, {'lag': 2}], 'symmetry_looking': [{'r': 0.9500000000000001}, {'r': 0.9}, {'r': 0.8500000000000001}, {'r': 0.8}]}})",pca,0.95,"('ffill', None)","{'classifier__base_estimator__max_depth': 7, 'classifier__base_estimator__n_estimators': 25, 'feature_extraction__n_lags': 5, 'feature_extraction__params': ('tsfresh', {'default_fc_parameters': {'variance_larger_than_standard_deviation': None, 'value_count': [{'value': -1}, {'value': 1}, {'value': 0}], 'time_reversal_asymmetry_statistic': [{'lag': 3}, {'lag': 2}], 'symmetry_looking': [{'r': 0.9500000000000001}, {'r': 0.9}, {'r': 0.8500000000000001}, {'r': 0.8}]}}), 'feature_selection__strategy': 'pca', 'feature_selection__threshold': 0.95, 'imputation__params': ('ffill', None)}",0.48802232854864436,0.567063492063492,0.4959530108339632,0.5244289531309642,0.5475249133448874,0.5245985395843903,0.029957653758418846,553,0.8303943349069702,0.8093796214137828,0.7809702360190676,0.7312731936661886,0.724434508436639,0.7752903788885297,0.04184403268368967
184.8004840373993,88.20925598408142,63.33222298622131,2.9376041882997463,7,25,8,"('tsfresh', {'default_fc_parameters': {'variance_larger_than_standard_deviation': None, 'value_count': [{'value': -1}, {'value': 1}, {'value': 0}], 'time_reversal_asymmetry_statistic': [{'lag': 3}, {'lag': 2}], 'symmetry_looking': [{'r': 0.9500000000000001}, {'r': 0.9}, {'r': 0.8500000000000001}, {'r': 0.8}]}})",correlation,0.85,"('interpolate', 'linear')","{'classifier__base_estimator__max_depth': 7, 'classifier__base_estimator__n_estimators': 25, 'feature_extraction__n_lags': 8, 'feature_extraction__params': ('tsfresh', {'default_fc_parameters': {'variance_larger_than_standard_deviation': None, 'value_count': [{'value': -1}, {'value': 1}, {'value': 0}], 'time_reversal_asymmetry_statistic': [{'lag': 3}, {'lag': 2}], 'symmetry_looking': [{'r': 0.9500000000000001}, {'r': 0.9}, {'r': 0.8500000000000001}, {'r': 0.8}]}}), 'feature_selection__strategy': 'correlation', 'feature_selection__threshold': 0.85, 'imputation__params': ('interpolate', 'linear')}",0.5554842573579739,0.6335090119085934,0.6496615087040619,0.6681081081081081,0.5791666666666666,0.6171859105490808,0.04281760205724617,69,0.9897241647241647,0.9881630419360724,0.9752189259226164,0.9693138347925703,0.9590794819554157,0.976299889866168,0.011553886182995042
183.3755802154541,86.9755503865621,62.6847119808197,3.776313748361796,7,25,8,"('tsfresh', {'default_fc_parameters': {'variance_larger_than_standard_deviation': None, 'value_count': [{'value': -1}, {'value': 1}, {'value': 0}], 'time_reversal_asymmetry_statistic': [{'lag': 3}, {'lag': 2}], 'symmetry_looking': [{'r': 0.9500000000000001}, {'r': 0.9}, {'r': 0.8500000000000001}, {'r': 0.8}]}})",correlation,0.85,"('interpolate', ('polynomial', 2))","{'classifier__base_estimator__max_depth': 7, 'classifier__base_estimator__n_estimators': 25, 'feature_extraction__n_lags': 8, 'feature_extraction__params': ('tsfresh', {'default_fc_parameters': {'variance_larger_than_standard_deviation': None, 'value_count': [{'value': -1}, {'value': 1}, {'value': 0}], 'time_reversal_asymmetry_statistic': [{'lag': 3}, {'lag': 2}], 'symmetry_looking': [{'r': 0.9500000000000001}, {'r': 0.9}, {'r': 0.8500000000000001}, {'r': 0.8}]}}), 'feature_selection__strategy': 'correlation', 'feature_selection__threshold': 0.85, 'imputation__params': ('interpolate', ('polynomial', 2))}",0.5554842573579739,0.6335090119085934,0.6496615087040619,0.6681081081081081,0.5791666666666666,0.6171859105490808,0.04281760205724617,69,0.9897241647241647,0.9881630419360724,0.9752189259226164,0.9693138347925703,0.9590794819554157,0.976299889866168,0.011553886182995042
184.0811897277832,88.52302110972573,63.25557990074158,3.1556124889106094,7,25,8,"('tsfresh', {'default_fc_parameters': {'variance_larger_than_standard_deviation': None, 'value_count': [{'value': -1}, {'value': 1}, {'value': 0}], 'time_reversal_asymmetry_statistic': [{'lag': 3}, {'lag': 2}], 'symmetry_looking': [{'r': 0.9500000000000001}, {'r': 0.9}, {'r': 0.8500000000000001}, {'r': 0.8}]}})",correlation,0.85,"('interpolate', ('spline', 2))","{'classifier__base_estimator__max_depth': 7, 'classifier__base_estimator__n_estimators': 25, 'feature_extraction__n_lags': 8, 'feature_extraction__params': ('tsfresh', {'default_fc_parameters': {'variance_larger_than_standard_deviation': None, 'value_count': [{'value': -1}, {'value': 1}, {'value': 0}], 'time_reversal_asymmetry_statistic': [{'lag': 3}, {'lag': 2}], 'symmetry_looking': [{'r': 0.9500000000000001}, {'r': 0.9}, {'r': 0.8500000000000001}, {'r': 0.8}]}}), 'feature_selection__strategy': 'correlation', 'feature_selection__threshold': 0.85, 'imputation__params': ('interpolate', ('spline', 2))}",0.5554842573579739,0.6335090119085934,0.6496615087040619,0.6681081081081081,0.5791666666666666,0.6171859105490808,0.04281760205724617,69,0.9897241647241647,0.9881630419360724,0.9752189259226164,0.9693138347925703,0.9590794819554157,0.976299889866168,0.011553886182995042
183.83202590942383,88.03760110101433,62.633448362350464,4.0917348653050105,7,25,8,"('tsfresh', {'default_fc_parameters': {'variance_larger_than_standard_deviation': None, 'value_count': [{'value': -1}, {'value': 1}, {'value': 0}], 'time_reversal_asymmetry_statistic': [{'lag': 3}, {'lag': 2}], 'symmetry_looking': [{'r': 0.9500000000000001}, {'r': 0.9}, {'r': 0.8500000000000001}, {'r': 0.8}]}})",correlation,0.85,"('ffill', None)","{'classifier__base_estimator__max_depth': 7, 'classifier__base_estimator__n_estimators': 25, 'feature_extraction__n_lags': 8, 'feature_extraction__params': ('tsfresh', {'default_fc_parameters': {'variance_larger_than_standard_deviation': None, 'value_count': [{'value': -1}, {'value': 1}, {'value': 0}], 'time_reversal_asymmetry_statistic': [{'lag': 3}, {'lag': 2}], 'symmetry_looking': [{'r': 0.9500000000000001}, {'r': 0.9}, {'r': 0.8500000000000001}, {'r': 0.8}]}}), 'feature_selection__strategy': 'correlation', 'feature_selection__threshold': 0.85, 'imputation__params': ('ffill', None)}",0.5554842573579739,0.6335090119085934,0.6496615087040619,0.6681081081081081,0.5791666666666666,0.6171859105490808,0.04281760205724617,69,0.9897241647241647,0.9881630419360724,0.9752189259226164,0.9693138347925703,0.9590794819554157,0.976299889866168,0.011553886182995042
184.18815636634827,88.13585288773785,62.66367621421814,2.952400505881457,7,25,8,"('tsfresh', {'default_fc_parameters': {'variance_larger_than_standard_deviation': None, 'value_count': [{'value': -1}, {'value': 1}, {'value': 0}], 'time_reversal_asymmetry_statistic': [{'lag': 3}, {'lag': 2}], 'symmetry_looking': [{'r': 0.9500000000000001}, {'r': 0.9}, {'r': 0.8500000000000001}, {'r': 0.8}]}})",correlation,0.9,"('interpolate', 'linear')","{'classifier__base_estimator__max_depth': 7, 'classifier__base_estimator__n_estimators': 25, 'feature_extraction__n_lags': 8, 'feature_extraction__params': ('tsfresh', {'default_fc_parameters': {'variance_larger_than_standard_deviation': None, 'value_count': [{'value': -1}, {'value': 1}, {'value': 0}], 'time_reversal_asymmetry_statistic': [{'lag': 3}, {'lag': 2}], 'symmetry_looking': [{'r': 0.9500000000000001}, {'r': 0.9}, {'r': 0.8500000000000001}, {'r': 0.8}]}}), 'feature_selection__strategy': 'correlation', 'feature_selection__threshold': 0.9, 'imputation__params': ('interpolate', 'linear')}",0.5471209787816564,0.6150426456388799,0.604097063478108,0.6395287595287595,0.5717245989304813,0.5955028092715771,0.03255811885000777,249,0.9926184926184927,0.985756126233861,0.9759650612099008,0.9700489935357173,0.9542265372746661,0.9757230421745275,0.013270057614983942
183.4565947532654,86.98473842341852,63.27084937095642,3.494135401182209,7,25,8,"('tsfresh', {'default_fc_parameters': {'variance_larger_than_standard_deviation': None, 'value_count': [{'value': -1}, {'value': 1}, {'value': 0}], 'time_reversal_asymmetry_statistic': [{'lag': 3}, {'lag': 2}], 'symmetry_looking': [{'r': 0.9500000000000001}, {'r': 0.9}, {'r': 0.8500000000000001}, {'r': 0.8}]}})",correlation,0.9,"('interpolate', ('polynomial', 2))","{'classifier__base_estimator__max_depth': 7, 'classifier__base_estimator__n_estimators': 25, 'feature_extraction__n_lags': 8, 'feature_extraction__params': ('tsfresh', {'default_fc_parameters': {'variance_larger_than_standard_deviation': None, 'value_count': [{'value': -1}, {'value': 1}, {'value': 0}], 'time_reversal_asymmetry_statistic': [{'lag': 3}, {'lag': 2}], 'symmetry_looking': [{'r': 0.9500000000000001}, {'r': 0.9}, {'r': 0.8500000000000001}, {'r': 0.8}]}}), 'feature_selection__strategy': 'correlation', 'feature_selection__threshold': 0.9, 'imputation__params': ('interpolate', ('polynomial', 2))}",0.5471209787816564,0.6150426456388799,0.604097063478108,0.6395287595287595,0.5717245989304813,0.5955028092715771,0.03255811885000777,249,0.9926184926184927,0.985756126233861,0.9759650612099008,0.9700489935357173,0.9542265372746661,0.9757230421745275,0.013270057614983942
184.50824456214906,88.054078795163,63.23808078765869,4.155150418766719,7,25,8,"('tsfresh', {'default_fc_parameters': {'variance_larger_than_standard_deviation': None, 'value_count': [{'value': -1}, {'value': 1}, {'value': 0}], 'time_reversal_asymmetry_statistic': [{'lag': 3}, {'lag': 2}], 'symmetry_looking': [{'r': 0.9500000000000001}, {'r': 0.9}, {'r': 0.8500000000000001}, {'r': 0.8}]}})",correlation,0.9,"('interpolate', ('spline', 2))","{'classifier__base_estimator__max_depth': 7, 'classifier__base_estimator__n_estimators': 25, 'feature_extraction__n_lags': 8, 'feature_extraction__params': ('tsfresh', {'default_fc_parameters': {'variance_larger_than_standard_deviation': None, 'value_count': [{'value': -1}, {'value': 1}, {'value': 0}], 'time_reversal_asymmetry_statistic': [{'lag': 3}, {'lag': 2}], 'symmetry_looking': [{'r': 0.9500000000000001}, {'r': 0.9}, {'r': 0.8500000000000001}, {'r': 0.8}]}}), 'feature_selection__strategy': 'correlation', 'feature_selection__threshold': 0.9, 'imputation__params': ('interpolate', ('spline', 2))}",0.5471209787816564,0.6150426456388799,0.604097063478108,0.6395287595287595,0.5717245989304813,0.5955028092715771,0.03255811885000777,249,0.9926184926184927,0.985756126233861,0.9759650612099008,0.9700489935357173,0.9542265372746661,0.9757230421745275,0.013270057614983942
186.2104670524597,89.13086922013264,63.49211683273315,3.5052762376148556,7,25,8,"('tsfresh', {'default_fc_parameters': {'variance_larger_than_standard_deviation': None, 'value_count': [{'value': -1}, {'value': 1}, {'value': 0}], 'time_reversal_asymmetry_statistic': [{'lag': 3}, {'lag': 2}], 'symmetry_looking': [{'r': 0.9500000000000001}, {'r': 0.9}, {'r': 0.8500000000000001}, {'r': 0.8}]}})",correlation,0.9,"('ffill', None)","{'classifier__base_estimator__max_depth': 7, 'classifier__base_estimator__n_estimators': 25, 'feature_extraction__n_lags': 8, 'feature_extraction__params': ('tsfresh', {'default_fc_parameters': {'variance_larger_than_standard_deviation': None, 'value_count': [{'value': -1}, {'value': 1}, {'value': 0}], 'time_reversal_asymmetry_statistic': [{'lag': 3}, {'lag': 2}], 'symmetry_looking': [{'r': 0.9500000000000001}, {'r': 0.9}, {'r': 0.8500000000000001}, {'r': 0.8}]}}), 'feature_selection__strategy': 'correlation', 'feature_selection__threshold': 0.9, 'imputation__params': ('ffill', None)}",0.5471209787816564,0.6150426456388799,0.604097063478108,0.6395287595287595,0.5717245989304813,0.5955028092715771,0.03255811885000777,249,0.9926184926184927,0.985756126233861,0.9759650612099008,0.9700489935357173,0.9542265372746661,0.9757230421745275,0.013270057614983942
185.33222541809081,88.01486108895202,63.32732186317444,3.0438129783654198,7,25,8,"('tsfresh', {'default_fc_parameters': {'variance_larger_than_standard_deviation': None, 'value_count': [{'value': -1}, {'value': 1}, {'value': 0}], 'time_reversal_asymmetry_statistic': [{'lag': 3}, {'lag': 2}], 'symmetry_looking': [{'r': 0.9500000000000001}, {'r': 0.9}, {'r': 0.8500000000000001}, {'r': 0.8}]}})",correlation,0.95,"('interpolate', 'linear')","{'classifier__base_estimator__max_depth': 7, 'classifier__base_estimator__n_estimators': 25, 'feature_extraction__n_lags': 8, 'feature_extraction__params': ('tsfresh', {'default_fc_parameters': {'variance_larger_than_standard_deviation': None, 'value_count': [{'value': -1}, {'value': 1}, {'value': 0}], 'time_reversal_asymmetry_statistic': [{'lag': 3}, {'lag': 2}], 'symmetry_looking': [{'r': 0.9500000000000001}, {'r': 0.9}, {'r': 0.8500000000000001}, {'r': 0.8}]}}), 'feature_selection__strategy': 'correlation', 'feature_selection__threshold': 0.95, 'imputation__params': ('interpolate', 'linear')}",0.5476771047227926,0.5412375281622143,0.6216590469491823,0.6584060984060983,0.5770499108734403,0.5892059378227457,0.044755441706971794,293,0.9922299922299923,0.9804811804528041,0.9744750245733179,0.9714668910072826,0.9617580214700169,0.9760822219466828,0.010091267546091152
184.5829580307007,88.255482444414,62.92468514442444,3.3602659225895066,7,25,8,"('tsfresh', {'default_fc_parameters': {'variance_larger_than_standard_deviation': None, 'value_count': [{'value': -1}, {'value': 1}, {'value': 0}], 'time_reversal_asymmetry_statistic': [{'lag': 3}, {'lag': 2}], 'symmetry_looking': [{'r': 0.9500000000000001}, {'r': 0.9}, {'r': 0.8500000000000001}, {'r': 0.8}]}})",correlation,0.95,"('interpolate', ('polynomial', 2))","{'classifier__base_estimator__max_depth': 7, 'classifier__base_estimator__n_estimators': 25, 'feature_extraction__n_lags': 8, 'feature_extraction__params': ('tsfresh', {'default_fc_parameters': {'variance_larger_than_standard_deviation': None, 'value_count': [{'value': -1}, {'value': 1}, {'value': 0}], 'time_reversal_asymmetry_statistic': [{'lag': 3}, {'lag': 2}], 'symmetry_looking': [{'r': 0.9500000000000001}, {'r': 0.9}, {'r': 0.8500000000000001}, {'r': 0.8}]}}), 'feature_selection__strategy': 'correlation', 'feature_selection__threshold': 0.95, 'imputation__params': ('interpolate', ('polynomial', 2))}",0.5476771047227926,0.5412375281622143,0.6216590469491823,0.6584060984060983,0.5770499108734403,0.5892059378227457,0.044755441706971794,293,0.9922299922299923,0.9804811804528041,0.9744750245733179,0.9714668910072826,0.9617580214700169,0.9760822219466828,0.010091267546091152
184.26777334213256,88.60825558581362,62.82271008491516,3.415668747349302,7,25,8,"('tsfresh', {'default_fc_parameters': {'variance_larger_than_standard_deviation': None, 'value_count': [{'value': -1}, {'value': 1}, {'value': 0}], 'time_reversal_asymmetry_statistic': [{'lag': 3}, {'lag': 2}], 'symmetry_looking': [{'r': 0.9500000000000001}, {'r': 0.9}, {'r': 0.8500000000000001}, {'r': 0.8}]}})",correlation,0.95,"('interpolate', ('spline', 2))","{'classifier__base_estimator__max_depth': 7, 'classifier__base_estimator__n_estimators': 25, 'feature_extraction__n_lags': 8, 'feature_extraction__params': ('tsfresh', {'default_fc_parameters': {'variance_larger_than_standard_deviation': None, 'value_count': [{'value': -1}, {'value': 1}, {'value': 0}], 'time_reversal_asymmetry_statistic': [{'lag': 3}, {'lag': 2}], 'symmetry_looking': [{'r': 0.9500000000000001}, {'r': 0.9}, {'r': 0.8500000000000001}, {'r': 0.8}]}}), 'feature_selection__strategy': 'correlation', 'feature_selection__threshold': 0.95, 'imputation__params': ('interpolate', ('spline', 2))}",0.5476771047227926,0.5412375281622143,0.6216590469491823,0.6584060984060983,0.5770499108734403,0.5892059378227457,0.044755441706971794,293,0.9922299922299923,0.9804811804528041,0.9744750245733179,0.9714668910072826,0.9617580214700169,0.9760822219466828,0.010091267546091152
184.15918731689453,87.6889876092005,62.81549935340881,3.355063953775197,7,25,8,"('tsfresh', {'default_fc_parameters': {'variance_larger_than_standard_deviation': None, 'value_count': [{'value': -1}, {'value': 1}, {'value': 0}], 'time_reversal_asymmetry_statistic': [{'lag': 3}, {'lag': 2}], 'symmetry_looking': [{'r': 0.9500000000000001}, {'r': 0.9}, {'r': 0.8500000000000001}, {'r': 0.8}]}})",correlation,0.95,"('ffill', None)","{'classifier__base_estimator__max_depth': 7, 'classifier__base_estimator__n_estimators': 25, 'feature_extraction__n_lags': 8, 'feature_extraction__params': ('tsfresh', {'default_fc_parameters': {'variance_larger_than_standard_deviation': None, 'value_count': [{'value': -1}, {'value': 1}, {'value': 0}], 'time_reversal_asymmetry_statistic': [{'lag': 3}, {'lag': 2}], 'symmetry_looking': [{'r': 0.9500000000000001}, {'r': 0.9}, {'r': 0.8500000000000001}, {'r': 0.8}]}}), 'feature_selection__strategy': 'correlation', 'feature_selection__threshold': 0.95, 'imputation__params': ('ffill', None)}",0.5476771047227926,0.5412375281622143,0.6216590469491823,0.6584060984060983,0.5770499108734403,0.5892059378227457,0.044755441706971794,293,0.9922299922299923,0.9804811804528041,0.9744750245733179,0.9714668910072826,0.9617580214700169,0.9760822219466828,0.010091267546091152
183.9538004398346,88.44749753637791,63.17602195739746,3.276447186213976,7,25,8,"('tsfresh', {'default_fc_parameters': {'variance_larger_than_standard_deviation': None, 'value_count': [{'value': -1}, {'value': 1}, {'value': 0}], 'time_reversal_asymmetry_statistic': [{'lag': 3}, {'lag': 2}], 'symmetry_looking': [{'r': 0.9500000000000001}, {'r': 0.9}, {'r': 0.8500000000000001}, {'r': 0.8}]}})",pca,0.85,"('interpolate', 'linear')","{'classifier__base_estimator__max_depth': 7, 'classifier__base_estimator__n_estimators': 25, 'feature_extraction__n_lags': 8, 'feature_extraction__params': ('tsfresh', {'default_fc_parameters': {'variance_larger_than_standard_deviation': None, 'value_count': [{'value': -1}, {'value': 1}, {'value': 0}], 'time_reversal_asymmetry_statistic': [{'lag': 3}, {'lag': 2}], 'symmetry_looking': [{'r': 0.9500000000000001}, {'r': 0.9}, {'r': 0.8500000000000001}, {'r': 0.8}]}}), 'feature_selection__strategy': 'pca', 'feature_selection__threshold': 0.85, 'imputation__params': ('interpolate', 'linear')}",0.5113578028747434,0.5466889282265851,0.44109372252505713,0.5196812196812197,0.5566844919786095,0.515101233057243,0.04059322867378583,601,0.8262820512820513,0.8121642985994284,0.7819475471360914,0.7492610056460192,0.7285739178611002,0.7796457641049381,0.036794737661299086
183.94227299690246,88.18057050472947,63.290186166763306,3.2658172168721786,7,25,8,"('tsfresh', {'default_fc_parameters': {'variance_larger_than_standard_deviation': None, 'value_count': [{'value': -1}, {'value': 1}, {'value': 0}], 'time_reversal_asymmetry_statistic': [{'lag': 3}, {'lag': 2}], 'symmetry_looking': [{'r': 0.9500000000000001}, {'r': 0.9}, {'r': 0.8500000000000001}, {'r': 0.8}]}})",pca,0.85,"('interpolate', ('polynomial', 2))","{'classifier__base_estimator__max_depth': 7, 'classifier__base_estimator__n_estimators': 25, 'feature_extraction__n_lags': 8, 'feature_extraction__params': ('tsfresh', {'default_fc_parameters': {'variance_larger_than_standard_deviation': None, 'value_count': [{'value': -1}, {'value': 1}, {'value': 0}], 'time_reversal_asymmetry_statistic': [{'lag': 3}, {'lag': 2}], 'symmetry_looking': [{'r': 0.9500000000000001}, {'r': 0.9}, {'r': 0.8500000000000001}, {'r': 0.8}]}}), 'feature_selection__strategy': 'pca', 'feature_selection__threshold': 0.85, 'imputation__params': ('interpolate', ('polynomial', 2))}",0.5113578028747434,0.5466889282265851,0.44109372252505713,0.5196812196812197,0.5566844919786095,0.515101233057243,0.04059322867378583,601,0.8262820512820513,0.8121642985994284,0.7819475471360914,0.7492610056460192,0.7285739178611002,0.7796457641049381,0.036794737661299086
183.16796255111694,87.53065861685334,63.05619468688965,3.601919903348854,7,25,8,"('tsfresh', {'default_fc_parameters': {'variance_larger_than_standard_deviation': None, 'value_count': [{'value': -1}, {'value': 1}, {'value': 0}], 'time_reversal_asymmetry_statistic': [{'lag': 3}, {'lag': 2}], 'symmetry_looking': [{'r': 0.9500000000000001}, {'r': 0.9}, {'r': 0.8500000000000001}, {'r': 0.8}]}})",pca,0.85,"('interpolate', ('spline', 2))","{'classifier__base_estimator__max_depth': 7, 'classifier__base_estimator__n_estimators': 25, 'feature_extraction__n_lags': 8, 'feature_extraction__params': ('tsfresh', {'default_fc_parameters': {'variance_larger_than_standard_deviation': None, 'value_count': [{'value': -1}, {'value': 1}, {'value': 0}], 'time_reversal_asymmetry_statistic': [{'lag': 3}, {'lag': 2}], 'symmetry_looking': [{'r': 0.9500000000000001}, {'r': 0.9}, {'r': 0.8500000000000001}, {'r': 0.8}]}}), 'feature_selection__strategy': 'pca', 'feature_selection__threshold': 0.85, 'imputation__params': ('interpolate', ('spline', 2))}",0.5113578028747434,0.5466889282265851,0.44109372252505713,0.5196812196812197,0.5566844919786095,0.515101233057243,0.04059322867378583,601,0.8262820512820513,0.8121642985994284,0.7819475471360914,0.7492610056460192,0.7285739178611002,0.7796457641049381,0.036794737661299086
183.77732801437378,87.73464118880509,63.078813123703,3.18911418738218,7,25,8,"('tsfresh', {'default_fc_parameters': {'variance_larger_than_standard_deviation': None, 'value_count': [{'value': -1}, {'value': 1}, {'value': 0}], 'time_reversal_asymmetry_statistic': [{'lag': 3}, {'lag': 2}], 'symmetry_looking': [{'r': 0.9500000000000001}, {'r': 0.9}, {'r': 0.8500000000000001}, {'r': 0.8}]}})",pca,0.85,"('ffill', None)","{'classifier__base_estimator__max_depth': 7, 'classifier__base_estimator__n_estimators': 25, 'feature_extraction__n_lags': 8, 'feature_extraction__params': ('tsfresh', {'default_fc_parameters': {'variance_larger_than_standard_deviation': None, 'value_count': [{'value': -1}, {'value': 1}, {'value': 0}], 'time_reversal_asymmetry_statistic': [{'lag': 3}, {'lag': 2}], 'symmetry_looking': [{'r': 0.9500000000000001}, {'r': 0.9}, {'r': 0.8500000000000001}, {'r': 0.8}]}}), 'feature_selection__strategy': 'pca', 'feature_selection__threshold': 0.85, 'imputation__params': ('ffill', None)}",0.5113578028747434,0.5466889282265851,0.44109372252505713,0.5196812196812197,0.5566844919786095,0.515101233057243,0.04059322867378583,601,0.8262820512820513,0.8121642985994284,0.7819475471360914,0.7492610056460192,0.7285739178611002,0.7796457641049381,0.036794737661299086
184.06470470428468,87.69679601241499,62.896356868743894,2.8792393691989644,7,25,8,"('tsfresh', {'default_fc_parameters': {'variance_larger_than_standard_deviation': None, 'value_count': [{'value': -1}, {'value': 1}, {'value': 0}], 'time_reversal_asymmetry_statistic': [{'lag': 3}, {'lag': 2}], 'symmetry_looking': [{'r': 0.9500000000000001}, {'r': 0.9}, {'r': 0.8500000000000001}, {'r': 0.8}]}})",pca,0.9,"('interpolate', 'linear')","{'classifier__base_estimator__max_depth': 7, 'classifier__base_estimator__n_estimators': 25, 'feature_extraction__n_lags': 8, 'feature_extraction__params': ('tsfresh', {'default_fc_parameters': {'variance_larger_than_standard_deviation': None, 'value_count': [{'value': -1}, {'value': 1}, {'value': 0}], 'time_reversal_asymmetry_statistic': [{'lag': 3}, {'lag': 2}], 'symmetry_looking': [{'r': 0.9500000000000001}, {'r': 0.9}, {'r': 0.8500000000000001}, {'r': 0.8}]}}), 'feature_selection__strategy': 'pca', 'feature_selection__threshold': 0.9, 'imputation__params': ('interpolate', 'linear')}",0.5113578028747434,0.5466889282265851,0.44109372252505713,0.5196812196812197,0.5566844919786095,0.515101233057243,0.04059322867378583,601,0.8262820512820513,0.8121642985994284,0.7819475471360914,0.7492610056460192,0.7285739178611002,0.7796457641049381,0.036794737661299086
184.74800386428834,88.40151351404288,63.23009753227234,3.3542744059889644,7,25,8,"('tsfresh', {'default_fc_parameters': {'variance_larger_than_standard_deviation': None, 'value_count': [{'value': -1}, {'value': 1}, {'value': 0}], 'time_reversal_asymmetry_statistic': [{'lag': 3}, {'lag': 2}], 'symmetry_looking': [{'r': 0.9500000000000001}, {'r': 0.9}, {'r': 0.8500000000000001}, {'r': 0.8}]}})",pca,0.9,"('interpolate', ('polynomial', 2))","{'classifier__base_estimator__max_depth': 7, 'classifier__base_estimator__n_estimators': 25, 'feature_extraction__n_lags': 8, 'feature_extraction__params': ('tsfresh', {'default_fc_parameters': {'variance_larger_than_standard_deviation': None, 'value_count': [{'value': -1}, {'value': 1}, {'value': 0}], 'time_reversal_asymmetry_statistic': [{'lag': 3}, {'lag': 2}], 'symmetry_looking': [{'r': 0.9500000000000001}, {'r': 0.9}, {'r': 0.8500000000000001}, {'r': 0.8}]}}), 'feature_selection__strategy': 'pca', 'feature_selection__threshold': 0.9, 'imputation__params': ('interpolate', ('polynomial', 2))}",0.5113578028747434,0.5466889282265851,0.44109372252505713,0.5196812196812197,0.5566844919786095,0.515101233057243,0.04059322867378583,601,0.8262820512820513,0.8121642985994284,0.7819475471360914,0.7492610056460192,0.7285739178611002,0.7796457641049381,0.036794737661299086
183.48937454223633,87.56010534510443,63.33004274368286,3.698500143911731,7,25,8,"('tsfresh', {'default_fc_parameters': {'variance_larger_than_standard_deviation': None, 'value_count': [{'value': -1}, {'value': 1}, {'value': 0}], 'time_reversal_asymmetry_statistic': [{'lag': 3}, {'lag': 2}], 'symmetry_looking': [{'r': 0.9500000000000001}, {'r': 0.9}, {'r': 0.8500000000000001}, {'r': 0.8}]}})",pca,0.9,"('interpolate', ('spline', 2))","{'classifier__base_estimator__max_depth': 7, 'classifier__base_estimator__n_estimators': 25, 'feature_extraction__n_lags': 8, 'feature_extraction__params': ('tsfresh', {'default_fc_parameters': {'variance_larger_than_standard_deviation': None, 'value_count': [{'value': -1}, {'value': 1}, {'value': 0}], 'time_reversal_asymmetry_statistic': [{'lag': 3}, {'lag': 2}], 'symmetry_looking': [{'r': 0.9500000000000001}, {'r': 0.9}, {'r': 0.8500000000000001}, {'r': 0.8}]}}), 'feature_selection__strategy': 'pca', 'feature_selection__threshold': 0.9, 'imputation__params': ('interpolate', ('spline', 2))}",0.5113578028747434,0.5466889282265851,0.44109372252505713,0.5196812196812197,0.5566844919786095,0.515101233057243,0.04059322867378583,601,0.8262820512820513,0.8121642985994284,0.7819475471360914,0.7492610056460192,0.7285739178611002,0.7796457641049381,0.036794737661299086
184.96508388519288,87.99553133588986,63.18129553794861,3.049643157953305,7,25,8,"('tsfresh', {'default_fc_parameters': {'variance_larger_than_standard_deviation': None, 'value_count': [{'value': -1}, {'value': 1}, {'value': 0}], 'time_reversal_asymmetry_statistic': [{'lag': 3}, {'lag': 2}], 'symmetry_looking': [{'r': 0.9500000000000001}, {'r': 0.9}, {'r': 0.8500000000000001}, {'r': 0.8}]}})",pca,0.9,"('ffill', None)","{'classifier__base_estimator__max_depth': 7, 'classifier__base_estimator__n_estimators': 25, 'feature_extraction__n_lags': 8, 'feature_extraction__params': ('tsfresh', {'default_fc_parameters': {'variance_larger_than_standard_deviation': None, 'value_count': [{'value': -1}, {'value': 1}, {'value': 0}], 'time_reversal_asymmetry_statistic': [{'lag': 3}, {'lag': 2}], 'symmetry_looking': [{'r': 0.9500000000000001}, {'r': 0.9}, {'r': 0.8500000000000001}, {'r': 0.8}]}}), 'feature_selection__strategy': 'pca', 'feature_selection__threshold': 0.9, 'imputation__params': ('ffill', None)}",0.5113578028747434,0.5466889282265851,0.44109372252505713,0.5196812196812197,0.5566844919786095,0.515101233057243,0.04059322867378583,601,0.8262820512820513,0.8121642985994284,0.7819475471360914,0.7492610056460192,0.7285739178611002,0.7796457641049381,0.036794737661299086
183.5088906288147,87.49344452635133,62.875086307525635,3.246305218420577,7,25,8,"('tsfresh', {'default_fc_parameters': {'variance_larger_than_standard_deviation': None, 'value_count': [{'value': -1}, {'value': 1}, {'value': 0}], 'time_reversal_asymmetry_statistic': [{'lag': 3}, {'lag': 2}], 'symmetry_looking': [{'r': 0.9500000000000001}, {'r': 0.9}, {'r': 0.8500000000000001}, {'r': 0.8}]}})",pca,0.95,"('interpolate', 'linear')","{'classifier__base_estimator__max_depth': 7, 'classifier__base_estimator__n_estimators': 25, 'feature_extraction__n_lags': 8, 'feature_extraction__params': ('tsfresh', {'default_fc_parameters': {'variance_larger_than_standard_deviation': None, 'value_count': [{'value': -1}, {'value': 1}, {'value': 0}], 'time_reversal_asymmetry_statistic': [{'lag': 3}, {'lag': 2}], 'symmetry_looking': [{'r': 0.9500000000000001}, {'r': 0.9}, {'r': 0.8500000000000001}, {'r': 0.8}]}}), 'feature_selection__strategy': 'pca', 'feature_selection__threshold': 0.95, 'imputation__params': ('interpolate', 'linear')}",0.5113578028747434,0.5466889282265851,0.44109372252505713,0.5196812196812197,0.5566844919786095,0.515101233057243,0.04059322867378583,601,0.8262820512820513,0.8121642985994284,0.7819475471360914,0.7492610056460192,0.7285739178611002,0.7796457641049381,0.036794737661299086
184.0527358531952,87.94746346303324,63.36544661521911,2.9993404127003798,7,25,8,"('tsfresh', {'default_fc_parameters': {'variance_larger_than_standard_deviation': None, 'value_count': [{'value': -1}, {'value': 1}, {'value': 0}], 'time_reversal_asymmetry_statistic': [{'lag': 3}, {'lag': 2}], 'symmetry_looking': [{'r': 0.9500000000000001}, {'r': 0.9}, {'r': 0.8500000000000001}, {'r': 0.8}]}})",pca,0.95,"('interpolate', ('polynomial', 2))","{'classifier__base_estimator__max_depth': 7, 'classifier__base_estimator__n_estimators': 25, 'feature_extraction__n_lags': 8, 'feature_extraction__params': ('tsfresh', {'default_fc_parameters': {'variance_larger_than_standard_deviation': None, 'value_count': [{'value': -1}, {'value': 1}, {'value': 0}], 'time_reversal_asymmetry_statistic': [{'lag': 3}, {'lag': 2}], 'symmetry_looking': [{'r': 0.9500000000000001}, {'r': 0.9}, {'r': 0.8500000000000001}, {'r': 0.8}]}}), 'feature_selection__strategy': 'pca', 'feature_selection__threshold': 0.95, 'imputation__params': ('interpolate', ('polynomial', 2))}",0.5113578028747434,0.5466889282265851,0.44109372252505713,0.5196812196812197,0.5566844919786095,0.515101233057243,0.04059322867378583,601,0.8262820512820513,0.8121642985994284,0.7819475471360914,0.7492610056460192,0.7285739178611002,0.7796457641049381,0.036794737661299086
183.02082166671752,87.27744770170442,63.19312443733215,3.8350051816252186,7,25,8,"('tsfresh', {'default_fc_parameters': {'variance_larger_than_standard_deviation': None, 'value_count': [{'value': -1}, {'value': 1}, {'value': 0}], 'time_reversal_asymmetry_statistic': [{'lag': 3}, {'lag': 2}], 'symmetry_looking': [{'r': 0.9500000000000001}, {'r': 0.9}, {'r': 0.8500000000000001}, {'r': 0.8}]}})",pca,0.95,"('interpolate', ('spline', 2))","{'classifier__base_estimator__max_depth': 7, 'classifier__base_estimator__n_estimators': 25, 'feature_extraction__n_lags': 8, 'feature_extraction__params': ('tsfresh', {'default_fc_parameters': {'variance_larger_than_standard_deviation': None, 'value_count': [{'value': -1}, {'value': 1}, {'value': 0}], 'time_reversal_asymmetry_statistic': [{'lag': 3}, {'lag': 2}], 'symmetry_looking': [{'r': 0.9500000000000001}, {'r': 0.9}, {'r': 0.8500000000000001}, {'r': 0.8}]}}), 'feature_selection__strategy': 'pca', 'feature_selection__threshold': 0.95, 'imputation__params': ('interpolate', ('spline', 2))}",0.5113578028747434,0.5466889282265851,0.44109372252505713,0.5196812196812197,0.5566844919786095,0.515101233057243,0.04059322867378583,601,0.8262820512820513,0.8121642985994284,0.7819475471360914,0.7492610056460192,0.7285739178611002,0.7796457641049381,0.036794737661299086
183.15156664848328,87.3540615124047,62.764623975753786,3.0884998952652434,7,25,8,"('tsfresh', {'default_fc_parameters': {'variance_larger_than_standard_deviation': None, 'value_count': [{'value': -1}, {'value': 1}, {'value': 0}], 'time_reversal_asymmetry_statistic': [{'lag': 3}, {'lag': 2}], 'symmetry_looking': [{'r': 0.9500000000000001}, {'r': 0.9}, {'r': 0.8500000000000001}, {'r': 0.8}]}})",pca,0.95,"('ffill', None)","{'classifier__base_estimator__max_depth': 7, 'classifier__base_estimator__n_estimators': 25, 'feature_extraction__n_lags': 8, 'feature_extraction__params': ('tsfresh', {'default_fc_parameters': {'variance_larger_than_standard_deviation': None, 'value_count': [{'value': -1}, {'value': 1}, {'value': 0}], 'time_reversal_asymmetry_statistic': [{'lag': 3}, {'lag': 2}], 'symmetry_looking': [{'r': 0.9500000000000001}, {'r': 0.9}, {'r': 0.8500000000000001}, {'r': 0.8}]}}), 'feature_selection__strategy': 'pca', 'feature_selection__threshold': 0.95, 'imputation__params': ('ffill', None)}",0.5113578028747434,0.5466889282265851,0.44109372252505713,0.5196812196812197,0.5566844919786095,0.515101233057243,0.04059322867378583,601,0.8262820512820513,0.8121642985994284,0.7819475471360914,0.7492610056460192,0.7285739178611002,0.7796457641049381,0.036794737661299086
235.51410517692565,111.53846258873595,78.49745359420777,1.205239627264563,7,50,3,"('tsfresh', {'default_fc_parameters': {'variance_larger_than_standard_deviation': None, 'value_count': [{'value': -1}, {'value': 1}, {'value': 0}], 'time_reversal_asymmetry_statistic': [{'lag': 3}, {'lag': 2}], 'symmetry_looking': [{'r': 0.9500000000000001}, {'r': 0.9}, {'r': 0.8500000000000001}, {'r': 0.8}]}})",correlation,0.85,"('interpolate', 'linear')","{'classifier__base_estimator__max_depth': 7, 'classifier__base_estimator__n_estimators': 50, 'feature_extraction__n_lags': 3, 'feature_extraction__params': ('tsfresh', {'default_fc_parameters': {'variance_larger_than_standard_deviation': None, 'value_count': [{'value': -1}, {'value': 1}, {'value': 0}], 'time_reversal_asymmetry_statistic': [{'lag': 3}, {'lag': 2}], 'symmetry_looking': [{'r': 0.9500000000000001}, {'r': 0.9}, {'r': 0.8500000000000001}, {'r': 0.8}]}}), 'feature_selection__strategy': 'correlation', 'feature_selection__threshold': 0.85, 'imputation__params': ('interpolate', 'linear')}",0.5225866666666668,0.588085827216262,0.6519151954602774,0.6709419817470663,0.6093140258651273,0.60856873939108,0.052119782403293784,145,0.984408082481819,0.9776286628909135,0.9698197955890264,0.9644877212774681,0.9540190508393136,0.9700726626157081,0.010503060177382105
235.53518285751343,111.23011329370955,78.41213111877441,0.7399137710917028,7,50,3,"('tsfresh', {'default_fc_parameters': {'variance_larger_than_standard_deviation': None, 'value_count': [{'value': -1}, {'value': 1}, {'value': 0}], 'time_reversal_asymmetry_statistic': [{'lag': 3}, {'lag': 2}], 'symmetry_looking': [{'r': 0.9500000000000001}, {'r': 0.9}, {'r': 0.8500000000000001}, {'r': 0.8}]}})",correlation,0.85,"('interpolate', ('polynomial', 2))","{'classifier__base_estimator__max_depth': 7, 'classifier__base_estimator__n_estimators': 50, 'feature_extraction__n_lags': 3, 'feature_extraction__params': ('tsfresh', {'default_fc_parameters': {'variance_larger_than_standard_deviation': None, 'value_count': [{'value': -1}, {'value': 1}, {'value': 0}], 'time_reversal_asymmetry_statistic': [{'lag': 3}, {'lag': 2}], 'symmetry_looking': [{'r': 0.9500000000000001}, {'r': 0.9}, {'r': 0.8500000000000001}, {'r': 0.8}]}}), 'feature_selection__strategy': 'correlation', 'feature_selection__threshold': 0.85, 'imputation__params': ('interpolate', ('polynomial', 2))}",0.5225866666666668,0.588085827216262,0.6519151954602774,0.6709419817470663,0.6093140258651273,0.60856873939108,0.052119782403293784,145,0.984408082481819,0.9776286628909135,0.9698197955890264,0.9644877212774681,0.9540190508393136,0.9700726626157081,0.010503060177382105
233.7943747520447,110.40448273586807,78.25079746246338,1.4274596545489922,7,50,3,"('tsfresh', {'default_fc_parameters': {'variance_larger_than_standard_deviation': None, 'value_count': [{'value': -1}, {'value': 1}, {'value': 0}], 'time_reversal_asymmetry_statistic': [{'lag': 3}, {'lag': 2}], 'symmetry_looking': [{'r': 0.9500000000000001}, {'r': 0.9}, {'r': 0.8500000000000001}, {'r': 0.8}]}})",correlation,0.85,"('interpolate', ('spline', 2))","{'classifier__base_estimator__max_depth': 7, 'classifier__base_estimator__n_estimators': 50, 'feature_extraction__n_lags': 3, 'feature_extraction__params': ('tsfresh', {'default_fc_parameters': {'variance_larger_than_standard_deviation': None, 'value_count': [{'value': -1}, {'value': 1}, {'value': 0}], 'time_reversal_asymmetry_statistic': [{'lag': 3}, {'lag': 2}], 'symmetry_looking': [{'r': 0.9500000000000001}, {'r': 0.9}, {'r': 0.8500000000000001}, {'r': 0.8}]}}), 'feature_selection__strategy': 'correlation', 'feature_selection__threshold': 0.85, 'imputation__params': ('interpolate', ('spline', 2))}",0.5225866666666668,0.588085827216262,0.6519151954602774,0.6709419817470663,0.6093140258651273,0.60856873939108,0.052119782403293784,145,0.984408082481819,0.9776286628909135,0.9698197955890264,0.9644877212774681,0.9540190508393136,0.9700726626157081,0.010503060177382105
234.6983069896698,110.73127614203698,79.36980266571045,2.629583119113521,7,50,3,"('tsfresh', {'default_fc_parameters': {'variance_larger_than_standard_deviation': None, 'value_count': [{'value': -1}, {'value': 1}, {'value': 0}], 'time_reversal_asymmetry_statistic': [{'lag': 3}, {'lag': 2}], 'symmetry_looking': [{'r': 0.9500000000000001}, {'r': 0.9}, {'r': 0.8500000000000001}, {'r': 0.8}]}})",correlation,0.85,"('ffill', None)","{'classifier__base_estimator__max_depth': 7, 'classifier__base_estimator__n_estimators': 50, 'feature_extraction__n_lags': 3, 'feature_extraction__params': ('tsfresh', {'default_fc_parameters': {'variance_larger_than_standard_deviation': None, 'value_count': [{'value': -1}, {'value': 1}, {'value': 0}], 'time_reversal_asymmetry_statistic': [{'lag': 3}, {'lag': 2}], 'symmetry_looking': [{'r': 0.9500000000000001}, {'r': 0.9}, {'r': 0.8500000000000001}, {'r': 0.8}]}}), 'feature_selection__strategy': 'correlation', 'feature_selection__threshold': 0.85, 'imputation__params': ('ffill', None)}",0.5225866666666668,0.588085827216262,0.6519151954602774,0.6709419817470663,0.6093140258651273,0.60856873939108,0.052119782403293784,145,0.984408082481819,0.9776286628909135,0.9698197955890264,0.9644877212774681,0.9540190508393136,0.9700726626157081,0.010503060177382105
240.21970162391662,111.1589679821755,78.8156485080719,1.797250785037573,7,50,3,"('tsfresh', {'default_fc_parameters': {'variance_larger_than_standard_deviation': None, 'value_count': [{'value': -1}, {'value': 1}, {'value': 0}], 'time_reversal_asymmetry_statistic': [{'lag': 3}, {'lag': 2}], 'symmetry_looking': [{'r': 0.9500000000000001}, {'r': 0.9}, {'r': 0.8500000000000001}, {'r': 0.8}]}})",correlation,0.9,"('interpolate', 'linear')","{'classifier__base_estimator__max_depth': 7, 'classifier__base_estimator__n_estimators': 50, 'feature_extraction__n_lags': 3, 'feature_extraction__params': ('tsfresh', {'default_fc_parameters': {'variance_larger_than_standard_deviation': None, 'value_count': [{'value': -1}, {'value': 1}, {'value': 0}], 'time_reversal_asymmetry_statistic': [{'lag': 3}, {'lag': 2}], 'symmetry_looking': [{'r': 0.9500000000000001}, {'r': 0.9}, {'r': 0.8500000000000001}, {'r': 0.8}]}}), 'feature_selection__strategy': 'correlation', 'feature_selection__threshold': 0.9, 'imputation__params': ('interpolate', 'linear')}",0.5370533333333333,0.6363401091661962,0.6337221521647751,0.6565107561929595,0.5968249105040797,0.6120902522722688,0.042172848336462815,113,0.9830157415078707,0.9765421078552081,0.9708162990855297,0.964803666817704,0.9518710486859725,0.9694097727904569,0.010647008592833079
236.95420413017274,111.88498051401994,79.5741955280304,2.80883122154194,7,50,3,"('tsfresh', {'default_fc_parameters': {'variance_larger_than_standard_deviation': None, 'value_count': [{'value': -1}, {'value': 1}, {'value': 0}], 'time_reversal_asymmetry_statistic': [{'lag': 3}, {'lag': 2}], 'symmetry_looking': [{'r': 0.9500000000000001}, {'r': 0.9}, {'r': 0.8500000000000001}, {'r': 0.8}]}})",correlation,0.9,"('interpolate', ('polynomial', 2))","{'classifier__base_estimator__max_depth': 7, 'classifier__base_estimator__n_estimators': 50, 'feature_extraction__n_lags': 3, 'feature_extraction__params': ('tsfresh', {'default_fc_parameters': {'variance_larger_than_standard_deviation': None, 'value_count': [{'value': -1}, {'value': 1}, {'value': 0}], 'time_reversal_asymmetry_statistic': [{'lag': 3}, {'lag': 2}], 'symmetry_looking': [{'r': 0.9500000000000001}, {'r': 0.9}, {'r': 0.8500000000000001}, {'r': 0.8}]}}), 'feature_selection__strategy': 'correlation', 'feature_selection__threshold': 0.9, 'imputation__params': ('interpolate', ('polynomial', 2))}",0.5370533333333333,0.6363401091661962,0.6337221521647751,0.6565107561929595,0.5968249105040797,0.6120902522722688,0.042172848336462815,113,0.9830157415078707,0.9765421078552081,0.9708162990855297,0.964803666817704,0.9518710486859725,0.9694097727904569,0.010647008592833079
234.90036425590515,111.25818338352174,80.19873042106629,3.1992076389464508,7,50,3,"('tsfresh', {'default_fc_parameters': {'variance_larger_than_standard_deviation': None, 'value_count': [{'value': -1}, {'value': 1}, {'value': 0}], 'time_reversal_asymmetry_statistic': [{'lag': 3}, {'lag': 2}], 'symmetry_looking': [{'r': 0.9500000000000001}, {'r': 0.9}, {'r': 0.8500000000000001}, {'r': 0.8}]}})",correlation,0.9,"('interpolate', ('spline', 2))","{'classifier__base_estimator__max_depth': 7, 'classifier__base_estimator__n_estimators': 50, 'feature_extraction__n_lags': 3, 'feature_extraction__params': ('tsfresh', {'default_fc_parameters': {'variance_larger_than_standard_deviation': None, 'value_count': [{'value': -1}, {'value': 1}, {'value': 0}], 'time_reversal_asymmetry_statistic': [{'lag': 3}, {'lag': 2}], 'symmetry_looking': [{'r': 0.9500000000000001}, {'r': 0.9}, {'r': 0.8500000000000001}, {'r': 0.8}]}}), 'feature_selection__strategy': 'correlation', 'feature_selection__threshold': 0.9, 'imputation__params': ('interpolate', ('spline', 2))}",0.5370533333333333,0.6363401091661962,0.6337221521647751,0.6565107561929595,0.5968249105040797,0.6120902522722688,0.042172848336462815,113,0.9830157415078707,0.9765421078552081,0.9708162990855297,0.964803666817704,0.9518710486859725,0.9694097727904569,0.010647008592833079
236.49777789115905,112.27618587686675,78.67631978988648,1.2878995110825706,7,50,3,"('tsfresh', {'default_fc_parameters': {'variance_larger_than_standard_deviation': None, 'value_count': [{'value': -1}, {'value': 1}, {'value': 0}], 'time_reversal_asymmetry_statistic': [{'lag': 3}, {'lag': 2}], 'symmetry_looking': [{'r': 0.9500000000000001}, {'r': 0.9}, {'r': 0.8500000000000001}, {'r': 0.8}]}})",correlation,0.9,"('ffill', None)","{'classifier__base_estimator__max_depth': 7, 'classifier__base_estimator__n_estimators': 50, 'feature_extraction__n_lags': 3, 'feature_extraction__params': ('tsfresh', {'default_fc_parameters': {'variance_larger_than_standard_deviation': None, 'value_count': [{'value': -1}, {'value': 1}, {'value': 0}], 'time_reversal_asymmetry_statistic': [{'lag': 3}, {'lag': 2}], 'symmetry_looking': [{'r': 0.9500000000000001}, {'r': 0.9}, {'r': 0.8500000000000001}, {'r': 0.8}]}}), 'feature_selection__strategy': 'correlation', 'feature_selection__threshold': 0.9, 'imputation__params': ('ffill', None)}",0.5370533333333333,0.6363401091661962,0.6337221521647751,0.6565107561929595,0.5968249105040797,0.6120902522722688,0.042172848336462815,113,0.9830157415078707,0.9765421078552081,0.9708162990855297,0.964803666817704,0.9518710486859725,0.9694097727904569,0.010647008592833079
236.1570718765259,112.1386451348616,79.10710878372193,1.342595133611139,7,50,3,"('tsfresh', {'default_fc_parameters': {'variance_larger_than_standard_deviation': None, 'value_count': [{'value': -1}, {'value': 1}, {'value': 0}], 'time_reversal_asymmetry_statistic': [{'lag': 3}, {'lag': 2}], 'symmetry_looking': [{'r': 0.9500000000000001}, {'r': 0.9}, {'r': 0.8500000000000001}, {'r': 0.8}]}})",correlation,0.95,"('interpolate', 'linear')","{'classifier__base_estimator__max_depth': 7, 'classifier__base_estimator__n_estimators': 50, 'feature_extraction__n_lags': 3, 'feature_extraction__params': ('tsfresh', {'default_fc_parameters': {'variance_larger_than_standard_deviation': None, 'value_count': [{'value': -1}, {'value': 1}, {'value': 0}], 'time_reversal_asymmetry_statistic': [{'lag': 3}, {'lag': 2}], 'symmetry_looking': [{'r': 0.9500000000000001}, {'r': 0.9}, {'r': 0.8500000000000001}, {'r': 0.8}]}}), 'feature_selection__strategy': 'correlation', 'feature_selection__threshold': 0.95, 'imputation__params': ('interpolate', 'linear')}",0.5319066666666665,0.6783949745906267,0.6299784573350148,0.6616688396349413,0.5660737897894024,0.6136045456033303,0.05605318404070381,93,0.9860650833103194,0.9773331691701551,0.9711377084454008,0.9655935306682941,0.9562773894744336,0.9712813762137206,0.010125947254005984
235.80656809806823,111.69358086283393,78.36160883903503,0.929027697734947,7,50,3,"('tsfresh', {'default_fc_parameters': {'variance_larger_than_standard_deviation': None, 'value_count': [{'value': -1}, {'value': 1}, {'value': 0}], 'time_reversal_asymmetry_statistic': [{'lag': 3}, {'lag': 2}], 'symmetry_looking': [{'r': 0.9500000000000001}, {'r': 0.9}, {'r': 0.8500000000000001}, {'r': 0.8}]}})",correlation,0.95,"('interpolate', ('polynomial', 2))","{'classifier__base_estimator__max_depth': 7, 'classifier__base_estimator__n_estimators': 50, 'feature_extraction__n_lags': 3, 'feature_extraction__params': ('tsfresh', {'default_fc_parameters': {'variance_larger_than_standard_deviation': None, 'value_count': [{'value': -1}, {'value': 1}, {'value': 0}], 'time_reversal_asymmetry_statistic': [{'lag': 3}, {'lag': 2}], 'symmetry_looking': [{'r': 0.9500000000000001}, {'r': 0.9}, {'r': 0.8500000000000001}, {'r': 0.8}]}}), 'feature_selection__strategy': 'correlation', 'feature_selection__threshold': 0.95, 'imputation__params': ('interpolate', ('polynomial', 2))}",0.5319066666666665,0.6783949745906267,0.6299784573350148,0.6616688396349413,0.5660737897894024,0.6136045456033303,0.05605318404070381,93,0.9860650833103194,0.9773331691701551,0.9711377084454008,0.9655935306682941,0.9562773894744336,0.9712813762137206,0.010125947254005984
234.44044942855834,110.34267643189938,78.46716685295105,1.24653802438452,7,50,3,"('tsfresh', {'default_fc_parameters': {'variance_larger_than_standard_deviation': None, 'value_count': [{'value': -1}, {'value': 1}, {'value': 0}], 'time_reversal_asymmetry_statistic': [{'lag': 3}, {'lag': 2}], 'symmetry_looking': [{'r': 0.9500000000000001}, {'r': 0.9}, {'r': 0.8500000000000001}, {'r': 0.8}]}})",correlation,0.95,"('interpolate', ('spline', 2))","{'classifier__base_estimator__max_depth': 7, 'classifier__base_estimator__n_estimators': 50, 'feature_extraction__n_lags': 3, 'feature_extraction__params': ('tsfresh', {'default_fc_parameters': {'variance_larger_than_standard_deviation': None, 'value_count': [{'value': -1}, {'value': 1}, {'value': 0}], 'time_reversal_asymmetry_statistic': [{'lag': 3}, {'lag': 2}], 'symmetry_looking': [{'r': 0.9500000000000001}, {'r': 0.9}, {'r': 0.8500000000000001}, {'r': 0.8}]}}), 'feature_selection__strategy': 'correlation', 'feature_selection__threshold': 0.95, 'imputation__params': ('interpolate', ('spline', 2))}",0.5319066666666665,0.6783949745906267,0.6299784573350148,0.6616688396349413,0.5660737897894024,0.6136045456033303,0.05605318404070381,93,0.9860650833103194,0.9773331691701551,0.9711377084454008,0.9655935306682941,0.9562773894744336,0.9712813762137206,0.010125947254005984
234.42321705818176,111.22435840315633,78.22938137054443,1.2800458674922326,7,50,3,"('tsfresh', {'default_fc_parameters': {'variance_larger_than_standard_deviation': None, 'value_count': [{'value': -1}, {'value': 1}, {'value': 0}], 'time_reversal_asymmetry_statistic': [{'lag': 3}, {'lag': 2}], 'symmetry_looking': [{'r': 0.9500000000000001}, {'r': 0.9}, {'r': 0.8500000000000001}, {'r': 0.8}]}})",correlation,0.95,"('ffill', None)","{'classifier__base_estimator__max_depth': 7, 'classifier__base_estimator__n_estimators': 50, 'feature_extraction__n_lags': 3, 'feature_extraction__params': ('tsfresh', {'default_fc_parameters': {'variance_larger_than_standard_deviation': None, 'value_count': [{'value': -1}, {'value': 1}, {'value': 0}], 'time_reversal_asymmetry_statistic': [{'lag': 3}, {'lag': 2}], 'symmetry_looking': [{'r': 0.9500000000000001}, {'r': 0.9}, {'r': 0.8500000000000001}, {'r': 0.8}]}}), 'feature_selection__strategy': 'correlation', 'feature_selection__threshold': 0.95, 'imputation__params': ('ffill', None)}",0.5319066666666665,0.6783949745906267,0.6299784573350148,0.6616688396349413,0.5660737897894024,0.6136045456033303,0.05605318404070381,93,0.9860650833103194,0.9773331691701551,0.9711377084454008,0.9655935306682941,0.9562773894744336,0.9712813762137206,0.010125947254005984
234.13543710708618,111.12709001306463,78.3682222366333,1.4090255684695714,7,50,3,"('tsfresh', {'default_fc_parameters': {'variance_larger_than_standard_deviation': None, 'value_count': [{'value': -1}, {'value': 1}, {'value': 0}], 'time_reversal_asymmetry_statistic': [{'lag': 3}, {'lag': 2}], 'symmetry_looking': [{'r': 0.9500000000000001}, {'r': 0.9}, {'r': 0.8500000000000001}, {'r': 0.8}]}})",pca,0.85,"('interpolate', 'linear')","{'classifier__base_estimator__max_depth': 7, 'classifier__base_estimator__n_estimators': 50, 'feature_extraction__n_lags': 3, 'feature_extraction__params': ('tsfresh', {'default_fc_parameters': {'variance_larger_than_standard_deviation': None, 'value_count': [{'value': -1}, {'value': 1}, {'value': 0}], 'time_reversal_asymmetry_statistic': [{'lag': 3}, {'lag': 2}], 'symmetry_looking': [{'r': 0.9500000000000001}, {'r': 0.9}, {'r': 0.8500000000000001}, {'r': 0.8}]}}), 'feature_selection__strategy': 'pca', 'feature_selection__threshold': 0.85, 'imputation__params': ('interpolate', 'linear')}",0.47768,0.6128011481272351,0.5305406683480454,0.529351368970013,0.6171832166930048,0.5535112804276596,0.05372362108395736,361,0.9437195065819755,0.9137527702536321,0.8846342119419043,0.8750951689615102,0.8406016007687961,0.8915606517015636,0.03501128055310319
235.2751229286194,111.13729045256535,78.6547119140625,0.8921237597044853,7,50,3,"('tsfresh', {'default_fc_parameters': {'variance_larger_than_standard_deviation': None, 'value_count': [{'value': -1}, {'value': 1}, {'value': 0}], 'time_reversal_asymmetry_statistic': [{'lag': 3}, {'lag': 2}], 'symmetry_looking': [{'r': 0.9500000000000001}, {'r': 0.9}, {'r': 0.8500000000000001}, {'r': 0.8}]}})",pca,0.85,"('interpolate', ('polynomial', 2))","{'classifier__base_estimator__max_depth': 7, 'classifier__base_estimator__n_estimators': 50, 'feature_extraction__n_lags': 3, 'feature_extraction__params': ('tsfresh', {'default_fc_parameters': {'variance_larger_than_standard_deviation': None, 'value_count': [{'value': -1}, {'value': 1}, {'value': 0}], 'time_reversal_asymmetry_statistic': [{'lag': 3}, {'lag': 2}], 'symmetry_looking': [{'r': 0.9500000000000001}, {'r': 0.9}, {'r': 0.8500000000000001}, {'r': 0.8}]}}), 'feature_selection__strategy': 'pca', 'feature_selection__threshold': 0.85, 'imputation__params': ('interpolate', ('polynomial', 2))}",0.47768,0.6128011481272351,0.5305406683480454,0.529351368970013,0.6171832166930048,0.5535112804276596,0.05372362108395736,361,0.9437195065819755,0.9137527702536321,0.8846342119419043,0.8750951689615102,0.8406016007687961,0.8915606517015636,0.03501128055310319
235.3468710899353,110.8208182360171,79.07140865325928,0.957397130161809,7,50,3,"('tsfresh', {'default_fc_parameters': {'variance_larger_than_standard_deviation': None, 'value_count': [{'value': -1}, {'value': 1}, {'value': 0}], 'time_reversal_asymmetry_statistic': [{'lag': 3}, {'lag': 2}], 'symmetry_looking': [{'r': 0.9500000000000001}, {'r': 0.9}, {'r': 0.8500000000000001}, {'r': 0.8}]}})",pca,0.85,"('interpolate', ('spline', 2))","{'classifier__base_estimator__max_depth': 7, 'classifier__base_estimator__n_estimators': 50, 'feature_extraction__n_lags': 3, 'feature_extraction__params': ('tsfresh', {'default_fc_parameters': {'variance_larger_than_standard_deviation': None, 'value_count': [{'value': -1}, {'value': 1}, {'value': 0}], 'time_reversal_asymmetry_statistic': [{'lag': 3}, {'lag': 2}], 'symmetry_looking': [{'r': 0.9500000000000001}, {'r': 0.9}, {'r': 0.8500000000000001}, {'r': 0.8}]}}), 'feature_selection__strategy': 'pca', 'feature_selection__threshold': 0.85, 'imputation__params': ('interpolate', ('spline', 2))}",0.47768,0.6128011481272351,0.5305406683480454,0.529351368970013,0.6171832166930048,0.5535112804276596,0.05372362108395736,361,0.9437195065819755,0.9137527702536321,0.8846342119419043,0.8750951689615102,0.8406016007687961,0.8915606517015636,0.03501128055310319
234.63502826690674,110.778934048697,78.70595116615296,1.6925827725241682,7,50,3,"('tsfresh', {'default_fc_parameters': {'variance_larger_than_standard_deviation': None, 'value_count': [{'value': -1}, {'value': 1}, {'value': 0}], 'time_reversal_asymmetry_statistic': [{'lag': 3}, {'lag': 2}], 'symmetry_looking': [{'r': 0.9500000000000001}, {'r': 0.9}, {'r': 0.8500000000000001}, {'r': 0.8}]}})",pca,0.85,"('ffill', None)","{'classifier__base_estimator__max_depth': 7, 'classifier__base_estimator__n_estimators': 50, 'feature_extraction__n_lags': 3, 'feature_extraction__params': ('tsfresh', {'default_fc_parameters': {'variance_larger_than_standard_deviation': None, 'value_count': [{'value': -1}, {'value': 1}, {'value': 0}], 'time_reversal_asymmetry_statistic': [{'lag': 3}, {'lag': 2}], 'symmetry_looking': [{'r': 0.9500000000000001}, {'r': 0.9}, {'r': 0.8500000000000001}, {'r': 0.8}]}}), 'feature_selection__strategy': 'pca', 'feature_selection__threshold': 0.85, 'imputation__params': ('ffill', None)}",0.47768,0.6128011481272351,0.5305406683480454,0.529351368970013,0.6171832166930048,0.5535112804276596,0.05372362108395736,361,0.9437195065819755,0.9137527702536321,0.8846342119419043,0.8750951689615102,0.8406016007687961,0.8915606517015636,0.03501128055310319
234.75267267227173,110.86680616852573,78.70125789642334,1.3806023833607877,7,50,3,"('tsfresh', {'default_fc_parameters': {'variance_larger_than_standard_deviation': None, 'value_count': [{'value': -1}, {'value': 1}, {'value': 0}], 'time_reversal_asymmetry_statistic': [{'lag': 3}, {'lag': 2}], 'symmetry_looking': [{'r': 0.9500000000000001}, {'r': 0.9}, {'r': 0.8500000000000001}, {'r': 0.8}]}})",pca,0.9,"('interpolate', 'linear')","{'classifier__base_estimator__max_depth': 7, 'classifier__base_estimator__n_estimators': 50, 'feature_extraction__n_lags': 3, 'feature_extraction__params': ('tsfresh', {'default_fc_parameters': {'variance_larger_than_standard_deviation': None, 'value_count': [{'value': -1}, {'value': 1}, {'value': 0}], 'time_reversal_asymmetry_statistic': [{'lag': 3}, {'lag': 2}], 'symmetry_looking': [{'r': 0.9500000000000001}, {'r': 0.9}, {'r': 0.8500000000000001}, {'r': 0.8}]}}), 'feature_selection__strategy': 'pca', 'feature_selection__threshold': 0.9, 'imputation__params': ('interpolate', 'linear')}",0.47768,0.6128011481272351,0.5305406683480454,0.529351368970013,0.6171832166930048,0.5535112804276596,0.05372362108395736,361,0.9437195065819755,0.9137527702536321,0.8846342119419043,0.8750951689615102,0.8406016007687961,0.8915606517015636,0.03501128055310319
233.87011494636536,110.37745643706815,78.37544164657592,1.0415272828298148,7,50,3,"('tsfresh', {'default_fc_parameters': {'variance_larger_than_standard_deviation': None, 'value_count': [{'value': -1}, {'value': 1}, {'value': 0}], 'time_reversal_asymmetry_statistic': [{'lag': 3}, {'lag': 2}], 'symmetry_looking': [{'r': 0.9500000000000001}, {'r': 0.9}, {'r': 0.8500000000000001}, {'r': 0.8}]}})",pca,0.9,"('interpolate', ('polynomial', 2))","{'classifier__base_estimator__max_depth': 7, 'classifier__base_estimator__n_estimators': 50, 'feature_extraction__n_lags': 3, 'feature_extraction__params': ('tsfresh', {'default_fc_parameters': {'variance_larger_than_standard_deviation': None, 'value_count': [{'value': -1}, {'value': 1}, {'value': 0}], 'time_reversal_asymmetry_statistic': [{'lag': 3}, {'lag': 2}], 'symmetry_looking': [{'r': 0.9500000000000001}, {'r': 0.9}, {'r': 0.8500000000000001}, {'r': 0.8}]}}), 'feature_selection__strategy': 'pca', 'feature_selection__threshold': 0.9, 'imputation__params': ('interpolate', ('polynomial', 2))}",0.47768,0.6128011481272351,0.5305406683480454,0.529351368970013,0.6171832166930048,0.5535112804276596,0.05372362108395736,361,0.9437195065819755,0.9137527702536321,0.8846342119419043,0.8750951689615102,0.8406016007687961,0.8915606517015636,0.03501128055310319
233.92707300186157,110.61191560128354,78.60812063217163,1.0205449137657128,7,50,3,"('tsfresh', {'default_fc_parameters': {'variance_larger_than_standard_deviation': None, 'value_count': [{'value': -1}, {'value': 1}, {'value': 0}], 'time_reversal_asymmetry_statistic': [{'lag': 3}, {'lag': 2}], 'symmetry_looking': [{'r': 0.9500000000000001}, {'r': 0.9}, {'r': 0.8500000000000001}, {'r': 0.8}]}})",pca,0.9,"('interpolate', ('spline', 2))","{'classifier__base_estimator__max_depth': 7, 'classifier__base_estimator__n_estimators': 50, 'feature_extraction__n_lags': 3, 'feature_extraction__params': ('tsfresh', {'default_fc_parameters': {'variance_larger_than_standard_deviation': None, 'value_count': [{'value': -1}, {'value': 1}, {'value': 0}], 'time_reversal_asymmetry_statistic': [{'lag': 3}, {'lag': 2}], 'symmetry_looking': [{'r': 0.9500000000000001}, {'r': 0.9}, {'r': 0.8500000000000001}, {'r': 0.8}]}}), 'feature_selection__strategy': 'pca', 'feature_selection__threshold': 0.9, 'imputation__params': ('interpolate', ('spline', 2))}",0.47768,0.6128011481272351,0.5305406683480454,0.529351368970013,0.6171832166930048,0.5535112804276596,0.05372362108395736,361,0.9437195065819755,0.9137527702536321,0.8846342119419043,0.8750951689615102,0.8406016007687961,0.8915606517015636,0.03501128055310319
234.5607581615448,111.28764426099198,78.77896919250489,1.0011622197688852,7,50,3,"('tsfresh', {'default_fc_parameters': {'variance_larger_than_standard_deviation': None, 'value_count': [{'value': -1}, {'value': 1}, {'value': 0}], 'time_reversal_asymmetry_statistic': [{'lag': 3}, {'lag': 2}], 'symmetry_looking': [{'r': 0.9500000000000001}, {'r': 0.9}, {'r': 0.8500000000000001}, {'r': 0.8}]}})",pca,0.9,"('ffill', None)","{'classifier__base_estimator__max_depth': 7, 'classifier__base_estimator__n_estimators': 50, 'feature_extraction__n_lags': 3, 'feature_extraction__params': ('tsfresh', {'default_fc_parameters': {'variance_larger_than_standard_deviation': None, 'value_count': [{'value': -1}, {'value': 1}, {'value': 0}], 'time_reversal_asymmetry_statistic': [{'lag': 3}, {'lag': 2}], 'symmetry_looking': [{'r': 0.9500000000000001}, {'r': 0.9}, {'r': 0.8500000000000001}, {'r': 0.8}]}}), 'feature_selection__strategy': 'pca', 'feature_selection__threshold': 0.9, 'imputation__params': ('ffill', None)}",0.47768,0.6128011481272351,0.5305406683480454,0.529351368970013,0.6171832166930048,0.5535112804276596,0.05372362108395736,361,0.9437195065819755,0.9137527702536321,0.8846342119419043,0.8750951689615102,0.8406016007687961,0.8915606517015636,0.03501128055310319
233.6347583770752,110.81770631982292,79.02082614898681,1.793939344900709,7,50,3,"('tsfresh', {'default_fc_parameters': {'variance_larger_than_standard_deviation': None, 'value_count': [{'value': -1}, {'value': 1}, {'value': 0}], 'time_reversal_asymmetry_statistic': [{'lag': 3}, {'lag': 2}], 'symmetry_looking': [{'r': 0.9500000000000001}, {'r': 0.9}, {'r': 0.8500000000000001}, {'r': 0.8}]}})",pca,0.95,"('interpolate', 'linear')","{'classifier__base_estimator__max_depth': 7, 'classifier__base_estimator__n_estimators': 50, 'feature_extraction__n_lags': 3, 'feature_extraction__params': ('tsfresh', {'default_fc_parameters': {'variance_larger_than_standard_deviation': None, 'value_count': [{'value': -1}, {'value': 1}, {'value': 0}], 'time_reversal_asymmetry_statistic': [{'lag': 3}, {'lag': 2}], 'symmetry_looking': [{'r': 0.9500000000000001}, {'r': 0.9}, {'r': 0.8500000000000001}, {'r': 0.8}]}}), 'feature_selection__strategy': 'pca', 'feature_selection__threshold': 0.95, 'imputation__params': ('interpolate', 'linear')}",0.47768,0.6128011481272351,0.5305406683480454,0.529351368970013,0.6171832166930048,0.5535112804276596,0.05372362108395736,361,0.9437195065819755,0.9137527702536321,0.8846342119419043,0.8750951689615102,0.8406016007687961,0.8915606517015636,0.03501128055310319
235.66826105117798,110.24289855209796,78.54444680213928,1.686002078217725,7,50,3,"('tsfresh', {'default_fc_parameters': {'variance_larger_than_standard_deviation': None, 'value_count': [{'value': -1}, {'value': 1}, {'value': 0}], 'time_reversal_asymmetry_statistic': [{'lag': 3}, {'lag': 2}], 'symmetry_looking': [{'r': 0.9500000000000001}, {'r': 0.9}, {'r': 0.8500000000000001}, {'r': 0.8}]}})",pca,0.95,"('interpolate', ('polynomial', 2))","{'classifier__base_estimator__max_depth': 7, 'classifier__base_estimator__n_estimators': 50, 'feature_extraction__n_lags': 3, 'feature_extraction__params': ('tsfresh', {'default_fc_parameters': {'variance_larger_than_standard_deviation': None, 'value_count': [{'value': -1}, {'value': 1}, {'value': 0}], 'time_reversal_asymmetry_statistic': [{'lag': 3}, {'lag': 2}], 'symmetry_looking': [{'r': 0.9500000000000001}, {'r': 0.9}, {'r': 0.8500000000000001}, {'r': 0.8}]}}), 'feature_selection__strategy': 'pca', 'feature_selection__threshold': 0.95, 'imputation__params': ('interpolate', ('polynomial', 2))}",0.47768,0.6128011481272351,0.5305406683480454,0.529351368970013,0.6171832166930048,0.5535112804276596,0.05372362108395736,361,0.9437195065819755,0.9137527702536321,0.8846342119419043,0.8750951689615102,0.8406016007687961,0.8915606517015636,0.03501128055310319
234.48715801239013,110.68749419682896,78.82144546508789,1.2625209424806159,7,50,3,"('tsfresh', {'default_fc_parameters': {'variance_larger_than_standard_deviation': None, 'value_count': [{'value': -1}, {'value': 1}, {'value': 0}], 'time_reversal_asymmetry_statistic': [{'lag': 3}, {'lag': 2}], 'symmetry_looking': [{'r': 0.9500000000000001}, {'r': 0.9}, {'r': 0.8500000000000001}, {'r': 0.8}]}})",pca,0.95,"('interpolate', ('spline', 2))","{'classifier__base_estimator__max_depth': 7, 'classifier__base_estimator__n_estimators': 50, 'feature_extraction__n_lags': 3, 'feature_extraction__params': ('tsfresh', {'default_fc_parameters': {'variance_larger_than_standard_deviation': None, 'value_count': [{'value': -1}, {'value': 1}, {'value': 0}], 'time_reversal_asymmetry_statistic': [{'lag': 3}, {'lag': 2}], 'symmetry_looking': [{'r': 0.9500000000000001}, {'r': 0.9}, {'r': 0.8500000000000001}, {'r': 0.8}]}}), 'feature_selection__strategy': 'pca', 'feature_selection__threshold': 0.95, 'imputation__params': ('interpolate', ('spline', 2))}",0.47768,0.6128011481272351,0.5305406683480454,0.529351368970013,0.6171832166930048,0.5535112804276596,0.05372362108395736,361,0.9437195065819755,0.9137527702536321,0.8846342119419043,0.8750951689615102,0.8406016007687961,0.8915606517015636,0.03501128055310319
246.53291244506835,129.001090236682,87.66333518028259,18.762752152539907,7,50,3,"('tsfresh', {'default_fc_parameters': {'variance_larger_than_standard_deviation': None, 'value_count': [{'value': -1}, {'value': 1}, {'value': 0}], 'time_reversal_asymmetry_statistic': [{'lag': 3}, {'lag': 2}], 'symmetry_looking': [{'r': 0.9500000000000001}, {'r': 0.9}, {'r': 0.8500000000000001}, {'r': 0.8}]}})",pca,0.95,"('ffill', None)","{'classifier__base_estimator__max_depth': 7, 'classifier__base_estimator__n_estimators': 50, 'feature_extraction__n_lags': 3, 'feature_extraction__params': ('tsfresh', {'default_fc_parameters': {'variance_larger_than_standard_deviation': None, 'value_count': [{'value': -1}, {'value': 1}, {'value': 0}], 'time_reversal_asymmetry_statistic': [{'lag': 3}, {'lag': 2}], 'symmetry_looking': [{'r': 0.9500000000000001}, {'r': 0.9}, {'r': 0.8500000000000001}, {'r': 0.8}]}}), 'feature_selection__strategy': 'pca', 'feature_selection__threshold': 0.95, 'imputation__params': ('ffill', None)}",0.47768,0.6128011481272351,0.5305406683480454,0.529351368970013,0.6171832166930048,0.5535112804276596,0.05372362108395736,361,0.9437195065819755,0.9137527702536321,0.8846342119419043,0.8750951689615102,0.8406016007687961,0.8915606517015636,0.03501128055310319
296.93745131492614,134.56189984659193,89.511226272583,11.65932161132594,7,50,5,"('tsfresh', {'default_fc_parameters': {'variance_larger_than_standard_deviation': None, 'value_count': [{'value': -1}, {'value': 1}, {'value': 0}], 'time_reversal_asymmetry_statistic': [{'lag': 3}, {'lag': 2}], 'symmetry_looking': [{'r': 0.9500000000000001}, {'r': 0.9}, {'r': 0.8500000000000001}, {'r': 0.8}]}})",correlation,0.85,"('interpolate', 'linear')","{'classifier__base_estimator__max_depth': 7, 'classifier__base_estimator__n_estimators': 50, 'feature_extraction__n_lags': 5, 'feature_extraction__params': ('tsfresh', {'default_fc_parameters': {'variance_larger_than_standard_deviation': None, 'value_count': [{'value': -1}, {'value': 1}, {'value': 0}], 'time_reversal_asymmetry_statistic': [{'lag': 3}, {'lag': 2}], 'symmetry_looking': [{'r': 0.9500000000000001}, {'r': 0.9}, {'r': 0.8500000000000001}, {'r': 0.8}]}}), 'feature_selection__strategy': 'correlation', 'feature_selection__threshold': 0.85, 'imputation__params': ('interpolate', 'linear')}",0.5625199362041468,0.5380385487528344,0.6355190224237843,0.6469453763786489,0.5737471114962449,0.591353999051132,0.04248504073864555,277,0.9998611496806442,0.9968870156758355,0.9871994858478988,0.9853427118293242,0.9770801050275482,0.9892740936122502,0.008227945749024055
225.24269504547118,100.390600400516,74.94534969329834,1.6419556332831249,7,50,5,"('tsfresh', {'default_fc_parameters': {'variance_larger_than_standard_deviation': None, 'value_count': [{'value': -1}, {'value': 1}, {'value': 0}], 'time_reversal_asymmetry_statistic': [{'lag': 3}, {'lag': 2}], 'symmetry_looking': [{'r': 0.9500000000000001}, {'r': 0.9}, {'r': 0.8500000000000001}, {'r': 0.8}]}})",correlation,0.85,"('interpolate', ('polynomial', 2))","{'classifier__base_estimator__max_depth': 7, 'classifier__base_estimator__n_estimators': 50, 'feature_extraction__n_lags': 5, 'feature_extraction__params': ('tsfresh', {'default_fc_parameters': {'variance_larger_than_standard_deviation': None, 'value_count': [{'value': -1}, {'value': 1}, {'value': 0}], 'time_reversal_asymmetry_statistic': [{'lag': 3}, {'lag': 2}], 'symmetry_looking': [{'r': 0.9500000000000001}, {'r': 0.9}, {'r': 0.8500000000000001}, {'r': 0.8}]}}), 'feature_selection__strategy': 'correlation', 'feature_selection__threshold': 0.85, 'imputation__params': ('interpolate', ('polynomial', 2))}",0.5625199362041468,0.5380385487528344,0.6355190224237843,0.6469453763786489,0.5737471114962449,0.591353999051132,0.04248504073864555,277,0.9998611496806442,0.9968870156758355,0.9871994858478988,0.9853427118293242,0.9770801050275482,0.9892740936122502,0.008227945749024055
220.27854471206666,104.67518442411534,74.40420546531678,2.732245492430562,7,50,5,"('tsfresh', {'default_fc_parameters': {'variance_larger_than_standard_deviation': None, 'value_count': [{'value': -1}, {'value': 1}, {'value': 0}], 'time_reversal_asymmetry_statistic': [{'lag': 3}, {'lag': 2}], 'symmetry_looking': [{'r': 0.9500000000000001}, {'r': 0.9}, {'r': 0.8500000000000001}, {'r': 0.8}]}})",correlation,0.85,"('interpolate', ('spline', 2))","{'classifier__base_estimator__max_depth': 7, 'classifier__base_estimator__n_estimators': 50, 'feature_extraction__n_lags': 5, 'feature_extraction__params': ('tsfresh', {'default_fc_parameters': {'variance_larger_than_standard_deviation': None, 'value_count': [{'value': -1}, {'value': 1}, {'value': 0}], 'time_reversal_asymmetry_statistic': [{'lag': 3}, {'lag': 2}], 'symmetry_looking': [{'r': 0.9500000000000001}, {'r': 0.9}, {'r': 0.8500000000000001}, {'r': 0.8}]}}), 'feature_selection__strategy': 'correlation', 'feature_selection__threshold': 0.85, 'imputation__params': ('interpolate', ('spline', 2))}",0.5625199362041468,0.5380385487528344,0.6355190224237843,0.6469453763786489,0.5737471114962449,0.591353999051132,0.04248504073864555,277,0.9998611496806442,0.9968870156758355,0.9871994858478988,0.9853427118293242,0.9770801050275482,0.9892740936122502,0.008227945749024055
223.6892108440399,106.69518488043171,75.5491488456726,2.132979494889871,7,50,5,"('tsfresh', {'default_fc_parameters': {'variance_larger_than_standard_deviation': None, 'value_count': [{'value': -1}, {'value': 1}, {'value': 0}], 'time_reversal_asymmetry_statistic': [{'lag': 3}, {'lag': 2}], 'symmetry_looking': [{'r': 0.9500000000000001}, {'r': 0.9}, {'r': 0.8500000000000001}, {'r': 0.8}]}})",correlation,0.85,"('ffill', None)","{'classifier__base_estimator__max_depth': 7, 'classifier__base_estimator__n_estimators': 50, 'feature_extraction__n_lags': 5, 'feature_extraction__params': ('tsfresh', {'default_fc_parameters': {'variance_larger_than_standard_deviation': None, 'value_count': [{'value': -1}, {'value': 1}, {'value': 0}], 'time_reversal_asymmetry_statistic': [{'lag': 3}, {'lag': 2}], 'symmetry_looking': [{'r': 0.9500000000000001}, {'r': 0.9}, {'r': 0.8500000000000001}, {'r': 0.8}]}}), 'feature_selection__strategy': 'correlation', 'feature_selection__threshold': 0.85, 'imputation__params': ('ffill', None)}",0.5625199362041468,0.5380385487528344,0.6355190224237843,0.6469453763786489,0.5737471114962449,0.591353999051132,0.04248504073864555,277,0.9998611496806442,0.9968870156758355,0.9871994858478988,0.9853427118293242,0.9770801050275482,0.9892740936122502,0.008227945749024055
219.93199439048766,103.19738989422953,73.92607164382935,1.4492407017414806,7,50,5,"('tsfresh', {'default_fc_parameters': {'variance_larger_than_standard_deviation': None, 'value_count': [{'value': -1}, {'value': 1}, {'value': 0}], 'time_reversal_asymmetry_statistic': [{'lag': 3}, {'lag': 2}], 'symmetry_looking': [{'r': 0.9500000000000001}, {'r': 0.9}, {'r': 0.8500000000000001}, {'r': 0.8}]}})",correlation,0.9,"('interpolate', 'linear')","{'classifier__base_estimator__max_depth': 7, 'classifier__base_estimator__n_estimators': 50, 'feature_extraction__n_lags': 5, 'feature_extraction__params': ('tsfresh', {'default_fc_parameters': {'variance_larger_than_standard_deviation': None, 'value_count': [{'value': -1}, {'value': 1}, {'value': 0}], 'time_reversal_asymmetry_statistic': [{'lag': 3}, {'lag': 2}], 'symmetry_looking': [{'r': 0.9500000000000001}, {'r': 0.9}, {'r': 0.8500000000000001}, {'r': 0.8}]}}), 'feature_selection__strategy': 'correlation', 'feature_selection__threshold': 0.9, 'imputation__params': ('interpolate', 'linear')}",0.5799681020733652,0.5221797052154193,0.6463529856387,0.636257709383852,0.58678148469093,0.5943079974004533,0.04457180871649125,257,1.0,0.9975081336882579,0.9886043612499839,0.9843780031639489,0.969734633264463,0.9880450262733307,0.010784268218027991
218.30741925239562,103.48326382446936,73.76958689689636,2.061596076459806,7,50,5,"('tsfresh', {'default_fc_parameters': {'variance_larger_than_standard_deviation': None, 'value_count': [{'value': -1}, {'value': 1}, {'value': 0}], 'time_reversal_asymmetry_statistic': [{'lag': 3}, {'lag': 2}], 'symmetry_looking': [{'r': 0.9500000000000001}, {'r': 0.9}, {'r': 0.8500000000000001}, {'r': 0.8}]}})",correlation,0.9,"('interpolate', ('polynomial', 2))","{'classifier__base_estimator__max_depth': 7, 'classifier__base_estimator__n_estimators': 50, 'feature_extraction__n_lags': 5, 'feature_extraction__params': ('tsfresh', {'default_fc_parameters': {'variance_larger_than_standard_deviation': None, 'value_count': [{'value': -1}, {'value': 1}, {'value': 0}], 'time_reversal_asymmetry_statistic': [{'lag': 3}, {'lag': 2}], 'symmetry_looking': [{'r': 0.9500000000000001}, {'r': 0.9}, {'r': 0.8500000000000001}, {'r': 0.8}]}}), 'feature_selection__strategy': 'correlation', 'feature_selection__threshold': 0.9, 'imputation__params': ('interpolate', ('polynomial', 2))}",0.5799681020733652,0.5221797052154193,0.6463529856387,0.636257709383852,0.58678148469093,0.5943079974004533,0.04457180871649125,257,1.0,0.9975081336882579,0.9886043612499839,0.9843780031639489,0.969734633264463,0.9880450262733307,0.010784268218027991
219.31803312301636,105.14619359495188,74.49701137542725,3.902495387976294,7,50,5,"('tsfresh', {'default_fc_parameters': {'variance_larger_than_standard_deviation': None, 'value_count': [{'value': -1}, {'value': 1}, {'value': 0}], 'time_reversal_asymmetry_statistic': [{'lag': 3}, {'lag': 2}], 'symmetry_looking': [{'r': 0.9500000000000001}, {'r': 0.9}, {'r': 0.8500000000000001}, {'r': 0.8}]}})",correlation,0.9,"('interpolate', ('spline', 2))","{'classifier__base_estimator__max_depth': 7, 'classifier__base_estimator__n_estimators': 50, 'feature_extraction__n_lags': 5, 'feature_extraction__params': ('tsfresh', {'default_fc_parameters': {'variance_larger_than_standard_deviation': None, 'value_count': [{'value': -1}, {'value': 1}, {'value': 0}], 'time_reversal_asymmetry_statistic': [{'lag': 3}, {'lag': 2}], 'symmetry_looking': [{'r': 0.9500000000000001}, {'r': 0.9}, {'r': 0.8500000000000001}, {'r': 0.8}]}}), 'feature_selection__strategy': 'correlation', 'feature_selection__threshold': 0.9, 'imputation__params': ('interpolate', ('spline', 2))}",0.5799681020733652,0.5221797052154193,0.6463529856387,0.636257709383852,0.58678148469093,0.5943079974004533,0.04457180871649125,257,1.0,0.9975081336882579,0.9886043612499839,0.9843780031639489,0.969734633264463,0.9880450262733307,0.010784268218027991
220.87463536262513,99.7865273116242,72.5033275127411,2.0870583679180528,7,50,5,"('tsfresh', {'default_fc_parameters': {'variance_larger_than_standard_deviation': None, 'value_count': [{'value': -1}, {'value': 1}, {'value': 0}], 'time_reversal_asymmetry_statistic': [{'lag': 3}, {'lag': 2}], 'symmetry_looking': [{'r': 0.9500000000000001}, {'r': 0.9}, {'r': 0.8500000000000001}, {'r': 0.8}]}})",correlation,0.9,"('ffill', None)","{'classifier__base_estimator__max_depth': 7, 'classifier__base_estimator__n_estimators': 50, 'feature_extraction__n_lags': 5, 'feature_extraction__params': ('tsfresh', {'default_fc_parameters': {'variance_larger_than_standard_deviation': None, 'value_count': [{'value': -1}, {'value': 1}, {'value': 0}], 'time_reversal_asymmetry_statistic': [{'lag': 3}, {'lag': 2}], 'symmetry_looking': [{'r': 0.9500000000000001}, {'r': 0.9}, {'r': 0.8500000000000001}, {'r': 0.8}]}}), 'feature_selection__strategy': 'correlation', 'feature_selection__threshold': 0.9, 'imputation__params': ('ffill', None)}",0.5799681020733652,0.5221797052154193,0.6463529856387,0.636257709383852,0.58678148469093,0.5943079974004533,0.04457180871649125,257,1.0,0.9975081336882579,0.9886043612499839,0.9843780031639489,0.969734633264463,0.9880450262733307,0.010784268218027991
215.6325795173645,102.3969484793816,72.73906750679016,1.3964081195556581,7,50,5,"('tsfresh', {'default_fc_parameters': {'variance_larger_than_standard_deviation': None, 'value_count': [{'value': -1}, {'value': 1}, {'value': 0}], 'time_reversal_asymmetry_statistic': [{'lag': 3}, {'lag': 2}], 'symmetry_looking': [{'r': 0.9500000000000001}, {'r': 0.9}, {'r': 0.8500000000000001}, {'r': 0.8}]}})",correlation,0.95,"('interpolate', 'linear')","{'classifier__base_estimator__max_depth': 7, 'classifier__base_estimator__n_estimators': 50, 'feature_extraction__n_lags': 5, 'feature_extraction__params': ('tsfresh', {'default_fc_parameters': {'variance_larger_than_standard_deviation': None, 'value_count': [{'value': -1}, {'value': 1}, {'value': 0}], 'time_reversal_asymmetry_statistic': [{'lag': 3}, {'lag': 2}], 'symmetry_looking': [{'r': 0.9500000000000001}, {'r': 0.9}, {'r': 0.8500000000000001}, {'r': 0.8}]}}), 'feature_selection__strategy': 'correlation', 'feature_selection__threshold': 0.95, 'imputation__params': ('interpolate', 'linear')}",0.5346570972886763,0.629563492063492,0.6781305114638448,0.6390702533298512,0.575516320046216,0.6113875348384161,0.05044923656546062,121,0.9999444598722577,0.996502514049098,0.9887723003785089,0.9831148262045922,0.9740724001377411,0.9884813001284396,0.009297784967787541
215.37657585144044,102.50210348551303,72.77007994651794,1.8953469105846104,7,50,5,"('tsfresh', {'default_fc_parameters': {'variance_larger_than_standard_deviation': None, 'value_count': [{'value': -1}, {'value': 1}, {'value': 0}], 'time_reversal_asymmetry_statistic': [{'lag': 3}, {'lag': 2}], 'symmetry_looking': [{'r': 0.9500000000000001}, {'r': 0.9}, {'r': 0.8500000000000001}, {'r': 0.8}]}})",correlation,0.95,"('interpolate', ('polynomial', 2))","{'classifier__base_estimator__max_depth': 7, 'classifier__base_estimator__n_estimators': 50, 'feature_extraction__n_lags': 5, 'feature_extraction__params': ('tsfresh', {'default_fc_parameters': {'variance_larger_than_standard_deviation': None, 'value_count': [{'value': -1}, {'value': 1}, {'value': 0}], 'time_reversal_asymmetry_statistic': [{'lag': 3}, {'lag': 2}], 'symmetry_looking': [{'r': 0.9500000000000001}, {'r': 0.9}, {'r': 0.8500000000000001}, {'r': 0.8}]}}), 'feature_selection__strategy': 'correlation', 'feature_selection__threshold': 0.95, 'imputation__params': ('interpolate', ('polynomial', 2))}",0.5346570972886763,0.629563492063492,0.6781305114638448,0.6390702533298512,0.575516320046216,0.6113875348384161,0.05044923656546062,121,0.9999444598722577,0.996502514049098,0.9887723003785089,0.9831148262045922,0.9740724001377411,0.9884813001284396,0.009297784967787541
221.05374054908754,108.15331063629716,74.49201359748841,4.1127259163565375,7,50,5,"('tsfresh', {'default_fc_parameters': {'variance_larger_than_standard_deviation': None, 'value_count': [{'value': -1}, {'value': 1}, {'value': 0}], 'time_reversal_asymmetry_statistic': [{'lag': 3}, {'lag': 2}], 'symmetry_looking': [{'r': 0.9500000000000001}, {'r': 0.9}, {'r': 0.8500000000000001}, {'r': 0.8}]}})",correlation,0.95,"('interpolate', ('spline', 2))","{'classifier__base_estimator__max_depth': 7, 'classifier__base_estimator__n_estimators': 50, 'feature_extraction__n_lags': 5, 'feature_extraction__params': ('tsfresh', {'default_fc_parameters': {'variance_larger_than_standard_deviation': None, 'value_count': [{'value': -1}, {'value': 1}, {'value': 0}], 'time_reversal_asymmetry_statistic': [{'lag': 3}, {'lag': 2}], 'symmetry_looking': [{'r': 0.9500000000000001}, {'r': 0.9}, {'r': 0.8500000000000001}, {'r': 0.8}]}}), 'feature_selection__strategy': 'correlation', 'feature_selection__threshold': 0.95, 'imputation__params': ('interpolate', ('spline', 2))}",0.5346570972886763,0.629563492063492,0.6781305114638448,0.6390702533298512,0.575516320046216,0.6113875348384161,0.05044923656546062,121,0.9999444598722577,0.996502514049098,0.9887723003785089,0.9831148262045922,0.9740724001377411,0.9884813001284396,0.009297784967787541
215.92488279342652,101.88847476465568,72.8556121826172,2.8343294635512124,7,50,5,"('tsfresh', {'default_fc_parameters': {'variance_larger_than_standard_deviation': None, 'value_count': [{'value': -1}, {'value': 1}, {'value': 0}], 'time_reversal_asymmetry_statistic': [{'lag': 3}, {'lag': 2}], 'symmetry_looking': [{'r': 0.9500000000000001}, {'r': 0.9}, {'r': 0.8500000000000001}, {'r': 0.8}]}})",correlation,0.95,"('ffill', None)","{'classifier__base_estimator__max_depth': 7, 'classifier__base_estimator__n_estimators': 50, 'feature_extraction__n_lags': 5, 'feature_extraction__params': ('tsfresh', {'default_fc_parameters': {'variance_larger_than_standard_deviation': None, 'value_count': [{'value': -1}, {'value': 1}, {'value': 0}], 'time_reversal_asymmetry_statistic': [{'lag': 3}, {'lag': 2}], 'symmetry_looking': [{'r': 0.9500000000000001}, {'r': 0.9}, {'r': 0.8500000000000001}, {'r': 0.8}]}}), 'feature_selection__strategy': 'correlation', 'feature_selection__threshold': 0.95, 'imputation__params': ('ffill', None)}",0.5346570972886763,0.629563492063492,0.6781305114638448,0.6390702533298512,0.575516320046216,0.6113875348384161,0.05044923656546062,121,0.9999444598722577,0.996502514049098,0.9887723003785089,0.9831148262045922,0.9740724001377411,0.9884813001284396,0.009297784967787541
216.7005424976349,102.66006675711891,72.98010878562927,1.6306115155486656,7,50,5,"('tsfresh', {'default_fc_parameters': {'variance_larger_than_standard_deviation': None, 'value_count': [{'value': -1}, {'value': 1}, {'value': 0}], 'time_reversal_asymmetry_statistic': [{'lag': 3}, {'lag': 2}], 'symmetry_looking': [{'r': 0.9500000000000001}, {'r': 0.9}, {'r': 0.8500000000000001}, {'r': 0.8}]}})",pca,0.85,"('interpolate', 'linear')","{'classifier__base_estimator__max_depth': 7, 'classifier__base_estimator__n_estimators': 50, 'feature_extraction__n_lags': 5, 'feature_extraction__params': ('tsfresh', {'default_fc_parameters': {'variance_larger_than_standard_deviation': None, 'value_count': [{'value': -1}, {'value': 1}, {'value': 0}], 'time_reversal_asymmetry_statistic': [{'lag': 3}, {'lag': 2}], 'symmetry_looking': [{'r': 0.9500000000000001}, {'r': 0.9}, {'r': 0.8500000000000001}, {'r': 0.8}]}}), 'feature_selection__strategy': 'pca', 'feature_selection__threshold': 0.85, 'imputation__params': ('interpolate', 'linear')}",0.49663476874003193,0.5785289115646258,0.5047083648274124,0.5108885629909397,0.5457376516464472,0.5272996519538914,0.030608567527498843,505,0.8588308803110247,0.8284309375924283,0.7985198749499411,0.7610193015657111,0.7359068310950414,0.7965415651028293,0.04436035786991165
215.1418662071228,102.17786172175694,73.2571563243866,4.073849773121898,7,50,5,"('tsfresh', {'default_fc_parameters': {'variance_larger_than_standard_deviation': None, 'value_count': [{'value': -1}, {'value': 1}, {'value': 0}], 'time_reversal_asymmetry_statistic': [{'lag': 3}, {'lag': 2}], 'symmetry_looking': [{'r': 0.9500000000000001}, {'r': 0.9}, {'r': 0.8500000000000001}, {'r': 0.8}]}})",pca,0.85,"('interpolate', ('polynomial', 2))","{'classifier__base_estimator__max_depth': 7, 'classifier__base_estimator__n_estimators': 50, 'feature_extraction__n_lags': 5, 'feature_extraction__params': ('tsfresh', {'default_fc_parameters': {'variance_larger_than_standard_deviation': None, 'value_count': [{'value': -1}, {'value': 1}, {'value': 0}], 'time_reversal_asymmetry_statistic': [{'lag': 3}, {'lag': 2}], 'symmetry_looking': [{'r': 0.9500000000000001}, {'r': 0.9}, {'r': 0.8500000000000001}, {'r': 0.8}]}}), 'feature_selection__strategy': 'pca', 'feature_selection__threshold': 0.85, 'imputation__params': ('interpolate', ('polynomial', 2))}",0.49663476874003193,0.5785289115646258,0.5047083648274124,0.5108885629909397,0.5457376516464472,0.5272996519538914,0.030608567527498843,505,0.8588308803110247,0.8284309375924283,0.7985198749499411,0.7610193015657111,0.7359068310950414,0.7965415651028293,0.04436035786991165
219.1495192527771,102.18364247005199,72.31325335502625,1.9294667981362108,7,50,5,"('tsfresh', {'default_fc_parameters': {'variance_larger_than_standard_deviation': None, 'value_count': [{'value': -1}, {'value': 1}, {'value': 0}], 'time_reversal_asymmetry_statistic': [{'lag': 3}, {'lag': 2}], 'symmetry_looking': [{'r': 0.9500000000000001}, {'r': 0.9}, {'r': 0.8500000000000001}, {'r': 0.8}]}})",pca,0.85,"('interpolate', ('spline', 2))","{'classifier__base_estimator__max_depth': 7, 'classifier__base_estimator__n_estimators': 50, 'feature_extraction__n_lags': 5, 'feature_extraction__params': ('tsfresh', {'default_fc_parameters': {'variance_larger_than_standard_deviation': None, 'value_count': [{'value': -1}, {'value': 1}, {'value': 0}], 'time_reversal_asymmetry_statistic': [{'lag': 3}, {'lag': 2}], 'symmetry_looking': [{'r': 0.9500000000000001}, {'r': 0.9}, {'r': 0.8500000000000001}, {'r': 0.8}]}}), 'feature_selection__strategy': 'pca', 'feature_selection__threshold': 0.85, 'imputation__params': ('interpolate', ('spline', 2))}",0.49663476874003193,0.5785289115646258,0.5047083648274124,0.5108885629909397,0.5457376516464472,0.5272996519538914,0.030608567527498843,505,0.8588308803110247,0.8284309375924283,0.7985198749499411,0.7610193015657111,0.7359068310950414,0.7965415651028293,0.04436035786991165
214.7604522705078,102.03591633065768,73.34360437393188,1.5472020934391686,7,50,5,"('tsfresh', {'default_fc_parameters': {'variance_larger_than_standard_deviation': None, 'value_count': [{'value': -1}, {'value': 1}, {'value': 0}], 'time_reversal_asymmetry_statistic': [{'lag': 3}, {'lag': 2}], 'symmetry_looking': [{'r': 0.9500000000000001}, {'r': 0.9}, {'r': 0.8500000000000001}, {'r': 0.8}]}})",pca,0.85,"('ffill', None)","{'classifier__base_estimator__max_depth': 7, 'classifier__base_estimator__n_estimators': 50, 'feature_extraction__n_lags': 5, 'feature_extraction__params': ('tsfresh', {'default_fc_parameters': {'variance_larger_than_standard_deviation': None, 'value_count': [{'value': -1}, {'value': 1}, {'value': 0}], 'time_reversal_asymmetry_statistic': [{'lag': 3}, {'lag': 2}], 'symmetry_looking': [{'r': 0.9500000000000001}, {'r': 0.9}, {'r': 0.8500000000000001}, {'r': 0.8}]}}), 'feature_selection__strategy': 'pca', 'feature_selection__threshold': 0.85, 'imputation__params': ('ffill', None)}",0.49663476874003193,0.5785289115646258,0.5047083648274124,0.5108885629909397,0.5457376516464472,0.5272996519538914,0.030608567527498843,505,0.8588308803110247,0.8284309375924283,0.7985198749499411,0.7610193015657111,0.7359068310950414,0.7965415651028293,0.04436035786991165
216.3952512741089,103.08535745377219,72.45816459655762,2.087739405880858,7,50,5,"('tsfresh', {'default_fc_parameters': {'variance_larger_than_standard_deviation': None, 'value_count': [{'value': -1}, {'value': 1}, {'value': 0}], 'time_reversal_asymmetry_statistic': [{'lag': 3}, {'lag': 2}], 'symmetry_looking': [{'r': 0.9500000000000001}, {'r': 0.9}, {'r': 0.8500000000000001}, {'r': 0.8}]}})",pca,0.9,"('interpolate', 'linear')","{'classifier__base_estimator__max_depth': 7, 'classifier__base_estimator__n_estimators': 50, 'feature_extraction__n_lags': 5, 'feature_extraction__params': ('tsfresh', {'default_fc_parameters': {'variance_larger_than_standard_deviation': None, 'value_count': [{'value': -1}, {'value': 1}, {'value': 0}], 'time_reversal_asymmetry_statistic': [{'lag': 3}, {'lag': 2}], 'symmetry_looking': [{'r': 0.9500000000000001}, {'r': 0.9}, {'r': 0.8500000000000001}, {'r': 0.8}]}}), 'feature_selection__strategy': 'pca', 'feature_selection__threshold': 0.9, 'imputation__params': ('interpolate', 'linear')}",0.49663476874003193,0.5785289115646258,0.5047083648274124,0.5108885629909397,0.5457376516464472,0.5272996519538914,0.030608567527498843,505,0.8588308803110247,0.8284309375924283,0.7985198749499411,0.7610193015657111,0.7359068310950414,0.7965415651028293,0.04436035786991165
215.84209895133972,102.15844814045667,72.40155372619628,2.0297468431693537,7,50,5,"('tsfresh', {'default_fc_parameters': {'variance_larger_than_standard_deviation': None, 'value_count': [{'value': -1}, {'value': 1}, {'value': 0}], 'time_reversal_asymmetry_statistic': [{'lag': 3}, {'lag': 2}], 'symmetry_looking': [{'r': 0.9500000000000001}, {'r': 0.9}, {'r': 0.8500000000000001}, {'r': 0.8}]}})",pca,0.9,"('interpolate', ('polynomial', 2))","{'classifier__base_estimator__max_depth': 7, 'classifier__base_estimator__n_estimators': 50, 'feature_extraction__n_lags': 5, 'feature_extraction__params': ('tsfresh', {'default_fc_parameters': {'variance_larger_than_standard_deviation': None, 'value_count': [{'value': -1}, {'value': 1}, {'value': 0}], 'time_reversal_asymmetry_statistic': [{'lag': 3}, {'lag': 2}], 'symmetry_looking': [{'r': 0.9500000000000001}, {'r': 0.9}, {'r': 0.8500000000000001}, {'r': 0.8}]}}), 'feature_selection__strategy': 'pca', 'feature_selection__threshold': 0.9, 'imputation__params': ('interpolate', ('polynomial', 2))}",0.49663476874003193,0.5785289115646258,0.5047083648274124,0.5108885629909397,0.5457376516464472,0.5272996519538914,0.030608567527498843,505,0.8588308803110247,0.8284309375924283,0.7985198749499411,0.7610193015657111,0.7359068310950414,0.7965415651028293,0.04436035786991165
215.2427218914032,101.9430347929615,72.35471892356873,2.32584361323299,7,50,5,"('tsfresh', {'default_fc_parameters': {'variance_larger_than_standard_deviation': None, 'value_count': [{'value': -1}, {'value': 1}, {'value': 0}], 'time_reversal_asymmetry_statistic': [{'lag': 3}, {'lag': 2}], 'symmetry_looking': [{'r': 0.9500000000000001}, {'r': 0.9}, {'r': 0.8500000000000001}, {'r': 0.8}]}})",pca,0.9,"('interpolate', ('spline', 2))","{'classifier__base_estimator__max_depth': 7, 'classifier__base_estimator__n_estimators': 50, 'feature_extraction__n_lags': 5, 'feature_extraction__params': ('tsfresh', {'default_fc_parameters': {'variance_larger_than_standard_deviation': None, 'value_count': [{'value': -1}, {'value': 1}, {'value': 0}], 'time_reversal_asymmetry_statistic': [{'lag': 3}, {'lag': 2}], 'symmetry_looking': [{'r': 0.9500000000000001}, {'r': 0.9}, {'r': 0.8500000000000001}, {'r': 0.8}]}}), 'feature_selection__strategy': 'pca', 'feature_selection__threshold': 0.9, 'imputation__params': ('interpolate', ('spline', 2))}",0.49663476874003193,0.5785289115646258,0.5047083648274124,0.5108885629909397,0.5457376516464472,0.5272996519538914,0.030608567527498843,505,0.8588308803110247,0.8284309375924283,0.7985198749499411,0.7610193015657111,0.7359068310950414,0.7965415651028293,0.04436035786991165
215.98250699043274,102.12374895428971,73.02787590026855,1.235920964183488,7,50,5,"('tsfresh', {'default_fc_parameters': {'variance_larger_than_standard_deviation': None, 'value_count': [{'value': -1}, {'value': 1}, {'value': 0}], 'time_reversal_asymmetry_statistic': [{'lag': 3}, {'lag': 2}], 'symmetry_looking': [{'r': 0.9500000000000001}, {'r': 0.9}, {'r': 0.8500000000000001}, {'r': 0.8}]}})",pca,0.9,"('ffill', None)","{'classifier__base_estimator__max_depth': 7, 'classifier__base_estimator__n_estimators': 50, 'feature_extraction__n_lags': 5, 'feature_extraction__params': ('tsfresh', {'default_fc_parameters': {'variance_larger_than_standard_deviation': None, 'value_count': [{'value': -1}, {'value': 1}, {'value': 0}], 'time_reversal_asymmetry_statistic': [{'lag': 3}, {'lag': 2}], 'symmetry_looking': [{'r': 0.9500000000000001}, {'r': 0.9}, {'r': 0.8500000000000001}, {'r': 0.8}]}}), 'feature_selection__strategy': 'pca', 'feature_selection__threshold': 0.9, 'imputation__params': ('ffill', None)}",0.49663476874003193,0.5785289115646258,0.5047083648274124,0.5108885629909397,0.5457376516464472,0.5272996519538914,0.030608567527498843,505,0.8588308803110247,0.8284309375924283,0.7985198749499411,0.7610193015657111,0.7359068310950414,0.7965415651028293,0.04436035786991165
214.6214910507202,102.57149557859202,72.13783650398254,2.0448422785000595,7,50,5,"('tsfresh', {'default_fc_parameters': {'variance_larger_than_standard_deviation': None, 'value_count': [{'value': -1}, {'value': 1}, {'value': 0}], 'time_reversal_asymmetry_statistic': [{'lag': 3}, {'lag': 2}], 'symmetry_looking': [{'r': 0.9500000000000001}, {'r': 0.9}, {'r': 0.8500000000000001}, {'r': 0.8}]}})",pca,0.95,"('interpolate', 'linear')","{'classifier__base_estimator__max_depth': 7, 'classifier__base_estimator__n_estimators': 50, 'feature_extraction__n_lags': 5, 'feature_extraction__params': ('tsfresh', {'default_fc_parameters': {'variance_larger_than_standard_deviation': None, 'value_count': [{'value': -1}, {'value': 1}, {'value': 0}], 'time_reversal_asymmetry_statistic': [{'lag': 3}, {'lag': 2}], 'symmetry_looking': [{'r': 0.9500000000000001}, {'r': 0.9}, {'r': 0.8500000000000001}, {'r': 0.8}]}}), 'feature_selection__strategy': 'pca', 'feature_selection__threshold': 0.95, 'imputation__params': ('interpolate', 'linear')}",0.49663476874003193,0.5785289115646258,0.5047083648274124,0.5108885629909397,0.5457376516464472,0.5272996519538914,0.030608567527498843,505,0.8588308803110247,0.8284309375924283,0.7985198749499411,0.7610193015657111,0.7359068310950414,0.7965415651028293,0.04436035786991165
216.64495439529418,102.42487666281144,72.91149144172668,1.5323251184597897,7,50,5,"('tsfresh', {'default_fc_parameters': {'variance_larger_than_standard_deviation': None, 'value_count': [{'value': -1}, {'value': 1}, {'value': 0}], 'time_reversal_asymmetry_statistic': [{'lag': 3}, {'lag': 2}], 'symmetry_looking': [{'r': 0.9500000000000001}, {'r': 0.9}, {'r': 0.8500000000000001}, {'r': 0.8}]}})",pca,0.95,"('interpolate', ('polynomial', 2))","{'classifier__base_estimator__max_depth': 7, 'classifier__base_estimator__n_estimators': 50, 'feature_extraction__n_lags': 5, 'feature_extraction__params': ('tsfresh', {'default_fc_parameters': {'variance_larger_than_standard_deviation': None, 'value_count': [{'value': -1}, {'value': 1}, {'value': 0}], 'time_reversal_asymmetry_statistic': [{'lag': 3}, {'lag': 2}], 'symmetry_looking': [{'r': 0.9500000000000001}, {'r': 0.9}, {'r': 0.8500000000000001}, {'r': 0.8}]}}), 'feature_selection__strategy': 'pca', 'feature_selection__threshold': 0.95, 'imputation__params': ('interpolate', ('polynomial', 2))}",0.49663476874003193,0.5785289115646258,0.5047083648274124,0.5108885629909397,0.5457376516464472,0.5272996519538914,0.030608567527498843,505,0.8588308803110247,0.8284309375924283,0.7985198749499411,0.7610193015657111,0.7359068310950414,0.7965415651028293,0.04436035786991165
215.0945527076721,102.10771451906338,72.97479786872864,2.0684503997061654,7,50,5,"('tsfresh', {'default_fc_parameters': {'variance_larger_than_standard_deviation': None, 'value_count': [{'value': -1}, {'value': 1}, {'value': 0}], 'time_reversal_asymmetry_statistic': [{'lag': 3}, {'lag': 2}], 'symmetry_looking': [{'r': 0.9500000000000001}, {'r': 0.9}, {'r': 0.8500000000000001}, {'r': 0.8}]}})",pca,0.95,"('interpolate', ('spline', 2))","{'classifier__base_estimator__max_depth': 7, 'classifier__base_estimator__n_estimators': 50, 'feature_extraction__n_lags': 5, 'feature_extraction__params': ('tsfresh', {'default_fc_parameters': {'variance_larger_than_standard_deviation': None, 'value_count': [{'value': -1}, {'value': 1}, {'value': 0}], 'time_reversal_asymmetry_statistic': [{'lag': 3}, {'lag': 2}], 'symmetry_looking': [{'r': 0.9500000000000001}, {'r': 0.9}, {'r': 0.8500000000000001}, {'r': 0.8}]}}), 'feature_selection__strategy': 'pca', 'feature_selection__threshold': 0.95, 'imputation__params': ('interpolate', ('spline', 2))}",0.49663476874003193,0.5785289115646258,0.5047083648274124,0.5108885629909397,0.5457376516464472,0.5272996519538914,0.030608567527498843,505,0.8588308803110247,0.8284309375924283,0.7985198749499411,0.7610193015657111,0.7359068310950414,0.7965415651028293,0.04436035786991165
214.9195122718811,101.11536262562335,72.42459650039673,2.0712118347725363,7,50,5,"('tsfresh', {'default_fc_parameters': {'variance_larger_than_standard_deviation': None, 'value_count': [{'value': -1}, {'value': 1}, {'value': 0}], 'time_reversal_asymmetry_statistic': [{'lag': 3}, {'lag': 2}], 'symmetry_looking': [{'r': 0.9500000000000001}, {'r': 0.9}, {'r': 0.8500000000000001}, {'r': 0.8}]}})",pca,0.95,"('ffill', None)","{'classifier__base_estimator__max_depth': 7, 'classifier__base_estimator__n_estimators': 50, 'feature_extraction__n_lags': 5, 'feature_extraction__params': ('tsfresh', {'default_fc_parameters': {'variance_larger_than_standard_deviation': None, 'value_count': [{'value': -1}, {'value': 1}, {'value': 0}], 'time_reversal_asymmetry_statistic': [{'lag': 3}, {'lag': 2}], 'symmetry_looking': [{'r': 0.9500000000000001}, {'r': 0.9}, {'r': 0.8500000000000001}, {'r': 0.8}]}}), 'feature_selection__strategy': 'pca', 'feature_selection__threshold': 0.95, 'imputation__params': ('ffill', None)}",0.49663476874003193,0.5785289115646258,0.5047083648274124,0.5108885629909397,0.5457376516464472,0.5272996519538914,0.030608567527498843,505,0.8588308803110247,0.8284309375924283,0.7985198749499411,0.7610193015657111,0.7359068310950414,0.7965415651028293,0.04436035786991165
185.99136457443237,89.59420679515027,63.31102066040039,3.4453954949504295,7,50,8,"('tsfresh', {'default_fc_parameters': {'variance_larger_than_standard_deviation': None, 'value_count': [{'value': -1}, {'value': 1}, {'value': 0}], 'time_reversal_asymmetry_statistic': [{'lag': 3}, {'lag': 2}], 'symmetry_looking': [{'r': 0.9500000000000001}, {'r': 0.9}, {'r': 0.8500000000000001}, {'r': 0.8}]}})",correlation,0.85,"('interpolate', 'linear')","{'classifier__base_estimator__max_depth': 7, 'classifier__base_estimator__n_estimators': 50, 'feature_extraction__n_lags': 8, 'feature_extraction__params': ('tsfresh', {'default_fc_parameters': {'variance_larger_than_standard_deviation': None, 'value_count': [{'value': -1}, {'value': 1}, {'value': 0}], 'time_reversal_asymmetry_statistic': [{'lag': 3}, {'lag': 2}], 'symmetry_looking': [{'r': 0.9500000000000001}, {'r': 0.9}, {'r': 0.8500000000000001}, {'r': 0.8}]}}), 'feature_selection__strategy': 'correlation', 'feature_selection__threshold': 0.85, 'imputation__params': ('interpolate', 'linear')}",0.5076146475017111,0.6122063083360155,0.61346052400211,0.674941094941095,0.5927918894830659,0.6002028928527995,0.0539131742090638,209,1.0,0.9990270993372113,0.9941627200428915,0.9956990017183536,0.9812286282779903,0.9940234898752893,0.0067422546553517464
186.27793822288513,87.97833642569597,63.826028776168826,3.782823147880818,7,50,8,"('tsfresh', {'default_fc_parameters': {'variance_larger_than_standard_deviation': None, 'value_count': [{'value': -1}, {'value': 1}, {'value': 0}], 'time_reversal_asymmetry_statistic': [{'lag': 3}, {'lag': 2}], 'symmetry_looking': [{'r': 0.9500000000000001}, {'r': 0.9}, {'r': 0.8500000000000001}, {'r': 0.8}]}})",correlation,0.85,"('interpolate', ('polynomial', 2))","{'classifier__base_estimator__max_depth': 7, 'classifier__base_estimator__n_estimators': 50, 'feature_extraction__n_lags': 8, 'feature_extraction__params': ('tsfresh', {'default_fc_parameters': {'variance_larger_than_standard_deviation': None, 'value_count': [{'value': -1}, {'value': 1}, {'value': 0}], 'time_reversal_asymmetry_statistic': [{'lag': 3}, {'lag': 2}], 'symmetry_looking': [{'r': 0.9500000000000001}, {'r': 0.9}, {'r': 0.8500000000000001}, {'r': 0.8}]}}), 'feature_selection__strategy': 'correlation', 'feature_selection__threshold': 0.85, 'imputation__params': ('interpolate', ('polynomial', 2))}",0.5076146475017111,0.6122063083360155,0.61346052400211,0.674941094941095,0.5927918894830659,0.6002028928527995,0.0539131742090638,209,1.0,0.9990270993372113,0.9941627200428915,0.9956990017183536,0.9812286282779903,0.9940234898752893,0.0067422546553517464
185.54231791496278,88.74369513887613,63.40537486076355,3.3523369393182625,7,50,8,"('tsfresh', {'default_fc_parameters': {'variance_larger_than_standard_deviation': None, 'value_count': [{'value': -1}, {'value': 1}, {'value': 0}], 'time_reversal_asymmetry_statistic': [{'lag': 3}, {'lag': 2}], 'symmetry_looking': [{'r': 0.9500000000000001}, {'r': 0.9}, {'r': 0.8500000000000001}, {'r': 0.8}]}})",correlation,0.85,"('interpolate', ('spline', 2))","{'classifier__base_estimator__max_depth': 7, 'classifier__base_estimator__n_estimators': 50, 'feature_extraction__n_lags': 8, 'feature_extraction__params': ('tsfresh', {'default_fc_parameters': {'variance_larger_than_standard_deviation': None, 'value_count': [{'value': -1}, {'value': 1}, {'value': 0}], 'time_reversal_asymmetry_statistic': [{'lag': 3}, {'lag': 2}], 'symmetry_looking': [{'r': 0.9500000000000001}, {'r': 0.9}, {'r': 0.8500000000000001}, {'r': 0.8}]}}), 'feature_selection__strategy': 'correlation', 'feature_selection__threshold': 0.85, 'imputation__params': ('interpolate', ('spline', 2))}",0.5076146475017111,0.6122063083360155,0.61346052400211,0.674941094941095,0.5927918894830659,0.6002028928527995,0.0539131742090638,209,1.0,0.9990270993372113,0.9941627200428915,0.9956990017183536,0.9812286282779903,0.9940234898752893,0.0067422546553517464
185.67913041114807,88.52631270168249,63.474447631835936,3.09188984967803,7,50,8,"('tsfresh', {'default_fc_parameters': {'variance_larger_than_standard_deviation': None, 'value_count': [{'value': -1}, {'value': 1}, {'value': 0}], 'time_reversal_asymmetry_statistic': [{'lag': 3}, {'lag': 2}], 'symmetry_looking': [{'r': 0.9500000000000001}, {'r': 0.9}, {'r': 0.8500000000000001}, {'r': 0.8}]}})",correlation,0.85,"('ffill', None)","{'classifier__base_estimator__max_depth': 7, 'classifier__base_estimator__n_estimators': 50, 'feature_extraction__n_lags': 8, 'feature_extraction__params': ('tsfresh', {'default_fc_parameters': {'variance_larger_than_standard_deviation': None, 'value_count': [{'value': -1}, {'value': 1}, {'value': 0}], 'time_reversal_asymmetry_statistic': [{'lag': 3}, {'lag': 2}], 'symmetry_looking': [{'r': 0.9500000000000001}, {'r': 0.9}, {'r': 0.8500000000000001}, {'r': 0.8}]}}), 'feature_selection__strategy': 'correlation', 'feature_selection__threshold': 0.85, 'imputation__params': ('ffill', None)}",0.5076146475017111,0.6122063083360155,0.61346052400211,0.674941094941095,0.5927918894830659,0.6002028928527995,0.0539131742090638,209,1.0,0.9990270993372113,0.9941627200428915,0.9956990017183536,0.9812286282779903,0.9940234898752893,0.0067422546553517464
185.55246696472167,88.89556719915379,63.8422167301178,3.5628785372690777,7,50,8,"('tsfresh', {'default_fc_parameters': {'variance_larger_than_standard_deviation': None, 'value_count': [{'value': -1}, {'value': 1}, {'value': 0}], 'time_reversal_asymmetry_statistic': [{'lag': 3}, {'lag': 2}], 'symmetry_looking': [{'r': 0.9500000000000001}, {'r': 0.9}, {'r': 0.8500000000000001}, {'r': 0.8}]}})",correlation,0.9,"('interpolate', 'linear')","{'classifier__base_estimator__max_depth': 7, 'classifier__base_estimator__n_estimators': 50, 'feature_extraction__n_lags': 8, 'feature_extraction__params': ('tsfresh', {'default_fc_parameters': {'variance_larger_than_standard_deviation': None, 'value_count': [{'value': -1}, {'value': 1}, {'value': 0}], 'time_reversal_asymmetry_statistic': [{'lag': 3}, {'lag': 2}], 'symmetry_looking': [{'r': 0.9500000000000001}, {'r': 0.9}, {'r': 0.8500000000000001}, {'r': 0.8}]}}), 'feature_selection__strategy': 'correlation', 'feature_selection__threshold': 0.9, 'imputation__params': ('interpolate', 'linear')}",0.5150367898699522,0.5996338912133891,0.5888209952523299,0.646029106029106,0.5862745098039216,0.5871590584337397,0.0420154020326249,297,1.0,0.9990676368648276,0.9923107854525959,0.9941877710498321,0.9834566489139889,0.9938045684562489,0.005925216145078652
185.22240142822267,87.24336911916102,63.218228006362914,3.6896339704958714,7,50,8,"('tsfresh', {'default_fc_parameters': {'variance_larger_than_standard_deviation': None, 'value_count': [{'value': -1}, {'value': 1}, {'value': 0}], 'time_reversal_asymmetry_statistic': [{'lag': 3}, {'lag': 2}], 'symmetry_looking': [{'r': 0.9500000000000001}, {'r': 0.9}, {'r': 0.8500000000000001}, {'r': 0.8}]}})",correlation,0.9,"('interpolate', ('polynomial', 2))","{'classifier__base_estimator__max_depth': 7, 'classifier__base_estimator__n_estimators': 50, 'feature_extraction__n_lags': 8, 'feature_extraction__params': ('tsfresh', {'default_fc_parameters': {'variance_larger_than_standard_deviation': None, 'value_count': [{'value': -1}, {'value': 1}, {'value': 0}], 'time_reversal_asymmetry_statistic': [{'lag': 3}, {'lag': 2}], 'symmetry_looking': [{'r': 0.9500000000000001}, {'r': 0.9}, {'r': 0.8500000000000001}, {'r': 0.8}]}}), 'feature_selection__strategy': 'correlation', 'feature_selection__threshold': 0.9, 'imputation__params': ('interpolate', ('polynomial', 2))}",0.5150367898699522,0.5996338912133891,0.5888209952523299,0.646029106029106,0.5862745098039216,0.5871590584337397,0.0420154020326249,297,1.0,0.9990676368648276,0.9923107854525959,0.9941877710498321,0.9834566489139889,0.9938045684562489,0.005925216145078652
185.49720792770387,88.74689974831145,63.10573353767395,3.2989294218025824,7,50,8,"('tsfresh', {'default_fc_parameters': {'variance_larger_than_standard_deviation': None, 'value_count': [{'value': -1}, {'value': 1}, {'value': 0}], 'time_reversal_asymmetry_statistic': [{'lag': 3}, {'lag': 2}], 'symmetry_looking': [{'r': 0.9500000000000001}, {'r': 0.9}, {'r': 0.8500000000000001}, {'r': 0.8}]}})",correlation,0.9,"('interpolate', ('spline', 2))","{'classifier__base_estimator__max_depth': 7, 'classifier__base_estimator__n_estimators': 50, 'feature_extraction__n_lags': 8, 'feature_extraction__params': ('tsfresh', {'default_fc_parameters': {'variance_larger_than_standard_deviation': None, 'value_count': [{'value': -1}, {'value': 1}, {'value': 0}], 'time_reversal_asymmetry_statistic': [{'lag': 3}, {'lag': 2}], 'symmetry_looking': [{'r': 0.9500000000000001}, {'r': 0.9}, {'r': 0.8500000000000001}, {'r': 0.8}]}}), 'feature_selection__strategy': 'correlation', 'feature_selection__threshold': 0.9, 'imputation__params': ('interpolate', ('spline', 2))}",0.5150367898699522,0.5996338912133891,0.5888209952523299,0.646029106029106,0.5862745098039216,0.5871590584337397,0.0420154020326249,297,1.0,0.9990676368648276,0.9923107854525959,0.9941877710498321,0.9834566489139889,0.9938045684562489,0.005925216145078652
186.3417513370514,89.88858729599401,63.385582256317136,3.152432069858864,7,50,8,"('tsfresh', {'default_fc_parameters': {'variance_larger_than_standard_deviation': None, 'value_count': [{'value': -1}, {'value': 1}, {'value': 0}], 'time_reversal_asymmetry_statistic': [{'lag': 3}, {'lag': 2}], 'symmetry_looking': [{'r': 0.9500000000000001}, {'r': 0.9}, {'r': 0.8500000000000001}, {'r': 0.8}]}})",correlation,0.9,"('ffill', None)","{'classifier__base_estimator__max_depth': 7, 'classifier__base_estimator__n_estimators': 50, 'feature_extraction__n_lags': 8, 'feature_extraction__params': ('tsfresh', {'default_fc_parameters': {'variance_larger_than_standard_deviation': None, 'value_count': [{'value': -1}, {'value': 1}, {'value': 0}], 'time_reversal_asymmetry_statistic': [{'lag': 3}, {'lag': 2}], 'symmetry_looking': [{'r': 0.9500000000000001}, {'r': 0.9}, {'r': 0.8500000000000001}, {'r': 0.8}]}}), 'feature_selection__strategy': 'correlation', 'feature_selection__threshold': 0.9, 'imputation__params': ('ffill', None)}",0.5150367898699522,0.5996338912133891,0.5888209952523299,0.646029106029106,0.5862745098039216,0.5871590584337397,0.0420154020326249,297,1.0,0.9990676368648276,0.9923107854525959,0.9941877710498321,0.9834566489139889,0.9938045684562489,0.005925216145078652
187.4213541507721,90.3903364042541,63.91366567611694,3.5666090264472317,7,50,8,"('tsfresh', {'default_fc_parameters': {'variance_larger_than_standard_deviation': None, 'value_count': [{'value': -1}, {'value': 1}, {'value': 0}], 'time_reversal_asymmetry_statistic': [{'lag': 3}, {'lag': 2}], 'symmetry_looking': [{'r': 0.9500000000000001}, {'r': 0.9}, {'r': 0.8500000000000001}, {'r': 0.8}]}})",correlation,0.95,"('interpolate', 'linear')","{'classifier__base_estimator__max_depth': 7, 'classifier__base_estimator__n_estimators': 50, 'feature_extraction__n_lags': 8, 'feature_extraction__params': ('tsfresh', {'default_fc_parameters': {'variance_larger_than_standard_deviation': None, 'value_count': [{'value': -1}, {'value': 1}, {'value': 0}], 'time_reversal_asymmetry_statistic': [{'lag': 3}, {'lag': 2}], 'symmetry_looking': [{'r': 0.9500000000000001}, {'r': 0.9}, {'r': 0.8500000000000001}, {'r': 0.8}]}}), 'feature_selection__strategy': 'correlation', 'feature_selection__threshold': 0.95, 'imputation__params': ('interpolate', 'linear')}",0.5488963039014374,0.6074790794979079,0.5993274133989801,0.6681635481635482,0.5729723707664884,0.5993677431456724,0.04010670780402061,225,0.9999611499611499,0.9967468634088007,0.9950764006791171,0.9950111488421569,0.988388527480907,0.9950368180744263,0.0037782348546424533
186.0893163204193,88.23499139510578,65.17685351371765,3.6902761317115047,7,50,8,"('tsfresh', {'default_fc_parameters': {'variance_larger_than_standard_deviation': None, 'value_count': [{'value': -1}, {'value': 1}, {'value': 0}], 'time_reversal_asymmetry_statistic': [{'lag': 3}, {'lag': 2}], 'symmetry_looking': [{'r': 0.9500000000000001}, {'r': 0.9}, {'r': 0.8500000000000001}, {'r': 0.8}]}})",correlation,0.95,"('interpolate', ('polynomial', 2))","{'classifier__base_estimator__max_depth': 7, 'classifier__base_estimator__n_estimators': 50, 'feature_extraction__n_lags': 8, 'feature_extraction__params': ('tsfresh', {'default_fc_parameters': {'variance_larger_than_standard_deviation': None, 'value_count': [{'value': -1}, {'value': 1}, {'value': 0}], 'time_reversal_asymmetry_statistic': [{'lag': 3}, {'lag': 2}], 'symmetry_looking': [{'r': 0.9500000000000001}, {'r': 0.9}, {'r': 0.8500000000000001}, {'r': 0.8}]}}), 'feature_selection__strategy': 'correlation', 'feature_selection__threshold': 0.95, 'imputation__params': ('interpolate', ('polynomial', 2))}",0.5488963039014374,0.6074790794979079,0.5993274133989801,0.6681635481635482,0.5729723707664884,0.5993677431456724,0.04010670780402061,225,0.9999611499611499,0.9967468634088007,0.9950764006791171,0.9950111488421569,0.988388527480907,0.9950368180744263,0.0037782348546424533
184.45206847190858,88.43324040190612,63.261556482315065,3.5625484101341995,7,50,8,"('tsfresh', {'default_fc_parameters': {'variance_larger_than_standard_deviation': None, 'value_count': [{'value': -1}, {'value': 1}, {'value': 0}], 'time_reversal_asymmetry_statistic': [{'lag': 3}, {'lag': 2}], 'symmetry_looking': [{'r': 0.9500000000000001}, {'r': 0.9}, {'r': 0.8500000000000001}, {'r': 0.8}]}})",correlation,0.95,"('interpolate', ('spline', 2))","{'classifier__base_estimator__max_depth': 7, 'classifier__base_estimator__n_estimators': 50, 'feature_extraction__n_lags': 8, 'feature_extraction__params': ('tsfresh', {'default_fc_parameters': {'variance_larger_than_standard_deviation': None, 'value_count': [{'value': -1}, {'value': 1}, {'value': 0}], 'time_reversal_asymmetry_statistic': [{'lag': 3}, {'lag': 2}], 'symmetry_looking': [{'r': 0.9500000000000001}, {'r': 0.9}, {'r': 0.8500000000000001}, {'r': 0.8}]}}), 'feature_selection__strategy': 'correlation', 'feature_selection__threshold': 0.95, 'imputation__params': ('interpolate', ('spline', 2))}",0.5488963039014374,0.6074790794979079,0.5993274133989801,0.6681635481635482,0.5729723707664884,0.5993677431456724,0.04010670780402061,225,0.9999611499611499,0.9967468634088007,0.9950764006791171,0.9950111488421569,0.988388527480907,0.9950368180744263,0.0037782348546424533
185.27000026702882,88.64255327047609,63.41618251800537,2.912053446788568,7,50,8,"('tsfresh', {'default_fc_parameters': {'variance_larger_than_standard_deviation': None, 'value_count': [{'value': -1}, {'value': 1}, {'value': 0}], 'time_reversal_asymmetry_statistic': [{'lag': 3}, {'lag': 2}], 'symmetry_looking': [{'r': 0.9500000000000001}, {'r': 0.9}, {'r': 0.8500000000000001}, {'r': 0.8}]}})",correlation,0.95,"('ffill', None)","{'classifier__base_estimator__max_depth': 7, 'classifier__base_estimator__n_estimators': 50, 'feature_extraction__n_lags': 8, 'feature_extraction__params': ('tsfresh', {'default_fc_parameters': {'variance_larger_than_standard_deviation': None, 'value_count': [{'value': -1}, {'value': 1}, {'value': 0}], 'time_reversal_asymmetry_statistic': [{'lag': 3}, {'lag': 2}], 'symmetry_looking': [{'r': 0.9500000000000001}, {'r': 0.9}, {'r': 0.8500000000000001}, {'r': 0.8}]}}), 'feature_selection__strategy': 'correlation', 'feature_selection__threshold': 0.95, 'imputation__params': ('ffill', None)}",0.5488963039014374,0.6074790794979079,0.5993274133989801,0.6681635481635482,0.5729723707664884,0.5993677431456724,0.04010670780402061,225,0.9999611499611499,0.9967468634088007,0.9950764006791171,0.9950111488421569,0.988388527480907,0.9950368180744263,0.0037782348546424533
184.56722722053527,88.42285817352521,63.45680174827576,3.2191097207406445,7,50,8,"('tsfresh', {'default_fc_parameters': {'variance_larger_than_standard_deviation': None, 'value_count': [{'value': -1}, {'value': 1}, {'value': 0}], 'time_reversal_asymmetry_statistic': [{'lag': 3}, {'lag': 2}], 'symmetry_looking': [{'r': 0.9500000000000001}, {'r': 0.9}, {'r': 0.8500000000000001}, {'r': 0.8}]}})",pca,0.85,"('interpolate', 'linear')","{'classifier__base_estimator__max_depth': 7, 'classifier__base_estimator__n_estimators': 50, 'feature_extraction__n_lags': 8, 'feature_extraction__params': ('tsfresh', {'default_fc_parameters': {'variance_larger_than_standard_deviation': None, 'value_count': [{'value': -1}, {'value': 1}, {'value': 0}], 'time_reversal_asymmetry_statistic': [{'lag': 3}, {'lag': 2}], 'symmetry_looking': [{'r': 0.9500000000000001}, {'r': 0.9}, {'r': 0.8500000000000001}, {'r': 0.8}]}}), 'feature_selection__strategy': 'pca', 'feature_selection__threshold': 0.85, 'imputation__params': ('interpolate', 'linear')}",0.4955082135523614,0.5394673318313485,0.45338051696852466,0.5216354816354816,0.5526737967914439,0.512533068155832,0.03523764059221592,625,0.8572261072261071,0.8232817155481688,0.7998547940309177,0.7600595286801407,0.7390214878888611,0.795888726674839,0.04253467775512853
185.01106667518616,88.25486140103234,63.34586796760559,3.5090201592165915,7,50,8,"('tsfresh', {'default_fc_parameters': {'variance_larger_than_standard_deviation': None, 'value_count': [{'value': -1}, {'value': 1}, {'value': 0}], 'time_reversal_asymmetry_statistic': [{'lag': 3}, {'lag': 2}], 'symmetry_looking': [{'r': 0.9500000000000001}, {'r': 0.9}, {'r': 0.8500000000000001}, {'r': 0.8}]}})",pca,0.85,"('interpolate', ('polynomial', 2))","{'classifier__base_estimator__max_depth': 7, 'classifier__base_estimator__n_estimators': 50, 'feature_extraction__n_lags': 8, 'feature_extraction__params': ('tsfresh', {'default_fc_parameters': {'variance_larger_than_standard_deviation': None, 'value_count': [{'value': -1}, {'value': 1}, {'value': 0}], 'time_reversal_asymmetry_statistic': [{'lag': 3}, {'lag': 2}], 'symmetry_looking': [{'r': 0.9500000000000001}, {'r': 0.9}, {'r': 0.8500000000000001}, {'r': 0.8}]}}), 'feature_selection__strategy': 'pca', 'feature_selection__threshold': 0.85, 'imputation__params': ('interpolate', ('polynomial', 2))}",0.4955082135523614,0.5394673318313485,0.45338051696852466,0.5216354816354816,0.5526737967914439,0.512533068155832,0.03523764059221592,625,0.8572261072261071,0.8232817155481688,0.7998547940309177,0.7600595286801407,0.7390214878888611,0.795888726674839,0.04253467775512853
184.89956521987915,88.612810706837,63.24739232063293,3.820874795853093,7,50,8,"('tsfresh', {'default_fc_parameters': {'variance_larger_than_standard_deviation': None, 'value_count': [{'value': -1}, {'value': 1}, {'value': 0}], 'time_reversal_asymmetry_statistic': [{'lag': 3}, {'lag': 2}], 'symmetry_looking': [{'r': 0.9500000000000001}, {'r': 0.9}, {'r': 0.8500000000000001}, {'r': 0.8}]}})",pca,0.85,"('interpolate', ('spline', 2))","{'classifier__base_estimator__max_depth': 7, 'classifier__base_estimator__n_estimators': 50, 'feature_extraction__n_lags': 8, 'feature_extraction__params': ('tsfresh', {'default_fc_parameters': {'variance_larger_than_standard_deviation': None, 'value_count': [{'value': -1}, {'value': 1}, {'value': 0}], 'time_reversal_asymmetry_statistic': [{'lag': 3}, {'lag': 2}], 'symmetry_looking': [{'r': 0.9500000000000001}, {'r': 0.9}, {'r': 0.8500000000000001}, {'r': 0.8}]}}), 'feature_selection__strategy': 'pca', 'feature_selection__threshold': 0.85, 'imputation__params': ('interpolate', ('spline', 2))}",0.4955082135523614,0.5394673318313485,0.45338051696852466,0.5216354816354816,0.5526737967914439,0.512533068155832,0.03523764059221592,625,0.8572261072261071,0.8232817155481688,0.7998547940309177,0.7600595286801407,0.7390214878888611,0.795888726674839,0.04253467775512853
185.1860710144043,88.3557951129928,63.488374423980716,3.7582317738731916,7,50,8,"('tsfresh', {'default_fc_parameters': {'variance_larger_than_standard_deviation': None, 'value_count': [{'value': -1}, {'value': 1}, {'value': 0}], 'time_reversal_asymmetry_statistic': [{'lag': 3}, {'lag': 2}], 'symmetry_looking': [{'r': 0.9500000000000001}, {'r': 0.9}, {'r': 0.8500000000000001}, {'r': 0.8}]}})",pca,0.85,"('ffill', None)","{'classifier__base_estimator__max_depth': 7, 'classifier__base_estimator__n_estimators': 50, 'feature_extraction__n_lags': 8, 'feature_extraction__params': ('tsfresh', {'default_fc_parameters': {'variance_larger_than_standard_deviation': None, 'value_count': [{'value': -1}, {'value': 1}, {'value': 0}], 'time_reversal_asymmetry_statistic': [{'lag': 3}, {'lag': 2}], 'symmetry_looking': [{'r': 0.9500000000000001}, {'r': 0.9}, {'r': 0.8500000000000001}, {'r': 0.8}]}}), 'feature_selection__strategy': 'pca', 'feature_selection__threshold': 0.85, 'imputation__params': ('ffill', None)}",0.4955082135523614,0.5394673318313485,0.45338051696852466,0.5216354816354816,0.5526737967914439,0.512533068155832,0.03523764059221592,625,0.8572261072261071,0.8232817155481688,0.7998547940309177,0.7600595286801407,0.7390214878888611,0.795888726674839,0.04253467775512853
185.14600086212158,88.86941784204711,64.17802195549011,4.179543750694029,7,50,8,"('tsfresh', {'default_fc_parameters': {'variance_larger_than_standard_deviation': None, 'value_count': [{'value': -1}, {'value': 1}, {'value': 0}], 'time_reversal_asymmetry_statistic': [{'lag': 3}, {'lag': 2}], 'symmetry_looking': [{'r': 0.9500000000000001}, {'r': 0.9}, {'r': 0.8500000000000001}, {'r': 0.8}]}})",pca,0.9,"('interpolate', 'linear')","{'classifier__base_estimator__max_depth': 7, 'classifier__base_estimator__n_estimators': 50, 'feature_extraction__n_lags': 8, 'feature_extraction__params': ('tsfresh', {'default_fc_parameters': {'variance_larger_than_standard_deviation': None, 'value_count': [{'value': -1}, {'value': 1}, {'value': 0}], 'time_reversal_asymmetry_statistic': [{'lag': 3}, {'lag': 2}], 'symmetry_looking': [{'r': 0.9500000000000001}, {'r': 0.9}, {'r': 0.8500000000000001}, {'r': 0.8}]}}), 'feature_selection__strategy': 'pca', 'feature_selection__threshold': 0.9, 'imputation__params': ('interpolate', 'linear')}",0.4955082135523614,0.5394673318313485,0.45338051696852466,0.5216354816354816,0.5526737967914439,0.512533068155832,0.03523764059221592,625,0.8572261072261071,0.8232817155481688,0.7998547940309177,0.7600595286801407,0.7390214878888611,0.795888726674839,0.04253467775512853
187.36932706832886,89.4057651824739,63.29008178710937,3.8068889086845794,7,50,8,"('tsfresh', {'default_fc_parameters': {'variance_larger_than_standard_deviation': None, 'value_count': [{'value': -1}, {'value': 1}, {'value': 0}], 'time_reversal_asymmetry_statistic': [{'lag': 3}, {'lag': 2}], 'symmetry_looking': [{'r': 0.9500000000000001}, {'r': 0.9}, {'r': 0.8500000000000001}, {'r': 0.8}]}})",pca,0.9,"('interpolate', ('polynomial', 2))","{'classifier__base_estimator__max_depth': 7, 'classifier__base_estimator__n_estimators': 50, 'feature_extraction__n_lags': 8, 'feature_extraction__params': ('tsfresh', {'default_fc_parameters': {'variance_larger_than_standard_deviation': None, 'value_count': [{'value': -1}, {'value': 1}, {'value': 0}], 'time_reversal_asymmetry_statistic': [{'lag': 3}, {'lag': 2}], 'symmetry_looking': [{'r': 0.9500000000000001}, {'r': 0.9}, {'r': 0.8500000000000001}, {'r': 0.8}]}}), 'feature_selection__strategy': 'pca', 'feature_selection__threshold': 0.9, 'imputation__params': ('interpolate', ('polynomial', 2))}",0.4955082135523614,0.5394673318313485,0.45338051696852466,0.5216354816354816,0.5526737967914439,0.512533068155832,0.03523764059221592,625,0.8572261072261071,0.8232817155481688,0.7998547940309177,0.7600595286801407,0.7390214878888611,0.795888726674839,0.04253467775512853
184.85705809593202,88.51999790806147,63.09049077033997,3.4875918949769136,7,50,8,"('tsfresh', {'default_fc_parameters': {'variance_larger_than_standard_deviation': None, 'value_count': [{'value': -1}, {'value': 1}, {'value': 0}], 'time_reversal_asymmetry_statistic': [{'lag': 3}, {'lag': 2}], 'symmetry_looking': [{'r': 0.9500000000000001}, {'r': 0.9}, {'r': 0.8500000000000001}, {'r': 0.8}]}})",pca,0.9,"('interpolate', ('spline', 2))","{'classifier__base_estimator__max_depth': 7, 'classifier__base_estimator__n_estimators': 50, 'feature_extraction__n_lags': 8, 'feature_extraction__params': ('tsfresh', {'default_fc_parameters': {'variance_larger_than_standard_deviation': None, 'value_count': [{'value': -1}, {'value': 1}, {'value': 0}], 'time_reversal_asymmetry_statistic': [{'lag': 3}, {'lag': 2}], 'symmetry_looking': [{'r': 0.9500000000000001}, {'r': 0.9}, {'r': 0.8500000000000001}, {'r': 0.8}]}}), 'feature_selection__strategy': 'pca', 'feature_selection__threshold': 0.9, 'imputation__params': ('interpolate', ('spline', 2))}",0.4955082135523614,0.5394673318313485,0.45338051696852466,0.5216354816354816,0.5526737967914439,0.512533068155832,0.03523764059221592,625,0.8572261072261071,0.8232817155481688,0.7998547940309177,0.7600595286801407,0.7390214878888611,0.795888726674839,0.04253467775512853
186.5760193824768,90.17706231117994,63.97338972091675,3.2423672654574998,7,50,8,"('tsfresh', {'default_fc_parameters': {'variance_larger_than_standard_deviation': None, 'value_count': [{'value': -1}, {'value': 1}, {'value': 0}], 'time_reversal_asymmetry_statistic': [{'lag': 3}, {'lag': 2}], 'symmetry_looking': [{'r': 0.9500000000000001}, {'r': 0.9}, {'r': 0.8500000000000001}, {'r': 0.8}]}})",pca,0.9,"('ffill', None)","{'classifier__base_estimator__max_depth': 7, 'classifier__base_estimator__n_estimators': 50, 'feature_extraction__n_lags': 8, 'feature_extraction__params': ('tsfresh', {'default_fc_parameters': {'variance_larger_than_standard_deviation': None, 'value_count': [{'value': -1}, {'value': 1}, {'value': 0}], 'time_reversal_asymmetry_statistic': [{'lag': 3}, {'lag': 2}], 'symmetry_looking': [{'r': 0.9500000000000001}, {'r': 0.9}, {'r': 0.8500000000000001}, {'r': 0.8}]}}), 'feature_selection__strategy': 'pca', 'feature_selection__threshold': 0.9, 'imputation__params': ('ffill', None)}",0.4955082135523614,0.5394673318313485,0.45338051696852466,0.5216354816354816,0.5526737967914439,0.512533068155832,0.03523764059221592,625,0.8572261072261071,0.8232817155481688,0.7998547940309177,0.7600595286801407,0.7390214878888611,0.795888726674839,0.04253467775512853
184.89677782058715,88.90308604768461,64.63042397499085,4.436563056924513,7,50,8,"('tsfresh', {'default_fc_parameters': {'variance_larger_than_standard_deviation': None, 'value_count': [{'value': -1}, {'value': 1}, {'value': 0}], 'time_reversal_asymmetry_statistic': [{'lag': 3}, {'lag': 2}], 'symmetry_looking': [{'r': 0.9500000000000001}, {'r': 0.9}, {'r': 0.8500000000000001}, {'r': 0.8}]}})",pca,0.95,"('interpolate', 'linear')","{'classifier__base_estimator__max_depth': 7, 'classifier__base_estimator__n_estimators': 50, 'feature_extraction__n_lags': 8, 'feature_extraction__params': ('tsfresh', {'default_fc_parameters': {'variance_larger_than_standard_deviation': None, 'value_count': [{'value': -1}, {'value': 1}, {'value': 0}], 'time_reversal_asymmetry_statistic': [{'lag': 3}, {'lag': 2}], 'symmetry_looking': [{'r': 0.9500000000000001}, {'r': 0.9}, {'r': 0.8500000000000001}, {'r': 0.8}]}}), 'feature_selection__strategy': 'pca', 'feature_selection__threshold': 0.95, 'imputation__params': ('interpolate', 'linear')}",0.4955082135523614,0.5394673318313485,0.45338051696852466,0.5216354816354816,0.5526737967914439,0.512533068155832,0.03523764059221592,625,0.8572261072261071,0.8232817155481688,0.7998547940309177,0.7600595286801407,0.7390214878888611,0.795888726674839,0.04253467775512853
187.30626621246338,88.86137290967375,63.54293918609619,3.562849094008514,7,50,8,"('tsfresh', {'default_fc_parameters': {'variance_larger_than_standard_deviation': None, 'value_count': [{'value': -1}, {'value': 1}, {'value': 0}], 'time_reversal_asymmetry_statistic': [{'lag': 3}, {'lag': 2}], 'symmetry_looking': [{'r': 0.9500000000000001}, {'r': 0.9}, {'r': 0.8500000000000001}, {'r': 0.8}]}})",pca,0.95,"('interpolate', ('polynomial', 2))","{'classifier__base_estimator__max_depth': 7, 'classifier__base_estimator__n_estimators': 50, 'feature_extraction__n_lags': 8, 'feature_extraction__params': ('tsfresh', {'default_fc_parameters': {'variance_larger_than_standard_deviation': None, 'value_count': [{'value': -1}, {'value': 1}, {'value': 0}], 'time_reversal_asymmetry_statistic': [{'lag': 3}, {'lag': 2}], 'symmetry_looking': [{'r': 0.9500000000000001}, {'r': 0.9}, {'r': 0.8500000000000001}, {'r': 0.8}]}}), 'feature_selection__strategy': 'pca', 'feature_selection__threshold': 0.95, 'imputation__params': ('interpolate', ('polynomial', 2))}",0.4955082135523614,0.5394673318313485,0.45338051696852466,0.5216354816354816,0.5526737967914439,0.512533068155832,0.03523764059221592,625,0.8572261072261071,0.8232817155481688,0.7998547940309177,0.7600595286801407,0.7390214878888611,0.795888726674839,0.04253467775512853
183.82696380615235,87.27823804534852,63.03097290992737,3.3411875611210937,7,50,8,"('tsfresh', {'default_fc_parameters': {'variance_larger_than_standard_deviation': None, 'value_count': [{'value': -1}, {'value': 1}, {'value': 0}], 'time_reversal_asymmetry_statistic': [{'lag': 3}, {'lag': 2}], 'symmetry_looking': [{'r': 0.9500000000000001}, {'r': 0.9}, {'r': 0.8500000000000001}, {'r': 0.8}]}})",pca,0.95,"('interpolate', ('spline', 2))","{'classifier__base_estimator__max_depth': 7, 'classifier__base_estimator__n_estimators': 50, 'feature_extraction__n_lags': 8, 'feature_extraction__params': ('tsfresh', {'default_fc_parameters': {'variance_larger_than_standard_deviation': None, 'value_count': [{'value': -1}, {'value': 1}, {'value': 0}], 'time_reversal_asymmetry_statistic': [{'lag': 3}, {'lag': 2}], 'symmetry_looking': [{'r': 0.9500000000000001}, {'r': 0.9}, {'r': 0.8500000000000001}, {'r': 0.8}]}}), 'feature_selection__strategy': 'pca', 'feature_selection__threshold': 0.95, 'imputation__params': ('interpolate', ('spline', 2))}",0.4955082135523614,0.5394673318313485,0.45338051696852466,0.5216354816354816,0.5526737967914439,0.512533068155832,0.03523764059221592,625,0.8572261072261071,0.8232817155481688,0.7998547940309177,0.7600595286801407,0.7390214878888611,0.795888726674839,0.04253467775512853
184.41938810348512,88.09012288706924,62.83986597061157,3.296447519468115,7,50,8,"('tsfresh', {'default_fc_parameters': {'variance_larger_than_standard_deviation': None, 'value_count': [{'value': -1}, {'value': 1}, {'value': 0}], 'time_reversal_asymmetry_statistic': [{'lag': 3}, {'lag': 2}], 'symmetry_looking': [{'r': 0.9500000000000001}, {'r': 0.9}, {'r': 0.8500000000000001}, {'r': 0.8}]}})",pca,0.95,"('ffill', None)","{'classifier__base_estimator__max_depth': 7, 'classifier__base_estimator__n_estimators': 50, 'feature_extraction__n_lags': 8, 'feature_extraction__params': ('tsfresh', {'default_fc_parameters': {'variance_larger_than_standard_deviation': None, 'value_count': [{'value': -1}, {'value': 1}, {'value': 0}], 'time_reversal_asymmetry_statistic': [{'lag': 3}, {'lag': 2}], 'symmetry_looking': [{'r': 0.9500000000000001}, {'r': 0.9}, {'r': 0.8500000000000001}, {'r': 0.8}]}}), 'feature_selection__strategy': 'pca', 'feature_selection__threshold': 0.95, 'imputation__params': ('ffill', None)}",0.4955082135523614,0.5394673318313485,0.45338051696852466,0.5216354816354816,0.5526737967914439,0.512533068155832,0.03523764059221592,625,0.8572261072261071,0.8232817155481688,0.7998547940309177,0.7600595286801407,0.7390214878888611,0.795888726674839,0.04253467775512853
236.99021792411804,112.46252518077817,79.02961220741273,1.447004940304648,7,100,3,"('tsfresh', {'default_fc_parameters': {'variance_larger_than_standard_deviation': None, 'value_count': [{'value': -1}, {'value': 1}, {'value': 0}], 'time_reversal_asymmetry_statistic': [{'lag': 3}, {'lag': 2}], 'symmetry_looking': [{'r': 0.9500000000000001}, {'r': 0.9}, {'r': 0.8500000000000001}, {'r': 0.8}]}})",correlation,0.85,"('interpolate', 'linear')","{'classifier__base_estimator__max_depth': 7, 'classifier__base_estimator__n_estimators': 100, 'feature_extraction__n_lags': 3, 'feature_extraction__params': ('tsfresh', {'default_fc_parameters': {'variance_larger_than_standard_deviation': None, 'value_count': [{'value': -1}, {'value': 1}, {'value': 0}], 'time_reversal_asymmetry_statistic': [{'lag': 3}, {'lag': 2}], 'symmetry_looking': [{'r': 0.9500000000000001}, {'r': 0.9}, {'r': 0.8500000000000001}, {'r': 0.8}]}}), 'feature_selection__strategy': 'correlation', 'feature_selection__threshold': 0.85, 'imputation__params': ('interpolate', 'linear')}",0.5201333333333333,0.5904032561641257,0.650916876839008,0.6590449804432855,0.5974134872770664,0.6035823868113639,0.0499842826716904,181,0.9982279296695203,0.9917169416399901,0.98632463690156,0.9846180757837762,0.9772079531247915,0.9876191074239277,0.00704859324092127
236.0750217437744,111.90045313103629,78.83283810615539,1.203662650375139,7,100,3,"('tsfresh', {'default_fc_parameters': {'variance_larger_than_standard_deviation': None, 'value_count': [{'value': -1}, {'value': 1}, {'value': 0}], 'time_reversal_asymmetry_statistic': [{'lag': 3}, {'lag': 2}], 'symmetry_looking': [{'r': 0.9500000000000001}, {'r': 0.9}, {'r': 0.8500000000000001}, {'r': 0.8}]}})",correlation,0.85,"('interpolate', ('polynomial', 2))","{'classifier__base_estimator__max_depth': 7, 'classifier__base_estimator__n_estimators': 100, 'feature_extraction__n_lags': 3, 'feature_extraction__params': ('tsfresh', {'default_fc_parameters': {'variance_larger_than_standard_deviation': None, 'value_count': [{'value': -1}, {'value': 1}, {'value': 0}], 'time_reversal_asymmetry_statistic': [{'lag': 3}, {'lag': 2}], 'symmetry_looking': [{'r': 0.9500000000000001}, {'r': 0.9}, {'r': 0.8500000000000001}, {'r': 0.8}]}}), 'feature_selection__strategy': 'correlation', 'feature_selection__threshold': 0.85, 'imputation__params': ('interpolate', ('polynomial', 2))}",0.5201333333333333,0.5904032561641257,0.650916876839008,0.6590449804432855,0.5974134872770664,0.6035823868113639,0.0499842826716904,181,0.9982279296695203,0.9917169416399901,0.98632463690156,0.9846180757837762,0.9772079531247915,0.9876191074239277,0.00704859324092127
236.00190963745118,110.39467630090071,78.66002144813538,1.48123130878725,7,100,3,"('tsfresh', {'default_fc_parameters': {'variance_larger_than_standard_deviation': None, 'value_count': [{'value': -1}, {'value': 1}, {'value': 0}], 'time_reversal_asymmetry_statistic': [{'lag': 3}, {'lag': 2}], 'symmetry_looking': [{'r': 0.9500000000000001}, {'r': 0.9}, {'r': 0.8500000000000001}, {'r': 0.8}]}})",correlation,0.85,"('interpolate', ('spline', 2))","{'classifier__base_estimator__max_depth': 7, 'classifier__base_estimator__n_estimators': 100, 'feature_extraction__n_lags': 3, 'feature_extraction__params': ('tsfresh', {'default_fc_parameters': {'variance_larger_than_standard_deviation': None, 'value_count': [{'value': -1}, {'value': 1}, {'value': 0}], 'time_reversal_asymmetry_statistic': [{'lag': 3}, {'lag': 2}], 'symmetry_looking': [{'r': 0.9500000000000001}, {'r': 0.9}, {'r': 0.8500000000000001}, {'r': 0.8}]}}), 'feature_selection__strategy': 'correlation', 'feature_selection__threshold': 0.85, 'imputation__params': ('interpolate', ('spline', 2))}",0.5201333333333333,0.5904032561641257,0.650916876839008,0.6590449804432855,0.5974134872770664,0.6035823868113639,0.0499842826716904,181,0.9982279296695203,0.9917169416399901,0.98632463690156,0.9846180757837762,0.9772079531247915,0.9876191074239277,0.00704859324092127
236.27292523384094,111.09745241119936,78.73425726890564,0.9396945132192607,7,100,3,"('tsfresh', {'default_fc_parameters': {'variance_larger_than_standard_deviation': None, 'value_count': [{'value': -1}, {'value': 1}, {'value': 0}], 'time_reversal_asymmetry_statistic': [{'lag': 3}, {'lag': 2}], 'symmetry_looking': [{'r': 0.9500000000000001}, {'r': 0.9}, {'r': 0.8500000000000001}, {'r': 0.8}]}})",correlation,0.85,"('ffill', None)","{'classifier__base_estimator__max_depth': 7, 'classifier__base_estimator__n_estimators': 100, 'feature_extraction__n_lags': 3, 'feature_extraction__params': ('tsfresh', {'default_fc_parameters': {'variance_larger_than_standard_deviation': None, 'value_count': [{'value': -1}, {'value': 1}, {'value': 0}], 'time_reversal_asymmetry_statistic': [{'lag': 3}, {'lag': 2}], 'symmetry_looking': [{'r': 0.9500000000000001}, {'r': 0.9}, {'r': 0.8500000000000001}, {'r': 0.8}]}}), 'feature_selection__strategy': 'correlation', 'feature_selection__threshold': 0.85, 'imputation__params': ('ffill', None)}",0.5201333333333333,0.5904032561641257,0.650916876839008,0.6590449804432855,0.5974134872770664,0.6035823868113639,0.0499842826716904,181,0.9982279296695203,0.9917169416399901,0.98632463690156,0.9846180757837762,0.9772079531247915,0.9876191074239277,0.00704859324092127
236.32633395195006,112.6980354793351,78.27291536331177,1.356400075607058,7,100,3,"('tsfresh', {'default_fc_parameters': {'variance_larger_than_standard_deviation': None, 'value_count': [{'value': -1}, {'value': 1}, {'value': 0}], 'time_reversal_asymmetry_statistic': [{'lag': 3}, {'lag': 2}], 'symmetry_looking': [{'r': 0.9500000000000001}, {'r': 0.9}, {'r': 0.8500000000000001}, {'r': 0.8}]}})",correlation,0.9,"('interpolate', 'linear')","{'classifier__base_estimator__max_depth': 7, 'classifier__base_estimator__n_estimators': 100, 'feature_extraction__n_lags': 3, 'feature_extraction__params': ('tsfresh', {'default_fc_parameters': {'variance_larger_than_standard_deviation': None, 'value_count': [{'value': -1}, {'value': 1}, {'value': 0}], 'time_reversal_asymmetry_statistic': [{'lag': 3}, {'lag': 2}], 'symmetry_looking': [{'r': 0.9500000000000001}, {'r': 0.9}, {'r': 0.8500000000000001}, {'r': 0.8}]}}), 'feature_selection__strategy': 'correlation', 'feature_selection__threshold': 0.9, 'imputation__params': ('interpolate', 'linear')}",0.54636,0.6098720120459251,0.6093684321143338,0.6170469361147328,0.575813525978005,0.5916921812505993,0.02680655903605583,273,0.9977216238608119,0.9921540261019454,0.9893639053254437,0.9840432090203223,0.9744099445203254,0.9875385417657696,0.007910843512184055
235.19538288116456,111.71183613913541,78.19274339675903,1.144083325666127,7,100,3,"('tsfresh', {'default_fc_parameters': {'variance_larger_than_standard_deviation': None, 'value_count': [{'value': -1}, {'value': 1}, {'value': 0}], 'time_reversal_asymmetry_statistic': [{'lag': 3}, {'lag': 2}], 'symmetry_looking': [{'r': 0.9500000000000001}, {'r': 0.9}, {'r': 0.8500000000000001}, {'r': 0.8}]}})",correlation,0.9,"('interpolate', ('polynomial', 2))","{'classifier__base_estimator__max_depth': 7, 'classifier__base_estimator__n_estimators': 100, 'feature_extraction__n_lags': 3, 'feature_extraction__params': ('tsfresh', {'default_fc_parameters': {'variance_larger_than_standard_deviation': None, 'value_count': [{'value': -1}, {'value': 1}, {'value': 0}], 'time_reversal_asymmetry_statistic': [{'lag': 3}, {'lag': 2}], 'symmetry_looking': [{'r': 0.9500000000000001}, {'r': 0.9}, {'r': 0.8500000000000001}, {'r': 0.8}]}}), 'feature_selection__strategy': 'correlation', 'feature_selection__threshold': 0.9, 'imputation__params': ('interpolate', ('polynomial', 2))}",0.54636,0.6098720120459251,0.6093684321143338,0.6170469361147328,0.575813525978005,0.5916921812505993,0.02680655903605583,273,0.9977216238608119,0.9921540261019454,0.9893639053254437,0.9840432090203223,0.9744099445203254,0.9875385417657696,0.007910843512184055
235.86215357780458,111.09373987822694,78.6763113975525,1.6076993448352837,7,100,3,"('tsfresh', {'default_fc_parameters': {'variance_larger_than_standard_deviation': None, 'value_count': [{'value': -1}, {'value': 1}, {'value': 0}], 'time_reversal_asymmetry_statistic': [{'lag': 3}, {'lag': 2}], 'symmetry_looking': [{'r': 0.9500000000000001}, {'r': 0.9}, {'r': 0.8500000000000001}, {'r': 0.8}]}})",correlation,0.9,"('interpolate', ('spline', 2))","{'classifier__base_estimator__max_depth': 7, 'classifier__base_estimator__n_estimators': 100, 'feature_extraction__n_lags': 3, 'feature_extraction__params': ('tsfresh', {'default_fc_parameters': {'variance_larger_than_standard_deviation': None, 'value_count': [{'value': -1}, {'value': 1}, {'value': 0}], 'time_reversal_asymmetry_statistic': [{'lag': 3}, {'lag': 2}], 'symmetry_looking': [{'r': 0.9500000000000001}, {'r': 0.9}, {'r': 0.8500000000000001}, {'r': 0.8}]}}), 'feature_selection__strategy': 'correlation', 'feature_selection__threshold': 0.9, 'imputation__params': ('interpolate', ('spline', 2))}",0.54636,0.6098720120459251,0.6093684321143338,0.6170469361147328,0.575813525978005,0.5916921812505993,0.02680655903605583,273,0.9977216238608119,0.9921540261019454,0.9893639053254437,0.9840432090203223,0.9744099445203254,0.9875385417657696,0.007910843512184055
235.52179913520814,111.99996427011675,79.3659875869751,1.8600813877437032,7,100,3,"('tsfresh', {'default_fc_parameters': {'variance_larger_than_standard_deviation': None, 'value_count': [{'value': -1}, {'value': 1}, {'value': 0}], 'time_reversal_asymmetry_statistic': [{'lag': 3}, {'lag': 2}], 'symmetry_looking': [{'r': 0.9500000000000001}, {'r': 0.9}, {'r': 0.8500000000000001}, {'r': 0.8}]}})",correlation,0.9,"('ffill', None)","{'classifier__base_estimator__max_depth': 7, 'classifier__base_estimator__n_estimators': 100, 'feature_extraction__n_lags': 3, 'feature_extraction__params': ('tsfresh', {'default_fc_parameters': {'variance_larger_than_standard_deviation': None, 'value_count': [{'value': -1}, {'value': 1}, {'value': 0}], 'time_reversal_asymmetry_statistic': [{'lag': 3}, {'lag': 2}], 'symmetry_looking': [{'r': 0.9500000000000001}, {'r': 0.9}, {'r': 0.8500000000000001}, {'r': 0.8}]}}), 'feature_selection__strategy': 'correlation', 'feature_selection__threshold': 0.9, 'imputation__params': ('ffill', None)}",0.54636,0.6098720120459251,0.6093684321143338,0.6170469361147328,0.575813525978005,0.5916921812505993,0.02680655903605583,273,0.9977216238608119,0.9921540261019454,0.9893639053254437,0.9840432090203223,0.9744099445203254,0.9875385417657696,0.007910843512184055
236.76815676689148,111.28545802594441,78.45325236320495,1.7952734924878238,7,100,3,"('tsfresh', {'default_fc_parameters': {'variance_larger_than_standard_deviation': None, 'value_count': [{'value': -1}, {'value': 1}, {'value': 0}], 'time_reversal_asymmetry_statistic': [{'lag': 3}, {'lag': 2}], 'symmetry_looking': [{'r': 0.9500000000000001}, {'r': 0.9}, {'r': 0.8500000000000001}, {'r': 0.8}]}})",correlation,0.95,"('interpolate', 'linear')","{'classifier__base_estimator__max_depth': 7, 'classifier__base_estimator__n_estimators': 100, 'feature_extraction__n_lags': 3, 'feature_extraction__params': ('tsfresh', {'default_fc_parameters': {'variance_larger_than_standard_deviation': None, 'value_count': [{'value': -1}, {'value': 1}, {'value': 0}], 'time_reversal_asymmetry_statistic': [{'lag': 3}, {'lag': 2}], 'symmetry_looking': [{'r': 0.9500000000000001}, {'r': 0.9}, {'r': 0.8500000000000001}, {'r': 0.8}]}}), 'feature_selection__strategy': 'correlation', 'feature_selection__threshold': 0.95, 'imputation__params': ('interpolate', 'linear')}",0.5320666666666667,0.6594438170525126,0.6297814207650274,0.6363428943937418,0.5433208630309285,0.6001911323817755,0.052093350955511764,213,0.9983545061216975,0.993336000984979,0.9893491124260355,0.9843183128199912,0.9768542535158631,0.9884424371737133,0.007406922975037968
236.41510367393494,111.7907699971457,78.64945211410523,1.6330960600083793,7,100,3,"('tsfresh', {'default_fc_parameters': {'variance_larger_than_standard_deviation': None, 'value_count': [{'value': -1}, {'value': 1}, {'value': 0}], 'time_reversal_asymmetry_statistic': [{'lag': 3}, {'lag': 2}], 'symmetry_looking': [{'r': 0.9500000000000001}, {'r': 0.9}, {'r': 0.8500000000000001}, {'r': 0.8}]}})",correlation,0.95,"('interpolate', ('polynomial', 2))","{'classifier__base_estimator__max_depth': 7, 'classifier__base_estimator__n_estimators': 100, 'feature_extraction__n_lags': 3, 'feature_extraction__params': ('tsfresh', {'default_fc_parameters': {'variance_larger_than_standard_deviation': None, 'value_count': [{'value': -1}, {'value': 1}, {'value': 0}], 'time_reversal_asymmetry_statistic': [{'lag': 3}, {'lag': 2}], 'symmetry_looking': [{'r': 0.9500000000000001}, {'r': 0.9}, {'r': 0.8500000000000001}, {'r': 0.8}]}}), 'feature_selection__strategy': 'correlation', 'feature_selection__threshold': 0.95, 'imputation__params': ('interpolate', ('polynomial', 2))}",0.5320666666666667,0.6594438170525126,0.6297814207650274,0.6363428943937418,0.5433208630309285,0.6001911323817755,0.052093350955511764,213,0.9983545061216975,0.993336000984979,0.9893491124260355,0.9843183128199912,0.9768542535158631,0.9884424371737133,0.007406922975037968
255.0964641571045,135.2926848172154,82.68169059753419,3.6407077182630756,7,100,3,"('tsfresh', {'default_fc_parameters': {'variance_larger_than_standard_deviation': None, 'value_count': [{'value': -1}, {'value': 1}, {'value': 0}], 'time_reversal_asymmetry_statistic': [{'lag': 3}, {'lag': 2}], 'symmetry_looking': [{'r': 0.9500000000000001}, {'r': 0.9}, {'r': 0.8500000000000001}, {'r': 0.8}]}})",correlation,0.95,"('interpolate', ('spline', 2))","{'classifier__base_estimator__max_depth': 7, 'classifier__base_estimator__n_estimators': 100, 'feature_extraction__n_lags': 3, 'feature_extraction__params': ('tsfresh', {'default_fc_parameters': {'variance_larger_than_standard_deviation': None, 'value_count': [{'value': -1}, {'value': 1}, {'value': 0}], 'time_reversal_asymmetry_statistic': [{'lag': 3}, {'lag': 2}], 'symmetry_looking': [{'r': 0.9500000000000001}, {'r': 0.9}, {'r': 0.8500000000000001}, {'r': 0.8}]}}), 'feature_selection__strategy': 'correlation', 'feature_selection__threshold': 0.95, 'imputation__params': ('interpolate', ('spline', 2))}",0.5320666666666667,0.6594438170525126,0.6297814207650274,0.6363428943937418,0.5433208630309285,0.6001911323817755,0.052093350955511764,213,0.9983545061216975,0.993336000984979,0.9893491124260355,0.9843183128199912,0.9768542535158631,0.9884424371737133,0.007406922975037968
254.55678086280824,105.55724622438743,83.21212840080261,8.719035291764701,7,100,3,"('tsfresh', {'default_fc_parameters': {'variance_larger_than_standard_deviation': None, 'value_count': [{'value': -1}, {'value': 1}, {'value': 0}], 'time_reversal_asymmetry_statistic': [{'lag': 3}, {'lag': 2}], 'symmetry_looking': [{'r': 0.9500000000000001}, {'r': 0.9}, {'r': 0.8500000000000001}, {'r': 0.8}]}})",correlation,0.95,"('ffill', None)","{'classifier__base_estimator__max_depth': 7, 'classifier__base_estimator__n_estimators': 100, 'feature_extraction__n_lags': 3, 'feature_extraction__params': ('tsfresh', {'default_fc_parameters': {'variance_larger_than_standard_deviation': None, 'value_count': [{'value': -1}, {'value': 1}, {'value': 0}], 'time_reversal_asymmetry_statistic': [{'lag': 3}, {'lag': 2}], 'symmetry_looking': [{'r': 0.9500000000000001}, {'r': 0.9}, {'r': 0.8500000000000001}, {'r': 0.8}]}}), 'feature_selection__strategy': 'correlation', 'feature_selection__threshold': 0.95, 'imputation__params': ('ffill', None)}",0.5320666666666667,0.6594438170525126,0.6297814207650274,0.6363428943937418,0.5433208630309285,0.6001911323817755,0.052093350955511764,213,0.9983545061216975,0.993336000984979,0.9893491124260355,0.9843183128199912,0.9768542535158631,0.9884424371737133,0.007406922975037968
235.10411615371703,111.54901594073421,78.8530821800232,1.5891706771723955,7,100,3,"('tsfresh', {'default_fc_parameters': {'variance_larger_than_standard_deviation': None, 'value_count': [{'value': -1}, {'value': 1}, {'value': 0}], 'time_reversal_asymmetry_statistic': [{'lag': 3}, {'lag': 2}], 'symmetry_looking': [{'r': 0.9500000000000001}, {'r': 0.9}, {'r': 0.8500000000000001}, {'r': 0.8}]}})",pca,0.85,"('interpolate', 'linear')","{'classifier__base_estimator__max_depth': 7, 'classifier__base_estimator__n_estimators': 100, 'feature_extraction__n_lags': 3, 'feature_extraction__params': ('tsfresh', {'default_fc_parameters': {'variance_larger_than_standard_deviation': None, 'value_count': [{'value': -1}, {'value': 1}, {'value': 0}], 'time_reversal_asymmetry_statistic': [{'lag': 3}, {'lag': 2}], 'symmetry_looking': [{'r': 0.9500000000000001}, {'r': 0.9}, {'r': 0.8500000000000001}, {'r': 0.8}]}}), 'feature_selection__strategy': 'pca', 'feature_selection__threshold': 0.85, 'imputation__params': ('interpolate', 'linear')}",0.4698133333333333,0.6073898927159797,0.51791719209752,0.533767926988266,0.592100170929145,0.5441977032128488,0.05024018154119424,409,0.9623032311516155,0.9395099729130756,0.9216931145777301,0.9090400495649199,0.8792522923738806,0.9223597321162442,0.028020433822231332
235.68353700637817,111.54150933703094,78.86437697410584,1.3330979723437193,7,100,3,"('tsfresh', {'default_fc_parameters': {'variance_larger_than_standard_deviation': None, 'value_count': [{'value': -1}, {'value': 1}, {'value': 0}], 'time_reversal_asymmetry_statistic': [{'lag': 3}, {'lag': 2}], 'symmetry_looking': [{'r': 0.9500000000000001}, {'r': 0.9}, {'r': 0.8500000000000001}, {'r': 0.8}]}})",pca,0.85,"('interpolate', ('polynomial', 2))","{'classifier__base_estimator__max_depth': 7, 'classifier__base_estimator__n_estimators': 100, 'feature_extraction__n_lags': 3, 'feature_extraction__params': ('tsfresh', {'default_fc_parameters': {'variance_larger_than_standard_deviation': None, 'value_count': [{'value': -1}, {'value': 1}, {'value': 0}], 'time_reversal_asymmetry_statistic': [{'lag': 3}, {'lag': 2}], 'symmetry_looking': [{'r': 0.9500000000000001}, {'r': 0.9}, {'r': 0.8500000000000001}, {'r': 0.8}]}}), 'feature_selection__strategy': 'pca', 'feature_selection__threshold': 0.85, 'imputation__params': ('interpolate', ('polynomial', 2))}",0.4698133333333333,0.6073898927159797,0.51791719209752,0.533767926988266,0.592100170929145,0.5441977032128488,0.05024018154119424,409,0.9623032311516155,0.9395099729130756,0.9216931145777301,0.9090400495649199,0.8792522923738806,0.9223597321162442,0.028020433822231332
236.4362877368927,111.38004358845669,79.05158252716065,0.8493496894137158,7,100,3,"('tsfresh', {'default_fc_parameters': {'variance_larger_than_standard_deviation': None, 'value_count': [{'value': -1}, {'value': 1}, {'value': 0}], 'time_reversal_asymmetry_statistic': [{'lag': 3}, {'lag': 2}], 'symmetry_looking': [{'r': 0.9500000000000001}, {'r': 0.9}, {'r': 0.8500000000000001}, {'r': 0.8}]}})",pca,0.85,"('interpolate', ('spline', 2))","{'classifier__base_estimator__max_depth': 7, 'classifier__base_estimator__n_estimators': 100, 'feature_extraction__n_lags': 3, 'feature_extraction__params': ('tsfresh', {'default_fc_parameters': {'variance_larger_than_standard_deviation': None, 'value_count': [{'value': -1}, {'value': 1}, {'value': 0}], 'time_reversal_asymmetry_statistic': [{'lag': 3}, {'lag': 2}], 'symmetry_looking': [{'r': 0.9500000000000001}, {'r': 0.9}, {'r': 0.8500000000000001}, {'r': 0.8}]}}), 'feature_selection__strategy': 'pca', 'feature_selection__threshold': 0.85, 'imputation__params': ('interpolate', ('spline', 2))}",0.4698133333333333,0.6073898927159797,0.51791719209752,0.533767926988266,0.592100170929145,0.5441977032128488,0.05024018154119424,409,0.9623032311516155,0.9395099729130756,0.9216931145777301,0.9090400495649199,0.8792522923738806,0.9223597321162442,0.028020433822231332
234.20563807487488,110.67709683824927,78.37424612045288,1.6701551478172982,7,100,3,"('tsfresh', {'default_fc_parameters': {'variance_larger_than_standard_deviation': None, 'value_count': [{'value': -1}, {'value': 1}, {'value': 0}], 'time_reversal_asymmetry_statistic': [{'lag': 3}, {'lag': 2}], 'symmetry_looking': [{'r': 0.9500000000000001}, {'r': 0.9}, {'r': 0.8500000000000001}, {'r': 0.8}]}})",pca,0.85,"('ffill', None)","{'classifier__base_estimator__max_depth': 7, 'classifier__base_estimator__n_estimators': 100, 'feature_extraction__n_lags': 3, 'feature_extraction__params': ('tsfresh', {'default_fc_parameters': {'variance_larger_than_standard_deviation': None, 'value_count': [{'value': -1}, {'value': 1}, {'value': 0}], 'time_reversal_asymmetry_statistic': [{'lag': 3}, {'lag': 2}], 'symmetry_looking': [{'r': 0.9500000000000001}, {'r': 0.9}, {'r': 0.8500000000000001}, {'r': 0.8}]}}), 'feature_selection__strategy': 'pca', 'feature_selection__threshold': 0.85, 'imputation__params': ('ffill', None)}",0.4698133333333333,0.6073898927159797,0.51791719209752,0.533767926988266,0.592100170929145,0.5441977032128488,0.05024018154119424,409,0.9623032311516155,0.9395099729130756,0.9216931145777301,0.9090400495649199,0.8792522923738806,0.9223597321162442,0.028020433822231332
235.18137354850768,111.09872251796367,78.36205945014953,1.4216191294957579,7,100,3,"('tsfresh', {'default_fc_parameters': {'variance_larger_than_standard_deviation': None, 'value_count': [{'value': -1}, {'value': 1}, {'value': 0}], 'time_reversal_asymmetry_statistic': [{'lag': 3}, {'lag': 2}], 'symmetry_looking': [{'r': 0.9500000000000001}, {'r': 0.9}, {'r': 0.8500000000000001}, {'r': 0.8}]}})",pca,0.9,"('interpolate', 'linear')","{'classifier__base_estimator__max_depth': 7, 'classifier__base_estimator__n_estimators': 100, 'feature_extraction__n_lags': 3, 'feature_extraction__params': ('tsfresh', {'default_fc_parameters': {'variance_larger_than_standard_deviation': None, 'value_count': [{'value': -1}, {'value': 1}, {'value': 0}], 'time_reversal_asymmetry_statistic': [{'lag': 3}, {'lag': 2}], 'symmetry_looking': [{'r': 0.9500000000000001}, {'r': 0.9}, {'r': 0.8500000000000001}, {'r': 0.8}]}}), 'feature_selection__strategy': 'pca', 'feature_selection__threshold': 0.9, 'imputation__params': ('interpolate', 'linear')}",0.4698133333333333,0.6073898927159797,0.51791719209752,0.533767926988266,0.592100170929145,0.5441977032128488,0.05024018154119424,409,0.9623032311516155,0.9395099729130756,0.9216931145777301,0.9090400495649199,0.8792522923738806,0.9223597321162442,0.028020433822231332
235.20974912643433,112.29319158774402,78.68806800842285,1.291576586257611,7,100,3,"('tsfresh', {'default_fc_parameters': {'variance_larger_than_standard_deviation': None, 'value_count': [{'value': -1}, {'value': 1}, {'value': 0}], 'time_reversal_asymmetry_statistic': [{'lag': 3}, {'lag': 2}], 'symmetry_looking': [{'r': 0.9500000000000001}, {'r': 0.9}, {'r': 0.8500000000000001}, {'r': 0.8}]}})",pca,0.9,"('interpolate', ('polynomial', 2))","{'classifier__base_estimator__max_depth': 7, 'classifier__base_estimator__n_estimators': 100, 'feature_extraction__n_lags': 3, 'feature_extraction__params': ('tsfresh', {'default_fc_parameters': {'variance_larger_than_standard_deviation': None, 'value_count': [{'value': -1}, {'value': 1}, {'value': 0}], 'time_reversal_asymmetry_statistic': [{'lag': 3}, {'lag': 2}], 'symmetry_looking': [{'r': 0.9500000000000001}, {'r': 0.9}, {'r': 0.8500000000000001}, {'r': 0.8}]}}), 'feature_selection__strategy': 'pca', 'feature_selection__threshold': 0.9, 'imputation__params': ('interpolate', ('polynomial', 2))}",0.4698133333333333,0.6073898927159797,0.51791719209752,0.533767926988266,0.592100170929145,0.5441977032128488,0.05024018154119424,409,0.9623032311516155,0.9395099729130756,0.9216931145777301,0.9090400495649199,0.8792522923738806,0.9223597321162442,0.028020433822231332
234.87493753433228,110.56132750449517,78.77273468971252,0.8513498264519935,7,100,3,"('tsfresh', {'default_fc_parameters': {'variance_larger_than_standard_deviation': None, 'value_count': [{'value': -1}, {'value': 1}, {'value': 0}], 'time_reversal_asymmetry_statistic': [{'lag': 3}, {'lag': 2}], 'symmetry_looking': [{'r': 0.9500000000000001}, {'r': 0.9}, {'r': 0.8500000000000001}, {'r': 0.8}]}})",pca,0.9,"('interpolate', ('spline', 2))","{'classifier__base_estimator__max_depth': 7, 'classifier__base_estimator__n_estimators': 100, 'feature_extraction__n_lags': 3, 'feature_extraction__params': ('tsfresh', {'default_fc_parameters': {'variance_larger_than_standard_deviation': None, 'value_count': [{'value': -1}, {'value': 1}, {'value': 0}], 'time_reversal_asymmetry_statistic': [{'lag': 3}, {'lag': 2}], 'symmetry_looking': [{'r': 0.9500000000000001}, {'r': 0.9}, {'r': 0.8500000000000001}, {'r': 0.8}]}}), 'feature_selection__strategy': 'pca', 'feature_selection__threshold': 0.9, 'imputation__params': ('interpolate', ('spline', 2))}",0.4698133333333333,0.6073898927159797,0.51791719209752,0.533767926988266,0.592100170929145,0.5441977032128488,0.05024018154119424,409,0.9623032311516155,0.9395099729130756,0.9216931145777301,0.9090400495649199,0.8792522923738806,0.9223597321162442,0.028020433822231332
235.72640056610106,111.85377466665587,79.44340791702271,1.9865669885957067,7,100,3,"('tsfresh', {'default_fc_parameters': {'variance_larger_than_standard_deviation': None, 'value_count': [{'value': -1}, {'value': 1}, {'value': 0}], 'time_reversal_asymmetry_statistic': [{'lag': 3}, {'lag': 2}], 'symmetry_looking': [{'r': 0.9500000000000001}, {'r': 0.9}, {'r': 0.8500000000000001}, {'r': 0.8}]}})",pca,0.9,"('ffill', None)","{'classifier__base_estimator__max_depth': 7, 'classifier__base_estimator__n_estimators': 100, 'feature_extraction__n_lags': 3, 'feature_extraction__params': ('tsfresh', {'default_fc_parameters': {'variance_larger_than_standard_deviation': None, 'value_count': [{'value': -1}, {'value': 1}, {'value': 0}], 'time_reversal_asymmetry_statistic': [{'lag': 3}, {'lag': 2}], 'symmetry_looking': [{'r': 0.9500000000000001}, {'r': 0.9}, {'r': 0.8500000000000001}, {'r': 0.8}]}}), 'feature_selection__strategy': 'pca', 'feature_selection__threshold': 0.9, 'imputation__params': ('ffill', None)}",0.4698133333333333,0.6073898927159797,0.51791719209752,0.533767926988266,0.592100170929145,0.5441977032128488,0.05024018154119424,409,0.9623032311516155,0.9395099729130756,0.9216931145777301,0.9090400495649199,0.8792522923738806,0.9223597321162442,0.028020433822231332
238.01553559303284,111.31818347994273,79.05685639381409,1.0813239306029727,7,100,3,"('tsfresh', {'default_fc_parameters': {'variance_larger_than_standard_deviation': None, 'value_count': [{'value': -1}, {'value': 1}, {'value': 0}], 'time_reversal_asymmetry_statistic': [{'lag': 3}, {'lag': 2}], 'symmetry_looking': [{'r': 0.9500000000000001}, {'r': 0.9}, {'r': 0.8500000000000001}, {'r': 0.8}]}})",pca,0.95,"('interpolate', 'linear')","{'classifier__base_estimator__max_depth': 7, 'classifier__base_estimator__n_estimators': 100, 'feature_extraction__n_lags': 3, 'feature_extraction__params': ('tsfresh', {'default_fc_parameters': {'variance_larger_than_standard_deviation': None, 'value_count': [{'value': -1}, {'value': 1}, {'value': 0}], 'time_reversal_asymmetry_statistic': [{'lag': 3}, {'lag': 2}], 'symmetry_looking': [{'r': 0.9500000000000001}, {'r': 0.9}, {'r': 0.8500000000000001}, {'r': 0.8}]}}), 'feature_selection__strategy': 'pca', 'feature_selection__threshold': 0.95, 'imputation__params': ('interpolate', 'linear')}",0.4698133333333333,0.6073898927159797,0.51791719209752,0.533767926988266,0.592100170929145,0.5441977032128488,0.05024018154119424,409,0.9623032311516155,0.9395099729130756,0.9216931145777301,0.9090400495649199,0.8792522923738806,0.9223597321162442,0.028020433822231332
235.7077784538269,109.97247935141435,78.8324028968811,1.124626827778426,7,100,3,"('tsfresh', {'default_fc_parameters': {'variance_larger_than_standard_deviation': None, 'value_count': [{'value': -1}, {'value': 1}, {'value': 0}], 'time_reversal_asymmetry_statistic': [{'lag': 3}, {'lag': 2}], 'symmetry_looking': [{'r': 0.9500000000000001}, {'r': 0.9}, {'r': 0.8500000000000001}, {'r': 0.8}]}})",pca,0.95,"('interpolate', ('polynomial', 2))","{'classifier__base_estimator__max_depth': 7, 'classifier__base_estimator__n_estimators': 100, 'feature_extraction__n_lags': 3, 'feature_extraction__params': ('tsfresh', {'default_fc_parameters': {'variance_larger_than_standard_deviation': None, 'value_count': [{'value': -1}, {'value': 1}, {'value': 0}], 'time_reversal_asymmetry_statistic': [{'lag': 3}, {'lag': 2}], 'symmetry_looking': [{'r': 0.9500000000000001}, {'r': 0.9}, {'r': 0.8500000000000001}, {'r': 0.8}]}}), 'feature_selection__strategy': 'pca', 'feature_selection__threshold': 0.95, 'imputation__params': ('interpolate', ('polynomial', 2))}",0.4698133333333333,0.6073898927159797,0.51791719209752,0.533767926988266,0.592100170929145,0.5441977032128488,0.05024018154119424,409,0.9623032311516155,0.9395099729130756,0.9216931145777301,0.9090400495649199,0.8792522923738806,0.9223597321162442,0.028020433822231332
235.23121318817138,112.10308155976205,79.02945971488953,1.503836937481212,7,100,3,"('tsfresh', {'default_fc_parameters': {'variance_larger_than_standard_deviation': None, 'value_count': [{'value': -1}, {'value': 1}, {'value': 0}], 'time_reversal_asymmetry_statistic': [{'lag': 3}, {'lag': 2}], 'symmetry_looking': [{'r': 0.9500000000000001}, {'r': 0.9}, {'r': 0.8500000000000001}, {'r': 0.8}]}})",pca,0.95,"('interpolate', ('spline', 2))","{'classifier__base_estimator__max_depth': 7, 'classifier__base_estimator__n_estimators': 100, 'feature_extraction__n_lags': 3, 'feature_extraction__params': ('tsfresh', {'default_fc_parameters': {'variance_larger_than_standard_deviation': None, 'value_count': [{'value': -1}, {'value': 1}, {'value': 0}], 'time_reversal_asymmetry_statistic': [{'lag': 3}, {'lag': 2}], 'symmetry_looking': [{'r': 0.9500000000000001}, {'r': 0.9}, {'r': 0.8500000000000001}, {'r': 0.8}]}}), 'feature_selection__strategy': 'pca', 'feature_selection__threshold': 0.95, 'imputation__params': ('interpolate', ('spline', 2))}",0.4698133333333333,0.6073898927159797,0.51791719209752,0.533767926988266,0.592100170929145,0.5441977032128488,0.05024018154119424,409,0.9623032311516155,0.9395099729130756,0.9216931145777301,0.9090400495649199,0.8792522923738806,0.9223597321162442,0.028020433822231332
235.35729966163635,110.88821646705726,78.25044298171997,1.57690541614981,7,100,3,"('tsfresh', {'default_fc_parameters': {'variance_larger_than_standard_deviation': None, 'value_count': [{'value': -1}, {'value': 1}, {'value': 0}], 'time_reversal_asymmetry_statistic': [{'lag': 3}, {'lag': 2}], 'symmetry_looking': [{'r': 0.9500000000000001}, {'r': 0.9}, {'r': 0.8500000000000001}, {'r': 0.8}]}})",pca,0.95,"('ffill', None)","{'classifier__base_estimator__max_depth': 7, 'classifier__base_estimator__n_estimators': 100, 'feature_extraction__n_lags': 3, 'feature_extraction__params': ('tsfresh', {'default_fc_parameters': {'variance_larger_than_standard_deviation': None, 'value_count': [{'value': -1}, {'value': 1}, {'value': 0}], 'time_reversal_asymmetry_statistic': [{'lag': 3}, {'lag': 2}], 'symmetry_looking': [{'r': 0.9500000000000001}, {'r': 0.9}, {'r': 0.8500000000000001}, {'r': 0.8}]}}), 'feature_selection__strategy': 'pca', 'feature_selection__threshold': 0.95, 'imputation__params': ('ffill', None)}",0.4698133333333333,0.6073898927159797,0.51791719209752,0.533767926988266,0.592100170929145,0.5441977032128488,0.05024018154119424,409,0.9623032311516155,0.9395099729130756,0.9216931145777301,0.9090400495649199,0.8792522923738806,0.9223597321162442,0.028020433822231332
215.71292390823365,101.62533062234229,71.89369301795959,1.5223109775024408,7,100,5,"('tsfresh', {'default_fc_parameters': {'variance_larger_than_standard_deviation': None, 'value_count': [{'value': -1}, {'value': 1}, {'value': 0}], 'time_reversal_asymmetry_statistic': [{'lag': 3}, {'lag': 2}], 'symmetry_looking': [{'r': 0.9500000000000001}, {'r': 0.9}, {'r': 0.8500000000000001}, {'r': 0.8}]}})",correlation,0.85,"('interpolate', 'linear')","{'classifier__base_estimator__max_depth': 7, 'classifier__base_estimator__n_estimators': 100, 'feature_extraction__n_lags': 5, 'feature_extraction__params': ('tsfresh', {'default_fc_parameters': {'variance_larger_than_standard_deviation': None, 'value_count': [{'value': -1}, {'value': 1}, {'value': 0}], 'time_reversal_asymmetry_statistic': [{'lag': 3}, {'lag': 2}], 'symmetry_looking': [{'r': 0.9500000000000001}, {'r': 0.9}, {'r': 0.8500000000000001}, {'r': 0.8}]}}), 'feature_selection__strategy': 'correlation', 'feature_selection__threshold': 0.85, 'imputation__params': ('interpolate', 'linear')}",0.5739553429027114,0.5140731292517007,0.6246850592088686,0.6336460614339957,0.5519569612940497,0.5796633108182652,0.04481827710165763,313,1.0,0.9999926057379473,0.9990795643917374,0.9988523293463637,0.9967308023415978,0.9989310603635293,0.0011948973103073086
214.89072375297548,102.24845019729837,72.42552404403686,1.8012714743048333,7,100,5,"('tsfresh', {'default_fc_parameters': {'variance_larger_than_standard_deviation': None, 'value_count': [{'value': -1}, {'value': 1}, {'value': 0}], 'time_reversal_asymmetry_statistic': [{'lag': 3}, {'lag': 2}], 'symmetry_looking': [{'r': 0.9500000000000001}, {'r': 0.9}, {'r': 0.8500000000000001}, {'r': 0.8}]}})",correlation,0.85,"('interpolate', ('polynomial', 2))","{'classifier__base_estimator__max_depth': 7, 'classifier__base_estimator__n_estimators': 100, 'feature_extraction__n_lags': 5, 'feature_extraction__params': ('tsfresh', {'default_fc_parameters': {'variance_larger_than_standard_deviation': None, 'value_count': [{'value': -1}, {'value': 1}, {'value': 0}], 'time_reversal_asymmetry_statistic': [{'lag': 3}, {'lag': 2}], 'symmetry_looking': [{'r': 0.9500000000000001}, {'r': 0.9}, {'r': 0.8500000000000001}, {'r': 0.8}]}}), 'feature_selection__strategy': 'correlation', 'feature_selection__threshold': 0.85, 'imputation__params': ('interpolate', ('polynomial', 2))}",0.5739553429027114,0.5140731292517007,0.6246850592088686,0.6336460614339957,0.5519569612940497,0.5796633108182652,0.04481827710165763,313,1.0,0.9999926057379473,0.9990795643917374,0.9988523293463637,0.9967308023415978,0.9989310603635293,0.0011948973103073086
215.63524317741394,103.02332451949187,72.53151106834412,1.722892785674152,7,100,5,"('tsfresh', {'default_fc_parameters': {'variance_larger_than_standard_deviation': None, 'value_count': [{'value': -1}, {'value': 1}, {'value': 0}], 'time_reversal_asymmetry_statistic': [{'lag': 3}, {'lag': 2}], 'symmetry_looking': [{'r': 0.9500000000000001}, {'r': 0.9}, {'r': 0.8500000000000001}, {'r': 0.8}]}})",correlation,0.85,"('interpolate', ('spline', 2))","{'classifier__base_estimator__max_depth': 7, 'classifier__base_estimator__n_estimators': 100, 'feature_extraction__n_lags': 5, 'feature_extraction__params': ('tsfresh', {'default_fc_parameters': {'variance_larger_than_standard_deviation': None, 'value_count': [{'value': -1}, {'value': 1}, {'value': 0}], 'time_reversal_asymmetry_statistic': [{'lag': 3}, {'lag': 2}], 'symmetry_looking': [{'r': 0.9500000000000001}, {'r': 0.9}, {'r': 0.8500000000000001}, {'r': 0.8}]}}), 'feature_selection__strategy': 'correlation', 'feature_selection__threshold': 0.85, 'imputation__params': ('interpolate', ('spline', 2))}",0.5739553429027114,0.5140731292517007,0.6246850592088686,0.6336460614339957,0.5519569612940497,0.5796633108182652,0.04481827710165763,313,1.0,0.9999926057379473,0.9990795643917374,0.9988523293463637,0.9967308023415978,0.9989310603635293,0.0011948973103073086
216.5121666431427,102.20505082195939,72.64141087532043,1.982995626520721,7,100,5,"('tsfresh', {'default_fc_parameters': {'variance_larger_than_standard_deviation': None, 'value_count': [{'value': -1}, {'value': 1}, {'value': 0}], 'time_reversal_asymmetry_statistic': [{'lag': 3}, {'lag': 2}], 'symmetry_looking': [{'r': 0.9500000000000001}, {'r': 0.9}, {'r': 0.8500000000000001}, {'r': 0.8}]}})",correlation,0.85,"('ffill', None)","{'classifier__base_estimator__max_depth': 7, 'classifier__base_estimator__n_estimators': 100, 'feature_extraction__n_lags': 5, 'feature_extraction__params': ('tsfresh', {'default_fc_parameters': {'variance_larger_than_standard_deviation': None, 'value_count': [{'value': -1}, {'value': 1}, {'value': 0}], 'time_reversal_asymmetry_statistic': [{'lag': 3}, {'lag': 2}], 'symmetry_looking': [{'r': 0.9500000000000001}, {'r': 0.9}, {'r': 0.8500000000000001}, {'r': 0.8}]}}), 'feature_selection__strategy': 'correlation', 'feature_selection__threshold': 0.85, 'imputation__params': ('ffill', None)}",0.5739553429027114,0.5140731292517007,0.6246850592088686,0.6336460614339957,0.5519569612940497,0.5796633108182652,0.04481827710165763,313,1.0,0.9999926057379473,0.9990795643917374,0.9988523293463637,0.9967308023415978,0.9989310603635293,0.0011948973103073086
215.78068418502806,101.86518188391913,72.15952215194702,2.0654176084600797,7,100,5,"('tsfresh', {'default_fc_parameters': {'variance_larger_than_standard_deviation': None, 'value_count': [{'value': -1}, {'value': 1}, {'value': 0}], 'time_reversal_asymmetry_statistic': [{'lag': 3}, {'lag': 2}], 'symmetry_looking': [{'r': 0.9500000000000001}, {'r': 0.9}, {'r': 0.8500000000000001}, {'r': 0.8}]}})",correlation,0.9,"('interpolate', 'linear')","{'classifier__base_estimator__max_depth': 7, 'classifier__base_estimator__n_estimators': 100, 'feature_extraction__n_lags': 5, 'feature_extraction__params': ('tsfresh', {'default_fc_parameters': {'variance_larger_than_standard_deviation': None, 'value_count': [{'value': -1}, {'value': 1}, {'value': 0}], 'time_reversal_asymmetry_statistic': [{'lag': 3}, {'lag': 2}], 'symmetry_looking': [{'r': 0.9500000000000001}, {'r': 0.9}, {'r': 0.8500000000000001}, {'r': 0.8}]}}), 'feature_selection__strategy': 'correlation', 'feature_selection__threshold': 0.9, 'imputation__params': ('interpolate', 'linear')}",0.5667304625199363,0.5159438775510203,0.6460065507684556,0.6246057416075698,0.581708549971115,0.5869990364836195,0.04557146247675643,301,1.0,1.0,0.9994283610432895,0.9992773925514142,0.9943095730027548,0.9986030653194916,0.0021666914650925106
216.61811928749086,103.33113837589516,72.62594933509827,2.0993979874527238,7,100,5,"('tsfresh', {'default_fc_parameters': {'variance_larger_than_standard_deviation': None, 'value_count': [{'value': -1}, {'value': 1}, {'value': 0}], 'time_reversal_asymmetry_statistic': [{'lag': 3}, {'lag': 2}], 'symmetry_looking': [{'r': 0.9500000000000001}, {'r': 0.9}, {'r': 0.8500000000000001}, {'r': 0.8}]}})",correlation,0.9,"('interpolate', ('polynomial', 2))","{'classifier__base_estimator__max_depth': 7, 'classifier__base_estimator__n_estimators': 100, 'feature_extraction__n_lags': 5, 'feature_extraction__params': ('tsfresh', {'default_fc_parameters': {'variance_larger_than_standard_deviation': None, 'value_count': [{'value': -1}, {'value': 1}, {'value': 0}], 'time_reversal_asymmetry_statistic': [{'lag': 3}, {'lag': 2}], 'symmetry_looking': [{'r': 0.9500000000000001}, {'r': 0.9}, {'r': 0.8500000000000001}, {'r': 0.8}]}}), 'feature_selection__strategy': 'correlation', 'feature_selection__threshold': 0.9, 'imputation__params': ('interpolate', ('polynomial', 2))}",0.5667304625199363,0.5159438775510203,0.6460065507684556,0.6246057416075698,0.581708549971115,0.5869990364836195,0.04557146247675643,301,1.0,1.0,0.9994283610432895,0.9992773925514142,0.9943095730027548,0.9986030653194916,0.0021666914650925106
216.46490807533263,102.22074763418759,73.03776788711548,2.141833885593875,7,100,5,"('tsfresh', {'default_fc_parameters': {'variance_larger_than_standard_deviation': None, 'value_count': [{'value': -1}, {'value': 1}, {'value': 0}], 'time_reversal_asymmetry_statistic': [{'lag': 3}, {'lag': 2}], 'symmetry_looking': [{'r': 0.9500000000000001}, {'r': 0.9}, {'r': 0.8500000000000001}, {'r': 0.8}]}})",correlation,0.9,"('interpolate', ('spline', 2))","{'classifier__base_estimator__max_depth': 7, 'classifier__base_estimator__n_estimators': 100, 'feature_extraction__n_lags': 5, 'feature_extraction__params': ('tsfresh', {'default_fc_parameters': {'variance_larger_than_standard_deviation': None, 'value_count': [{'value': -1}, {'value': 1}, {'value': 0}], 'time_reversal_asymmetry_statistic': [{'lag': 3}, {'lag': 2}], 'symmetry_looking': [{'r': 0.9500000000000001}, {'r': 0.9}, {'r': 0.8500000000000001}, {'r': 0.8}]}}), 'feature_selection__strategy': 'correlation', 'feature_selection__threshold': 0.9, 'imputation__params': ('interpolate', ('spline', 2))}",0.5667304625199363,0.5159438775510203,0.6460065507684556,0.6246057416075698,0.581708549971115,0.5869990364836195,0.04557146247675643,301,1.0,1.0,0.9994283610432895,0.9992773925514142,0.9943095730027548,0.9986030653194916,0.0021666914650925106
218.28990964889528,103.30341788318509,73.31443943977357,2.3666374418428946,7,100,5,"('tsfresh', {'default_fc_parameters': {'variance_larger_than_standard_deviation': None, 'value_count': [{'value': -1}, {'value': 1}, {'value': 0}], 'time_reversal_asymmetry_statistic': [{'lag': 3}, {'lag': 2}], 'symmetry_looking': [{'r': 0.9500000000000001}, {'r': 0.9}, {'r': 0.8500000000000001}, {'r': 0.8}]}})",correlation,0.9,"('ffill', None)","{'classifier__base_estimator__max_depth': 7, 'classifier__base_estimator__n_estimators': 100, 'feature_extraction__n_lags': 5, 'feature_extraction__params': ('tsfresh', {'default_fc_parameters': {'variance_larger_than_standard_deviation': None, 'value_count': [{'value': -1}, {'value': 1}, {'value': 0}], 'time_reversal_asymmetry_statistic': [{'lag': 3}, {'lag': 2}], 'symmetry_looking': [{'r': 0.9500000000000001}, {'r': 0.9}, {'r': 0.8500000000000001}, {'r': 0.8}]}}), 'feature_selection__strategy': 'correlation', 'feature_selection__threshold': 0.9, 'imputation__params': ('ffill', None)}",0.5667304625199363,0.5159438775510203,0.6460065507684556,0.6246057416075698,0.581708549971115,0.5869990364836195,0.04557146247675643,301,1.0,1.0,0.9994283610432895,0.9992773925514142,0.9943095730027548,0.9986030653194916,0.0021666914650925106
215.70931859016417,102.14172225664855,72.50854320526123,1.826784206546278,7,100,5,"('tsfresh', {'default_fc_parameters': {'variance_larger_than_standard_deviation': None, 'value_count': [{'value': -1}, {'value': 1}, {'value': 0}], 'time_reversal_asymmetry_statistic': [{'lag': 3}, {'lag': 2}], 'symmetry_looking': [{'r': 0.9500000000000001}, {'r': 0.9}, {'r': 0.8500000000000001}, {'r': 0.8}]}})",correlation,0.95,"('interpolate', 'linear')","{'classifier__base_estimator__max_depth': 7, 'classifier__base_estimator__n_estimators': 100, 'feature_extraction__n_lags': 5, 'feature_extraction__params': ('tsfresh', {'default_fc_parameters': {'variance_larger_than_standard_deviation': None, 'value_count': [{'value': -1}, {'value': 1}, {'value': 0}], 'time_reversal_asymmetry_statistic': [{'lag': 3}, {'lag': 2}], 'symmetry_looking': [{'r': 0.9500000000000001}, {'r': 0.9}, {'r': 0.8500000000000001}, {'r': 0.8}]}}), 'feature_selection__strategy': 'correlation', 'feature_selection__threshold': 0.95, 'imputation__params': ('interpolate', 'linear')}",0.5436523125996809,0.6220096371882086,0.6760204081632653,0.627719629547783,0.5477415511265165,0.6034287077250908,0.05075259918356581,185,1.0,1.0,0.9996479737498224,0.999079645756021,0.9961050490702479,0.9989665337152183,0.0014697859947283647
215.97927498817444,102.97481914447447,72.89654331207275,1.7441304127275707,7,100,5,"('tsfresh', {'default_fc_parameters': {'variance_larger_than_standard_deviation': None, 'value_count': [{'value': -1}, {'value': 1}, {'value': 0}], 'time_reversal_asymmetry_statistic': [{'lag': 3}, {'lag': 2}], 'symmetry_looking': [{'r': 0.9500000000000001}, {'r': 0.9}, {'r': 0.8500000000000001}, {'r': 0.8}]}})",correlation,0.95,"('interpolate', ('polynomial', 2))","{'classifier__base_estimator__max_depth': 7, 'classifier__base_estimator__n_estimators': 100, 'feature_extraction__n_lags': 5, 'feature_extraction__params': ('tsfresh', {'default_fc_parameters': {'variance_larger_than_standard_deviation': None, 'value_count': [{'value': -1}, {'value': 1}, {'value': 0}], 'time_reversal_asymmetry_statistic': [{'lag': 3}, {'lag': 2}], 'symmetry_looking': [{'r': 0.9500000000000001}, {'r': 0.9}, {'r': 0.8500000000000001}, {'r': 0.8}]}}), 'feature_selection__strategy': 'correlation', 'feature_selection__threshold': 0.95, 'imputation__params': ('interpolate', ('polynomial', 2))}",0.5436523125996809,0.6220096371882086,0.6760204081632653,0.627719629547783,0.5477415511265165,0.6034287077250908,0.05075259918356581,185,1.0,1.0,0.9996479737498224,0.999079645756021,0.9961050490702479,0.9989665337152183,0.0014697859947283647
216.6185302734375,103.01616128140272,72.5682158946991,1.827202985473513,7,100,5,"('tsfresh', {'default_fc_parameters': {'variance_larger_than_standard_deviation': None, 'value_count': [{'value': -1}, {'value': 1}, {'value': 0}], 'time_reversal_asymmetry_statistic': [{'lag': 3}, {'lag': 2}], 'symmetry_looking': [{'r': 0.9500000000000001}, {'r': 0.9}, {'r': 0.8500000000000001}, {'r': 0.8}]}})",correlation,0.95,"('interpolate', ('spline', 2))","{'classifier__base_estimator__max_depth': 7, 'classifier__base_estimator__n_estimators': 100, 'feature_extraction__n_lags': 5, 'feature_extraction__params': ('tsfresh', {'default_fc_parameters': {'variance_larger_than_standard_deviation': None, 'value_count': [{'value': -1}, {'value': 1}, {'value': 0}], 'time_reversal_asymmetry_statistic': [{'lag': 3}, {'lag': 2}], 'symmetry_looking': [{'r': 0.9500000000000001}, {'r': 0.9}, {'r': 0.8500000000000001}, {'r': 0.8}]}}), 'feature_selection__strategy': 'correlation', 'feature_selection__threshold': 0.95, 'imputation__params': ('interpolate', ('spline', 2))}",0.5436523125996809,0.6220096371882086,0.6760204081632653,0.627719629547783,0.5477415511265165,0.6034287077250908,0.05075259918356581,185,1.0,1.0,0.9996479737498224,0.999079645756021,0.9961050490702479,0.9989665337152183,0.0014697859947283647
218.93273243904113,104.34499986617087,73.82468671798706,2.9516673745950897,7,100,5,"('tsfresh', {'default_fc_parameters': {'variance_larger_than_standard_deviation': None, 'value_count': [{'value': -1}, {'value': 1}, {'value': 0}], 'time_reversal_asymmetry_statistic': [{'lag': 3}, {'lag': 2}], 'symmetry_looking': [{'r': 0.9500000000000001}, {'r': 0.9}, {'r': 0.8500000000000001}, {'r': 0.8}]}})",correlation,0.95,"('ffill', None)","{'classifier__base_estimator__max_depth': 7, 'classifier__base_estimator__n_estimators': 100, 'feature_extraction__n_lags': 5, 'feature_extraction__params': ('tsfresh', {'default_fc_parameters': {'variance_larger_than_standard_deviation': None, 'value_count': [{'value': -1}, {'value': 1}, {'value': 0}], 'time_reversal_asymmetry_statistic': [{'lag': 3}, {'lag': 2}], 'symmetry_looking': [{'r': 0.9500000000000001}, {'r': 0.9}, {'r': 0.8500000000000001}, {'r': 0.8}]}}), 'feature_selection__strategy': 'correlation', 'feature_selection__threshold': 0.95, 'imputation__params': ('ffill', None)}",0.5436523125996809,0.6220096371882086,0.6760204081632653,0.627719629547783,0.5477415511265165,0.6034287077250908,0.05075259918356581,185,1.0,1.0,0.9996479737498224,0.999079645756021,0.9961050490702479,0.9989665337152183,0.0014697859947283647
216.27435927391053,102.41379655394613,72.99698700904847,1.9507459545775137,7,100,5,"('tsfresh', {'default_fc_parameters': {'variance_larger_than_standard_deviation': None, 'value_count': [{'value': -1}, {'value': 1}, {'value': 0}], 'time_reversal_asymmetry_statistic': [{'lag': 3}, {'lag': 2}], 'symmetry_looking': [{'r': 0.9500000000000001}, {'r': 0.9}, {'r': 0.8500000000000001}, {'r': 0.8}]}})",pca,0.85,"('interpolate', 'linear')","{'classifier__base_estimator__max_depth': 7, 'classifier__base_estimator__n_estimators': 100, 'feature_extraction__n_lags': 5, 'feature_extraction__params': ('tsfresh', {'default_fc_parameters': {'variance_larger_than_standard_deviation': None, 'value_count': [{'value': -1}, {'value': 1}, {'value': 0}], 'time_reversal_asymmetry_statistic': [{'lag': 3}, {'lag': 2}], 'symmetry_looking': [{'r': 0.9500000000000001}, {'r': 0.9}, {'r': 0.8500000000000001}, {'r': 0.8}]}}), 'feature_selection__strategy': 'pca', 'feature_selection__threshold': 0.85, 'imputation__params': ('interpolate', 'linear')}",0.49733652312599685,0.573937074829932,0.5098891408415218,0.5120437149687607,0.5405383448873483,0.526748959730712,0.02750437962625905,529,0.8902388225492919,0.8521702159124519,0.8163020449818497,0.7796241332406819,0.7496696367079889,0.817600970678453,0.0500597318514696
214.93083114624022,102.15238772496492,72.89895706176758,1.8980631448875123,7,100,5,"('tsfresh', {'default_fc_parameters': {'variance_larger_than_standard_deviation': None, 'value_count': [{'value': -1}, {'value': 1}, {'value': 0}], 'time_reversal_asymmetry_statistic': [{'lag': 3}, {'lag': 2}], 'symmetry_looking': [{'r': 0.9500000000000001}, {'r': 0.9}, {'r': 0.8500000000000001}, {'r': 0.8}]}})",pca,0.85,"('interpolate', ('polynomial', 2))","{'classifier__base_estimator__max_depth': 7, 'classifier__base_estimator__n_estimators': 100, 'feature_extraction__n_lags': 5, 'feature_extraction__params': ('tsfresh', {'default_fc_parameters': {'variance_larger_than_standard_deviation': None, 'value_count': [{'value': -1}, {'value': 1}, {'value': 0}], 'time_reversal_asymmetry_statistic': [{'lag': 3}, {'lag': 2}], 'symmetry_looking': [{'r': 0.9500000000000001}, {'r': 0.9}, {'r': 0.8500000000000001}, {'r': 0.8}]}}), 'feature_selection__strategy': 'pca', 'feature_selection__threshold': 0.85, 'imputation__params': ('interpolate', ('polynomial', 2))}",0.49733652312599685,0.573937074829932,0.5098891408415218,0.5120437149687607,0.5405383448873483,0.526748959730712,0.02750437962625905,529,0.8902388225492919,0.8521702159124519,0.8163020449818497,0.7796241332406819,0.7496696367079889,0.817600970678453,0.0500597318514696
216.85815105438232,103.22860258826191,73.26655263900757,1.769239670039552,7,100,5,"('tsfresh', {'default_fc_parameters': {'variance_larger_than_standard_deviation': None, 'value_count': [{'value': -1}, {'value': 1}, {'value': 0}], 'time_reversal_asymmetry_statistic': [{'lag': 3}, {'lag': 2}], 'symmetry_looking': [{'r': 0.9500000000000001}, {'r': 0.9}, {'r': 0.8500000000000001}, {'r': 0.8}]}})",pca,0.85,"('interpolate', ('spline', 2))","{'classifier__base_estimator__max_depth': 7, 'classifier__base_estimator__n_estimators': 100, 'feature_extraction__n_lags': 5, 'feature_extraction__params': ('tsfresh', {'default_fc_parameters': {'variance_larger_than_standard_deviation': None, 'value_count': [{'value': -1}, {'value': 1}, {'value': 0}], 'time_reversal_asymmetry_statistic': [{'lag': 3}, {'lag': 2}], 'symmetry_looking': [{'r': 0.9500000000000001}, {'r': 0.9}, {'r': 0.8500000000000001}, {'r': 0.8}]}}), 'feature_selection__strategy': 'pca', 'feature_selection__threshold': 0.85, 'imputation__params': ('interpolate', ('spline', 2))}",0.49733652312599685,0.573937074829932,0.5098891408415218,0.5120437149687607,0.5405383448873483,0.526748959730712,0.02750437962625905,529,0.8902388225492919,0.8521702159124519,0.8163020449818497,0.7796241332406819,0.7496696367079889,0.817600970678453,0.0500597318514696
215.20336871147157,101.82589844847382,72.66994051933288,2.438416416734437,7,100,5,"('tsfresh', {'default_fc_parameters': {'variance_larger_than_standard_deviation': None, 'value_count': [{'value': -1}, {'value': 1}, {'value': 0}], 'time_reversal_asymmetry_statistic': [{'lag': 3}, {'lag': 2}], 'symmetry_looking': [{'r': 0.9500000000000001}, {'r': 0.9}, {'r': 0.8500000000000001}, {'r': 0.8}]}})",pca,0.85,"('ffill', None)","{'classifier__base_estimator__max_depth': 7, 'classifier__base_estimator__n_estimators': 100, 'feature_extraction__n_lags': 5, 'feature_extraction__params': ('tsfresh', {'default_fc_parameters': {'variance_larger_than_standard_deviation': None, 'value_count': [{'value': -1}, {'value': 1}, {'value': 0}], 'time_reversal_asymmetry_statistic': [{'lag': 3}, {'lag': 2}], 'symmetry_looking': [{'r': 0.9500000000000001}, {'r': 0.9}, {'r': 0.8500000000000001}, {'r': 0.8}]}}), 'feature_selection__strategy': 'pca', 'feature_selection__threshold': 0.85, 'imputation__params': ('ffill', None)}",0.49733652312599685,0.573937074829932,0.5098891408415218,0.5120437149687607,0.5405383448873483,0.526748959730712,0.02750437962625905,529,0.8902388225492919,0.8521702159124519,0.8163020449818497,0.7796241332406819,0.7496696367079889,0.817600970678453,0.0500597318514696
215.86370205879211,102.97130174983747,72.6256898880005,2.0356176155648185,7,100,5,"('tsfresh', {'default_fc_parameters': {'variance_larger_than_standard_deviation': None, 'value_count': [{'value': -1}, {'value': 1}, {'value': 0}], 'time_reversal_asymmetry_statistic': [{'lag': 3}, {'lag': 2}], 'symmetry_looking': [{'r': 0.9500000000000001}, {'r': 0.9}, {'r': 0.8500000000000001}, {'r': 0.8}]}})",pca,0.9,"('interpolate', 'linear')","{'classifier__base_estimator__max_depth': 7, 'classifier__base_estimator__n_estimators': 100, 'feature_extraction__n_lags': 5, 'feature_extraction__params': ('tsfresh', {'default_fc_parameters': {'variance_larger_than_standard_deviation': None, 'value_count': [{'value': -1}, {'value': 1}, {'value': 0}], 'time_reversal_asymmetry_statistic': [{'lag': 3}, {'lag': 2}], 'symmetry_looking': [{'r': 0.9500000000000001}, {'r': 0.9}, {'r': 0.8500000000000001}, {'r': 0.8}]}}), 'feature_selection__strategy': 'pca', 'feature_selection__threshold': 0.9, 'imputation__params': ('interpolate', 'linear')}",0.49733652312599685,0.573937074829932,0.5098891408415218,0.5120437149687607,0.5405383448873483,0.526748959730712,0.02750437962625905,529,0.8902388225492919,0.8521702159124519,0.8163020449818497,0.7796241332406819,0.7496696367079889,0.817600970678453,0.0500597318514696
215.6877375602722,102.51543498894333,73.25093750953674,3.0281836408030074,7,100,5,"('tsfresh', {'default_fc_parameters': {'variance_larger_than_standard_deviation': None, 'value_count': [{'value': -1}, {'value': 1}, {'value': 0}], 'time_reversal_asymmetry_statistic': [{'lag': 3}, {'lag': 2}], 'symmetry_looking': [{'r': 0.9500000000000001}, {'r': 0.9}, {'r': 0.8500000000000001}, {'r': 0.8}]}})",pca,0.9,"('interpolate', ('polynomial', 2))","{'classifier__base_estimator__max_depth': 7, 'classifier__base_estimator__n_estimators': 100, 'feature_extraction__n_lags': 5, 'feature_extraction__params': ('tsfresh', {'default_fc_parameters': {'variance_larger_than_standard_deviation': None, 'value_count': [{'value': -1}, {'value': 1}, {'value': 0}], 'time_reversal_asymmetry_statistic': [{'lag': 3}, {'lag': 2}], 'symmetry_looking': [{'r': 0.9500000000000001}, {'r': 0.9}, {'r': 0.8500000000000001}, {'r': 0.8}]}}), 'feature_selection__strategy': 'pca', 'feature_selection__threshold': 0.9, 'imputation__params': ('interpolate', ('polynomial', 2))}",0.49733652312599685,0.573937074829932,0.5098891408415218,0.5120437149687607,0.5405383448873483,0.526748959730712,0.02750437962625905,529,0.8902388225492919,0.8521702159124519,0.8163020449818497,0.7796241332406819,0.7496696367079889,0.817600970678453,0.0500597318514696
216.55154914855956,102.27579067405303,72.45644569396973,1.854305138229629,7,100,5,"('tsfresh', {'default_fc_parameters': {'variance_larger_than_standard_deviation': None, 'value_count': [{'value': -1}, {'value': 1}, {'value': 0}], 'time_reversal_asymmetry_statistic': [{'lag': 3}, {'lag': 2}], 'symmetry_looking': [{'r': 0.9500000000000001}, {'r': 0.9}, {'r': 0.8500000000000001}, {'r': 0.8}]}})",pca,0.9,"('interpolate', ('spline', 2))","{'classifier__base_estimator__max_depth': 7, 'classifier__base_estimator__n_estimators': 100, 'feature_extraction__n_lags': 5, 'feature_extraction__params': ('tsfresh', {'default_fc_parameters': {'variance_larger_than_standard_deviation': None, 'value_count': [{'value': -1}, {'value': 1}, {'value': 0}], 'time_reversal_asymmetry_statistic': [{'lag': 3}, {'lag': 2}], 'symmetry_looking': [{'r': 0.9500000000000001}, {'r': 0.9}, {'r': 0.8500000000000001}, {'r': 0.8}]}}), 'feature_selection__strategy': 'pca', 'feature_selection__threshold': 0.9, 'imputation__params': ('interpolate', ('spline', 2))}",0.49733652312599685,0.573937074829932,0.5098891408415218,0.5120437149687607,0.5405383448873483,0.526748959730712,0.02750437962625905,529,0.8902388225492919,0.8521702159124519,0.8163020449818497,0.7796241332406819,0.7496696367079889,0.817600970678453,0.0500597318514696
215.55638976097106,102.11739649261126,72.84087133407593,1.993621699502107,7,100,5,"('tsfresh', {'default_fc_parameters': {'variance_larger_than_standard_deviation': None, 'value_count': [{'value': -1}, {'value': 1}, {'value': 0}], 'time_reversal_asymmetry_statistic': [{'lag': 3}, {'lag': 2}], 'symmetry_looking': [{'r': 0.9500000000000001}, {'r': 0.9}, {'r': 0.8500000000000001}, {'r': 0.8}]}})",pca,0.9,"('ffill', None)","{'classifier__base_estimator__max_depth': 7, 'classifier__base_estimator__n_estimators': 100, 'feature_extraction__n_lags': 5, 'feature_extraction__params': ('tsfresh', {'default_fc_parameters': {'variance_larger_than_standard_deviation': None, 'value_count': [{'value': -1}, {'value': 1}, {'value': 0}], 'time_reversal_asymmetry_statistic': [{'lag': 3}, {'lag': 2}], 'symmetry_looking': [{'r': 0.9500000000000001}, {'r': 0.9}, {'r': 0.8500000000000001}, {'r': 0.8}]}}), 'feature_selection__strategy': 'pca', 'feature_selection__threshold': 0.9, 'imputation__params': ('ffill', None)}",0.49733652312599685,0.573937074829932,0.5098891408415218,0.5120437149687607,0.5405383448873483,0.526748959730712,0.02750437962625905,529,0.8902388225492919,0.8521702159124519,0.8163020449818497,0.7796241332406819,0.7496696367079889,0.817600970678453,0.0500597318514696
215.8956124305725,101.95464487235668,73.10139966011047,2.0792776748248296,7,100,5,"('tsfresh', {'default_fc_parameters': {'variance_larger_than_standard_deviation': None, 'value_count': [{'value': -1}, {'value': 1}, {'value': 0}], 'time_reversal_asymmetry_statistic': [{'lag': 3}, {'lag': 2}], 'symmetry_looking': [{'r': 0.9500000000000001}, {'r': 0.9}, {'r': 0.8500000000000001}, {'r': 0.8}]}})",pca,0.95,"('interpolate', 'linear')","{'classifier__base_estimator__max_depth': 7, 'classifier__base_estimator__n_estimators': 100, 'feature_extraction__n_lags': 5, 'feature_extraction__params': ('tsfresh', {'default_fc_parameters': {'variance_larger_than_standard_deviation': None, 'value_count': [{'value': -1}, {'value': 1}, {'value': 0}], 'time_reversal_asymmetry_statistic': [{'lag': 3}, {'lag': 2}], 'symmetry_looking': [{'r': 0.9500000000000001}, {'r': 0.9}, {'r': 0.8500000000000001}, {'r': 0.8}]}}), 'feature_selection__strategy': 'pca', 'feature_selection__threshold': 0.95, 'imputation__params': ('interpolate', 'linear')}",0.49733652312599685,0.573937074829932,0.5098891408415218,0.5120437149687607,0.5405383448873483,0.526748959730712,0.02750437962625905,529,0.8902388225492919,0.8521702159124519,0.8163020449818497,0.7796241332406819,0.7496696367079889,0.817600970678453,0.0500597318514696
215.94987983703612,102.5903457463264,72.95421032905578,1.748743855746186,7,100,5,"('tsfresh', {'default_fc_parameters': {'variance_larger_than_standard_deviation': None, 'value_count': [{'value': -1}, {'value': 1}, {'value': 0}], 'time_reversal_asymmetry_statistic': [{'lag': 3}, {'lag': 2}], 'symmetry_looking': [{'r': 0.9500000000000001}, {'r': 0.9}, {'r': 0.8500000000000001}, {'r': 0.8}]}})",pca,0.95,"('interpolate', ('polynomial', 2))","{'classifier__base_estimator__max_depth': 7, 'classifier__base_estimator__n_estimators': 100, 'feature_extraction__n_lags': 5, 'feature_extraction__params': ('tsfresh', {'default_fc_parameters': {'variance_larger_than_standard_deviation': None, 'value_count': [{'value': -1}, {'value': 1}, {'value': 0}], 'time_reversal_asymmetry_statistic': [{'lag': 3}, {'lag': 2}], 'symmetry_looking': [{'r': 0.9500000000000001}, {'r': 0.9}, {'r': 0.8500000000000001}, {'r': 0.8}]}}), 'feature_selection__strategy': 'pca', 'feature_selection__threshold': 0.95, 'imputation__params': ('interpolate', ('polynomial', 2))}",0.49733652312599685,0.573937074829932,0.5098891408415218,0.5120437149687607,0.5405383448873483,0.526748959730712,0.02750437962625905,529,0.8902388225492919,0.8521702159124519,0.8163020449818497,0.7796241332406819,0.7496696367079889,0.817600970678453,0.0500597318514696
214.7942400455475,101.00610563732712,72.4337016582489,2.0346800271480934,7,100,5,"('tsfresh', {'default_fc_parameters': {'variance_larger_than_standard_deviation': None, 'value_count': [{'value': -1}, {'value': 1}, {'value': 0}], 'time_reversal_asymmetry_statistic': [{'lag': 3}, {'lag': 2}], 'symmetry_looking': [{'r': 0.9500000000000001}, {'r': 0.9}, {'r': 0.8500000000000001}, {'r': 0.8}]}})",pca,0.95,"('interpolate', ('spline', 2))","{'classifier__base_estimator__max_depth': 7, 'classifier__base_estimator__n_estimators': 100, 'feature_extraction__n_lags': 5, 'feature_extraction__params': ('tsfresh', {'default_fc_parameters': {'variance_larger_than_standard_deviation': None, 'value_count': [{'value': -1}, {'value': 1}, {'value': 0}], 'time_reversal_asymmetry_statistic': [{'lag': 3}, {'lag': 2}], 'symmetry_looking': [{'r': 0.9500000000000001}, {'r': 0.9}, {'r': 0.8500000000000001}, {'r': 0.8}]}}), 'feature_selection__strategy': 'pca', 'feature_selection__threshold': 0.95, 'imputation__params': ('interpolate', ('spline', 2))}",0.49733652312599685,0.573937074829932,0.5098891408415218,0.5120437149687607,0.5405383448873483,0.526748959730712,0.02750437962625905,529,0.8902388225492919,0.8521702159124519,0.8163020449818497,0.7796241332406819,0.7496696367079889,0.817600970678453,0.0500597318514696
215.59394574165344,102.62117819456579,72.86743083000184,2.1451896835123954,7,100,5,"('tsfresh', {'default_fc_parameters': {'variance_larger_than_standard_deviation': None, 'value_count': [{'value': -1}, {'value': 1}, {'value': 0}], 'time_reversal_asymmetry_statistic': [{'lag': 3}, {'lag': 2}], 'symmetry_looking': [{'r': 0.9500000000000001}, {'r': 0.9}, {'r': 0.8500000000000001}, {'r': 0.8}]}})",pca,0.95,"('ffill', None)","{'classifier__base_estimator__max_depth': 7, 'classifier__base_estimator__n_estimators': 100, 'feature_extraction__n_lags': 5, 'feature_extraction__params': ('tsfresh', {'default_fc_parameters': {'variance_larger_than_standard_deviation': None, 'value_count': [{'value': -1}, {'value': 1}, {'value': 0}], 'time_reversal_asymmetry_statistic': [{'lag': 3}, {'lag': 2}], 'symmetry_looking': [{'r': 0.9500000000000001}, {'r': 0.9}, {'r': 0.8500000000000001}, {'r': 0.8}]}}), 'feature_selection__strategy': 'pca', 'feature_selection__threshold': 0.95, 'imputation__params': ('ffill', None)}",0.49733652312599685,0.573937074829932,0.5098891408415218,0.5120437149687607,0.5405383448873483,0.526748959730712,0.02750437962625905,529,0.8902388225492919,0.8521702159124519,0.8163020449818497,0.7796241332406819,0.7496696367079889,0.817600970678453,0.0500597318514696
186.09237723350526,88.50137486525948,64.06181902885437,4.45709934356255,7,100,8,"('tsfresh', {'default_fc_parameters': {'variance_larger_than_standard_deviation': None, 'value_count': [{'value': -1}, {'value': 1}, {'value': 0}], 'time_reversal_asymmetry_statistic': [{'lag': 3}, {'lag': 2}], 'symmetry_looking': [{'r': 0.9500000000000001}, {'r': 0.9}, {'r': 0.8500000000000001}, {'r': 0.8}]}})",correlation,0.85,"('interpolate', 'linear')","{'classifier__base_estimator__max_depth': 7, 'classifier__base_estimator__n_estimators': 100, 'feature_extraction__n_lags': 8, 'feature_extraction__params': ('tsfresh', {'default_fc_parameters': {'variance_larger_than_standard_deviation': None, 'value_count': [{'value': -1}, {'value': 1}, {'value': 0}], 'time_reversal_asymmetry_statistic': [{'lag': 3}, {'lag': 2}], 'symmetry_looking': [{'r': 0.9500000000000001}, {'r': 0.9}, {'r': 0.8500000000000001}, {'r': 0.8}]}}), 'feature_selection__strategy': 'correlation', 'feature_selection__threshold': 0.85, 'imputation__params': ('interpolate', 'linear')}",0.4982032854209446,0.608283714193756,0.5934367856514858,0.6594040194040193,0.5922682709447415,0.5903192151229895,0.05214268113336768,289,1.0,1.0,1.0,0.999987214630554,0.9992285329615994,0.9998431495184308,0.00030734817037613734
188.54440760612488,89.78531726926938,63.6340003490448,3.164564263409852,7,100,8,"('tsfresh', {'default_fc_parameters': {'variance_larger_than_standard_deviation': None, 'value_count': [{'value': -1}, {'value': 1}, {'value': 0}], 'time_reversal_asymmetry_statistic': [{'lag': 3}, {'lag': 2}], 'symmetry_looking': [{'r': 0.9500000000000001}, {'r': 0.9}, {'r': 0.8500000000000001}, {'r': 0.8}]}})",correlation,0.85,"('interpolate', ('polynomial', 2))","{'classifier__base_estimator__max_depth': 7, 'classifier__base_estimator__n_estimators': 100, 'feature_extraction__n_lags': 8, 'feature_extraction__params': ('tsfresh', {'default_fc_parameters': {'variance_larger_than_standard_deviation': None, 'value_count': [{'value': -1}, {'value': 1}, {'value': 0}], 'time_reversal_asymmetry_statistic': [{'lag': 3}, {'lag': 2}], 'symmetry_looking': [{'r': 0.9500000000000001}, {'r': 0.9}, {'r': 0.8500000000000001}, {'r': 0.8}]}}), 'feature_selection__strategy': 'correlation', 'feature_selection__threshold': 0.85, 'imputation__params': ('interpolate', ('polynomial', 2))}",0.4982032854209446,0.608283714193756,0.5934367856514858,0.6594040194040193,0.5922682709447415,0.5903192151229895,0.05214268113336768,289,1.0,1.0,1.0,0.999987214630554,0.9992285329615994,0.9998431495184308,0.00030734817037613734
185.80520553588866,88.71892408188585,63.36289830207825,3.5496628215413963,7,100,8,"('tsfresh', {'default_fc_parameters': {'variance_larger_than_standard_deviation': None, 'value_count': [{'value': -1}, {'value': 1}, {'value': 0}], 'time_reversal_asymmetry_statistic': [{'lag': 3}, {'lag': 2}], 'symmetry_looking': [{'r': 0.9500000000000001}, {'r': 0.9}, {'r': 0.8500000000000001}, {'r': 0.8}]}})",correlation,0.85,"('interpolate', ('spline', 2))","{'classifier__base_estimator__max_depth': 7, 'classifier__base_estimator__n_estimators': 100, 'feature_extraction__n_lags': 8, 'feature_extraction__params': ('tsfresh', {'default_fc_parameters': {'variance_larger_than_standard_deviation': None, 'value_count': [{'value': -1}, {'value': 1}, {'value': 0}], 'time_reversal_asymmetry_statistic': [{'lag': 3}, {'lag': 2}], 'symmetry_looking': [{'r': 0.9500000000000001}, {'r': 0.9}, {'r': 0.8500000000000001}, {'r': 0.8}]}}), 'feature_selection__strategy': 'correlation', 'feature_selection__threshold': 0.85, 'imputation__params': ('interpolate', ('spline', 2))}",0.4982032854209446,0.608283714193756,0.5934367856514858,0.6594040194040193,0.5922682709447415,0.5903192151229895,0.05214268113336768,289,1.0,1.0,1.0,0.999987214630554,0.9992285329615994,0.9998431495184308,0.00030734817037613734
186.5770285129547,89.65607699212094,63.61873388290405,3.333930756638743,7,100,8,"('tsfresh', {'default_fc_parameters': {'variance_larger_than_standard_deviation': None, 'value_count': [{'value': -1}, {'value': 1}, {'value': 0}], 'time_reversal_asymmetry_statistic': [{'lag': 3}, {'lag': 2}], 'symmetry_looking': [{'r': 0.9500000000000001}, {'r': 0.9}, {'r': 0.8500000000000001}, {'r': 0.8}]}})",correlation,0.85,"('ffill', None)","{'classifier__base_estimator__max_depth': 7, 'classifier__base_estimator__n_estimators': 100, 'feature_extraction__n_lags': 8, 'feature_extraction__params': ('tsfresh', {'default_fc_parameters': {'variance_larger_than_standard_deviation': None, 'value_count': [{'value': -1}, {'value': 1}, {'value': 0}], 'time_reversal_asymmetry_statistic': [{'lag': 3}, {'lag': 2}], 'symmetry_looking': [{'r': 0.9500000000000001}, {'r': 0.9}, {'r': 0.8500000000000001}, {'r': 0.8}]}}), 'feature_selection__strategy': 'correlation', 'feature_selection__threshold': 0.85, 'imputation__params': ('ffill', None)}",0.4982032854209446,0.608283714193756,0.5934367856514858,0.6594040194040193,0.5922682709447415,0.5903192151229895,0.05214268113336768,289,1.0,1.0,1.0,0.999987214630554,0.9992285329615994,0.9998431495184308,0.00030734817037613734
185.87053589820863,88.10927370871703,63.449956560134886,3.5756497460720444,7,100,8,"('tsfresh', {'default_fc_parameters': {'variance_larger_than_standard_deviation': None, 'value_count': [{'value': -1}, {'value': 1}, {'value': 0}], 'time_reversal_asymmetry_statistic': [{'lag': 3}, {'lag': 2}], 'symmetry_looking': [{'r': 0.9500000000000001}, {'r': 0.9}, {'r': 0.8500000000000001}, {'r': 0.8}]}})",correlation,0.9,"('interpolate', 'linear')","{'classifier__base_estimator__max_depth': 7, 'classifier__base_estimator__n_estimators': 100, 'feature_extraction__n_lags': 8, 'feature_extraction__params': ('tsfresh', {'default_fc_parameters': {'variance_larger_than_standard_deviation': None, 'value_count': [{'value': -1}, {'value': 1}, {'value': 0}], 'time_reversal_asymmetry_statistic': [{'lag': 3}, {'lag': 2}], 'symmetry_looking': [{'r': 0.9500000000000001}, {'r': 0.9}, {'r': 0.8500000000000001}, {'r': 0.8}]}}), 'feature_selection__strategy': 'correlation', 'feature_selection__threshold': 0.9, 'imputation__params': ('interpolate', 'linear')}",0.5047484599589322,0.5904208239459285,0.5542465271672234,0.6373250173250173,0.589572192513369,0.5752626041820941,0.04404588311831651,321,1.0,1.0,0.9999151103565365,0.9999769863349972,0.9992538513779176,0.9998291896138903,0.00028934156513191775
186.4367871284485,88.30294054314294,63.409845972061156,3.4611072920132053,7,100,8,"('tsfresh', {'default_fc_parameters': {'variance_larger_than_standard_deviation': None, 'value_count': [{'value': -1}, {'value': 1}, {'value': 0}], 'time_reversal_asymmetry_statistic': [{'lag': 3}, {'lag': 2}], 'symmetry_looking': [{'r': 0.9500000000000001}, {'r': 0.9}, {'r': 0.8500000000000001}, {'r': 0.8}]}})",correlation,0.9,"('interpolate', ('polynomial', 2))","{'classifier__base_estimator__max_depth': 7, 'classifier__base_estimator__n_estimators': 100, 'feature_extraction__n_lags': 8, 'feature_extraction__params': ('tsfresh', {'default_fc_parameters': {'variance_larger_than_standard_deviation': None, 'value_count': [{'value': -1}, {'value': 1}, {'value': 0}], 'time_reversal_asymmetry_statistic': [{'lag': 3}, {'lag': 2}], 'symmetry_looking': [{'r': 0.9500000000000001}, {'r': 0.9}, {'r': 0.8500000000000001}, {'r': 0.8}]}}), 'feature_selection__strategy': 'correlation', 'feature_selection__threshold': 0.9, 'imputation__params': ('interpolate', ('polynomial', 2))}",0.5047484599589322,0.5904208239459285,0.5542465271672234,0.6373250173250173,0.589572192513369,0.5752626041820941,0.04404588311831651,321,1.0,1.0,0.9999151103565365,0.9999769863349972,0.9992538513779176,0.9998291896138903,0.00028934156513191775
185.13729338645936,88.48582891139884,63.08549618721008,3.1857006217117485,7,100,8,"('tsfresh', {'default_fc_parameters': {'variance_larger_than_standard_deviation': None, 'value_count': [{'value': -1}, {'value': 1}, {'value': 0}], 'time_reversal_asymmetry_statistic': [{'lag': 3}, {'lag': 2}], 'symmetry_looking': [{'r': 0.9500000000000001}, {'r': 0.9}, {'r': 0.8500000000000001}, {'r': 0.8}]}})",correlation,0.9,"('interpolate', ('spline', 2))","{'classifier__base_estimator__max_depth': 7, 'classifier__base_estimator__n_estimators': 100, 'feature_extraction__n_lags': 8, 'feature_extraction__params': ('tsfresh', {'default_fc_parameters': {'variance_larger_than_standard_deviation': None, 'value_count': [{'value': -1}, {'value': 1}, {'value': 0}], 'time_reversal_asymmetry_statistic': [{'lag': 3}, {'lag': 2}], 'symmetry_looking': [{'r': 0.9500000000000001}, {'r': 0.9}, {'r': 0.8500000000000001}, {'r': 0.8}]}}), 'feature_selection__strategy': 'correlation', 'feature_selection__threshold': 0.9, 'imputation__params': ('interpolate', ('spline', 2))}",0.5047484599589322,0.5904208239459285,0.5542465271672234,0.6373250173250173,0.589572192513369,0.5752626041820941,0.04404588311831651,321,1.0,1.0,0.9999151103565365,0.9999769863349972,0.9992538513779176,0.9998291896138903,0.00028934156513191775
185.3994438648224,88.64904159276333,63.16142101287842,3.0116445949559023,7,100,8,"('tsfresh', {'default_fc_parameters': {'variance_larger_than_standard_deviation': None, 'value_count': [{'value': -1}, {'value': 1}, {'value': 0}], 'time_reversal_asymmetry_statistic': [{'lag': 3}, {'lag': 2}], 'symmetry_looking': [{'r': 0.9500000000000001}, {'r': 0.9}, {'r': 0.8500000000000001}, {'r': 0.8}]}})",correlation,0.9,"('ffill', None)","{'classifier__base_estimator__max_depth': 7, 'classifier__base_estimator__n_estimators': 100, 'feature_extraction__n_lags': 8, 'feature_extraction__params': ('tsfresh', {'default_fc_parameters': {'variance_larger_than_standard_deviation': None, 'value_count': [{'value': -1}, {'value': 1}, {'value': 0}], 'time_reversal_asymmetry_statistic': [{'lag': 3}, {'lag': 2}], 'symmetry_looking': [{'r': 0.9500000000000001}, {'r': 0.9}, {'r': 0.8500000000000001}, {'r': 0.8}]}}), 'feature_selection__strategy': 'correlation', 'feature_selection__threshold': 0.9, 'imputation__params': ('ffill', None)}",0.5047484599589322,0.5904208239459285,0.5542465271672234,0.6373250173250173,0.589572192513369,0.5752626041820941,0.04404588311831651,321,1.0,1.0,0.9999151103565365,0.9999769863349972,0.9992538513779176,0.9998291896138903,0.00028934156513191775
186.3878496646881,89.6396111749215,63.843781518936154,3.4001207284856516,7,100,8,"('tsfresh', {'default_fc_parameters': {'variance_larger_than_standard_deviation': None, 'value_count': [{'value': -1}, {'value': 1}, {'value': 0}], 'time_reversal_asymmetry_statistic': [{'lag': 3}, {'lag': 2}], 'symmetry_looking': [{'r': 0.9500000000000001}, {'r': 0.9}, {'r': 0.8500000000000001}, {'r': 0.8}]}})",correlation,0.95,"('interpolate', 'linear')","{'classifier__base_estimator__max_depth': 7, 'classifier__base_estimator__n_estimators': 100, 'feature_extraction__n_lags': 8, 'feature_extraction__params': ('tsfresh', {'default_fc_parameters': {'variance_larger_than_standard_deviation': None, 'value_count': [{'value': -1}, {'value': 1}, {'value': 0}], 'time_reversal_asymmetry_statistic': [{'lag': 3}, {'lag': 2}], 'symmetry_looking': [{'r': 0.9500000000000001}, {'r': 0.9}, {'r': 0.8500000000000001}, {'r': 0.8}]}}), 'feature_selection__strategy': 'correlation', 'feature_selection__threshold': 0.95, 'imputation__params': ('interpolate', 'linear')}",0.5071013004791238,0.6388196009011908,0.59271144716019,0.6645599445599445,0.5678030303030304,0.5941990646806958,0.05518447215594875,261,1.0,1.0,0.9999910642480565,0.9999718721872187,0.999332785264086,0.9998591443398721,0.0002633799310446188
186.29921998977662,89.62473738215843,63.916848230361936,3.4354949215479427,7,100,8,"('tsfresh', {'default_fc_parameters': {'variance_larger_than_standard_deviation': None, 'value_count': [{'value': -1}, {'value': 1}, {'value': 0}], 'time_reversal_asymmetry_statistic': [{'lag': 3}, {'lag': 2}], 'symmetry_looking': [{'r': 0.9500000000000001}, {'r': 0.9}, {'r': 0.8500000000000001}, {'r': 0.8}]}})",correlation,0.95,"('interpolate', ('polynomial', 2))","{'classifier__base_estimator__max_depth': 7, 'classifier__base_estimator__n_estimators': 100, 'feature_extraction__n_lags': 8, 'feature_extraction__params': ('tsfresh', {'default_fc_parameters': {'variance_larger_than_standard_deviation': None, 'value_count': [{'value': -1}, {'value': 1}, {'value': 0}], 'time_reversal_asymmetry_statistic': [{'lag': 3}, {'lag': 2}], 'symmetry_looking': [{'r': 0.9500000000000001}, {'r': 0.9}, {'r': 0.8500000000000001}, {'r': 0.8}]}}), 'feature_selection__strategy': 'correlation', 'feature_selection__threshold': 0.95, 'imputation__params': ('interpolate', ('polynomial', 2))}",0.5071013004791238,0.6388196009011908,0.59271144716019,0.6645599445599445,0.5678030303030304,0.5941990646806958,0.05518447215594875,261,1.0,1.0,0.9999910642480565,0.9999718721872187,0.999332785264086,0.9998591443398721,0.0002633799310446188
186.13247990608215,88.49570695145641,63.41009998321533,3.3015694132520754,7,100,8,"('tsfresh', {'default_fc_parameters': {'variance_larger_than_standard_deviation': None, 'value_count': [{'value': -1}, {'value': 1}, {'value': 0}], 'time_reversal_asymmetry_statistic': [{'lag': 3}, {'lag': 2}], 'symmetry_looking': [{'r': 0.9500000000000001}, {'r': 0.9}, {'r': 0.8500000000000001}, {'r': 0.8}]}})",correlation,0.95,"('interpolate', ('spline', 2))","{'classifier__base_estimator__max_depth': 7, 'classifier__base_estimator__n_estimators': 100, 'feature_extraction__n_lags': 8, 'feature_extraction__params': ('tsfresh', {'default_fc_parameters': {'variance_larger_than_standard_deviation': None, 'value_count': [{'value': -1}, {'value': 1}, {'value': 0}], 'time_reversal_asymmetry_statistic': [{'lag': 3}, {'lag': 2}], 'symmetry_looking': [{'r': 0.9500000000000001}, {'r': 0.9}, {'r': 0.8500000000000001}, {'r': 0.8}]}}), 'feature_selection__strategy': 'correlation', 'feature_selection__threshold': 0.95, 'imputation__params': ('interpolate', ('spline', 2))}",0.5071013004791238,0.6388196009011908,0.59271144716019,0.6645599445599445,0.5678030303030304,0.5941990646806958,0.05518447215594875,261,1.0,1.0,0.9999910642480565,0.9999718721872187,0.999332785264086,0.9998591443398721,0.0002633799310446188
185.0913788795471,88.30070192450924,63.18015952110291,3.435152391220023,7,100,8,"('tsfresh', {'default_fc_parameters': {'variance_larger_than_standard_deviation': None, 'value_count': [{'value': -1}, {'value': 1}, {'value': 0}], 'time_reversal_asymmetry_statistic': [{'lag': 3}, {'lag': 2}], 'symmetry_looking': [{'r': 0.9500000000000001}, {'r': 0.9}, {'r': 0.8500000000000001}, {'r': 0.8}]}})",correlation,0.95,"('ffill', None)","{'classifier__base_estimator__max_depth': 7, 'classifier__base_estimator__n_estimators': 100, 'feature_extraction__n_lags': 8, 'feature_extraction__params': ('tsfresh', {'default_fc_parameters': {'variance_larger_than_standard_deviation': None, 'value_count': [{'value': -1}, {'value': 1}, {'value': 0}], 'time_reversal_asymmetry_statistic': [{'lag': 3}, {'lag': 2}], 'symmetry_looking': [{'r': 0.9500000000000001}, {'r': 0.9}, {'r': 0.8500000000000001}, {'r': 0.8}]}}), 'feature_selection__strategy': 'correlation', 'feature_selection__threshold': 0.95, 'imputation__params': ('ffill', None)}",0.5071013004791238,0.6388196009011908,0.59271144716019,0.6645599445599445,0.5678030303030304,0.5941990646806958,0.05518447215594875,261,1.0,1.0,0.9999910642480565,0.9999718721872187,0.999332785264086,0.9998591443398721,0.0002633799310446188
184.97421803474427,87.90768488968017,63.43700799942017,3.17204357262716,7,100,8,"('tsfresh', {'default_fc_parameters': {'variance_larger_than_standard_deviation': None, 'value_count': [{'value': -1}, {'value': 1}, {'value': 0}], 'time_reversal_asymmetry_statistic': [{'lag': 3}, {'lag': 2}], 'symmetry_looking': [{'r': 0.9500000000000001}, {'r': 0.9}, {'r': 0.8500000000000001}, {'r': 0.8}]}})",pca,0.85,"('interpolate', 'linear')","{'classifier__base_estimator__max_depth': 7, 'classifier__base_estimator__n_estimators': 100, 'feature_extraction__n_lags': 8, 'feature_extraction__params': ('tsfresh', {'default_fc_parameters': {'variance_larger_than_standard_deviation': None, 'value_count': [{'value': -1}, {'value': 1}, {'value': 0}], 'time_reversal_asymmetry_statistic': [{'lag': 3}, {'lag': 2}], 'symmetry_looking': [{'r': 0.9500000000000001}, {'r': 0.9}, {'r': 0.8500000000000001}, {'r': 0.8}]}}), 'feature_selection__strategy': 'pca', 'feature_selection__threshold': 0.85, 'imputation__params': ('interpolate', 'linear')}",0.5005347364818618,0.5433496942388156,0.44274221909618433,0.5187664587664588,0.5430704099821748,0.509692703713099,0.03713605545032859,637,0.8855089355089354,0.8427853335225085,0.8125011169689929,0.7711137591031831,0.7509077396909367,0.8125633769589113,0.04848487078320257
185.0541913509369,88.39149149184328,63.50263514518738,3.4549909543251234,7,100,8,"('tsfresh', {'default_fc_parameters': {'variance_larger_than_standard_deviation': None, 'value_count': [{'value': -1}, {'value': 1}, {'value': 0}], 'time_reversal_asymmetry_statistic': [{'lag': 3}, {'lag': 2}], 'symmetry_looking': [{'r': 0.9500000000000001}, {'r': 0.9}, {'r': 0.8500000000000001}, {'r': 0.8}]}})",pca,0.85,"('interpolate', ('polynomial', 2))","{'classifier__base_estimator__max_depth': 7, 'classifier__base_estimator__n_estimators': 100, 'feature_extraction__n_lags': 8, 'feature_extraction__params': ('tsfresh', {'default_fc_parameters': {'variance_larger_than_standard_deviation': None, 'value_count': [{'value': -1}, {'value': 1}, {'value': 0}], 'time_reversal_asymmetry_statistic': [{'lag': 3}, {'lag': 2}], 'symmetry_looking': [{'r': 0.9500000000000001}, {'r': 0.9}, {'r': 0.8500000000000001}, {'r': 0.8}]}}), 'feature_selection__strategy': 'pca', 'feature_selection__threshold': 0.85, 'imputation__params': ('interpolate', ('polynomial', 2))}",0.5005347364818618,0.5433496942388156,0.44274221909618433,0.5187664587664588,0.5430704099821748,0.509692703713099,0.03713605545032859,637,0.8855089355089354,0.8427853335225085,0.8125011169689929,0.7711137591031831,0.7509077396909367,0.8125633769589113,0.04848487078320257
184.61191349029542,88.04966478513668,63.616798067092894,3.3174693997212823,7,100,8,"('tsfresh', {'default_fc_parameters': {'variance_larger_than_standard_deviation': None, 'value_count': [{'value': -1}, {'value': 1}, {'value': 0}], 'time_reversal_asymmetry_statistic': [{'lag': 3}, {'lag': 2}], 'symmetry_looking': [{'r': 0.9500000000000001}, {'r': 0.9}, {'r': 0.8500000000000001}, {'r': 0.8}]}})",pca,0.85,"('interpolate', ('spline', 2))","{'classifier__base_estimator__max_depth': 7, 'classifier__base_estimator__n_estimators': 100, 'feature_extraction__n_lags': 8, 'feature_extraction__params': ('tsfresh', {'default_fc_parameters': {'variance_larger_than_standard_deviation': None, 'value_count': [{'value': -1}, {'value': 1}, {'value': 0}], 'time_reversal_asymmetry_statistic': [{'lag': 3}, {'lag': 2}], 'symmetry_looking': [{'r': 0.9500000000000001}, {'r': 0.9}, {'r': 0.8500000000000001}, {'r': 0.8}]}}), 'feature_selection__strategy': 'pca', 'feature_selection__threshold': 0.85, 'imputation__params': ('interpolate', ('spline', 2))}",0.5005347364818618,0.5433496942388156,0.44274221909618433,0.5187664587664588,0.5430704099821748,0.509692703713099,0.03713605545032859,637,0.8855089355089354,0.8427853335225085,0.8125011169689929,0.7711137591031831,0.7509077396909367,0.8125633769589113,0.04848487078320257
184.68534779548645,88.30836293753657,63.157404232025144,3.8629828739263417,7,100,8,"('tsfresh', {'default_fc_parameters': {'variance_larger_than_standard_deviation': None, 'value_count': [{'value': -1}, {'value': 1}, {'value': 0}], 'time_reversal_asymmetry_statistic': [{'lag': 3}, {'lag': 2}], 'symmetry_looking': [{'r': 0.9500000000000001}, {'r': 0.9}, {'r': 0.8500000000000001}, {'r': 0.8}]}})",pca,0.85,"('ffill', None)","{'classifier__base_estimator__max_depth': 7, 'classifier__base_estimator__n_estimators': 100, 'feature_extraction__n_lags': 8, 'feature_extraction__params': ('tsfresh', {'default_fc_parameters': {'variance_larger_than_standard_deviation': None, 'value_count': [{'value': -1}, {'value': 1}, {'value': 0}], 'time_reversal_asymmetry_statistic': [{'lag': 3}, {'lag': 2}], 'symmetry_looking': [{'r': 0.9500000000000001}, {'r': 0.9}, {'r': 0.8500000000000001}, {'r': 0.8}]}}), 'feature_selection__strategy': 'pca', 'feature_selection__threshold': 0.85, 'imputation__params': ('ffill', None)}",0.5005347364818618,0.5433496942388156,0.44274221909618433,0.5187664587664588,0.5430704099821748,0.509692703713099,0.03713605545032859,637,0.8855089355089354,0.8427853335225085,0.8125011169689929,0.7711137591031831,0.7509077396909367,0.8125633769589113,0.04848487078320257
185.08692350387574,88.54606267303303,63.17506036758423,3.0845912027499423,7,100,8,"('tsfresh', {'default_fc_parameters': {'variance_larger_than_standard_deviation': None, 'value_count': [{'value': -1}, {'value': 1}, {'value': 0}], 'time_reversal_asymmetry_statistic': [{'lag': 3}, {'lag': 2}], 'symmetry_looking': [{'r': 0.9500000000000001}, {'r': 0.9}, {'r': 0.8500000000000001}, {'r': 0.8}]}})",pca,0.9,"('interpolate', 'linear')","{'classifier__base_estimator__max_depth': 7, 'classifier__base_estimator__n_estimators': 100, 'feature_extraction__n_lags': 8, 'feature_extraction__params': ('tsfresh', {'default_fc_parameters': {'variance_larger_than_standard_deviation': None, 'value_count': [{'value': -1}, {'value': 1}, {'value': 0}], 'time_reversal_asymmetry_statistic': [{'lag': 3}, {'lag': 2}], 'symmetry_looking': [{'r': 0.9500000000000001}, {'r': 0.9}, {'r': 0.8500000000000001}, {'r': 0.8}]}}), 'feature_selection__strategy': 'pca', 'feature_selection__threshold': 0.9, 'imputation__params': ('interpolate', 'linear')}",0.5005347364818618,0.5433496942388156,0.44274221909618433,0.5187664587664588,0.5430704099821748,0.509692703713099,0.03713605545032859,637,0.8855089355089354,0.8427853335225085,0.8125011169689929,0.7711137591031831,0.7509077396909367,0.8125633769589113,0.04848487078320257
184.86151843070985,88.42516320833187,63.75033812522888,3.9099870564167722,7,100,8,"('tsfresh', {'default_fc_parameters': {'variance_larger_than_standard_deviation': None, 'value_count': [{'value': -1}, {'value': 1}, {'value': 0}], 'time_reversal_asymmetry_statistic': [{'lag': 3}, {'lag': 2}], 'symmetry_looking': [{'r': 0.9500000000000001}, {'r': 0.9}, {'r': 0.8500000000000001}, {'r': 0.8}]}})",pca,0.9,"('interpolate', ('polynomial', 2))","{'classifier__base_estimator__max_depth': 7, 'classifier__base_estimator__n_estimators': 100, 'feature_extraction__n_lags': 8, 'feature_extraction__params': ('tsfresh', {'default_fc_parameters': {'variance_larger_than_standard_deviation': None, 'value_count': [{'value': -1}, {'value': 1}, {'value': 0}], 'time_reversal_asymmetry_statistic': [{'lag': 3}, {'lag': 2}], 'symmetry_looking': [{'r': 0.9500000000000001}, {'r': 0.9}, {'r': 0.8500000000000001}, {'r': 0.8}]}}), 'feature_selection__strategy': 'pca', 'feature_selection__threshold': 0.9, 'imputation__params': ('interpolate', ('polynomial', 2))}",0.5005347364818618,0.5433496942388156,0.44274221909618433,0.5187664587664588,0.5430704099821748,0.509692703713099,0.03713605545032859,637,0.8855089355089354,0.8427853335225085,0.8125011169689929,0.7711137591031831,0.7509077396909367,0.8125633769589113,0.04848487078320257
185.24876761436462,87.48546461417382,63.35660972595215,3.4673033627819674,7,100,8,"('tsfresh', {'default_fc_parameters': {'variance_larger_than_standard_deviation': None, 'value_count': [{'value': -1}, {'value': 1}, {'value': 0}], 'time_reversal_asymmetry_statistic': [{'lag': 3}, {'lag': 2}], 'symmetry_looking': [{'r': 0.9500000000000001}, {'r': 0.9}, {'r': 0.8500000000000001}, {'r': 0.8}]}})",pca,0.9,"('interpolate', ('spline', 2))","{'classifier__base_estimator__max_depth': 7, 'classifier__base_estimator__n_estimators': 100, 'feature_extraction__n_lags': 8, 'feature_extraction__params': ('tsfresh', {'default_fc_parameters': {'variance_larger_than_standard_deviation': None, 'value_count': [{'value': -1}, {'value': 1}, {'value': 0}], 'time_reversal_asymmetry_statistic': [{'lag': 3}, {'lag': 2}], 'symmetry_looking': [{'r': 0.9500000000000001}, {'r': 0.9}, {'r': 0.8500000000000001}, {'r': 0.8}]}}), 'feature_selection__strategy': 'pca', 'feature_selection__threshold': 0.9, 'imputation__params': ('interpolate', ('spline', 2))}",0.5005347364818618,0.5433496942388156,0.44274221909618433,0.5187664587664588,0.5430704099821748,0.509692703713099,0.03713605545032859,637,0.8855089355089354,0.8427853335225085,0.8125011169689929,0.7711137591031831,0.7509077396909367,0.8125633769589113,0.04848487078320257
184.885652923584,88.92573316837714,63.70215239524841,3.6840433080076735,7,100,8,"('tsfresh', {'default_fc_parameters': {'variance_larger_than_standard_deviation': None, 'value_count': [{'value': -1}, {'value': 1}, {'value': 0}], 'time_reversal_asymmetry_statistic': [{'lag': 3}, {'lag': 2}], 'symmetry_looking': [{'r': 0.9500000000000001}, {'r': 0.9}, {'r': 0.8500000000000001}, {'r': 0.8}]}})",pca,0.9,"('ffill', None)","{'classifier__base_estimator__max_depth': 7, 'classifier__base_estimator__n_estimators': 100, 'feature_extraction__n_lags': 8, 'feature_extraction__params': ('tsfresh', {'default_fc_parameters': {'variance_larger_than_standard_deviation': None, 'value_count': [{'value': -1}, {'value': 1}, {'value': 0}], 'time_reversal_asymmetry_statistic': [{'lag': 3}, {'lag': 2}], 'symmetry_looking': [{'r': 0.9500000000000001}, {'r': 0.9}, {'r': 0.8500000000000001}, {'r': 0.8}]}}), 'feature_selection__strategy': 'pca', 'feature_selection__threshold': 0.9, 'imputation__params': ('ffill', None)}",0.5005347364818618,0.5433496942388156,0.44274221909618433,0.5187664587664588,0.5430704099821748,0.509692703713099,0.03713605545032859,637,0.8855089355089354,0.8427853335225085,0.8125011169689929,0.7711137591031831,0.7509077396909367,0.8125633769589113,0.04848487078320257
185.7433466911316,88.01909944292863,63.33492741584778,3.0663027592472716,7,100,8,"('tsfresh', {'default_fc_parameters': {'variance_larger_than_standard_deviation': None, 'value_count': [{'value': -1}, {'value': 1}, {'value': 0}], 'time_reversal_asymmetry_statistic': [{'lag': 3}, {'lag': 2}], 'symmetry_looking': [{'r': 0.9500000000000001}, {'r': 0.9}, {'r': 0.8500000000000001}, {'r': 0.8}]}})",pca,0.95,"('interpolate', 'linear')","{'classifier__base_estimator__max_depth': 7, 'classifier__base_estimator__n_estimators': 100, 'feature_extraction__n_lags': 8, 'feature_extraction__params': ('tsfresh', {'default_fc_parameters': {'variance_larger_than_standard_deviation': None, 'value_count': [{'value': -1}, {'value': 1}, {'value': 0}], 'time_reversal_asymmetry_statistic': [{'lag': 3}, {'lag': 2}], 'symmetry_looking': [{'r': 0.9500000000000001}, {'r': 0.9}, {'r': 0.8500000000000001}, {'r': 0.8}]}}), 'feature_selection__strategy': 'pca', 'feature_selection__threshold': 0.95, 'imputation__params': ('interpolate', 'linear')}",0.5005347364818618,0.5433496942388156,0.44274221909618433,0.5187664587664588,0.5430704099821748,0.509692703713099,0.03713605545032859,637,0.8855089355089354,0.8427853335225085,0.8125011169689929,0.7711137591031831,0.7509077396909367,0.8125633769589113,0.04848487078320257
185.3276668548584,88.979563007207,63.91876425743103,4.979088804731955,7,100,8,"('tsfresh', {'default_fc_parameters': {'variance_larger_than_standard_deviation': None, 'value_count': [{'value': -1}, {'value': 1}, {'value': 0}], 'time_reversal_asymmetry_statistic': [{'lag': 3}, {'lag': 2}], 'symmetry_looking': [{'r': 0.9500000000000001}, {'r': 0.9}, {'r': 0.8500000000000001}, {'r': 0.8}]}})",pca,0.95,"('interpolate', ('polynomial', 2))","{'classifier__base_estimator__max_depth': 7, 'classifier__base_estimator__n_estimators': 100, 'feature_extraction__n_lags': 8, 'feature_extraction__params': ('tsfresh', {'default_fc_parameters': {'variance_larger_than_standard_deviation': None, 'value_count': [{'value': -1}, {'value': 1}, {'value': 0}], 'time_reversal_asymmetry_statistic': [{'lag': 3}, {'lag': 2}], 'symmetry_looking': [{'r': 0.9500000000000001}, {'r': 0.9}, {'r': 0.8500000000000001}, {'r': 0.8}]}}), 'feature_selection__strategy': 'pca', 'feature_selection__threshold': 0.95, 'imputation__params': ('interpolate', ('polynomial', 2))}",0.5005347364818618,0.5433496942388156,0.44274221909618433,0.5187664587664588,0.5430704099821748,0.509692703713099,0.03713605545032859,637,0.8855089355089354,0.8427853335225085,0.8125011169689929,0.7711137591031831,0.7509077396909367,0.8125633769589113,0.04848487078320257
185.98946504592897,87.87566821587977,63.734732151031494,2.9742453830188937,7,100,8,"('tsfresh', {'default_fc_parameters': {'variance_larger_than_standard_deviation': None, 'value_count': [{'value': -1}, {'value': 1}, {'value': 0}], 'time_reversal_asymmetry_statistic': [{'lag': 3}, {'lag': 2}], 'symmetry_looking': [{'r': 0.9500000000000001}, {'r': 0.9}, {'r': 0.8500000000000001}, {'r': 0.8}]}})",pca,0.95,"('interpolate', ('spline', 2))","{'classifier__base_estimator__max_depth': 7, 'classifier__base_estimator__n_estimators': 100, 'feature_extraction__n_lags': 8, 'feature_extraction__params': ('tsfresh', {'default_fc_parameters': {'variance_larger_than_standard_deviation': None, 'value_count': [{'value': -1}, {'value': 1}, {'value': 0}], 'time_reversal_asymmetry_statistic': [{'lag': 3}, {'lag': 2}], 'symmetry_looking': [{'r': 0.9500000000000001}, {'r': 0.9}, {'r': 0.8500000000000001}, {'r': 0.8}]}}), 'feature_selection__strategy': 'pca', 'feature_selection__threshold': 0.95, 'imputation__params': ('interpolate', ('spline', 2))}",0.5005347364818618,0.5433496942388156,0.44274221909618433,0.5187664587664588,0.5430704099821748,0.509692703713099,0.03713605545032859,637,0.8855089355089354,0.8427853335225085,0.8125011169689929,0.7711137591031831,0.7509077396909367,0.8125633769589113,0.04848487078320257
181.7367928981781,84.21258732723659,63.94708824157715,6.910287232213261,7,100,8,"('tsfresh', {'default_fc_parameters': {'variance_larger_than_standard_deviation': None, 'value_count': [{'value': -1}, {'value': 1}, {'value': 0}], 'time_reversal_asymmetry_statistic': [{'lag': 3}, {'lag': 2}], 'symmetry_looking': [{'r': 0.9500000000000001}, {'r': 0.9}, {'r': 0.8500000000000001}, {'r': 0.8}]}})",pca,0.95,"('ffill', None)","{'classifier__base_estimator__max_depth': 7, 'classifier__base_estimator__n_estimators': 100, 'feature_extraction__n_lags': 8, 'feature_extraction__params': ('tsfresh', {'default_fc_parameters': {'variance_larger_than_standard_deviation': None, 'value_count': [{'value': -1}, {'value': 1}, {'value': 0}], 'time_reversal_asymmetry_statistic': [{'lag': 3}, {'lag': 2}], 'symmetry_looking': [{'r': 0.9500000000000001}, {'r': 0.9}, {'r': 0.8500000000000001}, {'r': 0.8}]}}), 'feature_selection__strategy': 'pca', 'feature_selection__threshold': 0.95, 'imputation__params': ('ffill', None)}",0.5005347364818618,0.5433496942388156,0.44274221909618433,0.5187664587664588,0.5430704099821748,0.509692703713099,0.03713605545032859,637,0.8855089355089354,0.8427853335225085,0.8125011169689929,0.7711137591031831,0.7509077396909367,0.8125633769589113,0.04848487078320257
