mean_fit_time,std_fit_time,mean_score_time,std_score_time,param_imputation__params,param_feature_selection__threshold,param_feature_selection__strategy,param_feature_extraction__params,param_feature_extraction__n_lags,param_classifier__base_estimator__n_estimators,param_classifier__base_estimator__max_depth,params,split0_test_score,split1_test_score,split2_test_score,split3_test_score,split4_test_score,mean_test_score,std_test_score,rank_test_score,split0_train_score,split1_train_score,split2_train_score,split3_train_score,split4_train_score,mean_train_score,std_train_score
190.67215576171876,90.70435579054823,64.35275254249572,1.6858649825431384,"('interpolate', ('polynomial', 3))",0.95,correlation,"('tsfresh', {'default_fc_parameters': {'variance_larger_than_standard_deviation': None, 'value_count': [{'value': -1}, {'value': 1}, {'value': 0}], 'time_reversal_asymmetry_statistic': [{'lag': 3}, {'lag': 2}], 'symmetry_looking': [{'r': 0.9500000000000001}, {'r': 0.9}, {'r': 0.8500000000000001}, {'r': 0.8}]}})",5,200,11,"{'imputation__params': ('interpolate', ('polynomial', 3)), 'feature_selection__threshold': 0.95, 'feature_selection__strategy': 'correlation', 'feature_extraction__params': ('tsfresh', {'default_fc_parameters': {'variance_larger_than_standard_deviation': None, 'value_count': [{'value': -1}, {'value': 1}, {'value': 0}], 'time_reversal_asymmetry_statistic': [{'lag': 3}, {'lag': 2}], 'symmetry_looking': [{'r': 0.9500000000000001}, {'r': 0.9}, {'r': 0.8500000000000001}, {'r': 0.8}]}}), 'feature_extraction__n_lags': 5, 'classifier__base_estimator__n_estimators': 200, 'classifier__base_estimator__max_depth': 11}",0.5261881977671451,0.5800453514739229,0.6155517762660621,0.6007995660646483,0.5680062102830733,0.5781182203709703,0.030719402270768813,42,1.0,1.0,1.0,1.0,1.0,1.0,0.0
190.0958013534546,88.8528113447585,64.28175535202027,1.514162825847569,"('interpolate', 'linear')",0.9,correlation,"('tsfresh', {'default_fc_parameters': {'variance_larger_than_standard_deviation': None, 'value_count': [{'value': -1}, {'value': 1}, {'value': 0}], 'time_reversal_asymmetry_statistic': [{'lag': 3}, {'lag': 2}], 'symmetry_looking': [{'r': 0.9500000000000001}, {'r': 0.9}, {'r': 0.8500000000000001}, {'r': 0.8}]}})",5,300,5,"{'imputation__params': ('interpolate', 'linear'), 'feature_selection__threshold': 0.9, 'feature_selection__strategy': 'correlation', 'feature_extraction__params': ('tsfresh', {'default_fc_parameters': {'variance_larger_than_standard_deviation': None, 'value_count': [{'value': -1}, {'value': 1}, {'value': 0}], 'time_reversal_asymmetry_statistic': [{'lag': 3}, {'lag': 2}], 'symmetry_looking': [{'r': 0.9500000000000001}, {'r': 0.9}, {'r': 0.8500000000000001}, {'r': 0.8}]}}), 'feature_extraction__n_lags': 5, 'classifier__base_estimator__n_estimators': 300, 'classifier__base_estimator__max_depth': 5}",0.5713397129186604,0.49552154195011344,0.6261337868480725,0.6005384012696627,0.5831708549971115,0.5753408595967242,0.04396198138710368,44,1.0,1.0,1.0,1.0,0.999939738292011,0.9999879476584022,2.410468319560266e-05
190.6031137943268,90.61164049643006,64.08589715957642,2.288017937270328,"('ffill', None)",0.95,correlation,"('tsfresh', {'default_fc_parameters': {'variance_larger_than_standard_deviation': None, 'value_count': [{'value': -1}, {'value': 1}, {'value': 0}], 'time_reversal_asymmetry_statistic': [{'lag': 3}, {'lag': 2}], 'symmetry_looking': [{'r': 0.9500000000000001}, {'r': 0.9}, {'r': 0.8500000000000001}, {'r': 0.8}]}})",5,300,3,"{'imputation__params': ('ffill', None), 'feature_selection__threshold': 0.95, 'feature_selection__strategy': 'correlation', 'feature_extraction__params': ('tsfresh', {'default_fc_parameters': {'variance_larger_than_standard_deviation': None, 'value_count': [{'value': -1}, {'value': 1}, {'value': 0}], 'time_reversal_asymmetry_statistic': [{'lag': 3}, {'lag': 2}], 'symmetry_looking': [{'r': 0.9500000000000001}, {'r': 0.9}, {'r': 0.8500000000000001}, {'r': 0.8}]}}), 'feature_extraction__n_lags': 5, 'classifier__base_estimator__n_estimators': 300, 'classifier__base_estimator__max_depth': 3}",0.5229665071770334,0.5985260770975057,0.6359914336104813,0.6286236615304257,0.5092793183131138,0.579077399545712,0.05308953718927875,41,1.0,0.9992901508429458,0.9947034582542081,0.9878265594275323,0.9704857524104683,0.990461184187031,0.010889404674907817
188.43819847106934,89.16179153463919,63.36253409385681,1.8275839089482613,"('interpolate', ('polynomial', 2))",0.99,pca,"('tsfresh', {'default_fc_parameters': {'variance_larger_than_standard_deviation': None, 'value_count': [{'value': -1}, {'value': 1}, {'value': 0}], 'time_reversal_asymmetry_statistic': [{'lag': 3}, {'lag': 2}], 'symmetry_looking': [{'r': 0.9500000000000001}, {'r': 0.9}, {'r': 0.8500000000000001}, {'r': 0.8}]}})",5,300,3,"{'imputation__params': ('interpolate', ('polynomial', 2)), 'feature_selection__threshold': 0.99, 'feature_selection__strategy': 'pca', 'feature_extraction__params': ('tsfresh', {'default_fc_parameters': {'variance_larger_than_standard_deviation': None, 'value_count': [{'value': -1}, {'value': 1}, {'value': 0}], 'time_reversal_asymmetry_statistic': [{'lag': 3}, {'lag': 2}], 'symmetry_looking': [{'r': 0.9500000000000001}, {'r': 0.9}, {'r': 0.8500000000000001}, {'r': 0.8}]}}), 'feature_extraction__n_lags': 5, 'classifier__base_estimator__n_estimators': 300, 'classifier__base_estimator__max_depth': 3}",0.48933014354066984,0.5686791383219953,0.5153691106072058,0.5095425598167829,0.5420999422299249,0.5250041789033156,0.027583691590669278,81,0.88789225215218,0.8510130139012126,0.8040925473782118,0.7722252613214661,0.7432270144628099,0.8116900178431761,0.05225983147563448
162.37265973091127,76.51627495273536,55.88916773796082,2.410931718290059,"('interpolate', ('spline', 3))",0.9,correlation,"('tsfresh', {'default_fc_parameters': {'variance_larger_than_standard_deviation': None, 'value_count': [{'value': -1}, {'value': 1}, {'value': 0}], 'time_reversal_asymmetry_statistic': [{'lag': 3}, {'lag': 2}], 'symmetry_looking': [{'r': 0.9500000000000001}, {'r': 0.9}, {'r': 0.8500000000000001}, {'r': 0.8}]}})",8,50,7,"{'imputation__params': ('interpolate', ('spline', 3)), 'feature_selection__threshold': 0.9, 'feature_selection__strategy': 'correlation', 'feature_extraction__params': ('tsfresh', {'default_fc_parameters': {'variance_larger_than_standard_deviation': None, 'value_count': [{'value': -1}, {'value': 1}, {'value': 0}], 'time_reversal_asymmetry_statistic': [{'lag': 3}, {'lag': 2}], 'symmetry_looking': [{'r': 0.9500000000000001}, {'r': 0.9}, {'r': 0.8500000000000001}, {'r': 0.8}]}}), 'feature_extraction__n_lags': 8, 'classifier__base_estimator__n_estimators': 50, 'classifier__base_estimator__max_depth': 7}",0.5150367898699522,0.5996338912133891,0.5888209952523299,0.646029106029106,0.5862745098039216,0.5871590584337397,0.0420154020326249,29,1.0,0.9990676368648276,0.9923107854525959,0.9941877710498321,0.9834566489139889,0.9938045684562489,0.005925216145078652
189.51940622329712,90.13122639279663,63.87590370178223,2.352302292413798,"('interpolate', ('polynomial', 2))",0.95,pca,"('tsfresh', {'default_fc_parameters': {'variance_larger_than_standard_deviation': None, 'value_count': [{'value': -1}, {'value': 1}, {'value': 0}], 'time_reversal_asymmetry_statistic': [{'lag': 3}, {'lag': 2}], 'symmetry_looking': [{'r': 0.9500000000000001}, {'r': 0.9}, {'r': 0.8500000000000001}, {'r': 0.8}]}})",5,100,7,"{'imputation__params': ('interpolate', ('polynomial', 2)), 'feature_selection__threshold': 0.95, 'feature_selection__strategy': 'pca', 'feature_extraction__params': ('tsfresh', {'default_fc_parameters': {'variance_larger_than_standard_deviation': None, 'value_count': [{'value': -1}, {'value': 1}, {'value': 0}], 'time_reversal_asymmetry_statistic': [{'lag': 3}, {'lag': 2}], 'symmetry_looking': [{'r': 0.9500000000000001}, {'r': 0.9}, {'r': 0.8500000000000001}, {'r': 0.8}]}}), 'feature_extraction__n_lags': 5, 'classifier__base_estimator__n_estimators': 100, 'classifier__base_estimator__max_depth': 7}",0.4972727272727273,0.573937074829932,0.5098891408415218,0.5120437149687607,0.5405383448873483,0.526736200560058,0.02751803238618435,72,0.8902388225492919,0.8521702159124519,0.8163020449818497,0.7796241332406819,0.7496696367079889,0.817600970678453,0.0500597318514696
205.7243016242981,97.0222249719843,69.00076389312744,1.9147533221724031,"('interpolate', ('polynomial', 3))",0.85,correlation,"('tsfresh', {'default_fc_parameters': {'variance_larger_than_standard_deviation': None, 'value_count': [{'value': -1}, {'value': 1}, {'value': 0}], 'time_reversal_asymmetry_statistic': [{'lag': 3}, {'lag': 2}], 'symmetry_looking': [{'r': 0.9500000000000001}, {'r': 0.9}, {'r': 0.8500000000000001}, {'r': 0.8}]}})",3,200,5,"{'imputation__params': ('interpolate', ('polynomial', 3)), 'feature_selection__threshold': 0.85, 'feature_selection__strategy': 'correlation', 'feature_extraction__params': ('tsfresh', {'default_fc_parameters': {'variance_larger_than_standard_deviation': None, 'value_count': [{'value': -1}, {'value': 1}, {'value': 0}], 'time_reversal_asymmetry_statistic': [{'lag': 3}, {'lag': 2}], 'symmetry_looking': [{'r': 0.9500000000000001}, {'r': 0.9}, {'r': 0.8500000000000001}, {'r': 0.8}]}}), 'feature_extraction__n_lags': 3, 'classifier__base_estimator__n_estimators': 200, 'classifier__base_estimator__max_depth': 5}",0.5252000000000001,0.5741341991341992,0.6203499369482977,0.6410365058670142,0.6004128100106427,0.5922266903920308,0.04015032528585685,21,0.9986191659762496,0.9937884757448904,0.9908835395373857,0.9868289239665498,0.9791237147801947,0.989848764001054,0.006597850475199889
189.55594611167908,88.92671956019497,63.71952042579651,1.7819808704250353,"('interpolate', ('polynomial', 3))",0.99,correlation,"('tsfresh', {'default_fc_parameters': {'variance_larger_than_standard_deviation': None, 'value_count': [{'value': -1}, {'value': 1}, {'value': 0}], 'time_reversal_asymmetry_statistic': [{'lag': 3}, {'lag': 2}], 'symmetry_looking': [{'r': 0.9500000000000001}, {'r': 0.9}, {'r': 0.8500000000000001}, {'r': 0.8}]}})",5,200,5,"{'imputation__params': ('interpolate', ('polynomial', 3)), 'feature_selection__threshold': 0.99, 'feature_selection__strategy': 'correlation', 'feature_extraction__params': ('tsfresh', {'default_fc_parameters': {'variance_larger_than_standard_deviation': None, 'value_count': [{'value': -1}, {'value': 1}, {'value': 0}], 'time_reversal_asymmetry_statistic': [{'lag': 3}, {'lag': 2}], 'symmetry_looking': [{'r': 0.9500000000000001}, {'r': 0.9}, {'r': 0.8500000000000001}, {'r': 0.8}]}}), 'feature_extraction__n_lags': 5, 'classifier__base_estimator__n_estimators': 200, 'classifier__base_estimator__max_depth': 5}",0.5251355661881978,0.59937641723356,0.6135204081632654,0.6243043976133557,0.5417930387059503,0.5808259655808657,0.039820622419128475,37,1.0,1.0,0.9998740456536062,0.9993734937977734,0.997854252754821,0.9994203584412402,0.0008164170595705677
188.23888778686523,88.2109326190822,63.765540504455565,1.5517201779999326,"('ffill', None)",0.95,pca,"('tsfresh', {'default_fc_parameters': {'variance_larger_than_standard_deviation': None, 'value_count': [{'value': -1}, {'value': 1}, {'value': 0}], 'time_reversal_asymmetry_statistic': [{'lag': 3}, {'lag': 2}], 'symmetry_looking': [{'r': 0.9500000000000001}, {'r': 0.9}, {'r': 0.8500000000000001}, {'r': 0.8}]}})",5,200,3,"{'imputation__params': ('ffill', None), 'feature_selection__threshold': 0.95, 'feature_selection__strategy': 'pca', 'feature_extraction__params': ('tsfresh', {'default_fc_parameters': {'variance_larger_than_standard_deviation': None, 'value_count': [{'value': -1}, {'value': 1}, {'value': 0}], 'time_reversal_asymmetry_statistic': [{'lag': 3}, {'lag': 2}], 'symmetry_looking': [{'r': 0.9500000000000001}, {'r': 0.9}, {'r': 0.8500000000000001}, {'r': 0.8}]}}), 'feature_extraction__n_lags': 5, 'classifier__base_estimator__n_estimators': 200, 'classifier__base_estimator__max_depth': 3}",0.4816746411483253,0.5734268707482992,0.5140936004031242,0.5121943869658678,0.544844020797227,0.5252467040125687,0.03130067939996583,77,0.866995279089142,0.8281277728482697,0.7917926210130605,0.7625347442967606,0.7349614755509642,0.7968823785596394,0.04675886509670885
188.9277539253235,89.31650522670863,63.33171324729919,1.6771757157807232,"('interpolate', ('spline', 2))",0.99,correlation,"('tsfresh', {'default_fc_parameters': {'variance_larger_than_standard_deviation': None, 'value_count': [{'value': -1}, {'value': 1}, {'value': 0}], 'time_reversal_asymmetry_statistic': [{'lag': 3}, {'lag': 2}], 'symmetry_looking': [{'r': 0.9500000000000001}, {'r': 0.9}, {'r': 0.8500000000000001}, {'r': 0.8}]}})",5,100,7,"{'imputation__params': ('interpolate', ('spline', 2)), 'feature_selection__threshold': 0.99, 'feature_selection__strategy': 'correlation', 'feature_extraction__params': ('tsfresh', {'default_fc_parameters': {'variance_larger_than_standard_deviation': None, 'value_count': [{'value': -1}, {'value': 1}, {'value': 0}], 'time_reversal_asymmetry_statistic': [{'lag': 3}, {'lag': 2}], 'symmetry_looking': [{'r': 0.9500000000000001}, {'r': 0.9}, {'r': 0.8500000000000001}, {'r': 0.8}]}}), 'feature_extraction__n_lags': 5, 'classifier__base_estimator__n_estimators': 100, 'classifier__base_estimator__max_depth': 7}",0.5291706539074961,0.5626275510204081,0.6568877551020409,0.5914478574442011,0.5599274263431543,0.5800122487634601,0.04319979674832441,39,1.0,0.9999852114758947,0.9996156777635675,0.9985400002956961,0.9954873665633609,0.9987256512197039,0.001704321441670606
162.4796854019165,76.93026965347187,55.901244926452634,3.2798920515643535,"('interpolate', ('spline', 2))",0.95,correlation,"('tsfresh', {'default_fc_parameters': {'variance_larger_than_standard_deviation': None, 'value_count': [{'value': -1}, {'value': 1}, {'value': 0}], 'time_reversal_asymmetry_statistic': [{'lag': 3}, {'lag': 2}], 'symmetry_looking': [{'r': 0.9500000000000001}, {'r': 0.9}, {'r': 0.8500000000000001}, {'r': 0.8}]}})",8,200,3,"{'imputation__params': ('interpolate', ('spline', 2)), 'feature_selection__threshold': 0.95, 'feature_selection__strategy': 'correlation', 'feature_extraction__params': ('tsfresh', {'default_fc_parameters': {'variance_larger_than_standard_deviation': None, 'value_count': [{'value': -1}, {'value': 1}, {'value': 0}], 'time_reversal_asymmetry_statistic': [{'lag': 3}, {'lag': 2}], 'symmetry_looking': [{'r': 0.9500000000000001}, {'r': 0.9}, {'r': 0.8500000000000001}, {'r': 0.8}]}}), 'feature_extraction__n_lags': 8, 'classifier__base_estimator__n_estimators': 200, 'classifier__base_estimator__max_depth': 3}",0.5035506502395619,0.6502051818474412,0.5975250571478811,0.6307830907830907,0.5812388591800357,0.5926605678396021,0.05071371699354788,18,1.0,0.998925755518171,0.995098740058976,0.9824827653219868,0.9695687529041712,0.989215202760661,0.011632122792680045
189.2092830657959,90.13565470044328,63.421654558181764,1.6119181548765322,"('ffill', None)",0.85,pca,"('tsfresh', {'default_fc_parameters': {'variance_larger_than_standard_deviation': None, 'value_count': [{'value': -1}, {'value': 1}, {'value': 0}], 'time_reversal_asymmetry_statistic': [{'lag': 3}, {'lag': 2}], 'symmetry_looking': [{'r': 0.9500000000000001}, {'r': 0.9}, {'r': 0.8500000000000001}, {'r': 0.8}]}})",5,100,3,"{'imputation__params': ('ffill', None), 'feature_selection__threshold': 0.85, 'feature_selection__strategy': 'pca', 'feature_extraction__params': ('tsfresh', {'default_fc_parameters': {'variance_larger_than_standard_deviation': None, 'value_count': [{'value': -1}, {'value': 1}, {'value': 0}], 'time_reversal_asymmetry_statistic': [{'lag': 3}, {'lag': 2}], 'symmetry_looking': [{'r': 0.9500000000000001}, {'r': 0.9}, {'r': 0.8500000000000001}, {'r': 0.8}]}}), 'feature_extraction__n_lags': 5, 'classifier__base_estimator__n_estimators': 100, 'classifier__base_estimator__max_depth': 3}",0.48129186602870816,0.5730300453514738,0.5068972033257748,0.5205516604054081,0.5577610485268631,0.5279063647276456,0.033453958585563985,69,0.8268953068592058,0.7934228039041704,0.7737472386931752,0.7332866995875039,0.7148469783057851,0.7684398054699682,0.04044081274525291
161.0385323047638,76.90631821025343,55.41868944168091,3.412605839357205,"('interpolate', ('polynomial', 3))",0.85,pca,"('tsfresh', {'default_fc_parameters': {'variance_larger_than_standard_deviation': None, 'value_count': [{'value': -1}, {'value': 1}, {'value': 0}], 'time_reversal_asymmetry_statistic': [{'lag': 3}, {'lag': 2}], 'symmetry_looking': [{'r': 0.9500000000000001}, {'r': 0.9}, {'r': 0.8500000000000001}, {'r': 0.8}]}})",8,200,7,"{'imputation__params': ('interpolate', ('polynomial', 3)), 'feature_selection__threshold': 0.85, 'feature_selection__strategy': 'pca', 'feature_extraction__params': ('tsfresh', {'default_fc_parameters': {'variance_larger_than_standard_deviation': None, 'value_count': [{'value': -1}, {'value': 1}, {'value': 0}], 'time_reversal_asymmetry_statistic': [{'lag': 3}, {'lag': 2}], 'symmetry_looking': [{'r': 0.9500000000000001}, {'r': 0.9}, {'r': 0.8500000000000001}, {'r': 0.8}]}}), 'feature_extraction__n_lags': 8, 'classifier__base_estimator__n_estimators': 200, 'classifier__base_estimator__max_depth': 7}",0.49882357973990415,0.5433094625040231,0.43806048883418325,0.5087872487872488,0.538235294117647,0.5054432147966013,0.03769511127819726,94,0.9021173271173272,0.8728236414861057,0.8356335448127961,0.7848669810162834,0.7594646197471733,0.8309812228359371,0.05305454786644106
189.63231835365295,90.50717107990656,63.45665054321289,2.107575735109078,"('interpolate', ('polynomial', 3))",0.85,correlation,"('tsfresh', {'default_fc_parameters': {'variance_larger_than_standard_deviation': None, 'value_count': [{'value': -1}, {'value': 1}, {'value': 0}], 'time_reversal_asymmetry_statistic': [{'lag': 3}, {'lag': 2}], 'symmetry_looking': [{'r': 0.9500000000000001}, {'r': 0.9}, {'r': 0.8500000000000001}, {'r': 0.8}]}})",5,200,7,"{'imputation__params': ('interpolate', ('polynomial', 3)), 'feature_selection__threshold': 0.85, 'feature_selection__strategy': 'correlation', 'feature_extraction__params': ('tsfresh', {'default_fc_parameters': {'variance_larger_than_standard_deviation': None, 'value_count': [{'value': -1}, {'value': 1}, {'value': 0}], 'time_reversal_asymmetry_statistic': [{'lag': 3}, {'lag': 2}], 'symmetry_looking': [{'r': 0.9500000000000001}, {'r': 0.9}, {'r': 0.8500000000000001}, {'r': 0.8}]}}), 'feature_extraction__n_lags': 5, 'classifier__base_estimator__n_estimators': 200, 'classifier__base_estimator__max_depth': 7}",0.5551674641148324,0.5087301587301587,0.6481481481481481,0.6023866444341764,0.5575353841709995,0.574393559919663,0.04730512693278232,45,1.0,1.0,1.0,1.0,0.9999989238980717,0.9999997847796143,4.3044077133735927e-07
187.72204518318176,89.15869238879645,63.58391699790955,1.6737211618953196,"('interpolate', 'linear')",0.85,pca,"('tsfresh', {'default_fc_parameters': {'variance_larger_than_standard_deviation': None, 'value_count': [{'value': -1}, {'value': 1}, {'value': 0}], 'time_reversal_asymmetry_statistic': [{'lag': 3}, {'lag': 2}], 'symmetry_looking': [{'r': 0.9500000000000001}, {'r': 0.9}, {'r': 0.8500000000000001}, {'r': 0.8}]}})",5,200,3,"{'imputation__params': ('interpolate', 'linear'), 'feature_selection__threshold': 0.85, 'feature_selection__strategy': 'pca', 'feature_extraction__params': ('tsfresh', {'default_fc_parameters': {'variance_larger_than_standard_deviation': None, 'value_count': [{'value': -1}, {'value': 1}, {'value': 0}], 'time_reversal_asymmetry_statistic': [{'lag': 3}, {'lag': 2}], 'symmetry_looking': [{'r': 0.9500000000000001}, {'r': 0.9}, {'r': 0.8500000000000001}, {'r': 0.8}]}}), 'feature_extraction__n_lags': 5, 'classifier__base_estimator__n_estimators': 200, 'classifier__base_estimator__max_depth': 3}",0.4816746411483253,0.5734268707482992,0.5140936004031242,0.5121943869658678,0.544844020797227,0.5252467040125687,0.03130067939996583,77,0.866995279089142,0.8281277728482697,0.7917926210130605,0.7625347442967606,0.7349614755509642,0.7968823785596394,0.04675886509670885
206.2900195121765,98.80628501915878,68.92494821548462,1.424043987589474,"('ffill', None)",0.9,correlation,"('tsfresh', {'default_fc_parameters': {'variance_larger_than_standard_deviation': None, 'value_count': [{'value': -1}, {'value': 1}, {'value': 0}], 'time_reversal_asymmetry_statistic': [{'lag': 3}, {'lag': 2}], 'symmetry_looking': [{'r': 0.9500000000000001}, {'r': 0.9}, {'r': 0.8500000000000001}, {'r': 0.8}]}})",3,50,5,"{'imputation__params': ('ffill', None), 'feature_selection__threshold': 0.9, 'feature_selection__strategy': 'correlation', 'feature_extraction__params': ('tsfresh', {'default_fc_parameters': {'variance_larger_than_standard_deviation': None, 'value_count': [{'value': -1}, {'value': 1}, {'value': 0}], 'time_reversal_asymmetry_statistic': [{'lag': 3}, {'lag': 2}], 'symmetry_looking': [{'r': 0.9500000000000001}, {'r': 0.9}, {'r': 0.8500000000000001}, {'r': 0.8}]}}), 'feature_extraction__n_lags': 3, 'classifier__base_estimator__n_estimators': 50, 'classifier__base_estimator__max_depth': 5}",0.55544,0.6306230001882175,0.6170397225725095,0.6517193611473272,0.6003966846196019,0.6110437537055312,0.032492894861826535,4,0.9717159164135138,0.9553804481654765,0.9533485745024208,0.934288721823052,0.9149505932810422,0.9459368508371011,0.019516672190939194
187.5037108898163,89.1398338372087,63.083242082595824,1.7490787460054333,"('ffill', None)",0.99,pca,"('tsfresh', {'default_fc_parameters': {'variance_larger_than_standard_deviation': None, 'value_count': [{'value': -1}, {'value': 1}, {'value': 0}], 'time_reversal_asymmetry_statistic': [{'lag': 3}, {'lag': 2}], 'symmetry_looking': [{'r': 0.9500000000000001}, {'r': 0.9}, {'r': 0.8500000000000001}, {'r': 0.8}]}})",5,200,3,"{'imputation__params': ('ffill', None), 'feature_selection__threshold': 0.99, 'feature_selection__strategy': 'pca', 'feature_extraction__params': ('tsfresh', {'default_fc_parameters': {'variance_larger_than_standard_deviation': None, 'value_count': [{'value': -1}, {'value': 1}, {'value': 0}], 'time_reversal_asymmetry_statistic': [{'lag': 3}, {'lag': 2}], 'symmetry_looking': [{'r': 0.9500000000000001}, {'r': 0.9}, {'r': 0.8500000000000001}, {'r': 0.8}]}}), 'feature_extraction__n_lags': 5, 'classifier__base_estimator__n_estimators': 200, 'classifier__base_estimator__max_depth': 3}",0.4816746411483253,0.5734268707482992,0.5140936004031242,0.5121943869658678,0.544844020797227,0.5252467040125687,0.03130067939996583,77,0.866995279089142,0.8281277728482697,0.7917926210130605,0.7625347442967606,0.7349614755509642,0.7968823785596394,0.04675886509670885
206.52124977111816,96.74027273395892,68.46272354125976,1.2883338973409528,"('interpolate', 'linear')",0.9,correlation,"('tsfresh', {'default_fc_parameters': {'variance_larger_than_standard_deviation': None, 'value_count': [{'value': -1}, {'value': 1}, {'value': 0}], 'time_reversal_asymmetry_statistic': [{'lag': 3}, {'lag': 2}], 'symmetry_looking': [{'r': 0.9500000000000001}, {'r': 0.9}, {'r': 0.8500000000000001}, {'r': 0.8}]}})",3,300,3,"{'imputation__params': ('interpolate', 'linear'), 'feature_selection__threshold': 0.9, 'feature_selection__strategy': 'correlation', 'feature_extraction__params': ('tsfresh', {'default_fc_parameters': {'variance_larger_than_standard_deviation': None, 'value_count': [{'value': -1}, {'value': 1}, {'value': 0}], 'time_reversal_asymmetry_statistic': [{'lag': 3}, {'lag': 2}], 'symmetry_looking': [{'r': 0.9500000000000001}, {'r': 0.9}, {'r': 0.8500000000000001}, {'r': 0.8}]}}), 'feature_extraction__n_lags': 3, 'classifier__base_estimator__n_estimators': 300, 'classifier__base_estimator__max_depth': 3}",0.5115466666666667,0.5603354978354979,0.6295449768810426,0.6091020208604954,0.5261715096591092,0.5673401343805624,0.04576096420968024,48,0.9960416091319158,0.9823873430189609,0.9757826788596019,0.9686705319906418,0.9477908233859953,0.974134597277423,0.015966161629331895
189.28625583648682,90.90215016111343,63.24190845489502,2.415018245166165,"('ffill', None)",0.9,correlation,"('tsfresh', {'default_fc_parameters': {'variance_larger_than_standard_deviation': None, 'value_count': [{'value': -1}, {'value': 1}, {'value': 0}], 'time_reversal_asymmetry_statistic': [{'lag': 3}, {'lag': 2}], 'symmetry_looking': [{'r': 0.9500000000000001}, {'r': 0.9}, {'r': 0.8500000000000001}, {'r': 0.8}]}})",5,200,3,"{'imputation__params': ('ffill', None), 'feature_selection__threshold': 0.9, 'feature_selection__strategy': 'correlation', 'feature_extraction__params': ('tsfresh', {'default_fc_parameters': {'variance_larger_than_standard_deviation': None, 'value_count': [{'value': -1}, {'value': 1}, {'value': 0}], 'time_reversal_asymmetry_statistic': [{'lag': 3}, {'lag': 2}], 'symmetry_looking': [{'r': 0.9500000000000001}, {'r': 0.9}, {'r': 0.8500000000000001}, {'r': 0.8}]}}), 'feature_extraction__n_lags': 5, 'classifier__base_estimator__n_estimators': 200, 'classifier__base_estimator__max_depth': 3}",0.5643540669856459,0.5526927437641722,0.6434240362811792,0.633394941438817,0.518910673021375,0.5825552922982379,0.048090264897428125,34,1.0,0.9921066252587991,0.9820628092340684,0.9690868163874801,0.943790353822314,0.9774093209405322,0.0197357721917391
204.9506829738617,96.8691969083654,68.39284710884094,0.6787682747445907,"('interpolate', ('polynomial', 2))",0.85,correlation,"('tsfresh', {'default_fc_parameters': {'variance_larger_than_standard_deviation': None, 'value_count': [{'value': -1}, {'value': 1}, {'value': 0}], 'time_reversal_asymmetry_statistic': [{'lag': 3}, {'lag': 2}], 'symmetry_looking': [{'r': 0.9500000000000001}, {'r': 0.9}, {'r': 0.8500000000000001}, {'r': 0.8}]}})",3,200,11,"{'imputation__params': ('interpolate', ('polynomial', 2)), 'feature_selection__threshold': 0.85, 'feature_selection__strategy': 'correlation', 'feature_extraction__params': ('tsfresh', {'default_fc_parameters': {'variance_larger_than_standard_deviation': None, 'value_count': [{'value': -1}, {'value': 1}, {'value': 0}], 'time_reversal_asymmetry_statistic': [{'lag': 3}, {'lag': 2}], 'symmetry_looking': [{'r': 0.9500000000000001}, {'r': 0.9}, {'r': 0.8500000000000001}, {'r': 0.8}]}}), 'feature_extraction__n_lags': 3, 'classifier__base_estimator__n_estimators': 200, 'classifier__base_estimator__max_depth': 11}",0.5502400000000001,0.6621729719555807,0.655369903320723,0.6155231421121251,0.5653803979746509,0.6097372830726159,0.045547280078575815,6,0.998849304980208,0.9985102191578429,0.9981589564281872,0.9976288672504724,0.9969083539843483,0.9980111403602118,0.0006834792882933478
204.64747076034547,95.49855836415617,68.63981184959411,1.0013590089702793,"('interpolate', 'linear')",0.99,pca,"('tsfresh', {'default_fc_parameters': {'variance_larger_than_standard_deviation': None, 'value_count': [{'value': -1}, {'value': 1}, {'value': 0}], 'time_reversal_asymmetry_statistic': [{'lag': 3}, {'lag': 2}], 'symmetry_looking': [{'r': 0.9500000000000001}, {'r': 0.9}, {'r': 0.8500000000000001}, {'r': 0.8}]}})",3,200,3,"{'imputation__params': ('interpolate', 'linear'), 'feature_selection__threshold': 0.99, 'feature_selection__strategy': 'pca', 'feature_extraction__params': ('tsfresh', {'default_fc_parameters': {'variance_larger_than_standard_deviation': None, 'value_count': [{'value': -1}, {'value': 1}, {'value': 0}], 'time_reversal_asymmetry_statistic': [{'lag': 3}, {'lag': 2}], 'symmetry_looking': [{'r': 0.9500000000000001}, {'r': 0.9}, {'r': 0.8500000000000001}, {'r': 0.8}]}}), 'feature_extraction__n_lags': 3, 'classifier__base_estimator__n_estimators': 200, 'classifier__base_estimator__max_depth': 3}",0.45124000000000003,0.5930147750799925,0.5117433795712485,0.5382904172099088,0.6191424517044538,0.5426862047131207,0.05952766152158295,57,0.9487135229678726,0.9136635065254863,0.8799139322216246,0.8586852658412012,0.8024318516508206,0.880681615841401,0.049645946154171755
207.02849655151368,98.56287415723035,68.73532071113587,1.3486829863153156,"('ffill', None)",0.9,correlation,"('tsfresh', {'default_fc_parameters': {'variance_larger_than_standard_deviation': None, 'value_count': [{'value': -1}, {'value': 1}, {'value': 0}], 'time_reversal_asymmetry_statistic': [{'lag': 3}, {'lag': 2}], 'symmetry_looking': [{'r': 0.9500000000000001}, {'r': 0.9}, {'r': 0.8500000000000001}, {'r': 0.8}]}})",3,200,7,"{'imputation__params': ('ffill', None), 'feature_selection__threshold': 0.9, 'feature_selection__strategy': 'correlation', 'feature_extraction__params': ('tsfresh', {'default_fc_parameters': {'variance_larger_than_standard_deviation': None, 'value_count': [{'value': -1}, {'value': 1}, {'value': 0}], 'time_reversal_asymmetry_statistic': [{'lag': 3}, {'lag': 2}], 'symmetry_looking': [{'r': 0.9500000000000001}, {'r': 0.9}, {'r': 0.8500000000000001}, {'r': 0.8}]}}), 'feature_extraction__n_lags': 3, 'classifier__base_estimator__n_estimators': 200, 'classifier__base_estimator__max_depth': 7}",0.5476933333333334,0.6147303783173348,0.6258144178226146,0.5802151238591917,0.5856661399038927,0.5908238786472735,0.027550863668611855,24,0.998849304980208,0.9984640482639744,0.9970091447014524,0.9956908110707318,0.9931168721387036,0.9966260362310141,0.0020811949928710204
160.90073623657227,77.85846883765504,54.986964797973634,2.9027953068905727,"('interpolate', ('spline', 2))",0.85,pca,"('tsfresh', {'default_fc_parameters': {'variance_larger_than_standard_deviation': None, 'value_count': [{'value': -1}, {'value': 1}, {'value': 0}], 'time_reversal_asymmetry_statistic': [{'lag': 3}, {'lag': 2}], 'symmetry_looking': [{'r': 0.9500000000000001}, {'r': 0.9}, {'r': 0.8500000000000001}, {'r': 0.8}]}})",8,300,11,"{'imputation__params': ('interpolate', ('spline', 2)), 'feature_selection__threshold': 0.85, 'feature_selection__strategy': 'pca', 'feature_extraction__params': ('tsfresh', {'default_fc_parameters': {'variance_larger_than_standard_deviation': None, 'value_count': [{'value': -1}, {'value': 1}, {'value': 0}], 'time_reversal_asymmetry_statistic': [{'lag': 3}, {'lag': 2}], 'symmetry_looking': [{'r': 0.9500000000000001}, {'r': 0.9}, {'r': 0.8500000000000001}, {'r': 0.8}]}}), 'feature_extraction__n_lags': 8, 'classifier__base_estimator__n_estimators': 300, 'classifier__base_estimator__max_depth': 11}",0.5093899726214922,0.5412777598970067,0.4364559521716194,0.49736659736659744,0.5378230837789661,0.5044626731671364,0.03786242010056867,97,0.906138306138306,0.9003587571194033,0.847473416137968,0.7935405756484739,0.7673014142569492,0.84296249386022,0.05562910691242549
162.23319029808044,77.9537217369514,55.44208936691284,2.87886691875892,"('interpolate', ('spline', 3))",0.9,pca,"('tsfresh', {'default_fc_parameters': {'variance_larger_than_standard_deviation': None, 'value_count': [{'value': -1}, {'value': 1}, {'value': 0}], 'time_reversal_asymmetry_statistic': [{'lag': 3}, {'lag': 2}], 'symmetry_looking': [{'r': 0.9500000000000001}, {'r': 0.9}, {'r': 0.8500000000000001}, {'r': 0.8}]}})",8,300,7,"{'imputation__params': ('interpolate', ('spline', 3)), 'feature_selection__threshold': 0.9, 'feature_selection__strategy': 'pca', 'feature_extraction__params': ('tsfresh', {'default_fc_parameters': {'variance_larger_than_standard_deviation': None, 'value_count': [{'value': -1}, {'value': 1}, {'value': 0}], 'time_reversal_asymmetry_statistic': [{'lag': 3}, {'lag': 2}], 'symmetry_looking': [{'r': 0.9500000000000001}, {'r': 0.9}, {'r': 0.8500000000000001}, {'r': 0.8}]}}), 'feature_extraction__n_lags': 8, 'classifier__base_estimator__n_estimators': 300, 'classifier__base_estimator__max_depth': 7}",0.49138004791238876,0.5439531702607017,0.4339062774749428,0.502079002079002,0.531183155080214,0.5005003305614498,0.03834064335460676,98,0.9048562548562549,0.8950078034740662,0.8441671879188634,0.7920242308321741,0.764479155496777,0.840106926515627,0.05523508469713406
186.14368586540223,87.91741851343042,63.248544692993164,1.6624122998628343,"('interpolate', ('polynomial', 2))",0.99,pca,"('tsfresh', {'default_fc_parameters': {'variance_larger_than_standard_deviation': None, 'value_count': [{'value': -1}, {'value': 1}, {'value': 0}], 'time_reversal_asymmetry_statistic': [{'lag': 3}, {'lag': 2}], 'symmetry_looking': [{'r': 0.9500000000000001}, {'r': 0.9}, {'r': 0.8500000000000001}, {'r': 0.8}]}})",5,200,11,"{'imputation__params': ('interpolate', ('polynomial', 2)), 'feature_selection__threshold': 0.99, 'feature_selection__strategy': 'pca', 'feature_extraction__params': ('tsfresh', {'default_fc_parameters': {'variance_larger_than_standard_deviation': None, 'value_count': [{'value': -1}, {'value': 1}, {'value': 0}], 'time_reversal_asymmetry_statistic': [{'lag': 3}, {'lag': 2}], 'symmetry_looking': [{'r': 0.9500000000000001}, {'r': 0.9}, {'r': 0.8500000000000001}, {'r': 0.8}]}}), 'feature_extraction__n_lags': 5, 'classifier__base_estimator__n_estimators': 200, 'classifier__base_estimator__max_depth': 11}",0.5095215311004785,0.5692885487528345,0.5188649533887628,0.4967856640617152,0.5373068313113807,0.5263535057230344,0.025207317618824273,74,0.9168980838655929,0.8769594794439516,0.8378693046028239,0.8000391797389002,0.762123902376033,0.8387779900054604,0.054658842799289085
164.56406536102295,79.77664411702276,55.734669303894044,3.2002156476770485,"('ffill', None)",0.95,pca,"('tsfresh', {'default_fc_parameters': {'variance_larger_than_standard_deviation': None, 'value_count': [{'value': -1}, {'value': 1}, {'value': 0}], 'time_reversal_asymmetry_statistic': [{'lag': 3}, {'lag': 2}], 'symmetry_looking': [{'r': 0.9500000000000001}, {'r': 0.9}, {'r': 0.8500000000000001}, {'r': 0.8}]}})",8,300,7,"{'imputation__params': ('ffill', None), 'feature_selection__threshold': 0.95, 'feature_selection__strategy': 'pca', 'feature_extraction__params': ('tsfresh', {'default_fc_parameters': {'variance_larger_than_standard_deviation': None, 'value_count': [{'value': -1}, {'value': 1}, {'value': 0}], 'time_reversal_asymmetry_statistic': [{'lag': 3}, {'lag': 2}], 'symmetry_looking': [{'r': 0.9500000000000001}, {'r': 0.9}, {'r': 0.8500000000000001}, {'r': 0.8}]}}), 'feature_extraction__n_lags': 8, 'classifier__base_estimator__n_estimators': 300, 'classifier__base_estimator__max_depth': 7}",0.49138004791238876,0.5439531702607017,0.4339062774749428,0.502079002079002,0.531183155080214,0.5005003305614498,0.03834064335460676,98,0.9048562548562549,0.8950078034740662,0.8441671879188634,0.7920242308321741,0.764479155496777,0.840106926515627,0.05523508469713406
188.16063132286072,87.18998030526076,63.151078367233275,1.646893752376155,"('interpolate', 'linear')",0.85,correlation,"('tsfresh', {'default_fc_parameters': {'variance_larger_than_standard_deviation': None, 'value_count': [{'value': -1}, {'value': 1}, {'value': 0}], 'time_reversal_asymmetry_statistic': [{'lag': 3}, {'lag': 2}], 'symmetry_looking': [{'r': 0.9500000000000001}, {'r': 0.9}, {'r': 0.8500000000000001}, {'r': 0.8}]}})",5,50,3,"{'imputation__params': ('interpolate', 'linear'), 'feature_selection__threshold': 0.85, 'feature_selection__strategy': 'correlation', 'feature_extraction__params': ('tsfresh', {'default_fc_parameters': {'variance_larger_than_standard_deviation': None, 'value_count': [{'value': -1}, {'value': 1}, {'value': 0}], 'time_reversal_asymmetry_statistic': [{'lag': 3}, {'lag': 2}], 'symmetry_looking': [{'r': 0.9500000000000001}, {'r': 0.9}, {'r': 0.8500000000000001}, {'r': 0.8}]}}), 'feature_extraction__n_lags': 5, 'classifier__base_estimator__n_estimators': 50, 'classifier__base_estimator__max_depth': 3}",0.5681180223285487,0.6111678004535147,0.6662887377173092,0.6676778431805854,0.6150166088965916,0.62565380251531,0.037551506223381124,1,0.9627325742849208,0.9241977225672877,0.9030280716712527,0.8843135044428346,0.8581299500688706,0.9064803646070333,0.03555071439170403
163.62902240753175,78.09413657349765,55.234680318832396,2.60421011496428,"('interpolate', 'linear')",0.95,correlation,"('tsfresh', {'default_fc_parameters': {'variance_larger_than_standard_deviation': None, 'value_count': [{'value': -1}, {'value': 1}, {'value': 0}], 'time_reversal_asymmetry_statistic': [{'lag': 3}, {'lag': 2}], 'symmetry_looking': [{'r': 0.9500000000000001}, {'r': 0.9}, {'r': 0.8500000000000001}, {'r': 0.8}]}})",8,300,5,"{'imputation__params': ('interpolate', 'linear'), 'feature_selection__threshold': 0.95, 'feature_selection__strategy': 'correlation', 'feature_extraction__params': ('tsfresh', {'default_fc_parameters': {'variance_larger_than_standard_deviation': None, 'value_count': [{'value': -1}, {'value': 1}, {'value': 0}], 'time_reversal_asymmetry_statistic': [{'lag': 3}, {'lag': 2}], 'symmetry_looking': [{'r': 0.9500000000000001}, {'r': 0.9}, {'r': 0.8500000000000001}, {'r': 0.8}]}}), 'feature_extraction__n_lags': 8, 'classifier__base_estimator__n_estimators': 300, 'classifier__base_estimator__max_depth': 5}",0.4887919233401779,0.6373511425812681,0.6198347107438016,0.6497574497574499,0.5986185383244207,0.5988707529494237,0.05766644806993654,14,1.0,1.0,1.0,1.0,1.0,1.0,0.0
162.21526756286622,77.16539229922216,55.474639081954955,2.856237756192218,"('ffill', None)",0.99,correlation,"('tsfresh', {'default_fc_parameters': {'variance_larger_than_standard_deviation': None, 'value_count': [{'value': -1}, {'value': 1}, {'value': 0}], 'time_reversal_asymmetry_statistic': [{'lag': 3}, {'lag': 2}], 'symmetry_looking': [{'r': 0.9500000000000001}, {'r': 0.9}, {'r': 0.8500000000000001}, {'r': 0.8}]}})",8,200,3,"{'imputation__params': ('ffill', None), 'feature_selection__threshold': 0.99, 'feature_selection__strategy': 'correlation', 'feature_extraction__params': ('tsfresh', {'default_fc_parameters': {'variance_larger_than_standard_deviation': None, 'value_count': [{'value': -1}, {'value': 1}, {'value': 0}], 'time_reversal_asymmetry_statistic': [{'lag': 3}, {'lag': 2}], 'symmetry_looking': [{'r': 0.9500000000000001}, {'r': 0.9}, {'r': 0.8500000000000001}, {'r': 0.8}]}}), 'feature_extraction__n_lags': 8, 'classifier__base_estimator__n_estimators': 200, 'classifier__base_estimator__max_depth': 3}",0.4808350444900753,0.6265086900547151,0.5892166344294003,0.6484684684684685,0.5607174688057042,0.5811492612496727,0.05854030437001976,35,1.0,0.9986926647343779,0.9955678670360111,0.9856535369446034,0.9774666094768321,0.991476135638365,0.008621441880554602
160.91543846130372,76.43757268654875,55.1298104763031,3.029815966941797,"('interpolate', ('spline', 2))",0.9,pca,"('tsfresh', {'default_fc_parameters': {'variance_larger_than_standard_deviation': None, 'value_count': [{'value': -1}, {'value': 1}, {'value': 0}], 'time_reversal_asymmetry_statistic': [{'lag': 3}, {'lag': 2}], 'symmetry_looking': [{'r': 0.9500000000000001}, {'r': 0.9}, {'r': 0.8500000000000001}, {'r': 0.8}]}})",8,100,11,"{'imputation__params': ('interpolate', ('spline', 2)), 'feature_selection__threshold': 0.9, 'feature_selection__strategy': 'pca', 'feature_extraction__params': ('tsfresh', {'default_fc_parameters': {'variance_larger_than_standard_deviation': None, 'value_count': [{'value': -1}, {'value': 1}, {'value': 0}], 'time_reversal_asymmetry_statistic': [{'lag': 3}, {'lag': 2}], 'symmetry_looking': [{'r': 0.9500000000000001}, {'r': 0.9}, {'r': 0.8500000000000001}, {'r': 0.8}]}}), 'feature_extraction__n_lags': 8, 'classifier__base_estimator__n_estimators': 100, 'classifier__base_estimator__max_depth': 11}",0.5125128336755648,0.5435709687801739,0.43496131528046417,0.512030492030492,0.5491198752228165,0.5104390969979022,0.04073733419561262,89,0.8999028749028749,0.8704217929748465,0.8253328567598963,0.7795035185336715,0.7553421858431331,0.8261006458028846,0.05401809795318546
205.63880338668824,97.9336570975935,67.92104687690735,1.526861491529103,"('interpolate', ('polynomial', 2))",0.9,correlation,"('tsfresh', {'default_fc_parameters': {'variance_larger_than_standard_deviation': None, 'value_count': [{'value': -1}, {'value': 1}, {'value': 0}], 'time_reversal_asymmetry_statistic': [{'lag': 3}, {'lag': 2}], 'symmetry_looking': [{'r': 0.9500000000000001}, {'r': 0.9}, {'r': 0.8500000000000001}, {'r': 0.8}]}})",3,100,5,"{'imputation__params': ('interpolate', ('polynomial', 2)), 'feature_selection__threshold': 0.9, 'feature_selection__strategy': 'correlation', 'feature_extraction__params': ('tsfresh', {'default_fc_parameters': {'variance_larger_than_standard_deviation': None, 'value_count': [{'value': -1}, {'value': 1}, {'value': 0}], 'time_reversal_asymmetry_statistic': [{'lag': 3}, {'lag': 2}], 'symmetry_looking': [{'r': 0.9500000000000001}, {'r': 0.9}, {'r': 0.8500000000000001}, {'r': 0.8}]}}), 'feature_extraction__n_lags': 3, 'classifier__base_estimator__n_estimators': 100, 'classifier__base_estimator__max_depth': 5}",0.5457866666666668,0.6053783173348389,0.5970996216897856,0.6222213168187745,0.5831908923791402,0.5907353629778411,0.025782123757425064,25,0.9929117186780816,0.9788875892637281,0.9762910166756321,0.9671616993862949,0.9509376376425365,0.9732379323292546,0.013874592366582943
188.2157629966736,90.47342001811928,63.404836082458495,2.271438386266914,"('ffill', None)",0.99,correlation,"('tsfresh', {'default_fc_parameters': {'variance_larger_than_standard_deviation': None, 'value_count': [{'value': -1}, {'value': 1}, {'value': 0}], 'time_reversal_asymmetry_statistic': [{'lag': 3}, {'lag': 2}], 'symmetry_looking': [{'r': 0.9500000000000001}, {'r': 0.9}, {'r': 0.8500000000000001}, {'r': 0.8}]}})",5,100,5,"{'imputation__params': ('ffill', None), 'feature_selection__threshold': 0.99, 'feature_selection__strategy': 'correlation', 'feature_extraction__params': ('tsfresh', {'default_fc_parameters': {'variance_larger_than_standard_deviation': None, 'value_count': [{'value': -1}, {'value': 1}, {'value': 0}], 'time_reversal_asymmetry_statistic': [{'lag': 3}, {'lag': 2}], 'symmetry_looking': [{'r': 0.9500000000000001}, {'r': 0.9}, {'r': 0.8500000000000001}, {'r': 0.8}]}}), 'feature_extraction__n_lags': 5, 'classifier__base_estimator__n_estimators': 100, 'classifier__base_estimator__max_depth': 5}",0.5184688995215312,0.6210459183673469,0.603898966994205,0.6430781284528999,0.5362326689774697,0.5845449164626906,0.048648026866035456,32,1.0,0.9978593611357587,0.9937539562583162,0.9894150021437971,0.9745604123622589,0.991117746380026,0.009037013324285494
204.34861845970153,96.26369160429643,68.43559384346008,1.478014504492043,"('interpolate', ('spline', 2))",0.99,pca,"('tsfresh', {'default_fc_parameters': {'variance_larger_than_standard_deviation': None, 'value_count': [{'value': -1}, {'value': 1}, {'value': 0}], 'time_reversal_asymmetry_statistic': [{'lag': 3}, {'lag': 2}], 'symmetry_looking': [{'r': 0.9500000000000001}, {'r': 0.9}, {'r': 0.8500000000000001}, {'r': 0.8}]}})",3,200,7,"{'imputation__params': ('interpolate', ('spline', 2)), 'feature_selection__threshold': 0.99, 'feature_selection__strategy': 'pca', 'feature_extraction__params': ('tsfresh', {'default_fc_parameters': {'variance_larger_than_standard_deviation': None, 'value_count': [{'value': -1}, {'value': 1}, {'value': 0}], 'time_reversal_asymmetry_statistic': [{'lag': 3}, {'lag': 2}], 'symmetry_looking': [{'r': 0.9500000000000001}, {'r': 0.9}, {'r': 0.8500000000000001}, {'r': 0.8}]}}), 'feature_extraction__n_lags': 3, 'classifier__base_estimator__n_estimators': 200, 'classifier__base_estimator__max_depth': 7}",0.4624933333333333,0.5970026350461133,0.510613703236654,0.5157431551499349,0.5817879833585965,0.5335281620249264,0.04948806898399259,64,0.972970173985087,0.9612072149716818,0.9487816030123724,0.9338571864510223,0.9113913519333354,0.9456415060706999,0.021498608511715367
189.47158937454225,89.39480806216466,63.688719272613525,1.8458351964178914,"('interpolate', ('spline', 2))",0.95,correlation,"('tsfresh', {'default_fc_parameters': {'variance_larger_than_standard_deviation': None, 'value_count': [{'value': -1}, {'value': 1}, {'value': 0}], 'time_reversal_asymmetry_statistic': [{'lag': 3}, {'lag': 2}], 'symmetry_looking': [{'r': 0.9500000000000001}, {'r': 0.9}, {'r': 0.8500000000000001}, {'r': 0.8}]}})",5,100,7,"{'imputation__params': ('interpolate', ('spline', 2)), 'feature_selection__threshold': 0.95, 'feature_selection__strategy': 'correlation', 'feature_extraction__params': ('tsfresh', {'default_fc_parameters': {'variance_larger_than_standard_deviation': None, 'value_count': [{'value': -1}, {'value': 1}, {'value': 0}], 'time_reversal_asymmetry_statistic': [{'lag': 3}, {'lag': 2}], 'symmetry_looking': [{'r': 0.9500000000000001}, {'r': 0.9}, {'r': 0.8500000000000001}, {'r': 0.8}]}}), 'feature_extraction__n_lags': 5, 'classifier__base_estimator__n_estimators': 100, 'classifier__base_estimator__max_depth': 7}",0.5436523125996809,0.6220096371882086,0.6760204081632653,0.627719629547783,0.5477415511265165,0.6034287077250908,0.05075259918356581,10,1.0,1.0,0.9996479737498224,0.999079645756021,0.9961050490702479,0.9989665337152183,0.0014697859947283647
162.21458897590637,77.24881699777278,55.52936968803406,2.750717333923903,"('interpolate', ('spline', 3))",0.99,correlation,"('tsfresh', {'default_fc_parameters': {'variance_larger_than_standard_deviation': None, 'value_count': [{'value': -1}, {'value': 1}, {'value': 0}], 'time_reversal_asymmetry_statistic': [{'lag': 3}, {'lag': 2}], 'symmetry_looking': [{'r': 0.9500000000000001}, {'r': 0.9}, {'r': 0.8500000000000001}, {'r': 0.8}]}})",8,300,5,"{'imputation__params': ('interpolate', ('spline', 3)), 'feature_selection__threshold': 0.99, 'feature_selection__strategy': 'correlation', 'feature_extraction__params': ('tsfresh', {'default_fc_parameters': {'variance_larger_than_standard_deviation': None, 'value_count': [{'value': -1}, {'value': 1}, {'value': 0}], 'time_reversal_asymmetry_statistic': [{'lag': 3}, {'lag': 2}], 'symmetry_looking': [{'r': 0.9500000000000001}, {'r': 0.9}, {'r': 0.8500000000000001}, {'r': 0.8}]}}), 'feature_extraction__n_lags': 8, 'classifier__base_estimator__n_estimators': 300, 'classifier__base_estimator__max_depth': 5}",0.4703969883641341,0.6363051174766656,0.6013275892386144,0.6111711711711713,0.585650623885918,0.5809702980273007,0.0576833018257755,36,1.0,1.0,1.0,1.0,1.0,1.0,0.0
205.1649227142334,97.81817890406438,68.97520976066589,1.19029949094825,"('interpolate', ('spline', 2))",0.85,pca,"('tsfresh', {'default_fc_parameters': {'variance_larger_than_standard_deviation': None, 'value_count': [{'value': -1}, {'value': 1}, {'value': 0}], 'time_reversal_asymmetry_statistic': [{'lag': 3}, {'lag': 2}], 'symmetry_looking': [{'r': 0.9500000000000001}, {'r': 0.9}, {'r': 0.8500000000000001}, {'r': 0.8}]}})",3,200,11,"{'imputation__params': ('interpolate', ('spline', 2)), 'feature_selection__threshold': 0.85, 'feature_selection__strategy': 'pca', 'feature_extraction__params': ('tsfresh', {'default_fc_parameters': {'variance_larger_than_standard_deviation': None, 'value_count': [{'value': -1}, {'value': 1}, {'value': 0}], 'time_reversal_asymmetry_statistic': [{'lag': 3}, {'lag': 2}], 'symmetry_looking': [{'r': 0.9500000000000001}, {'r': 0.9}, {'r': 0.8500000000000001}, {'r': 0.8}]}}), 'feature_extraction__n_lags': 3, 'classifier__base_estimator__n_estimators': 200, 'classifier__base_estimator__max_depth': 11}",0.47610666666666657,0.5931677018633541,0.5170239596469105,0.5171202737940026,0.5758377140645661,0.5358512632071,0.04279912272917039,62,0.9783209058271196,0.971087786259542,0.9619876277568585,0.9483721869287935,0.9270800428888584,0.9573697099322345,0.018148734073641058
205.89593119621276,97.77564110164057,68.33297533988953,1.150264261797938,"('interpolate', ('spline', 3))",0.9,correlation,"('tsfresh', {'default_fc_parameters': {'variance_larger_than_standard_deviation': None, 'value_count': [{'value': -1}, {'value': 1}, {'value': 0}], 'time_reversal_asymmetry_statistic': [{'lag': 3}, {'lag': 2}], 'symmetry_looking': [{'r': 0.9500000000000001}, {'r': 0.9}, {'r': 0.8500000000000001}, {'r': 0.8}]}})",3,100,7,"{'imputation__params': ('interpolate', ('spline', 3)), 'feature_selection__threshold': 0.9, 'feature_selection__strategy': 'correlation', 'feature_extraction__params': ('tsfresh', {'default_fc_parameters': {'variance_larger_than_standard_deviation': None, 'value_count': [{'value': -1}, {'value': 1}, {'value': 0}], 'time_reversal_asymmetry_statistic': [{'lag': 3}, {'lag': 2}], 'symmetry_looking': [{'r': 0.9500000000000001}, {'r': 0.9}, {'r': 0.8500000000000001}, {'r': 0.8}]}}), 'feature_extraction__n_lags': 3, 'classifier__base_estimator__n_estimators': 100, 'classifier__base_estimator__max_depth': 7}",0.54636,0.6098720120459251,0.6093684321143338,0.6170469361147328,0.575813525978005,0.5916921812505993,0.02680655903605583,23,0.9977216238608119,0.9921540261019454,0.9893639053254437,0.9840432090203223,0.9744099445203254,0.9875385417657696,0.007910843512184055
206.29306316375732,98.55196830020566,68.60860319137574,1.197394425076726,"('interpolate', ('spline', 3))",0.99,pca,"('tsfresh', {'default_fc_parameters': {'variance_larger_than_standard_deviation': None, 'value_count': [{'value': -1}, {'value': 1}, {'value': 0}], 'time_reversal_asymmetry_statistic': [{'lag': 3}, {'lag': 2}], 'symmetry_looking': [{'r': 0.9500000000000001}, {'r': 0.9}, {'r': 0.8500000000000001}, {'r': 0.8}]}})",3,200,3,"{'imputation__params': ('interpolate', ('spline', 3)), 'feature_selection__threshold': 0.99, 'feature_selection__strategy': 'pca', 'feature_extraction__params': ('tsfresh', {'default_fc_parameters': {'variance_larger_than_standard_deviation': None, 'value_count': [{'value': -1}, {'value': 1}, {'value': 0}], 'time_reversal_asymmetry_statistic': [{'lag': 3}, {'lag': 2}], 'symmetry_looking': [{'r': 0.9500000000000001}, {'r': 0.9}, {'r': 0.8500000000000001}, {'r': 0.8}]}}), 'feature_extraction__n_lags': 3, 'classifier__base_estimator__n_estimators': 200, 'classifier__base_estimator__max_depth': 3}",0.45124000000000003,0.5930147750799925,0.5117433795712485,0.5382904172099088,0.6191424517044538,0.5426862047131207,0.05952766152158295,57,0.9487135229678726,0.9136635065254863,0.8799139322216246,0.8586852658412012,0.8024318516508206,0.880681615841401,0.049645946154171755
187.89164571762086,88.66076585950073,62.95606617927551,1.8732976494867797,"('interpolate', ('spline', 2))",0.9,correlation,"('tsfresh', {'default_fc_parameters': {'variance_larger_than_standard_deviation': None, 'value_count': [{'value': -1}, {'value': 1}, {'value': 0}], 'time_reversal_asymmetry_statistic': [{'lag': 3}, {'lag': 2}], 'symmetry_looking': [{'r': 0.9500000000000001}, {'r': 0.9}, {'r': 0.8500000000000001}, {'r': 0.8}]}})",5,300,11,"{'imputation__params': ('interpolate', ('spline', 2)), 'feature_selection__threshold': 0.9, 'feature_selection__strategy': 'correlation', 'feature_extraction__params': ('tsfresh', {'default_fc_parameters': {'variance_larger_than_standard_deviation': None, 'value_count': [{'value': -1}, {'value': 1}, {'value': 0}], 'time_reversal_asymmetry_statistic': [{'lag': 3}, {'lag': 2}], 'symmetry_looking': [{'r': 0.9500000000000001}, {'r': 0.9}, {'r': 0.8500000000000001}, {'r': 0.8}]}}), 'feature_extraction__n_lags': 5, 'classifier__base_estimator__n_estimators': 300, 'classifier__base_estimator__max_depth': 11}",0.5341626794258374,0.5334183673469388,0.5979780801209372,0.6103421258814312,0.5883340554592721,0.5728470616468833,0.03264474925884262,46,1.0,1.0,1.0,1.0,1.0,1.0,0.0
205.48018279075623,96.17972237359852,68.68602995872497,0.9416821825538997,"('interpolate', ('spline', 3))",0.99,pca,"('tsfresh', {'default_fc_parameters': {'variance_larger_than_standard_deviation': None, 'value_count': [{'value': -1}, {'value': 1}, {'value': 0}], 'time_reversal_asymmetry_statistic': [{'lag': 3}, {'lag': 2}], 'symmetry_looking': [{'r': 0.9500000000000001}, {'r': 0.9}, {'r': 0.8500000000000001}, {'r': 0.8}]}})",3,200,7,"{'imputation__params': ('interpolate', ('spline', 3)), 'feature_selection__threshold': 0.99, 'feature_selection__strategy': 'pca', 'feature_extraction__params': ('tsfresh', {'default_fc_parameters': {'variance_larger_than_standard_deviation': None, 'value_count': [{'value': -1}, {'value': 1}, {'value': 0}], 'time_reversal_asymmetry_statistic': [{'lag': 3}, {'lag': 2}], 'symmetry_looking': [{'r': 0.9500000000000001}, {'r': 0.9}, {'r': 0.8500000000000001}, {'r': 0.8}]}}), 'feature_extraction__n_lags': 3, 'classifier__base_estimator__n_estimators': 200, 'classifier__base_estimator__max_depth': 7}",0.4624933333333333,0.5970026350461133,0.510613703236654,0.5157431551499349,0.5817879833585965,0.5335281620249264,0.04948806898399259,64,0.972970173985087,0.9612072149716818,0.9487816030123724,0.9338571864510223,0.9113913519333354,0.9456415060706999,0.021498608511715367
206.06574621200562,98.34185115244694,69.02052822113038,1.2148695862436267,"('interpolate', ('polynomial', 3))",0.85,pca,"('tsfresh', {'default_fc_parameters': {'variance_larger_than_standard_deviation': None, 'value_count': [{'value': -1}, {'value': 1}, {'value': 0}], 'time_reversal_asymmetry_statistic': [{'lag': 3}, {'lag': 2}], 'symmetry_looking': [{'r': 0.9500000000000001}, {'r': 0.9}, {'r': 0.8500000000000001}, {'r': 0.8}]}})",3,100,11,"{'imputation__params': ('interpolate', ('polynomial', 3)), 'feature_selection__threshold': 0.85, 'feature_selection__strategy': 'pca', 'feature_extraction__params': ('tsfresh', {'default_fc_parameters': {'variance_larger_than_standard_deviation': None, 'value_count': [{'value': -1}, {'value': 1}, {'value': 0}], 'time_reversal_asymmetry_statistic': [{'lag': 3}, {'lag': 2}], 'symmetry_looking': [{'r': 0.9500000000000001}, {'r': 0.9}, {'r': 0.8500000000000001}, {'r': 0.8}]}}), 'feature_extraction__n_lags': 3, 'classifier__base_estimator__n_estimators': 100, 'classifier__base_estimator__max_depth': 11}",0.48456,0.5923442499529455,0.5157235182849937,0.5248207301173402,0.5936240203824943,0.5422145037475546,0.043552927179487236,59,0.9690923317683882,0.9581014528441272,0.9421691769768693,0.9259824365103584,0.8969492852598469,0.9384589366719179,0.025364200899951426
204.6174190044403,97.53565502219732,68.198562002182,1.334775450983425,"('interpolate', ('spline', 2))",0.95,correlation,"('tsfresh', {'default_fc_parameters': {'variance_larger_than_standard_deviation': None, 'value_count': [{'value': -1}, {'value': 1}, {'value': 0}], 'time_reversal_asymmetry_statistic': [{'lag': 3}, {'lag': 2}], 'symmetry_looking': [{'r': 0.9500000000000001}, {'r': 0.9}, {'r': 0.8500000000000001}, {'r': 0.8}]}})",3,100,3,"{'imputation__params': ('interpolate', ('spline', 2)), 'feature_selection__threshold': 0.95, 'feature_selection__strategy': 'correlation', 'feature_extraction__params': ('tsfresh', {'default_fc_parameters': {'variance_larger_than_standard_deviation': None, 'value_count': [{'value': -1}, {'value': 1}, {'value': 0}], 'time_reversal_asymmetry_statistic': [{'lag': 3}, {'lag': 2}], 'symmetry_looking': [{'r': 0.9500000000000001}, {'r': 0.9}, {'r': 0.8500000000000001}, {'r': 0.8}]}}), 'feature_extraction__n_lags': 3, 'classifier__base_estimator__n_estimators': 100, 'classifier__base_estimator__max_depth': 3}",0.5383733333333334,0.6592203086768305,0.6357450609499791,0.6651727509778358,0.5387090011932789,0.6074440910262515,0.05711322427468113,8,0.9673547822885022,0.93729992612657,0.9245575578267886,0.9096981410072652,0.8819390746862307,0.9241698963870713,0.028391394252388208
160.89776997566224,75.69299534850045,55.32924356460571,2.627974273630062,"('ffill', None)",0.85,pca,"('tsfresh', {'default_fc_parameters': {'variance_larger_than_standard_deviation': None, 'value_count': [{'value': -1}, {'value': 1}, {'value': 0}], 'time_reversal_asymmetry_statistic': [{'lag': 3}, {'lag': 2}], 'symmetry_looking': [{'r': 0.9500000000000001}, {'r': 0.9}, {'r': 0.8500000000000001}, {'r': 0.8}]}})",8,300,7,"{'imputation__params': ('ffill', None), 'feature_selection__threshold': 0.85, 'feature_selection__strategy': 'pca', 'feature_extraction__params': ('tsfresh', {'default_fc_parameters': {'variance_larger_than_standard_deviation': None, 'value_count': [{'value': -1}, {'value': 1}, {'value': 0}], 'time_reversal_asymmetry_statistic': [{'lag': 3}, {'lag': 2}], 'symmetry_looking': [{'r': 0.9500000000000001}, {'r': 0.9}, {'r': 0.8500000000000001}, {'r': 0.8}]}}), 'feature_extraction__n_lags': 8, 'classifier__base_estimator__n_estimators': 300, 'classifier__base_estimator__max_depth': 7}",0.49138004791238876,0.5439531702607017,0.4339062774749428,0.502079002079002,0.531183155080214,0.5005003305614498,0.03834064335460676,98,0.9048562548562549,0.8950078034740662,0.8441671879188634,0.7920242308321741,0.764479155496777,0.840106926515627,0.05523508469713406
206.0366799354553,96.5378154878509,68.62779121398925,0.6537220476766411,"('interpolate', ('spline', 3))",0.99,correlation,"('tsfresh', {'default_fc_parameters': {'variance_larger_than_standard_deviation': None, 'value_count': [{'value': -1}, {'value': 1}, {'value': 0}], 'time_reversal_asymmetry_statistic': [{'lag': 3}, {'lag': 2}], 'symmetry_looking': [{'r': 0.9500000000000001}, {'r': 0.9}, {'r': 0.8500000000000001}, {'r': 0.8}]}})",3,50,7,"{'imputation__params': ('interpolate', ('spline', 3)), 'feature_selection__threshold': 0.99, 'feature_selection__strategy': 'correlation', 'feature_extraction__params': ('tsfresh', {'default_fc_parameters': {'variance_larger_than_standard_deviation': None, 'value_count': [{'value': -1}, {'value': 1}, {'value': 0}], 'time_reversal_asymmetry_statistic': [{'lag': 3}, {'lag': 2}], 'symmetry_looking': [{'r': 0.9500000000000001}, {'r': 0.9}, {'r': 0.8500000000000001}, {'r': 0.8}]}}), 'feature_extraction__n_lags': 3, 'classifier__base_estimator__n_estimators': 50, 'classifier__base_estimator__max_depth': 7}",0.5347333333333333,0.7036396574440054,0.6594551282051282,0.6510022816166884,0.5649369497210307,0.6227534700640371,0.06289336509994536,2,0.9863987848660591,0.9770099729130756,0.9749408284023668,0.9668449832471805,0.9578261043658545,0.9726041347589074,0.009661489813024405
161.05716347694397,76.38260831587705,55.31992268562317,2.646322925015274,"('interpolate', ('spline', 2))",0.99,correlation,"('tsfresh', {'default_fc_parameters': {'variance_larger_than_standard_deviation': None, 'value_count': [{'value': -1}, {'value': 1}, {'value': 0}], 'time_reversal_asymmetry_statistic': [{'lag': 3}, {'lag': 2}], 'symmetry_looking': [{'r': 0.9500000000000001}, {'r': 0.9}, {'r': 0.8500000000000001}, {'r': 0.8}]}})",8,50,11,"{'imputation__params': ('interpolate', ('spline', 2)), 'feature_selection__threshold': 0.99, 'feature_selection__strategy': 'correlation', 'feature_extraction__params': ('tsfresh', {'default_fc_parameters': {'variance_larger_than_standard_deviation': None, 'value_count': [{'value': -1}, {'value': 1}, {'value': 0}], 'time_reversal_asymmetry_statistic': [{'lag': 3}, {'lag': 2}], 'symmetry_looking': [{'r': 0.9500000000000001}, {'r': 0.9}, {'r': 0.8500000000000001}, {'r': 0.8}]}}), 'feature_extraction__n_lags': 8, 'classifier__base_estimator__n_estimators': 50, 'classifier__base_estimator__max_depth': 11}",0.5224589322381931,0.6747465400708077,0.601063829787234,0.6481496881496882,0.5624554367201425,0.6017748853932131,0.05534081637635362,11,1.0,1.0,0.9997810740773836,0.9993402749365846,0.9982455826810117,0.9994733863389961,0.0006594749590814904
188.584055185318,88.6823539535455,63.71643590927124,1.2724815616594523,"('interpolate', 'linear')",0.85,pca,"('tsfresh', {'default_fc_parameters': {'variance_larger_than_standard_deviation': None, 'value_count': [{'value': -1}, {'value': 1}, {'value': 0}], 'time_reversal_asymmetry_statistic': [{'lag': 3}, {'lag': 2}], 'symmetry_looking': [{'r': 0.9500000000000001}, {'r': 0.9}, {'r': 0.8500000000000001}, {'r': 0.8}]}})",5,50,11,"{'imputation__params': ('interpolate', 'linear'), 'feature_selection__threshold': 0.85, 'feature_selection__strategy': 'pca', 'feature_extraction__params': ('tsfresh', {'default_fc_parameters': {'variance_larger_than_standard_deviation': None, 'value_count': [{'value': -1}, {'value': 1}, {'value': 0}], 'time_reversal_asymmetry_statistic': [{'lag': 3}, {'lag': 2}], 'symmetry_looking': [{'r': 0.9500000000000001}, {'r': 0.9}, {'r': 0.8500000000000001}, {'r': 0.8}]}}), 'feature_extraction__n_lags': 5, 'classifier__base_estimator__n_estimators': 50, 'classifier__base_estimator__max_depth': 11}",0.5072886762360447,0.5707341269841271,0.5136684303350971,0.4981919360347148,0.5355376227614096,0.5250841584702787,0.025936014363546527,80,0.8873090808108859,0.852491866311742,0.8101399708044285,0.7761330706565933,0.7429526084710742,0.8138053194109448,0.05167628393217324
204.71565256118774,95.95504822075573,68.67362613677979,0.7291856648079504,"('interpolate', ('spline', 3))",0.85,correlation,"('tsfresh', {'default_fc_parameters': {'variance_larger_than_standard_deviation': None, 'value_count': [{'value': -1}, {'value': 1}, {'value': 0}], 'time_reversal_asymmetry_statistic': [{'lag': 3}, {'lag': 2}], 'symmetry_looking': [{'r': 0.9500000000000001}, {'r': 0.9}, {'r': 0.8500000000000001}, {'r': 0.8}]}})",3,50,7,"{'imputation__params': ('interpolate', ('spline', 3)), 'feature_selection__threshold': 0.85, 'feature_selection__strategy': 'correlation', 'feature_extraction__params': ('tsfresh', {'default_fc_parameters': {'variance_larger_than_standard_deviation': None, 'value_count': [{'value': -1}, {'value': 1}, {'value': 0}], 'time_reversal_asymmetry_statistic': [{'lag': 3}, {'lag': 2}], 'symmetry_looking': [{'r': 0.9500000000000001}, {'r': 0.9}, {'r': 0.8500000000000001}, {'r': 0.8}]}}), 'feature_extraction__n_lags': 3, 'classifier__base_estimator__n_estimators': 50, 'classifier__base_estimator__max_depth': 7}",0.5225866666666668,0.588085827216262,0.6519151954602774,0.6709419817470663,0.6093140258651273,0.60856873939108,0.052119782403293784,7,0.984408082481819,0.9776286628909135,0.9698197955890264,0.9644877212774681,0.9540190508393136,0.9700726626157081,0.010503060177382105
161.5484902381897,75.86387325200258,55.14773292541504,2.7221339647336507,"('ffill', None)",0.99,correlation,"('tsfresh', {'default_fc_parameters': {'variance_larger_than_standard_deviation': None, 'value_count': [{'value': -1}, {'value': 1}, {'value': 0}], 'time_reversal_asymmetry_statistic': [{'lag': 3}, {'lag': 2}], 'symmetry_looking': [{'r': 0.9500000000000001}, {'r': 0.9}, {'r': 0.8500000000000001}, {'r': 0.8}]}})",8,200,5,"{'imputation__params': ('ffill', None), 'feature_selection__threshold': 0.99, 'feature_selection__strategy': 'correlation', 'feature_extraction__params': ('tsfresh', {'default_fc_parameters': {'variance_larger_than_standard_deviation': None, 'value_count': [{'value': -1}, {'value': 1}, {'value': 0}], 'time_reversal_asymmetry_statistic': [{'lag': 3}, {'lag': 2}], 'symmetry_looking': [{'r': 0.9500000000000001}, {'r': 0.9}, {'r': 0.8500000000000001}, {'r': 0.8}]}}), 'feature_extraction__n_lags': 8, 'classifier__base_estimator__n_estimators': 200, 'classifier__base_estimator__max_depth': 5}",0.4849418206707734,0.6130914065014483,0.5854580622472305,0.6227858627858628,0.5733065953654188,0.5759167495141468,0.0488936726630511,43,1.0,1.0,1.0,1.0,0.9999285127068663,0.9999857025413732,2.8594917253466078e-05
161.62576384544371,77.34479875444416,55.06190748214722,2.949433718590512,"('interpolate', ('spline', 2))",0.95,correlation,"('tsfresh', {'default_fc_parameters': {'variance_larger_than_standard_deviation': None, 'value_count': [{'value': -1}, {'value': 1}, {'value': 0}], 'time_reversal_asymmetry_statistic': [{'lag': 3}, {'lag': 2}], 'symmetry_looking': [{'r': 0.9500000000000001}, {'r': 0.9}, {'r': 0.8500000000000001}, {'r': 0.8}]}})",8,50,7,"{'imputation__params': ('interpolate', ('spline', 2)), 'feature_selection__threshold': 0.95, 'feature_selection__strategy': 'correlation', 'feature_extraction__params': ('tsfresh', {'default_fc_parameters': {'variance_larger_than_standard_deviation': None, 'value_count': [{'value': -1}, {'value': 1}, {'value': 0}], 'time_reversal_asymmetry_statistic': [{'lag': 3}, {'lag': 2}], 'symmetry_looking': [{'r': 0.9500000000000001}, {'r': 0.9}, {'r': 0.8500000000000001}, {'r': 0.8}]}}), 'feature_extraction__n_lags': 8, 'classifier__base_estimator__n_estimators': 50, 'classifier__base_estimator__max_depth': 7}",0.5488963039014374,0.6074790794979079,0.5993274133989801,0.6681635481635482,0.5729723707664884,0.5993677431456724,0.04010670780402061,13,0.9999611499611499,0.9967468634088007,0.9950764006791171,0.9950111488421569,0.988388527480907,0.9950368180744263,0.0037782348546424533
188.26335229873658,90.0962230534222,63.35543127059937,1.9186489323964562,"('interpolate', ('polynomial', 3))",0.95,pca,"('tsfresh', {'default_fc_parameters': {'variance_larger_than_standard_deviation': None, 'value_count': [{'value': -1}, {'value': 1}, {'value': 0}], 'time_reversal_asymmetry_statistic': [{'lag': 3}, {'lag': 2}], 'symmetry_looking': [{'r': 0.9500000000000001}, {'r': 0.9}, {'r': 0.8500000000000001}, {'r': 0.8}]}})",5,50,7,"{'imputation__params': ('interpolate', ('polynomial', 3)), 'feature_selection__threshold': 0.95, 'feature_selection__strategy': 'pca', 'feature_extraction__params': ('tsfresh', {'default_fc_parameters': {'variance_larger_than_standard_deviation': None, 'value_count': [{'value': -1}, {'value': 1}, {'value': 0}], 'time_reversal_asymmetry_statistic': [{'lag': 3}, {'lag': 2}], 'symmetry_looking': [{'r': 0.9500000000000001}, {'r': 0.9}, {'r': 0.8500000000000001}, {'r': 0.8}]}}), 'feature_extraction__n_lags': 5, 'classifier__base_estimator__n_estimators': 50, 'classifier__base_estimator__max_depth': 7}",0.4965709728867624,0.5785289115646258,0.5047083648274124,0.5108885629909397,0.5457376516464472,0.5272868927832375,0.0306213581381887,71,0.8588308803110247,0.8284309375924283,0.7985198749499411,0.7610193015657111,0.7359068310950414,0.7965415651028293,0.04436035786991165
204.50044889450072,96.86626132178242,68.51916451454163,0.979346584440468,"('interpolate', 'linear')",0.9,correlation,"('tsfresh', {'default_fc_parameters': {'variance_larger_than_standard_deviation': None, 'value_count': [{'value': -1}, {'value': 1}, {'value': 0}], 'time_reversal_asymmetry_statistic': [{'lag': 3}, {'lag': 2}], 'symmetry_looking': [{'r': 0.9500000000000001}, {'r': 0.9}, {'r': 0.8500000000000001}, {'r': 0.8}]}})",3,50,5,"{'imputation__params': ('interpolate', 'linear'), 'feature_selection__threshold': 0.9, 'feature_selection__strategy': 'correlation', 'feature_extraction__params': ('tsfresh', {'default_fc_parameters': {'variance_larger_than_standard_deviation': None, 'value_count': [{'value': -1}, {'value': 1}, {'value': 0}], 'time_reversal_asymmetry_statistic': [{'lag': 3}, {'lag': 2}], 'symmetry_looking': [{'r': 0.9500000000000001}, {'r': 0.9}, {'r': 0.8500000000000001}, {'r': 0.8}]}}), 'feature_extraction__n_lags': 3, 'classifier__base_estimator__n_estimators': 50, 'classifier__base_estimator__max_depth': 5}",0.55544,0.6306230001882175,0.6170397225725095,0.6517193611473272,0.6003966846196019,0.6110437537055312,0.032492894861826535,4,0.9717159164135138,0.9553804481654765,0.9533485745024208,0.934288721823052,0.9149505932810422,0.9459368508371011,0.019516672190939194
160.6397783756256,77.14489946399272,54.871752977371216,3.4264162521096613,"('interpolate', ('polynomial', 3))",0.9,pca,"('tsfresh', {'default_fc_parameters': {'variance_larger_than_standard_deviation': None, 'value_count': [{'value': -1}, {'value': 1}, {'value': 0}], 'time_reversal_asymmetry_statistic': [{'lag': 3}, {'lag': 2}], 'symmetry_looking': [{'r': 0.9500000000000001}, {'r': 0.9}, {'r': 0.8500000000000001}, {'r': 0.8}]}})",8,50,3,"{'imputation__params': ('interpolate', ('polynomial', 3)), 'feature_selection__threshold': 0.9, 'feature_selection__strategy': 'pca', 'feature_extraction__params': ('tsfresh', {'default_fc_parameters': {'variance_larger_than_standard_deviation': None, 'value_count': [{'value': -1}, {'value': 1}, {'value': 0}], 'time_reversal_asymmetry_statistic': [{'lag': 3}, {'lag': 2}], 'symmetry_looking': [{'r': 0.9500000000000001}, {'r': 0.9}, {'r': 0.8500000000000001}, {'r': 0.8}]}}), 'feature_extraction__n_lags': 8, 'classifier__base_estimator__n_estimators': 50, 'classifier__base_estimator__max_depth': 3}",0.5089835728952772,0.5639282265851304,0.47885528398100924,0.5200693000693002,0.5594251336898396,0.5262523034441113,0.03194629208695971,76,0.7977661227661227,0.7688448831505766,0.7398333482262534,0.701402810735619,0.6973622678152291,0.7410418865387601,0.03865558584056723
202.93720021247864,95.49507435027894,68.00183386802674,1.2049643071661686,"('interpolate', ('spline', 2))",0.99,correlation,"('tsfresh', {'default_fc_parameters': {'variance_larger_than_standard_deviation': None, 'value_count': [{'value': -1}, {'value': 1}, {'value': 0}], 'time_reversal_asymmetry_statistic': [{'lag': 3}, {'lag': 2}], 'symmetry_looking': [{'r': 0.9500000000000001}, {'r': 0.9}, {'r': 0.8500000000000001}, {'r': 0.8}]}})",3,100,3,"{'imputation__params': ('interpolate', ('spline', 2)), 'feature_selection__threshold': 0.99, 'feature_selection__strategy': 'correlation', 'feature_extraction__params': ('tsfresh', {'default_fc_parameters': {'variance_larger_than_standard_deviation': None, 'value_count': [{'value': -1}, {'value': 1}, {'value': 0}], 'time_reversal_asymmetry_statistic': [{'lag': 3}, {'lag': 2}], 'symmetry_looking': [{'r': 0.9500000000000001}, {'r': 0.9}, {'r': 0.8500000000000001}, {'r': 0.8}]}}), 'feature_extraction__n_lags': 3, 'classifier__base_estimator__n_estimators': 100, 'classifier__base_estimator__max_depth': 3}",0.5357999999999999,0.6800536420101637,0.6277979192938209,0.6457708604954369,0.5670816267294481,0.6113008097057738,0.05261748641924811,3,0.9673317683881064,0.9350590987441517,0.9304451317912857,0.9170612132925224,0.8873727015086734,0.9274539827449478,0.0259674462056362
204.7376579761505,96.25388911520736,68.04619264602661,0.9279233256164213,"('ffill', None)",0.9,pca,"('tsfresh', {'default_fc_parameters': {'variance_larger_than_standard_deviation': None, 'value_count': [{'value': -1}, {'value': 1}, {'value': 0}], 'time_reversal_asymmetry_statistic': [{'lag': 3}, {'lag': 2}], 'symmetry_looking': [{'r': 0.9500000000000001}, {'r': 0.9}, {'r': 0.8500000000000001}, {'r': 0.8}]}})",3,50,7,"{'imputation__params': ('ffill', None), 'feature_selection__threshold': 0.9, 'feature_selection__strategy': 'pca', 'feature_extraction__params': ('tsfresh', {'default_fc_parameters': {'variance_larger_than_standard_deviation': None, 'value_count': [{'value': -1}, {'value': 1}, {'value': 0}], 'time_reversal_asymmetry_statistic': [{'lag': 3}, {'lag': 2}], 'symmetry_looking': [{'r': 0.9500000000000001}, {'r': 0.9}, {'r': 0.8500000000000001}, {'r': 0.8}]}}), 'feature_extraction__n_lags': 3, 'classifier__base_estimator__n_estimators': 50, 'classifier__base_estimator__max_depth': 7}",0.47768,0.6128011481272351,0.5305406683480454,0.529351368970013,0.6151433547263521,0.553103308034329,0.05324415877648159,50,0.9437195065819755,0.9137527702536321,0.8846342119419043,0.8750951689615102,0.8449465446440092,0.8924296404766062,0.033767508724184866
160.84994411468506,76.8927219965664,55.12496995925903,2.4374863953093238,"('interpolate', 'linear')",0.9,correlation,"('tsfresh', {'default_fc_parameters': {'variance_larger_than_standard_deviation': None, 'value_count': [{'value': -1}, {'value': 1}, {'value': 0}], 'time_reversal_asymmetry_statistic': [{'lag': 3}, {'lag': 2}], 'symmetry_looking': [{'r': 0.9500000000000001}, {'r': 0.9}, {'r': 0.8500000000000001}, {'r': 0.8}]}})",8,300,3,"{'imputation__params': ('interpolate', 'linear'), 'feature_selection__threshold': 0.9, 'feature_selection__strategy': 'correlation', 'feature_extraction__params': ('tsfresh', {'default_fc_parameters': {'variance_larger_than_standard_deviation': None, 'value_count': [{'value': -1}, {'value': 1}, {'value': 0}], 'time_reversal_asymmetry_statistic': [{'lag': 3}, {'lag': 2}], 'symmetry_looking': [{'r': 0.9500000000000001}, {'r': 0.9}, {'r': 0.8500000000000001}, {'r': 0.8}]}}), 'feature_extraction__n_lags': 8, 'classifier__base_estimator__n_estimators': 300, 'classifier__base_estimator__max_depth': 3}",0.4734770704996577,0.6100539105246219,0.6228899243889572,0.6429383229383229,0.5727495543672014,0.5844217565437522,0.06000993161594012,33,1.0,1.0,0.9990170672862121,0.9971130635790851,0.9903008125722319,0.9972861886875058,0.003648312930057046
187.65217809677125,89.61068177082662,62.956891012191775,1.9549278559037915,"('interpolate', ('spline', 3))",0.95,correlation,"('tsfresh', {'default_fc_parameters': {'variance_larger_than_standard_deviation': None, 'value_count': [{'value': -1}, {'value': 1}, {'value': 0}], 'time_reversal_asymmetry_statistic': [{'lag': 3}, {'lag': 2}], 'symmetry_looking': [{'r': 0.9500000000000001}, {'r': 0.9}, {'r': 0.8500000000000001}, {'r': 0.8}]}})",5,50,11,"{'imputation__params': ('interpolate', ('spline', 3)), 'feature_selection__threshold': 0.95, 'feature_selection__strategy': 'correlation', 'feature_extraction__params': ('tsfresh', {'default_fc_parameters': {'variance_larger_than_standard_deviation': None, 'value_count': [{'value': -1}, {'value': 1}, {'value': 0}], 'time_reversal_asymmetry_statistic': [{'lag': 3}, {'lag': 2}], 'symmetry_looking': [{'r': 0.9500000000000001}, {'r': 0.9}, {'r': 0.8500000000000001}, {'r': 0.8}]}}), 'feature_extraction__n_lags': 5, 'classifier__base_estimator__n_estimators': 50, 'classifier__base_estimator__max_depth': 11}",0.5479425837320574,0.6089710884353742,0.6486363063744017,0.6500492195190549,0.576193313113807,0.606358502234939,0.040063637567148064,9,1.0,0.9999112688553682,0.9981849655724787,0.9953908363765395,0.9879202178030302,0.9962814577214832,0.004501776694541731
203.51169128417968,96.51948891738357,69.81758089065552,4.077136916343389,"('interpolate', ('spline', 2))",0.85,pca,"('tsfresh', {'default_fc_parameters': {'variance_larger_than_standard_deviation': None, 'value_count': [{'value': -1}, {'value': 1}, {'value': 0}], 'time_reversal_asymmetry_statistic': [{'lag': 3}, {'lag': 2}], 'symmetry_looking': [{'r': 0.9500000000000001}, {'r': 0.9}, {'r': 0.8500000000000001}, {'r': 0.8}]}})",3,50,7,"{'imputation__params': ('interpolate', ('spline', 2)), 'feature_selection__threshold': 0.85, 'feature_selection__strategy': 'pca', 'feature_extraction__params': ('tsfresh', {'default_fc_parameters': {'variance_larger_than_standard_deviation': None, 'value_count': [{'value': -1}, {'value': 1}, {'value': 0}], 'time_reversal_asymmetry_statistic': [{'lag': 3}, {'lag': 2}], 'symmetry_looking': [{'r': 0.9500000000000001}, {'r': 0.9}, {'r': 0.8500000000000001}, {'r': 0.8}]}}), 'feature_extraction__n_lags': 3, 'classifier__base_estimator__n_estimators': 50, 'classifier__base_estimator__max_depth': 7}",0.47768,0.6128011481272351,0.5305406683480454,0.529351368970013,0.6151433547263521,0.553103308034329,0.05324415877648159,50,0.9437195065819755,0.9137527702536321,0.8846342119419043,0.8750951689615102,0.8449465446440092,0.8924296404766062,0.033767508724184866
170.9813913345337,82.30134210009676,57.59724655151367,5.474886431674754,"('interpolate', 'linear')",0.85,correlation,"('tsfresh', {'default_fc_parameters': {'variance_larger_than_standard_deviation': None, 'value_count': [{'value': -1}, {'value': 1}, {'value': 0}], 'time_reversal_asymmetry_statistic': [{'lag': 3}, {'lag': 2}], 'symmetry_looking': [{'r': 0.9500000000000001}, {'r': 0.9}, {'r': 0.8500000000000001}, {'r': 0.8}]}})",8,50,7,"{'imputation__params': ('interpolate', 'linear'), 'feature_selection__threshold': 0.85, 'feature_selection__strategy': 'correlation', 'feature_extraction__params': ('tsfresh', {'default_fc_parameters': {'variance_larger_than_standard_deviation': None, 'value_count': [{'value': -1}, {'value': 1}, {'value': 0}], 'time_reversal_asymmetry_statistic': [{'lag': 3}, {'lag': 2}], 'symmetry_looking': [{'r': 0.9500000000000001}, {'r': 0.9}, {'r': 0.8500000000000001}, {'r': 0.8}]}}), 'feature_extraction__n_lags': 8, 'classifier__base_estimator__n_estimators': 50, 'classifier__base_estimator__max_depth': 7}",0.5076146475017111,0.6122063083360155,0.61346052400211,0.674941094941095,0.5927918894830659,0.6002028928527995,0.0539131742090638,12,1.0,0.9990270993372113,0.9941627200428915,0.9956990017183536,0.9812286282779903,0.9940234898752893,0.0067422546553517464
160.54417667388915,76.36072121127741,55.487482118606565,3.1240548235850945,"('interpolate', ('spline', 2))",0.99,pca,"('tsfresh', {'default_fc_parameters': {'variance_larger_than_standard_deviation': None, 'value_count': [{'value': -1}, {'value': 1}, {'value': 0}], 'time_reversal_asymmetry_statistic': [{'lag': 3}, {'lag': 2}], 'symmetry_looking': [{'r': 0.9500000000000001}, {'r': 0.9}, {'r': 0.8500000000000001}, {'r': 0.8}]}})",8,50,7,"{'imputation__params': ('interpolate', ('spline', 2)), 'feature_selection__threshold': 0.99, 'feature_selection__strategy': 'pca', 'feature_extraction__params': ('tsfresh', {'default_fc_parameters': {'variance_larger_than_standard_deviation': None, 'value_count': [{'value': -1}, {'value': 1}, {'value': 0}], 'time_reversal_asymmetry_statistic': [{'lag': 3}, {'lag': 2}], 'symmetry_looking': [{'r': 0.9500000000000001}, {'r': 0.9}, {'r': 0.8500000000000001}, {'r': 0.8}]}}), 'feature_extraction__n_lags': 8, 'classifier__base_estimator__n_estimators': 50, 'classifier__base_estimator__max_depth': 7}",0.4955082135523614,0.5394673318313485,0.45338051696852466,0.5216354816354816,0.5526737967914439,0.512533068155832,0.03523764059221592,88,0.8572261072261071,0.8232817155481688,0.7998547940309177,0.7600595286801407,0.7390214878888611,0.795888726674839,0.04253467775512853
163.24786987304688,77.49691764035364,55.74287300109863,2.827259970429895,"('interpolate', ('polynomial', 2))",0.9,pca,"('tsfresh', {'default_fc_parameters': {'variance_larger_than_standard_deviation': None, 'value_count': [{'value': -1}, {'value': 1}, {'value': 0}], 'time_reversal_asymmetry_statistic': [{'lag': 3}, {'lag': 2}], 'symmetry_looking': [{'r': 0.9500000000000001}, {'r': 0.9}, {'r': 0.8500000000000001}, {'r': 0.8}]}})",8,200,7,"{'imputation__params': ('interpolate', ('polynomial', 2)), 'feature_selection__threshold': 0.9, 'feature_selection__strategy': 'pca', 'feature_extraction__params': ('tsfresh', {'default_fc_parameters': {'variance_larger_than_standard_deviation': None, 'value_count': [{'value': -1}, {'value': 1}, {'value': 0}], 'time_reversal_asymmetry_statistic': [{'lag': 3}, {'lag': 2}], 'symmetry_looking': [{'r': 0.9500000000000001}, {'r': 0.9}, {'r': 0.8500000000000001}, {'r': 0.8}]}}), 'feature_extraction__n_lags': 8, 'classifier__base_estimator__n_estimators': 200, 'classifier__base_estimator__max_depth': 7}",0.49882357973990415,0.5433094625040231,0.43806048883418325,0.5087872487872488,0.538235294117647,0.5054432147966013,0.03769511127819726,94,0.9021173271173272,0.8728236414861057,0.8356335448127961,0.7848669810162834,0.7594646197471733,0.8309812228359371,0.05305454786644106
164.1365797996521,79.64091932217336,56.55595817565918,2.9486606596374174,"('interpolate', ('polynomial', 3))",0.99,correlation,"('tsfresh', {'default_fc_parameters': {'variance_larger_than_standard_deviation': None, 'value_count': [{'value': -1}, {'value': 1}, {'value': 0}], 'time_reversal_asymmetry_statistic': [{'lag': 3}, {'lag': 2}], 'symmetry_looking': [{'r': 0.9500000000000001}, {'r': 0.9}, {'r': 0.8500000000000001}, {'r': 0.8}]}})",8,100,3,"{'imputation__params': ('interpolate', ('polynomial', 3)), 'feature_selection__threshold': 0.99, 'feature_selection__strategy': 'correlation', 'feature_extraction__params': ('tsfresh', {'default_fc_parameters': {'variance_larger_than_standard_deviation': None, 'value_count': [{'value': -1}, {'value': 1}, {'value': 0}], 'time_reversal_asymmetry_statistic': [{'lag': 3}, {'lag': 2}], 'symmetry_looking': [{'r': 0.9500000000000001}, {'r': 0.9}, {'r': 0.8500000000000001}, {'r': 0.8}]}}), 'feature_extraction__n_lags': 8, 'classifier__base_estimator__n_estimators': 100, 'classifier__base_estimator__max_depth': 3}",0.47375513347022585,0.628781783070486,0.6096140320028135,0.6568260568260568,0.5581996434937612,0.5854353297726687,0.0644583732613234,31,0.9986013986013986,0.9811652512313274,0.9633857564114021,0.9481591625071599,0.9322084509895031,0.9647040039481581,0.023458203440842915
204.26899695396423,95.53643705552142,68.66838827133179,0.879077827573685,"('interpolate', ('spline', 2))",0.85,pca,"('tsfresh', {'default_fc_parameters': {'variance_larger_than_standard_deviation': None, 'value_count': [{'value': -1}, {'value': 1}, {'value': 0}], 'time_reversal_asymmetry_statistic': [{'lag': 3}, {'lag': 2}], 'symmetry_looking': [{'r': 0.9500000000000001}, {'r': 0.9}, {'r': 0.8500000000000001}, {'r': 0.8}]}})",3,50,11,"{'imputation__params': ('interpolate', ('spline', 2)), 'feature_selection__threshold': 0.85, 'feature_selection__strategy': 'pca', 'feature_extraction__params': ('tsfresh', {'default_fc_parameters': {'variance_larger_than_standard_deviation': None, 'value_count': [{'value': -1}, {'value': 1}, {'value': 0}], 'time_reversal_asymmetry_statistic': [{'lag': 3}, {'lag': 2}], 'symmetry_looking': [{'r': 0.9500000000000001}, {'r': 0.9}, {'r': 0.8500000000000001}, {'r': 0.8}]}}), 'feature_extraction__n_lags': 3, 'classifier__base_estimator__n_estimators': 50, 'classifier__base_estimator__max_depth': 11}",0.48760000000000003,0.6058488612836439,0.5217528373266078,0.5327167535853977,0.6061534492211436,0.5508143802833587,0.04745389740707621,53,0.957665930221854,0.9367704998768778,0.9124139322216246,0.8969940478942616,0.8651919543349336,0.9138072729099104,0.03193420344329859
163.8258279800415,77.85748819712228,55.656343412399295,3.0636691253210824,"('interpolate', ('spline', 3))",0.99,correlation,"('tsfresh', {'default_fc_parameters': {'variance_larger_than_standard_deviation': None, 'value_count': [{'value': -1}, {'value': 1}, {'value': 0}], 'time_reversal_asymmetry_statistic': [{'lag': 3}, {'lag': 2}], 'symmetry_looking': [{'r': 0.9500000000000001}, {'r': 0.9}, {'r': 0.8500000000000001}, {'r': 0.8}]}})",8,300,11,"{'imputation__params': ('interpolate', ('spline', 3)), 'feature_selection__threshold': 0.99, 'feature_selection__strategy': 'correlation', 'feature_extraction__params': ('tsfresh', {'default_fc_parameters': {'variance_larger_than_standard_deviation': None, 'value_count': [{'value': -1}, {'value': 1}, {'value': 0}], 'time_reversal_asymmetry_statistic': [{'lag': 3}, {'lag': 2}], 'symmetry_looking': [{'r': 0.9500000000000001}, {'r': 0.9}, {'r': 0.8500000000000001}, {'r': 0.8}]}}), 'feature_extraction__n_lags': 8, 'classifier__base_estimator__n_estimators': 300, 'classifier__base_estimator__max_depth': 11}",0.5088980150581793,0.6438284518828452,0.5758748021804114,0.628052668052668,0.5799688057040998,0.5873245485756408,0.04730199913398526,28,1.0,1.0,1.0,1.0,1.0,1.0,0.0
187.14688653945922,87.88204218205391,63.15061902999878,1.6845938482873626,"('interpolate', 'linear')",0.9,pca,"('tsfresh', {'default_fc_parameters': {'variance_larger_than_standard_deviation': None, 'value_count': [{'value': -1}, {'value': 1}, {'value': 0}], 'time_reversal_asymmetry_statistic': [{'lag': 3}, {'lag': 2}], 'symmetry_looking': [{'r': 0.9500000000000001}, {'r': 0.9}, {'r': 0.8500000000000001}, {'r': 0.8}]}})",5,100,7,"{'imputation__params': ('interpolate', 'linear'), 'feature_selection__threshold': 0.9, 'feature_selection__strategy': 'pca', 'feature_extraction__params': ('tsfresh', {'default_fc_parameters': {'variance_larger_than_standard_deviation': None, 'value_count': [{'value': -1}, {'value': 1}, {'value': 0}], 'time_reversal_asymmetry_statistic': [{'lag': 3}, {'lag': 2}], 'symmetry_looking': [{'r': 0.9500000000000001}, {'r': 0.9}, {'r': 0.8500000000000001}, {'r': 0.8}]}}), 'feature_extraction__n_lags': 5, 'classifier__base_estimator__n_estimators': 100, 'classifier__base_estimator__max_depth': 7}",0.4972727272727273,0.573937074829932,0.5098891408415218,0.5120437149687607,0.5405383448873483,0.526736200560058,0.02751803238618435,72,0.8902388225492919,0.8521702159124519,0.8163020449818497,0.7796241332406819,0.7496696367079889,0.817600970678453,0.0500597318514696
163.02748079299926,77.2422658760488,55.775730180740354,2.8940044335292208,"('ffill', None)",0.95,correlation,"('tsfresh', {'default_fc_parameters': {'variance_larger_than_standard_deviation': None, 'value_count': [{'value': -1}, {'value': 1}, {'value': 0}], 'time_reversal_asymmetry_statistic': [{'lag': 3}, {'lag': 2}], 'symmetry_looking': [{'r': 0.9500000000000001}, {'r': 0.9}, {'r': 0.8500000000000001}, {'r': 0.8}]}})",8,200,3,"{'imputation__params': ('ffill', None), 'feature_selection__threshold': 0.95, 'feature_selection__strategy': 'correlation', 'feature_extraction__params': ('tsfresh', {'default_fc_parameters': {'variance_larger_than_standard_deviation': None, 'value_count': [{'value': -1}, {'value': 1}, {'value': 0}], 'time_reversal_asymmetry_statistic': [{'lag': 3}, {'lag': 2}], 'symmetry_looking': [{'r': 0.9500000000000001}, {'r': 0.9}, {'r': 0.8500000000000001}, {'r': 0.8}]}}), 'feature_extraction__n_lags': 8, 'classifier__base_estimator__n_estimators': 200, 'classifier__base_estimator__max_depth': 3}",0.5035506502395619,0.6502051818474412,0.5975250571478811,0.6307830907830907,0.5812388591800357,0.5926605678396021,0.05071371699354788,18,1.0,0.998925755518171,0.995098740058976,0.9824827653219868,0.9695687529041712,0.989215202760661,0.011632122792680045
161.1748082637787,75.82047563271723,55.63424048423767,2.465184478778596,"('interpolate', ('polynomial', 2))",0.9,pca,"('tsfresh', {'default_fc_parameters': {'variance_larger_than_standard_deviation': None, 'value_count': [{'value': -1}, {'value': 1}, {'value': 0}], 'time_reversal_asymmetry_statistic': [{'lag': 3}, {'lag': 2}], 'symmetry_looking': [{'r': 0.9500000000000001}, {'r': 0.9}, {'r': 0.8500000000000001}, {'r': 0.8}]}})",8,200,11,"{'imputation__params': ('interpolate', ('polynomial', 2)), 'feature_selection__threshold': 0.9, 'feature_selection__strategy': 'pca', 'feature_extraction__params': ('tsfresh', {'default_fc_parameters': {'variance_larger_than_standard_deviation': None, 'value_count': [{'value': -1}, {'value': 1}, {'value': 0}], 'time_reversal_asymmetry_statistic': [{'lag': 3}, {'lag': 2}], 'symmetry_looking': [{'r': 0.9500000000000001}, {'r': 0.9}, {'r': 0.8500000000000001}, {'r': 0.8}]}}), 'feature_extraction__n_lags': 8, 'classifier__base_estimator__n_estimators': 200, 'classifier__base_estimator__max_depth': 11}",0.5061387748117727,0.5390650144834246,0.4424344997362406,0.5025779625779626,0.5379901960784313,0.5056412895375664,0.0351235729512089,93,0.904856254856255,0.8923829985609179,0.8410843534983469,0.7903340049914083,0.7647226590890137,0.8386760541991883,0.05491104280038191
188.9152862071991,89.48436132429036,63.840989112854004,1.948521433602122,"('interpolate', ('polynomial', 2))",0.9,pca,"('tsfresh', {'default_fc_parameters': {'variance_larger_than_standard_deviation': None, 'value_count': [{'value': -1}, {'value': 1}, {'value': 0}], 'time_reversal_asymmetry_statistic': [{'lag': 3}, {'lag': 2}], 'symmetry_looking': [{'r': 0.9500000000000001}, {'r': 0.9}, {'r': 0.8500000000000001}, {'r': 0.8}]}})",5,200,5,"{'imputation__params': ('interpolate', ('polynomial', 2)), 'feature_selection__threshold': 0.9, 'feature_selection__strategy': 'pca', 'feature_extraction__params': ('tsfresh', {'default_fc_parameters': {'variance_larger_than_standard_deviation': None, 'value_count': [{'value': -1}, {'value': 1}, {'value': 0}], 'time_reversal_asymmetry_statistic': [{'lag': 3}, {'lag': 2}], 'symmetry_looking': [{'r': 0.9500000000000001}, {'r': 0.9}, {'r': 0.8500000000000001}, {'r': 0.8}]}}), 'feature_extraction__n_lags': 5, 'classifier__base_estimator__n_estimators': 200, 'classifier__base_estimator__max_depth': 5}",0.4899521531100478,0.5691326530612244,0.5146132527084908,0.508618438234526,0.5418020652801849,0.5248237124788948,0.02769273093881047,82,0.8986809219661205,0.8676722863058266,0.8205505819736723,0.7864186761683694,0.7523991692493113,0.8251443271326601,0.05296960378141821
188.22983298301696,90.15112734479229,63.165695667266846,1.9659552240662275,"('interpolate', ('spline', 3))",0.99,correlation,"('tsfresh', {'default_fc_parameters': {'variance_larger_than_standard_deviation': None, 'value_count': [{'value': -1}, {'value': 1}, {'value': 0}], 'time_reversal_asymmetry_statistic': [{'lag': 3}, {'lag': 2}], 'symmetry_looking': [{'r': 0.9500000000000001}, {'r': 0.9}, {'r': 0.8500000000000001}, {'r': 0.8}]}})",5,100,3,"{'imputation__params': ('interpolate', ('spline', 3)), 'feature_selection__threshold': 0.99, 'feature_selection__strategy': 'correlation', 'feature_extraction__params': ('tsfresh', {'default_fc_parameters': {'variance_larger_than_standard_deviation': None, 'value_count': [{'value': -1}, {'value': 1}, {'value': 0}], 'time_reversal_asymmetry_statistic': [{'lag': 3}, {'lag': 2}], 'symmetry_looking': [{'r': 0.9500000000000001}, {'r': 0.9}, {'r': 0.8500000000000001}, {'r': 0.8}]}}), 'feature_extraction__n_lags': 5, 'classifier__base_estimator__n_estimators': 100, 'classifier__base_estimator__max_depth': 3}",0.5265231259968102,0.6052721088435373,0.6438649533887629,0.6035920204110332,0.5244078567302137,0.5807320130740715,0.047374209047965105,38,0.9898916967509026,0.9629214729370009,0.9491063700603289,0.9324740896255008,0.8947195678374655,0.9458226394422399,0.03173308215531733
161.86359457969667,76.88363920893745,55.54789309501648,2.501325797212056,"('interpolate', ('spline', 2))",0.95,pca,"('tsfresh', {'default_fc_parameters': {'variance_larger_than_standard_deviation': None, 'value_count': [{'value': -1}, {'value': 1}, {'value': 0}], 'time_reversal_asymmetry_statistic': [{'lag': 3}, {'lag': 2}], 'symmetry_looking': [{'r': 0.9500000000000001}, {'r': 0.9}, {'r': 0.8500000000000001}, {'r': 0.8}]}})",8,200,3,"{'imputation__params': ('interpolate', ('spline', 2)), 'feature_selection__threshold': 0.95, 'feature_selection__strategy': 'pca', 'feature_extraction__params': ('tsfresh', {'default_fc_parameters': {'variance_larger_than_standard_deviation': None, 'value_count': [{'value': -1}, {'value': 1}, {'value': 0}], 'time_reversal_asymmetry_statistic': [{'lag': 3}, {'lag': 2}], 'symmetry_looking': [{'r': 0.9500000000000001}, {'r': 0.9}, {'r': 0.8500000000000001}, {'r': 0.8}]}}), 'feature_extraction__n_lags': 8, 'classifier__base_estimator__n_estimators': 200, 'classifier__base_estimator__max_depth': 3}",0.5130047912388774,0.5649340199549405,0.4494900650606647,0.5194178794178794,0.5588569518716577,0.521140741508804,0.04133604997396556,84,0.8747668997668998,0.8220503881468268,0.7913479581806809,0.7544288519761067,0.7322815765331046,0.7949751349207237,0.05037347478496066
206.01475343704223,98.27587095692424,68.60760478973388,0.9697022508017663,"('ffill', None)",0.9,pca,"('tsfresh', {'default_fc_parameters': {'variance_larger_than_standard_deviation': None, 'value_count': [{'value': -1}, {'value': 1}, {'value': 0}], 'time_reversal_asymmetry_statistic': [{'lag': 3}, {'lag': 2}], 'symmetry_looking': [{'r': 0.9500000000000001}, {'r': 0.9}, {'r': 0.8500000000000001}, {'r': 0.8}]}})",3,100,11,"{'imputation__params': ('ffill', None), 'feature_selection__threshold': 0.9, 'feature_selection__strategy': 'pca', 'feature_extraction__params': ('tsfresh', {'default_fc_parameters': {'variance_larger_than_standard_deviation': None, 'value_count': [{'value': -1}, {'value': 1}, {'value': 0}], 'time_reversal_asymmetry_statistic': [{'lag': 3}, {'lag': 2}], 'symmetry_looking': [{'r': 0.9500000000000001}, {'r': 0.9}, {'r': 0.8500000000000001}, {'r': 0.8}]}}), 'feature_extraction__n_lags': 3, 'classifier__base_estimator__n_estimators': 100, 'classifier__base_estimator__max_depth': 11}",0.48456,0.5923442499529455,0.5157235182849937,0.5248207301173402,0.5936240203824943,0.5422145037475546,0.043552927179487236,59,0.9690923317683882,0.9581014528441272,0.9421691769768693,0.9259824365103584,0.8969492852598469,0.9384589366719179,0.025364200899951426
187.73399229049681,89.7896703095059,63.36053919792175,1.8154317614039264,"('interpolate', 'linear')",0.85,pca,"('tsfresh', {'default_fc_parameters': {'variance_larger_than_standard_deviation': None, 'value_count': [{'value': -1}, {'value': 1}, {'value': 0}], 'time_reversal_asymmetry_statistic': [{'lag': 3}, {'lag': 2}], 'symmetry_looking': [{'r': 0.9500000000000001}, {'r': 0.9}, {'r': 0.8500000000000001}, {'r': 0.8}]}})",5,100,5,"{'imputation__params': ('interpolate', 'linear'), 'feature_selection__threshold': 0.85, 'feature_selection__strategy': 'pca', 'feature_extraction__params': ('tsfresh', {'default_fc_parameters': {'variance_larger_than_standard_deviation': None, 'value_count': [{'value': -1}, {'value': 1}, {'value': 0}], 'time_reversal_asymmetry_statistic': [{'lag': 3}, {'lag': 2}], 'symmetry_looking': [{'r': 0.9500000000000001}, {'r': 0.9}, {'r': 0.8500000000000001}, {'r': 0.8}]}}), 'feature_extraction__n_lags': 5, 'classifier__base_estimator__n_estimators': 100, 'classifier__base_estimator__max_depth': 5}",0.49993620414673046,0.5722930839002267,0.5119677500629882,0.510707756594411,0.5431109185441941,0.5276031426497101,0.026582178314029627,70,0.8788530963621217,0.8451715468796214,0.8024842072627214,0.7691444771352958,0.7398598915289256,0.8071026438337372,0.05016195556422875
189.1450623989105,90.76672045657861,63.66304864883423,2.3402465999001127,"('interpolate', ('spline', 3))",0.85,correlation,"('tsfresh', {'default_fc_parameters': {'variance_larger_than_standard_deviation': None, 'value_count': [{'value': -1}, {'value': 1}, {'value': 0}], 'time_reversal_asymmetry_statistic': [{'lag': 3}, {'lag': 2}], 'symmetry_looking': [{'r': 0.9500000000000001}, {'r': 0.9}, {'r': 0.8500000000000001}, {'r': 0.8}]}})",5,300,3,"{'imputation__params': ('interpolate', ('spline', 3)), 'feature_selection__threshold': 0.85, 'feature_selection__strategy': 'correlation', 'feature_extraction__params': ('tsfresh', {'default_fc_parameters': {'variance_larger_than_standard_deviation': None, 'value_count': [{'value': -1}, {'value': 1}, {'value': 0}], 'time_reversal_asymmetry_statistic': [{'lag': 3}, {'lag': 2}], 'symmetry_looking': [{'r': 0.9500000000000001}, {'r': 0.9}, {'r': 0.8500000000000001}, {'r': 0.8}]}}), 'feature_extraction__n_lags': 5, 'classifier__base_estimator__n_estimators': 300, 'classifier__base_estimator__max_depth': 3}",0.5613716108452951,0.5171201814058958,0.6084183673469389,0.620457239287221,0.5418291450028886,0.5698393087776479,0.039207387627757564,47,1.0,0.999645075421473,0.9939767985634745,0.9878552049913509,0.9690760588842975,0.9901106275721192,0.01141220988103796
161.57572197914124,77.81234086837576,55.13890523910523,3.155595274690359,"('interpolate', ('polynomial', 3))",0.85,correlation,"('tsfresh', {'default_fc_parameters': {'variance_larger_than_standard_deviation': None, 'value_count': [{'value': -1}, {'value': 1}, {'value': 0}], 'time_reversal_asymmetry_statistic': [{'lag': 3}, {'lag': 2}], 'symmetry_looking': [{'r': 0.9500000000000001}, {'r': 0.9}, {'r': 0.8500000000000001}, {'r': 0.8}]}})",8,100,7,"{'imputation__params': ('interpolate', ('polynomial', 3)), 'feature_selection__threshold': 0.85, 'feature_selection__strategy': 'correlation', 'feature_extraction__params': ('tsfresh', {'default_fc_parameters': {'variance_larger_than_standard_deviation': None, 'value_count': [{'value': -1}, {'value': 1}, {'value': 0}], 'time_reversal_asymmetry_statistic': [{'lag': 3}, {'lag': 2}], 'symmetry_looking': [{'r': 0.9500000000000001}, {'r': 0.9}, {'r': 0.8500000000000001}, {'r': 0.8}]}}), 'feature_extraction__n_lags': 8, 'classifier__base_estimator__n_estimators': 100, 'classifier__base_estimator__max_depth': 7}",0.4982032854209446,0.608283714193756,0.5934367856514858,0.6594040194040193,0.5922682709447415,0.5903192151229895,0.05214268113336768,26,1.0,1.0,1.0,0.999987214630554,0.9992285329615994,0.9998431495184308,0.00030734817037613734
188.53008732795715,88.22020524164161,63.597731304168704,1.921730963648428,"('interpolate', ('spline', 2))",0.85,correlation,"('tsfresh', {'default_fc_parameters': {'variance_larger_than_standard_deviation': None, 'value_count': [{'value': -1}, {'value': 1}, {'value': 0}], 'time_reversal_asymmetry_statistic': [{'lag': 3}, {'lag': 2}], 'symmetry_looking': [{'r': 0.9500000000000001}, {'r': 0.9}, {'r': 0.8500000000000001}, {'r': 0.8}]}})",5,200,5,"{'imputation__params': ('interpolate', ('spline', 2)), 'feature_selection__threshold': 0.85, 'feature_selection__strategy': 'correlation', 'feature_extraction__params': ('tsfresh', {'default_fc_parameters': {'variance_larger_than_standard_deviation': None, 'value_count': [{'value': -1}, {'value': 1}, {'value': 0}], 'time_reversal_asymmetry_statistic': [{'lag': 3}, {'lag': 2}], 'symmetry_looking': [{'r': 0.9500000000000001}, {'r': 0.9}, {'r': 0.8500000000000001}, {'r': 0.8}]}}), 'feature_extraction__n_lags': 5, 'classifier__base_estimator__n_estimators': 200, 'classifier__base_estimator__max_depth': 5}",0.5600956937799042,0.5492346938775511,0.623771730914588,0.6340578982260884,0.5681777151935298,0.5870675463983324,0.034845147760843166,30,1.0,1.0,0.9997480913072123,0.9993771899995565,0.9978359590220385,0.9993922480657614,0.0008108774966168018
207.59629559516907,98.46899639247063,69.11689925193787,1.541570585911336,"('ffill', None)",0.95,pca,"('tsfresh', {'default_fc_parameters': {'variance_larger_than_standard_deviation': None, 'value_count': [{'value': -1}, {'value': 1}, {'value': 0}], 'time_reversal_asymmetry_statistic': [{'lag': 3}, {'lag': 2}], 'symmetry_looking': [{'r': 0.9500000000000001}, {'r': 0.9}, {'r': 0.8500000000000001}, {'r': 0.8}]}})",3,50,7,"{'imputation__params': ('ffill', None), 'feature_selection__threshold': 0.95, 'feature_selection__strategy': 'pca', 'feature_extraction__params': ('tsfresh', {'default_fc_parameters': {'variance_larger_than_standard_deviation': None, 'value_count': [{'value': -1}, {'value': 1}, {'value': 0}], 'time_reversal_asymmetry_statistic': [{'lag': 3}, {'lag': 2}], 'symmetry_looking': [{'r': 0.9500000000000001}, {'r': 0.9}, {'r': 0.8500000000000001}, {'r': 0.8}]}}), 'feature_extraction__n_lags': 3, 'classifier__base_estimator__n_estimators': 50, 'classifier__base_estimator__max_depth': 7}",0.47768,0.6128011481272351,0.5305406683480454,0.529351368970013,0.6151433547263521,0.553103308034329,0.05324415877648159,50,0.9437195065819755,0.9137527702536321,0.8846342119419043,0.8750951689615102,0.8449465446440092,0.8924296404766062,0.033767508724184866
161.0677716255188,76.58619716080553,55.265155696868895,2.646490068834917,"('interpolate', ('polynomial', 2))",0.99,pca,"('tsfresh', {'default_fc_parameters': {'variance_larger_than_standard_deviation': None, 'value_count': [{'value': -1}, {'value': 1}, {'value': 0}], 'time_reversal_asymmetry_statistic': [{'lag': 3}, {'lag': 2}], 'symmetry_looking': [{'r': 0.9500000000000001}, {'r': 0.9}, {'r': 0.8500000000000001}, {'r': 0.8}]}})",8,300,3,"{'imputation__params': ('interpolate', ('polynomial', 2)), 'feature_selection__threshold': 0.99, 'feature_selection__strategy': 'pca', 'feature_extraction__params': ('tsfresh', {'default_fc_parameters': {'variance_larger_than_standard_deviation': None, 'value_count': [{'value': -1}, {'value': 1}, {'value': 0}], 'time_reversal_asymmetry_statistic': [{'lag': 3}, {'lag': 2}], 'symmetry_looking': [{'r': 0.9500000000000001}, {'r': 0.9}, {'r': 0.8500000000000001}, {'r': 0.8}]}}), 'feature_extraction__n_lags': 8, 'classifier__base_estimator__n_estimators': 300, 'classifier__base_estimator__max_depth': 3}",0.5228439425051334,0.5630431284196975,0.43575259363460533,0.5207623007623008,0.5605949197860962,0.5205993770215667,0.04605465610173394,85,0.8895881895881895,0.8456685651742101,0.8119493342864802,0.7664777841420506,0.7417238565011736,0.8110815459384207,0.05321708880396715
162.18553466796874,77.58526919917749,55.777638006210324,3.0691192662182445,"('ffill', None)",0.9,correlation,"('tsfresh', {'default_fc_parameters': {'variance_larger_than_standard_deviation': None, 'value_count': [{'value': -1}, {'value': 1}, {'value': 0}], 'time_reversal_asymmetry_statistic': [{'lag': 3}, {'lag': 2}], 'symmetry_looking': [{'r': 0.9500000000000001}, {'r': 0.9}, {'r': 0.8500000000000001}, {'r': 0.8}]}})",8,200,7,"{'imputation__params': ('ffill', None), 'feature_selection__threshold': 0.9, 'feature_selection__strategy': 'correlation', 'feature_extraction__params': ('tsfresh', {'default_fc_parameters': {'variance_larger_than_standard_deviation': None, 'value_count': [{'value': -1}, {'value': 1}, {'value': 0}], 'time_reversal_asymmetry_statistic': [{'lag': 3}, {'lag': 2}], 'symmetry_looking': [{'r': 0.9500000000000001}, {'r': 0.9}, {'r': 0.8500000000000001}, {'r': 0.8}]}}), 'feature_extraction__n_lags': 8, 'classifier__base_estimator__n_estimators': 200, 'classifier__base_estimator__max_depth': 7}",0.5084702258726899,0.5826762149983907,0.5501142957622648,0.609036729036729,0.5863636363636363,0.5673322204067421,0.03492303060449141,49,1.0,1.0,1.0,1.0,1.0,1.0,0.0
163.34461512565613,78.57989682208624,55.67104468345642,3.102699575047914,"('interpolate', 'linear')",0.95,pca,"('tsfresh', {'default_fc_parameters': {'variance_larger_than_standard_deviation': None, 'value_count': [{'value': -1}, {'value': 1}, {'value': 0}], 'time_reversal_asymmetry_statistic': [{'lag': 3}, {'lag': 2}], 'symmetry_looking': [{'r': 0.9500000000000001}, {'r': 0.9}, {'r': 0.8500000000000001}, {'r': 0.8}]}})",8,300,5,"{'imputation__params': ('interpolate', 'linear'), 'feature_selection__threshold': 0.95, 'feature_selection__strategy': 'pca', 'feature_extraction__params': ('tsfresh', {'default_fc_parameters': {'variance_larger_than_standard_deviation': None, 'value_count': [{'value': -1}, {'value': 1}, {'value': 0}], 'time_reversal_asymmetry_statistic': [{'lag': 3}, {'lag': 2}], 'symmetry_looking': [{'r': 0.9500000000000001}, {'r': 0.9}, {'r': 0.8500000000000001}, {'r': 0.8}]}}), 'feature_extraction__n_lags': 8, 'classifier__base_estimator__n_estimators': 300, 'classifier__base_estimator__max_depth': 5}",0.4960001711156742,0.5491028323141294,0.44133550202215577,0.5078031878031878,0.5390819964349376,0.5066647379380169,0.038038950095095864,92,0.9042735042735043,0.8874070170460304,0.8343825395407023,0.7874125480729891,0.7595763186426946,0.8346103855151842,0.05567447059572808
161.49827795028688,77.16375344149671,55.23015832901001,2.839586271607881,"('interpolate', ('spline', 2))",0.85,pca,"('tsfresh', {'default_fc_parameters': {'variance_larger_than_standard_deviation': None, 'value_count': [{'value': -1}, {'value': 1}, {'value': 0}], 'time_reversal_asymmetry_statistic': [{'lag': 3}, {'lag': 2}], 'symmetry_looking': [{'r': 0.9500000000000001}, {'r': 0.9}, {'r': 0.8500000000000001}, {'r': 0.8}]}})",8,200,7,"{'imputation__params': ('interpolate', ('spline', 2)), 'feature_selection__threshold': 0.85, 'feature_selection__strategy': 'pca', 'feature_extraction__params': ('tsfresh', {'default_fc_parameters': {'variance_larger_than_standard_deviation': None, 'value_count': [{'value': -1}, {'value': 1}, {'value': 0}], 'time_reversal_asymmetry_statistic': [{'lag': 3}, {'lag': 2}], 'symmetry_looking': [{'r': 0.9500000000000001}, {'r': 0.9}, {'r': 0.8500000000000001}, {'r': 0.8}]}}), 'feature_extraction__n_lags': 8, 'classifier__base_estimator__n_estimators': 200, 'classifier__base_estimator__max_depth': 7}",0.49882357973990415,0.5433094625040231,0.43806048883418325,0.5087872487872488,0.538235294117647,0.5054432147966013,0.03769511127819726,94,0.9021173271173272,0.8728236414861057,0.8356335448127961,0.7848669810162834,0.7594646197471733,0.8309812228359371,0.05305454786644106
206.06743702888488,96.7055773427343,69.41576061248779,1.2519377633316306,"('ffill', None)",0.95,pca,"('tsfresh', {'default_fc_parameters': {'variance_larger_than_standard_deviation': None, 'value_count': [{'value': -1}, {'value': 1}, {'value': 0}], 'time_reversal_asymmetry_statistic': [{'lag': 3}, {'lag': 2}], 'symmetry_looking': [{'r': 0.9500000000000001}, {'r': 0.9}, {'r': 0.8500000000000001}, {'r': 0.8}]}})",3,100,3,"{'imputation__params': ('ffill', None), 'feature_selection__threshold': 0.95, 'feature_selection__strategy': 'pca', 'feature_extraction__params': ('tsfresh', {'default_fc_parameters': {'variance_larger_than_standard_deviation': None, 'value_count': [{'value': -1}, {'value': 1}, {'value': 0}], 'time_reversal_asymmetry_statistic': [{'lag': 3}, {'lag': 2}], 'symmetry_looking': [{'r': 0.9500000000000001}, {'r': 0.9}, {'r': 0.8500000000000001}, {'r': 0.8}]}}), 'feature_extraction__n_lags': 3, 'classifier__base_estimator__n_estimators': 100, 'classifier__base_estimator__max_depth': 3}",0.47476,0.5938970449840015,0.5147251996637241,0.5380785528031291,0.6287289966781694,0.5500379588258049,0.05508663778803039,54,0.9178403755868545,0.8791800049248953,0.8336605701990317,0.8195557959824058,0.7663642794538343,0.8433202052294044,0.05180627612955403
188.7622468471527,89.50724779608879,63.31684250831604,1.7711985931336933,"('interpolate', ('spline', 3))",0.95,pca,"('tsfresh', {'default_fc_parameters': {'variance_larger_than_standard_deviation': None, 'value_count': [{'value': -1}, {'value': 1}, {'value': 0}], 'time_reversal_asymmetry_statistic': [{'lag': 3}, {'lag': 2}], 'symmetry_looking': [{'r': 0.9500000000000001}, {'r': 0.9}, {'r': 0.8500000000000001}, {'r': 0.8}]}})",5,50,3,"{'imputation__params': ('interpolate', ('spline', 3)), 'feature_selection__threshold': 0.95, 'feature_selection__strategy': 'pca', 'feature_extraction__params': ('tsfresh', {'default_fc_parameters': {'variance_larger_than_standard_deviation': None, 'value_count': [{'value': -1}, {'value': 1}, {'value': 0}], 'time_reversal_asymmetry_statistic': [{'lag': 3}, {'lag': 2}], 'symmetry_looking': [{'r': 0.9500000000000001}, {'r': 0.9}, {'r': 0.8500000000000001}, {'r': 0.8}]}}), 'feature_extraction__n_lags': 5, 'classifier__base_estimator__n_estimators': 50, 'classifier__base_estimator__max_depth': 3}",0.47591706539074957,0.566609977324263,0.5030864197530864,0.5373465656829459,0.5721584344309648,0.531023692516402,0.0369206201099106,67,0.7989725076367675,0.7639788524105294,0.7362758206410108,0.6955364667267915,0.6841318009641874,0.7357790896758573,0.042604677129660554
206.36198782920837,96.66282313946535,69.0834047794342,1.0132187822837129,"('ffill', None)",0.9,pca,"('tsfresh', {'default_fc_parameters': {'variance_larger_than_standard_deviation': None, 'value_count': [{'value': -1}, {'value': 1}, {'value': 0}], 'time_reversal_asymmetry_statistic': [{'lag': 3}, {'lag': 2}], 'symmetry_looking': [{'r': 0.9500000000000001}, {'r': 0.9}, {'r': 0.8500000000000001}, {'r': 0.8}]}})",3,100,7,"{'imputation__params': ('ffill', None), 'feature_selection__threshold': 0.9, 'feature_selection__strategy': 'pca', 'feature_extraction__params': ('tsfresh', {'default_fc_parameters': {'variance_larger_than_standard_deviation': None, 'value_count': [{'value': -1}, {'value': 1}, {'value': 0}], 'time_reversal_asymmetry_statistic': [{'lag': 3}, {'lag': 2}], 'symmetry_looking': [{'r': 0.9500000000000001}, {'r': 0.9}, {'r': 0.8500000000000001}, {'r': 0.8}]}}), 'feature_extraction__n_lags': 3, 'classifier__base_estimator__n_estimators': 100, 'classifier__base_estimator__max_depth': 7}",0.4698133333333333,0.6073898927159797,0.51791719209752,0.533767926988266,0.5931241332602315,0.5444024956790662,0.05043672997044971,55,0.9623032311516155,0.9395099729130756,0.9216931145777301,0.9090400495649199,0.8807854355844053,0.9226663607583492,0.02755149441785399
189.01442880630492,90.27536830695492,63.49426975250244,2.242799607745541,"('interpolate', ('polynomial', 2))",0.99,pca,"('tsfresh', {'default_fc_parameters': {'variance_larger_than_standard_deviation': None, 'value_count': [{'value': -1}, {'value': 1}, {'value': 0}], 'time_reversal_asymmetry_statistic': [{'lag': 3}, {'lag': 2}], 'symmetry_looking': [{'r': 0.9500000000000001}, {'r': 0.9}, {'r': 0.8500000000000001}, {'r': 0.8}]}})",5,50,3,"{'imputation__params': ('interpolate', ('polynomial', 2)), 'feature_selection__threshold': 0.99, 'feature_selection__strategy': 'pca', 'feature_extraction__params': ('tsfresh', {'default_fc_parameters': {'variance_larger_than_standard_deviation': None, 'value_count': [{'value': -1}, {'value': 1}, {'value': 0}], 'time_reversal_asymmetry_statistic': [{'lag': 3}, {'lag': 2}], 'symmetry_looking': [{'r': 0.9500000000000001}, {'r': 0.9}, {'r': 0.8500000000000001}, {'r': 0.8}]}}), 'feature_extraction__n_lags': 5, 'classifier__base_estimator__n_estimators': 50, 'classifier__base_estimator__max_depth': 3}",0.47591706539074957,0.566609977324263,0.5030864197530864,0.5373465656829459,0.5721584344309648,0.531023692516402,0.0369206201099106,67,0.7989725076367675,0.7639788524105294,0.7362758206410108,0.6955364667267915,0.6841318009641874,0.7357790896758573,0.042604677129660554
187.41253371238707,89.34763885408736,63.14437713623047,1.919770719948585,"('interpolate', ('polynomial', 2))",0.95,correlation,"('tsfresh', {'default_fc_parameters': {'variance_larger_than_standard_deviation': None, 'value_count': [{'value': -1}, {'value': 1}, {'value': 0}], 'time_reversal_asymmetry_statistic': [{'lag': 3}, {'lag': 2}], 'symmetry_looking': [{'r': 0.9500000000000001}, {'r': 0.9}, {'r': 0.8500000000000001}, {'r': 0.8}]}})",5,200,3,"{'imputation__params': ('interpolate', ('polynomial', 2)), 'feature_selection__threshold': 0.95, 'feature_selection__strategy': 'correlation', 'feature_extraction__params': ('tsfresh', {'default_fc_parameters': {'variance_larger_than_standard_deviation': None, 'value_count': [{'value': -1}, {'value': 1}, {'value': 0}], 'time_reversal_asymmetry_statistic': [{'lag': 3}, {'lag': 2}], 'symmetry_looking': [{'r': 0.9500000000000001}, {'r': 0.9}, {'r': 0.8500000000000001}, {'r': 0.8}]}}), 'feature_extraction__n_lags': 5, 'classifier__base_estimator__n_estimators': 200, 'classifier__base_estimator__max_depth': 3}",0.5349441786283892,0.6095804988662131,0.6384164777021919,0.6419229764750789,0.5173310225303294,0.5884390308404404,0.05238947864747836,27,0.9999722299361289,0.9936520260278023,0.9822323631619063,0.9713479678282597,0.9458919808884299,0.9786193135685053,0.019073197853939065
205.5842146873474,96.59828923739978,68.6727810382843,0.6844677971680375,"('interpolate', ('spline', 2))",0.95,pca,"('tsfresh', {'default_fc_parameters': {'variance_larger_than_standard_deviation': None, 'value_count': [{'value': -1}, {'value': 1}, {'value': 0}], 'time_reversal_asymmetry_statistic': [{'lag': 3}, {'lag': 2}], 'symmetry_looking': [{'r': 0.9500000000000001}, {'r': 0.9}, {'r': 0.8500000000000001}, {'r': 0.8}]}})",3,300,3,"{'imputation__params': ('interpolate', ('spline', 2)), 'feature_selection__threshold': 0.95, 'feature_selection__strategy': 'pca', 'feature_extraction__params': ('tsfresh', {'default_fc_parameters': {'variance_larger_than_standard_deviation': None, 'value_count': [{'value': -1}, {'value': 1}, {'value': 0}], 'time_reversal_asymmetry_statistic': [{'lag': 3}, {'lag': 2}], 'symmetry_looking': [{'r': 0.9500000000000001}, {'r': 0.9}, {'r': 0.8500000000000001}, {'r': 0.8}]}}), 'feature_extraction__n_lags': 3, 'classifier__base_estimator__n_estimators': 300, 'classifier__base_estimator__max_depth': 3}",0.44705333333333336,0.5840744400527009,0.5117171080285834,0.5269556714471969,0.6022430418937659,0.5344087189511161,0.055262283234435605,63,0.9583448402835313,0.9325258557005663,0.899456697149005,0.8804554547612223,0.8255629162643983,0.8992691528317447,0.04556872798419463
162.71519446372986,77.66160384224285,55.5536693572998,3.3308176687609126,"('ffill', None)",0.9,correlation,"('tsfresh', {'default_fc_parameters': {'variance_larger_than_standard_deviation': None, 'value_count': [{'value': -1}, {'value': 1}, {'value': 0}], 'time_reversal_asymmetry_statistic': [{'lag': 3}, {'lag': 2}], 'symmetry_looking': [{'r': 0.9500000000000001}, {'r': 0.9}, {'r': 0.8500000000000001}, {'r': 0.8}]}})",8,50,11,"{'imputation__params': ('ffill', None), 'feature_selection__threshold': 0.9, 'feature_selection__strategy': 'correlation', 'feature_extraction__params': ('tsfresh', {'default_fc_parameters': {'variance_larger_than_standard_deviation': None, 'value_count': [{'value': -1}, {'value': 1}, {'value': 0}], 'time_reversal_asymmetry_statistic': [{'lag': 3}, {'lag': 2}], 'symmetry_looking': [{'r': 0.9500000000000001}, {'r': 0.9}, {'r': 0.8500000000000001}, {'r': 0.8}]}}), 'feature_extraction__n_lags': 8, 'classifier__base_estimator__n_estimators': 50, 'classifier__base_estimator__max_depth': 11}",0.5212183436002737,0.6505069198583843,0.5678081589590294,0.6573111573111573,0.595409982174688,0.5984509123807065,0.05116141440967511,15,1.0,1.0,0.9998391564650165,0.9993556173799197,0.9964457411445116,0.9991281029978897,0.0013618247834563473
161.01549315452576,76.56823121009887,55.09326877593994,3.004224462966258,"('interpolate', ('polynomial', 2))",0.95,pca,"('tsfresh', {'default_fc_parameters': {'variance_larger_than_standard_deviation': None, 'value_count': [{'value': -1}, {'value': 1}, {'value': 0}], 'time_reversal_asymmetry_statistic': [{'lag': 3}, {'lag': 2}], 'symmetry_looking': [{'r': 0.9500000000000001}, {'r': 0.9}, {'r': 0.8500000000000001}, {'r': 0.8}]}})",8,200,5,"{'imputation__params': ('interpolate', ('polynomial', 2)), 'feature_selection__threshold': 0.95, 'feature_selection__strategy': 'pca', 'feature_extraction__params': ('tsfresh', {'default_fc_parameters': {'variance_larger_than_standard_deviation': None, 'value_count': [{'value': -1}, {'value': 1}, {'value': 0}], 'time_reversal_asymmetry_statistic': [{'lag': 3}, {'lag': 2}], 'symmetry_looking': [{'r': 0.9500000000000001}, {'r': 0.9}, {'r': 0.8500000000000001}, {'r': 0.8}]}}), 'feature_extraction__n_lags': 8, 'classifier__base_estimator__n_estimators': 200, 'classifier__base_estimator__max_depth': 5}",0.4980321697467488,0.5448785001609269,0.44243449973624055,0.510990990990991,0.5454545454545454,0.5083581412178905,0.03786651268751637,90,0.8994366744366744,0.8679236678354987,0.8214547404164061,0.7786200495049505,0.7528058762554956,0.824048201689805,0.05432198512242049
206.35505752563478,96.58279235828465,68.69705176353455,1.2220394039474483,"('interpolate', ('polynomial', 3))",0.99,correlation,"('tsfresh', {'default_fc_parameters': {'variance_larger_than_standard_deviation': None, 'value_count': [{'value': -1}, {'value': 1}, {'value': 0}], 'time_reversal_asymmetry_statistic': [{'lag': 3}, {'lag': 2}], 'symmetry_looking': [{'r': 0.9500000000000001}, {'r': 0.9}, {'r': 0.8500000000000001}, {'r': 0.8}]}})",3,100,5,"{'imputation__params': ('interpolate', ('polynomial', 3)), 'feature_selection__threshold': 0.99, 'feature_selection__strategy': 'correlation', 'feature_extraction__params': ('tsfresh', {'default_fc_parameters': {'variance_larger_than_standard_deviation': None, 'value_count': [{'value': -1}, {'value': 1}, {'value': 0}], 'time_reversal_asymmetry_statistic': [{'lag': 3}, {'lag': 2}], 'symmetry_looking': [{'r': 0.9500000000000001}, {'r': 0.9}, {'r': 0.8500000000000001}, {'r': 0.8}]}}), 'feature_extraction__n_lags': 3, 'classifier__base_estimator__n_estimators': 100, 'classifier__base_estimator__max_depth': 5}",0.51468,0.6700192923019009,0.6222414880201766,0.6151075619295958,0.5618086238591286,0.5967713932221603,0.05350063105080395,17,0.9918185584092792,0.9775116966264467,0.9755419580419581,0.9680016521639958,0.956319210560269,0.9738386151603897,0.011667655619067355
160.85653233528137,76.42077278134732,55.6381320476532,2.6639126004979032,"('interpolate', ('spline', 2))",0.85,pca,"('tsfresh', {'default_fc_parameters': {'variance_larger_than_standard_deviation': None, 'value_count': [{'value': -1}, {'value': 1}, {'value': 0}], 'time_reversal_asymmetry_statistic': [{'lag': 3}, {'lag': 2}], 'symmetry_looking': [{'r': 0.9500000000000001}, {'r': 0.9}, {'r': 0.8500000000000001}, {'r': 0.8}]}})",8,200,5,"{'imputation__params': ('interpolate', ('spline', 2)), 'feature_selection__threshold': 0.85, 'feature_selection__strategy': 'pca', 'feature_extraction__params': ('tsfresh', {'default_fc_parameters': {'variance_larger_than_standard_deviation': None, 'value_count': [{'value': -1}, {'value': 1}, {'value': 0}], 'time_reversal_asymmetry_statistic': [{'lag': 3}, {'lag': 2}], 'symmetry_looking': [{'r': 0.9500000000000001}, {'r': 0.9}, {'r': 0.8500000000000001}, {'r': 0.8}]}}), 'feature_extraction__n_lags': 8, 'classifier__base_estimator__n_estimators': 200, 'classifier__base_estimator__max_depth': 5}",0.4980321697467488,0.5448785001609269,0.44243449973624055,0.510990990990991,0.5454545454545454,0.5083581412178905,0.03786651268751637,90,0.8994366744366744,0.8679236678354987,0.8214547404164061,0.7786200495049505,0.7528058762554956,0.824048201689805,0.05432198512242049
162.94326977729799,77.07522483069258,55.79463357925415,2.777478315829038,"('interpolate', ('polynomial', 3))",0.9,correlation,"('tsfresh', {'default_fc_parameters': {'variance_larger_than_standard_deviation': None, 'value_count': [{'value': -1}, {'value': 1}, {'value': 0}], 'time_reversal_asymmetry_statistic': [{'lag': 3}, {'lag': 2}], 'symmetry_looking': [{'r': 0.9500000000000001}, {'r': 0.9}, {'r': 0.8500000000000001}, {'r': 0.8}]}})",8,300,11,"{'imputation__params': ('interpolate', ('polynomial', 3)), 'feature_selection__threshold': 0.9, 'feature_selection__strategy': 'correlation', 'feature_extraction__params': ('tsfresh', {'default_fc_parameters': {'variance_larger_than_standard_deviation': None, 'value_count': [{'value': -1}, {'value': 1}, {'value': 0}], 'time_reversal_asymmetry_statistic': [{'lag': 3}, {'lag': 2}], 'symmetry_looking': [{'r': 0.9500000000000001}, {'r': 0.9}, {'r': 0.8500000000000001}, {'r': 0.8}]}}), 'feature_extraction__n_lags': 8, 'classifier__base_estimator__n_estimators': 300, 'classifier__base_estimator__max_depth': 11}",0.5113364134154688,0.6473286128097844,0.5861614207842447,0.6271933471933472,0.5897504456327985,0.5923540479671288,0.04657244686528976,20,1.0,1.0,1.0,1.0,1.0,1.0,0.0
207.22874455451966,98.80689263363335,68.55531759262085,1.5917445726413224,"('ffill', None)",0.85,correlation,"('tsfresh', {'default_fc_parameters': {'variance_larger_than_standard_deviation': None, 'value_count': [{'value': -1}, {'value': 1}, {'value': 0}], 'time_reversal_asymmetry_statistic': [{'lag': 3}, {'lag': 2}], 'symmetry_looking': [{'r': 0.9500000000000001}, {'r': 0.9}, {'r': 0.8500000000000001}, {'r': 0.8}]}})",3,200,5,"{'imputation__params': ('ffill', None), 'feature_selection__threshold': 0.85, 'feature_selection__strategy': 'correlation', 'feature_extraction__params': ('tsfresh', {'default_fc_parameters': {'variance_larger_than_standard_deviation': None, 'value_count': [{'value': -1}, {'value': 1}, {'value': 0}], 'time_reversal_asymmetry_statistic': [{'lag': 3}, {'lag': 2}], 'symmetry_looking': [{'r': 0.9500000000000001}, {'r': 0.9}, {'r': 0.8500000000000001}, {'r': 0.8}]}}), 'feature_extraction__n_lags': 3, 'classifier__base_estimator__n_estimators': 200, 'classifier__base_estimator__max_depth': 5}",0.5252000000000001,0.5741341991341992,0.6203499369482977,0.6410365058670142,0.6004128100106427,0.5922266903920308,0.04015032528585685,21,0.9986191659762496,0.9937884757448904,0.9908835395373857,0.9868289239665498,0.9791237147801947,0.989848764001054,0.006597850475199889
204.6166563510895,95.96262091044709,68.32512340545654,0.9845654898462363,"('interpolate', ('spline', 3))",0.9,pca,"('tsfresh', {'default_fc_parameters': {'variance_larger_than_standard_deviation': None, 'value_count': [{'value': -1}, {'value': 1}, {'value': 0}], 'time_reversal_asymmetry_statistic': [{'lag': 3}, {'lag': 2}], 'symmetry_looking': [{'r': 0.9500000000000001}, {'r': 0.9}, {'r': 0.8500000000000001}, {'r': 0.8}]}})",3,100,11,"{'imputation__params': ('interpolate', ('spline', 3)), 'feature_selection__threshold': 0.9, 'feature_selection__strategy': 'pca', 'feature_extraction__params': ('tsfresh', {'default_fc_parameters': {'variance_larger_than_standard_deviation': None, 'value_count': [{'value': -1}, {'value': 1}, {'value': 0}], 'time_reversal_asymmetry_statistic': [{'lag': 3}, {'lag': 2}], 'symmetry_looking': [{'r': 0.9500000000000001}, {'r': 0.9}, {'r': 0.8500000000000001}, {'r': 0.8}]}}), 'feature_extraction__n_lags': 3, 'classifier__base_estimator__n_estimators': 100, 'classifier__base_estimator__max_depth': 11}",0.48456,0.5923442499529455,0.5157235182849937,0.5248207301173402,0.5936240203824943,0.5422145037475546,0.043552927179487236,59,0.9690923317683882,0.9581014528441272,0.9421691769768693,0.9259824365103584,0.8969492852598469,0.9384589366719179,0.025364200899951426
161.95512437820435,77.24391914450642,55.60226936340332,3.1136700589525477,"('interpolate', ('polynomial', 2))",0.95,pca,"('tsfresh', {'default_fc_parameters': {'variance_larger_than_standard_deviation': None, 'value_count': [{'value': -1}, {'value': 1}, {'value': 0}], 'time_reversal_asymmetry_statistic': [{'lag': 3}, {'lag': 2}], 'symmetry_looking': [{'r': 0.9500000000000001}, {'r': 0.9}, {'r': 0.8500000000000001}, {'r': 0.8}]}})",8,100,5,"{'imputation__params': ('interpolate', ('polynomial', 2)), 'feature_selection__threshold': 0.95, 'feature_selection__strategy': 'pca', 'feature_extraction__params': ('tsfresh', {'default_fc_parameters': {'variance_larger_than_standard_deviation': None, 'value_count': [{'value': -1}, {'value': 1}, {'value': 0}], 'time_reversal_asymmetry_statistic': [{'lag': 3}, {'lag': 2}], 'symmetry_looking': [{'r': 0.9500000000000001}, {'r': 0.9}, {'r': 0.8500000000000001}, {'r': 0.8}]}}), 'feature_extraction__n_lags': 8, 'classifier__base_estimator__n_estimators': 100, 'classifier__base_estimator__max_depth': 5}",0.4945029089664613,0.5417605407145156,0.4461051521012836,0.527179487179487,0.559948752228164,0.5138993682379823,0.04011341578725014,86,0.8767676767676768,0.8246549242961672,0.7989969618443393,0.7614198919891989,0.7387184115523466,0.8001115732899458,0.048468429204370625
188.1864758491516,88.93928854298893,62.98225259780884,1.69856709676212,"('interpolate', ('polynomial', 3))",0.99,pca,"('tsfresh', {'default_fc_parameters': {'variance_larger_than_standard_deviation': None, 'value_count': [{'value': -1}, {'value': 1}, {'value': 0}], 'time_reversal_asymmetry_statistic': [{'lag': 3}, {'lag': 2}], 'symmetry_looking': [{'r': 0.9500000000000001}, {'r': 0.9}, {'r': 0.8500000000000001}, {'r': 0.8}]}})",5,200,11,"{'imputation__params': ('interpolate', ('polynomial', 3)), 'feature_selection__threshold': 0.99, 'feature_selection__strategy': 'pca', 'feature_extraction__params': ('tsfresh', {'default_fc_parameters': {'variance_larger_than_standard_deviation': None, 'value_count': [{'value': -1}, {'value': 1}, {'value': 0}], 'time_reversal_asymmetry_statistic': [{'lag': 3}, {'lag': 2}], 'symmetry_looking': [{'r': 0.9500000000000001}, {'r': 0.9}, {'r': 0.8500000000000001}, {'r': 0.8}]}}), 'feature_extraction__n_lags': 5, 'classifier__base_estimator__n_estimators': 200, 'classifier__base_estimator__max_depth': 11}",0.5095215311004785,0.5692885487528345,0.5188649533887628,0.4967856640617152,0.5373068313113807,0.5263535057230344,0.025207317618824273,74,0.9168980838655929,0.8769594794439516,0.8378693046028239,0.8000391797389002,0.762123902376033,0.8387779900054604,0.054658842799289085
205.78791332244873,97.81392659907527,68.55096530914307,1.0183315193405331,"('interpolate', 'linear')",0.85,pca,"('tsfresh', {'default_fc_parameters': {'variance_larger_than_standard_deviation': None, 'value_count': [{'value': -1}, {'value': 1}, {'value': 0}], 'time_reversal_asymmetry_statistic': [{'lag': 3}, {'lag': 2}], 'symmetry_looking': [{'r': 0.9500000000000001}, {'r': 0.9}, {'r': 0.8500000000000001}, {'r': 0.8}]}})",3,200,7,"{'imputation__params': ('interpolate', 'linear'), 'feature_selection__threshold': 0.85, 'feature_selection__strategy': 'pca', 'feature_extraction__params': ('tsfresh', {'default_fc_parameters': {'variance_larger_than_standard_deviation': None, 'value_count': [{'value': -1}, {'value': 1}, {'value': 0}], 'time_reversal_asymmetry_statistic': [{'lag': 3}, {'lag': 2}], 'symmetry_looking': [{'r': 0.9500000000000001}, {'r': 0.9}, {'r': 0.8500000000000001}, {'r': 0.8}]}}), 'feature_extraction__n_lags': 3, 'classifier__base_estimator__n_estimators': 200, 'classifier__base_estimator__max_depth': 7}",0.4624933333333333,0.5970026350461133,0.510613703236654,0.5157431551499349,0.5817879833585965,0.5335281620249264,0.04948806898399259,64,0.972970173985087,0.9612072149716818,0.9487816030123724,0.9338571864510223,0.9113913519333354,0.9456415060706999,0.021498608511715367
188.17554035186768,90.69361397489506,63.10856442451477,2.179334381700423,"('interpolate', ('polynomial', 2))",0.95,pca,"('tsfresh', {'default_fc_parameters': {'variance_larger_than_standard_deviation': None, 'value_count': [{'value': -1}, {'value': 1}, {'value': 0}], 'time_reversal_asymmetry_statistic': [{'lag': 3}, {'lag': 2}], 'symmetry_looking': [{'r': 0.9500000000000001}, {'r': 0.9}, {'r': 0.8500000000000001}, {'r': 0.8}]}})",5,200,5,"{'imputation__params': ('interpolate', ('polynomial', 2)), 'feature_selection__threshold': 0.95, 'feature_selection__strategy': 'pca', 'feature_extraction__params': ('tsfresh', {'default_fc_parameters': {'variance_larger_than_standard_deviation': None, 'value_count': [{'value': -1}, {'value': 1}, {'value': 0}], 'time_reversal_asymmetry_statistic': [{'lag': 3}, {'lag': 2}], 'symmetry_looking': [{'r': 0.9500000000000001}, {'r': 0.9}, {'r': 0.8500000000000001}, {'r': 0.8}]}}), 'feature_extraction__n_lags': 5, 'classifier__base_estimator__n_estimators': 200, 'classifier__base_estimator__max_depth': 5}",0.4899521531100478,0.5691326530612244,0.5146132527084908,0.508618438234526,0.5418020652801849,0.5248237124788948,0.02769273093881047,82,0.8986809219661205,0.8676722863058266,0.8205505819736723,0.7864186761683694,0.7523991692493113,0.8251443271326601,0.05296960378141821
203.94537386894226,96.74202148591064,68.39031386375427,1.3166851148618601,"('interpolate', ('spline', 2))",0.95,pca,"('tsfresh', {'default_fc_parameters': {'variance_larger_than_standard_deviation': None, 'value_count': [{'value': -1}, {'value': 1}, {'value': 0}], 'time_reversal_asymmetry_statistic': [{'lag': 3}, {'lag': 2}], 'symmetry_looking': [{'r': 0.9500000000000001}, {'r': 0.9}, {'r': 0.8500000000000001}, {'r': 0.8}]}})",3,100,5,"{'imputation__params': ('interpolate', ('spline', 2)), 'feature_selection__threshold': 0.95, 'feature_selection__strategy': 'pca', 'feature_extraction__params': ('tsfresh', {'default_fc_parameters': {'variance_larger_than_standard_deviation': None, 'value_count': [{'value': -1}, {'value': 1}, {'value': 0}], 'time_reversal_asymmetry_statistic': [{'lag': 3}, {'lag': 2}], 'symmetry_looking': [{'r': 0.9500000000000001}, {'r': 0.9}, {'r': 0.8500000000000001}, {'r': 0.8}]}}), 'feature_extraction__n_lags': 3, 'classifier__base_estimator__n_estimators': 100, 'classifier__base_estimator__max_depth': 5}",0.4614533333333333,0.6036490683229814,0.5040458175704077,0.5387141460234681,0.6092172735188828,0.5434159277538146,0.057004960378459674,56,0.952384240081009,0.9265267175572519,0.8903187197417967,0.8833390357650353,0.842332726779287,0.8989802879848761,0.03778731429368081
162.11700730323793,76.48233290732259,55.646472978591916,3.5857736524759414,"('interpolate', ('polynomial', 2))",0.99,correlation,"('tsfresh', {'default_fc_parameters': {'variance_larger_than_standard_deviation': None, 'value_count': [{'value': -1}, {'value': 1}, {'value': 0}], 'time_reversal_asymmetry_statistic': [{'lag': 3}, {'lag': 2}], 'symmetry_looking': [{'r': 0.9500000000000001}, {'r': 0.9}, {'r': 0.8500000000000001}, {'r': 0.8}]}})",8,300,3,"{'imputation__params': ('interpolate', ('polynomial', 2)), 'feature_selection__threshold': 0.99, 'feature_selection__strategy': 'correlation', 'feature_extraction__params': ('tsfresh', {'default_fc_parameters': {'variance_larger_than_standard_deviation': None, 'value_count': [{'value': -1}, {'value': 1}, {'value': 0}], 'time_reversal_asymmetry_statistic': [{'lag': 3}, {'lag': 2}], 'symmetry_looking': [{'r': 0.9500000000000001}, {'r': 0.9}, {'r': 0.8500000000000001}, {'r': 0.8}]}}), 'feature_extraction__n_lags': 8, 'classifier__base_estimator__n_estimators': 300, 'classifier__base_estimator__max_depth': 3}",0.46248288843258045,0.6397248149340199,0.5953930015825567,0.6316562716562716,0.5661764705882354,0.5790866894387329,0.06398368419166044,40,1.0,1.0,0.9996872486819766,0.9973150724163325,0.9933561496943917,0.9980716941585401,0.0025634187839194272
162.35848636627196,78.55737093137404,55.3213387966156,3.3417840690428267,"('interpolate', ('spline', 2))",0.9,correlation,"('tsfresh', {'default_fc_parameters': {'variance_larger_than_standard_deviation': None, 'value_count': [{'value': -1}, {'value': 1}, {'value': 0}], 'time_reversal_asymmetry_statistic': [{'lag': 3}, {'lag': 2}], 'symmetry_looking': [{'r': 0.9500000000000001}, {'r': 0.9}, {'r': 0.8500000000000001}, {'r': 0.8}]}})",8,100,3,"{'imputation__params': ('interpolate', ('spline', 2)), 'feature_selection__threshold': 0.9, 'feature_selection__strategy': 'correlation', 'feature_extraction__params': ('tsfresh', {'default_fc_parameters': {'variance_larger_than_standard_deviation': None, 'value_count': [{'value': -1}, {'value': 1}, {'value': 0}], 'time_reversal_asymmetry_statistic': [{'lag': 3}, {'lag': 2}], 'symmetry_looking': [{'r': 0.9500000000000001}, {'r': 0.9}, {'r': 0.8500000000000001}, {'r': 0.8}]}}), 'feature_extraction__n_lags': 8, 'classifier__base_estimator__n_estimators': 100, 'classifier__base_estimator__max_depth': 3}",0.508384668035592,0.6187439652397811,0.6322753648672411,0.6547470547470549,0.5743649732620321,0.5977032052303402,0.051796568862109024,16,0.9966588966588966,0.9768834748768673,0.9579483513537664,0.9413138757057524,0.9201084819673303,0.9585826161125226,0.026696798523424273
159.24986958503723,75.14326815063689,53.69087471961975,1.223400236515377,"('interpolate', ('spline', 2))",0.9,pca,"('tsfresh', {'default_fc_parameters': {'variance_larger_than_standard_deviation': None, 'value_count': [{'value': -1}, {'value': 1}, {'value': 0}], 'time_reversal_asymmetry_statistic': [{'lag': 3}, {'lag': 2}], 'symmetry_looking': [{'r': 0.9500000000000001}, {'r': 0.9}, {'r': 0.8500000000000001}, {'r': 0.8}]}})",8,100,5,"{'imputation__params': ('interpolate', ('spline', 2)), 'feature_selection__threshold': 0.9, 'feature_selection__strategy': 'pca', 'feature_extraction__params': ('tsfresh', {'default_fc_parameters': {'variance_larger_than_standard_deviation': None, 'value_count': [{'value': -1}, {'value': 1}, {'value': 0}], 'time_reversal_asymmetry_statistic': [{'lag': 3}, {'lag': 2}], 'symmetry_looking': [{'r': 0.9500000000000001}, {'r': 0.9}, {'r': 0.8500000000000001}, {'r': 0.8}]}}), 'feature_extraction__n_lags': 8, 'classifier__base_estimator__n_estimators': 100, 'classifier__base_estimator__max_depth': 5}",0.4945029089664613,0.5417605407145156,0.4461051521012836,0.527179487179487,0.559948752228164,0.5138993682379823,0.04011341578725014,86,0.8767676767676768,0.8246549242961672,0.7989969618443393,0.7614198919891989,0.7387184115523466,0.8001115732899458,0.048468429204370625
