mean_fit_time,std_fit_time,mean_score_time,std_score_time,param_classifier__base_estimator__max_depth,param_classifier__base_estimator__n_estimators,param_feature_extraction__n_lags,param_feature_extraction__params,param_feature_selection__strategy,param_feature_selection__threshold,param_imputation__params,params,split0_test_score,split1_test_score,split2_test_score,split3_test_score,split4_test_score,mean_test_score,std_test_score,rank_test_score,split0_train_score,split1_train_score,split2_train_score,split3_train_score,split4_train_score,mean_train_score,std_train_score
3.6974278926849364,1.6168958697797031,0.7045211315155029,0.07610687816139597,3,25,3,"('pycatch22', {})",correlation,0.85,"('interpolate', 'linear')","{'classifier__base_estimator__max_depth': 3, 'classifier__base_estimator__n_estimators': 25, 'feature_extraction__n_lags': 3, 'feature_extraction__params': ('pycatch22', {}), 'feature_selection__strategy': 'correlation', 'feature_selection__threshold': 0.85, 'imputation__params': ('interpolate', 'linear')}",0.5318666666666667,0.710650762281197,0.7138240857503153,0.7045306388526726,0.6947221595123683,0.671118862612644,0.06993017040801483,21,0.9453650004602779,0.8961524255109579,0.8754599246906939,0.8648993751984292,0.8385799516832988,0.8840913355087314,0.03581633861690496
3.3436616897583007,1.476980848159103,0.7393909931182862,0.0349282360491171,3,25,3,"('pycatch22', {})",correlation,0.85,"('interpolate', ('polynomial', 2))","{'classifier__base_estimator__max_depth': 3, 'classifier__base_estimator__n_estimators': 25, 'feature_extraction__n_lags': 3, 'feature_extraction__params': ('pycatch22', {}), 'feature_selection__strategy': 'correlation', 'feature_selection__threshold': 0.85, 'imputation__params': ('interpolate', ('polynomial', 2))}",0.5318666666666667,0.710650762281197,0.7138240857503153,0.7045306388526726,0.6947221595123683,0.671118862612644,0.06993017040801483,21,0.9453650004602779,0.8961524255109579,0.8754599246906939,0.8648993751984292,0.8385799516832988,0.8840913355087314,0.03581633861690496
3.32561936378479,1.4981203679818436,0.6787785530090332,0.06804183860431436,3,25,3,"('pycatch22', {})",correlation,0.85,"('interpolate', ('spline', 2))","{'classifier__base_estimator__max_depth': 3, 'classifier__base_estimator__n_estimators': 25, 'feature_extraction__n_lags': 3, 'feature_extraction__params': ('pycatch22', {}), 'feature_selection__strategy': 'correlation', 'feature_selection__threshold': 0.85, 'imputation__params': ('interpolate', ('spline', 2))}",0.5318666666666667,0.710650762281197,0.7138240857503153,0.7045306388526726,0.6947221595123683,0.671118862612644,0.06993017040801483,21,0.9453650004602779,0.8961524255109579,0.8754599246906939,0.8648993751984292,0.8385799516832988,0.8840913355087314,0.03581633861690496
3.3130923748016357,1.6206363470177108,0.74635910987854,0.04311217759016809,3,25,3,"('pycatch22', {})",correlation,0.85,"('ffill', None)","{'classifier__base_estimator__max_depth': 3, 'classifier__base_estimator__n_estimators': 25, 'feature_extraction__n_lags': 3, 'feature_extraction__params': ('pycatch22', {}), 'feature_selection__strategy': 'correlation', 'feature_selection__threshold': 0.85, 'imputation__params': ('ffill', None)}",0.5318666666666667,0.710650762281197,0.7138240857503153,0.7045306388526726,0.6947221595123683,0.671118862612644,0.06993017040801483,21,0.9453650004602779,0.8961524255109579,0.8754599246906939,0.8648993751984292,0.8385799516832988,0.8840913355087314,0.03581633861690496
3.363098382949829,1.488846551529775,0.7187833309173584,0.03736946755391799,3,25,3,"('pycatch22', {})",correlation,0.9,"('interpolate', 'linear')","{'classifier__base_estimator__max_depth': 3, 'classifier__base_estimator__n_estimators': 25, 'feature_extraction__n_lags': 3, 'feature_extraction__params': ('pycatch22', {}), 'feature_selection__strategy': 'correlation', 'feature_selection__threshold': 0.9, 'imputation__params': ('interpolate', 'linear')}",0.5453466666666666,0.6944522868435912,0.7125236443883984,0.7029742503259452,0.6988502596187958,0.6708294215686795,0.06302511743582935,29,0.9461359661235385,0.899236641221374,0.8771288327057557,0.8660938034602972,0.8425747551909311,0.8862339997403794,0.035076988096498736
3.382990312576294,1.5077136823722432,0.7141320705413818,0.05358881312218188,3,25,3,"('pycatch22', {})",correlation,0.9,"('interpolate', ('polynomial', 2))","{'classifier__base_estimator__max_depth': 3, 'classifier__base_estimator__n_estimators': 25, 'feature_extraction__n_lags': 3, 'feature_extraction__params': ('pycatch22', {}), 'feature_selection__strategy': 'correlation', 'feature_selection__threshold': 0.9, 'imputation__params': ('interpolate', ('polynomial', 2))}",0.5453466666666666,0.6944522868435912,0.7125236443883984,0.7029742503259452,0.6988502596187958,0.6708294215686795,0.06302511743582935,29,0.9461359661235385,0.899236641221374,0.8771288327057557,0.8660938034602972,0.8425747551909311,0.8862339997403794,0.035076988096498736
3.348812770843506,1.47194814598025,0.7347368240356446,0.03892848159168471,3,25,3,"('pycatch22', {})",correlation,0.9,"('interpolate', ('spline', 2))","{'classifier__base_estimator__max_depth': 3, 'classifier__base_estimator__n_estimators': 25, 'feature_extraction__n_lags': 3, 'feature_extraction__params': ('pycatch22', {}), 'feature_selection__strategy': 'correlation', 'feature_selection__threshold': 0.9, 'imputation__params': ('interpolate', ('spline', 2))}",0.5453466666666666,0.6944522868435912,0.7125236443883984,0.7029742503259452,0.6988502596187958,0.6708294215686795,0.06302511743582935,29,0.9461359661235385,0.899236641221374,0.8771288327057557,0.8660938034602972,0.8425747551909311,0.8862339997403794,0.035076988096498736
3.464753770828247,1.6571394815068534,0.7300587654113769,0.0498612155119104,3,25,3,"('pycatch22', {})",correlation,0.9,"('ffill', None)","{'classifier__base_estimator__max_depth': 3, 'classifier__base_estimator__n_estimators': 25, 'feature_extraction__n_lags': 3, 'feature_extraction__params': ('pycatch22', {}), 'feature_selection__strategy': 'correlation', 'feature_selection__threshold': 0.9, 'imputation__params': ('ffill', None)}",0.5453466666666666,0.6944522868435912,0.7125236443883984,0.7029742503259452,0.6988502596187958,0.6708294215686795,0.06302511743582935,29,0.9461359661235385,0.899236641221374,0.8771288327057557,0.8660938034602972,0.8425747551909311,0.8862339997403794,0.035076988096498736
3.3988052368164063,1.5473449096348466,0.705244779586792,0.03371591203301474,3,25,3,"('pycatch22', {})",correlation,0.95,"('interpolate', 'linear')","{'classifier__base_estimator__max_depth': 3, 'classifier__base_estimator__n_estimators': 25, 'feature_extraction__n_lags': 3, 'feature_extraction__params': ('pycatch22', {}), 'feature_selection__strategy': 'correlation', 'feature_selection__threshold': 0.95, 'imputation__params': ('interpolate', 'linear')}",0.5412533333333335,0.6603378505552417,0.7145334174022698,0.6977265319426337,0.6927306737188376,0.6613163613904633,0.06254710669402434,125,0.9464811746294761,0.895429081507018,0.8836619150080689,0.8676380836130608,0.8389363207232379,0.8864293150961723,0.03550654876854279
3.418137264251709,1.5861404338681901,0.6924710750579834,0.02005436643477726,3,25,3,"('pycatch22', {})",correlation,0.95,"('interpolate', ('polynomial', 2))","{'classifier__base_estimator__max_depth': 3, 'classifier__base_estimator__n_estimators': 25, 'feature_extraction__n_lags': 3, 'feature_extraction__params': ('pycatch22', {}), 'feature_selection__strategy': 'correlation', 'feature_selection__threshold': 0.95, 'imputation__params': ('interpolate', ('polynomial', 2))}",0.5412533333333335,0.6603378505552417,0.7145334174022698,0.6977265319426337,0.6927306737188376,0.6613163613904633,0.06254710669402434,125,0.9464811746294761,0.895429081507018,0.8836619150080689,0.8676380836130608,0.8389363207232379,0.8864293150961723,0.03550654876854279
3.3524291038513185,1.5307542814608595,0.6949970245361328,0.0483859571835691,3,25,3,"('pycatch22', {})",correlation,0.95,"('interpolate', ('spline', 2))","{'classifier__base_estimator__max_depth': 3, 'classifier__base_estimator__n_estimators': 25, 'feature_extraction__n_lags': 3, 'feature_extraction__params': ('pycatch22', {}), 'feature_selection__strategy': 'correlation', 'feature_selection__threshold': 0.95, 'imputation__params': ('interpolate', ('spline', 2))}",0.5412533333333335,0.6603378505552417,0.7145334174022698,0.6977265319426337,0.6927306737188376,0.6613163613904633,0.06254710669402434,125,0.9464811746294761,0.895429081507018,0.8836619150080689,0.8676380836130608,0.8389363207232379,0.8864293150961723,0.03550654876854279
3.4630688190460206,1.5834423792360663,0.6989376544952393,0.05145968999802635,3,25,3,"('pycatch22', {})",correlation,0.95,"('ffill', None)","{'classifier__base_estimator__max_depth': 3, 'classifier__base_estimator__n_estimators': 25, 'feature_extraction__n_lags': 3, 'feature_extraction__params': ('pycatch22', {}), 'feature_selection__strategy': 'correlation', 'feature_selection__threshold': 0.95, 'imputation__params': ('ffill', None)}",0.5412533333333335,0.6603378505552417,0.7145334174022698,0.6977265319426337,0.6927306737188376,0.6613163613904633,0.06254710669402434,125,0.9464811746294761,0.895429081507018,0.8836619150080689,0.8676380836130608,0.8389363207232379,0.8864293150961723,0.03550654876854279
2.3477713108062743,1.0562191658927922,0.7182669639587402,0.04184655266258039,3,25,3,"('pycatch22', {})",pca,0.85,"('interpolate', 'linear')","{'classifier__base_estimator__max_depth': 3, 'classifier__base_estimator__n_estimators': 25, 'feature_extraction__n_lags': 3, 'feature_extraction__params': ('pycatch22', {}), 'feature_selection__strategy': 'pca', 'feature_selection__threshold': 0.85, 'imputation__params': ('interpolate', 'linear')}",0.5201866666666667,0.5701933935629587,0.5173654897015553,0.560055410691004,0.6202389782952236,0.5576079877834816,0.037701027084168136,493,0.8436435607106693,0.767360256094558,0.7263259817105971,0.7033741442499453,0.68750394853337,0.745641578259828,0.05588506378134853
2.377493476867676,1.0276017911389397,0.7277070999145507,0.02818147936901903,3,25,3,"('pycatch22', {})",pca,0.85,"('interpolate', ('polynomial', 2))","{'classifier__base_estimator__max_depth': 3, 'classifier__base_estimator__n_estimators': 25, 'feature_extraction__n_lags': 3, 'feature_extraction__params': ('pycatch22', {}), 'feature_selection__strategy': 'pca', 'feature_selection__threshold': 0.85, 'imputation__params': ('interpolate', ('polynomial', 2))}",0.5201866666666667,0.5701933935629587,0.5173654897015553,0.560055410691004,0.6202389782952236,0.5576079877834816,0.037701027084168136,493,0.8436435607106693,0.767360256094558,0.7263259817105971,0.7033741442499453,0.68750394853337,0.745641578259828,0.05588506378134853
2.2925004959106445,0.9691721447571624,0.723723030090332,0.07003550181815192,3,25,3,"('pycatch22', {})",pca,0.85,"('interpolate', ('spline', 2))","{'classifier__base_estimator__max_depth': 3, 'classifier__base_estimator__n_estimators': 25, 'feature_extraction__n_lags': 3, 'feature_extraction__params': ('pycatch22', {}), 'feature_selection__strategy': 'pca', 'feature_selection__threshold': 0.85, 'imputation__params': ('interpolate', ('spline', 2))}",0.5201866666666667,0.5701933935629587,0.5173654897015553,0.560055410691004,0.6202389782952236,0.5576079877834816,0.037701027084168136,493,0.8436435607106693,0.767360256094558,0.7263259817105971,0.7033741442499453,0.68750394853337,0.745641578259828,0.05588506378134853
2.4252431392669678,1.0451372581294942,0.7213165283203125,0.04036903180057711,3,25,3,"('pycatch22', {})",pca,0.85,"('ffill', None)","{'classifier__base_estimator__max_depth': 3, 'classifier__base_estimator__n_estimators': 25, 'feature_extraction__n_lags': 3, 'feature_extraction__params': ('pycatch22', {}), 'feature_selection__strategy': 'pca', 'feature_selection__threshold': 0.85, 'imputation__params': ('ffill', None)}",0.5201866666666667,0.5701933935629587,0.5173654897015553,0.560055410691004,0.6202389782952236,0.5576079877834816,0.037701027084168136,493,0.8436435607106693,0.767360256094558,0.7263259817105971,0.7033741442499453,0.68750394853337,0.745641578259828,0.05588506378134853
2.373904991149902,1.0323652269217687,0.7314324855804444,0.033153680709825176,3,25,3,"('pycatch22', {})",pca,0.9,"('interpolate', 'linear')","{'classifier__base_estimator__max_depth': 3, 'classifier__base_estimator__n_estimators': 25, 'feature_extraction__n_lags': 3, 'feature_extraction__params': ('pycatch22', {}), 'feature_selection__strategy': 'pca', 'feature_selection__threshold': 0.9, 'imputation__params': ('interpolate', 'linear')}",0.5201866666666667,0.5701933935629587,0.5173654897015553,0.560055410691004,0.6202389782952236,0.5576079877834816,0.037701027084168136,493,0.8436435607106693,0.767360256094558,0.7263259817105971,0.7033741442499453,0.68750394853337,0.745641578259828,0.05588506378134853
2.387827014923096,1.0228965923572655,0.7118161201477051,0.05563194870412204,3,25,3,"('pycatch22', {})",pca,0.9,"('interpolate', ('polynomial', 2))","{'classifier__base_estimator__max_depth': 3, 'classifier__base_estimator__n_estimators': 25, 'feature_extraction__n_lags': 3, 'feature_extraction__params': ('pycatch22', {}), 'feature_selection__strategy': 'pca', 'feature_selection__threshold': 0.9, 'imputation__params': ('interpolate', ('polynomial', 2))}",0.5201866666666667,0.5701933935629587,0.5173654897015553,0.560055410691004,0.6202389782952236,0.5576079877834816,0.037701027084168136,493,0.8436435607106693,0.767360256094558,0.7263259817105971,0.7033741442499453,0.68750394853337,0.745641578259828,0.05588506378134853
2.389661121368408,1.0462185882338662,0.7299568176269531,0.03979057737839942,3,25,3,"('pycatch22', {})",pca,0.9,"('interpolate', ('spline', 2))","{'classifier__base_estimator__max_depth': 3, 'classifier__base_estimator__n_estimators': 25, 'feature_extraction__n_lags': 3, 'feature_extraction__params': ('pycatch22', {}), 'feature_selection__strategy': 'pca', 'feature_selection__threshold': 0.9, 'imputation__params': ('interpolate', ('spline', 2))}",0.5201866666666667,0.5701933935629587,0.5173654897015553,0.560055410691004,0.6202389782952236,0.5576079877834816,0.037701027084168136,493,0.8436435607106693,0.767360256094558,0.7263259817105971,0.7033741442499453,0.68750394853337,0.745641578259828,0.05588506378134853
2.358283042907715,1.0494419069969319,0.7405909538269043,0.049012391916440724,3,25,3,"('pycatch22', {})",pca,0.9,"('ffill', None)","{'classifier__base_estimator__max_depth': 3, 'classifier__base_estimator__n_estimators': 25, 'feature_extraction__n_lags': 3, 'feature_extraction__params': ('pycatch22', {}), 'feature_selection__strategy': 'pca', 'feature_selection__threshold': 0.9, 'imputation__params': ('ffill', None)}",0.5201866666666667,0.5701933935629587,0.5173654897015553,0.560055410691004,0.6202389782952236,0.5576079877834816,0.037701027084168136,493,0.8436435607106693,0.767360256094558,0.7263259817105971,0.7033741442499453,0.68750394853337,0.745641578259828,0.05588506378134853
2.411683464050293,1.0952765250072327,0.7661873817443847,0.05346794136450985,3,25,3,"('pycatch22', {})",pca,0.95,"('interpolate', 'linear')","{'classifier__base_estimator__max_depth': 3, 'classifier__base_estimator__n_estimators': 25, 'feature_extraction__n_lags': 3, 'feature_extraction__params': ('pycatch22', {}), 'feature_selection__strategy': 'pca', 'feature_selection__threshold': 0.95, 'imputation__params': ('interpolate', 'linear')}",0.5201866666666667,0.5701933935629587,0.5173654897015553,0.560055410691004,0.6202389782952236,0.5576079877834816,0.037701027084168136,493,0.8436435607106693,0.767360256094558,0.7263259817105971,0.7033741442499453,0.68750394853337,0.745641578259828,0.05588506378134853
2.4412315845489503,0.9990176650049711,0.7523002624511719,0.03220624329027413,3,25,3,"('pycatch22', {})",pca,0.95,"('interpolate', ('polynomial', 2))","{'classifier__base_estimator__max_depth': 3, 'classifier__base_estimator__n_estimators': 25, 'feature_extraction__n_lags': 3, 'feature_extraction__params': ('pycatch22', {}), 'feature_selection__strategy': 'pca', 'feature_selection__threshold': 0.95, 'imputation__params': ('interpolate', ('polynomial', 2))}",0.5201866666666667,0.5701933935629587,0.5173654897015553,0.560055410691004,0.6202389782952236,0.5576079877834816,0.037701027084168136,493,0.8436435607106693,0.767360256094558,0.7263259817105971,0.7033741442499453,0.68750394853337,0.745641578259828,0.05588506378134853
2.314892816543579,1.0275370890044346,0.7424396991729736,0.04170200455269695,3,25,3,"('pycatch22', {})",pca,0.95,"('interpolate', ('spline', 2))","{'classifier__base_estimator__max_depth': 3, 'classifier__base_estimator__n_estimators': 25, 'feature_extraction__n_lags': 3, 'feature_extraction__params': ('pycatch22', {}), 'feature_selection__strategy': 'pca', 'feature_selection__threshold': 0.95, 'imputation__params': ('interpolate', ('spline', 2))}",0.5201866666666667,0.5701933935629587,0.5173654897015553,0.560055410691004,0.6202389782952236,0.5576079877834816,0.037701027084168136,493,0.8436435607106693,0.767360256094558,0.7263259817105971,0.7033741442499453,0.68750394853337,0.745641578259828,0.05588506378134853
2.309336805343628,0.9866004106798473,0.7220210075378418,0.06353395408163126,3,25,3,"('pycatch22', {})",pca,0.95,"('ffill', None)","{'classifier__base_estimator__max_depth': 3, 'classifier__base_estimator__n_estimators': 25, 'feature_extraction__n_lags': 3, 'feature_extraction__params': ('pycatch22', {}), 'feature_selection__strategy': 'pca', 'feature_selection__threshold': 0.95, 'imputation__params': ('ffill', None)}",0.5201866666666667,0.5701933935629587,0.5173654897015553,0.560055410691004,0.6202389782952236,0.5576079877834816,0.037701027084168136,493,0.8436435607106693,0.767360256094558,0.7263259817105971,0.7033741442499453,0.68750394853337,0.745641578259828,0.05588506378134853
3.680688238143921,1.6064231138584963,0.8097814559936524,0.03164882372936482,3,25,5,"('pycatch22', {})",correlation,0.85,"('interpolate', 'linear')","{'classifier__base_estimator__max_depth': 3, 'classifier__base_estimator__n_estimators': 25, 'feature_extraction__n_lags': 5, 'feature_extraction__params': ('pycatch22', {}), 'feature_selection__strategy': 'correlation', 'feature_selection__threshold': 0.85, 'imputation__params': ('interpolate', 'linear')}",0.552695374800638,0.6792800453514739,0.6488725119677501,0.7131406071077003,0.6908488590410167,0.6569674796537159,0.056106005128671664,157,0.9549986114968064,0.9327676722863059,0.8941628234443024,0.880053631887872,0.8594261148415978,0.9042817707913768,0.03488572830239912
3.6324368000030516,1.6391562979560923,0.8196632385253906,0.06394186874870804,3,25,5,"('pycatch22', {})",correlation,0.85,"('interpolate', ('polynomial', 2))","{'classifier__base_estimator__max_depth': 3, 'classifier__base_estimator__n_estimators': 25, 'feature_extraction__n_lags': 5, 'feature_extraction__params': ('pycatch22', {}), 'feature_selection__strategy': 'correlation', 'feature_selection__threshold': 0.85, 'imputation__params': ('interpolate', ('polynomial', 2))}",0.552695374800638,0.6792800453514739,0.6488725119677501,0.7131406071077003,0.6908488590410167,0.6569674796537159,0.056106005128671664,157,0.9549986114968064,0.9327676722863059,0.8941628234443024,0.880053631887872,0.8594261148415978,0.9042817707913768,0.03488572830239912
3.5486379623413087,1.6179819541615217,0.8342564582824707,0.06920936807164622,3,25,5,"('pycatch22', {})",correlation,0.85,"('interpolate', ('spline', 2))","{'classifier__base_estimator__max_depth': 3, 'classifier__base_estimator__n_estimators': 25, 'feature_extraction__n_lags': 5, 'feature_extraction__params': ('pycatch22', {}), 'feature_selection__strategy': 'correlation', 'feature_selection__threshold': 0.85, 'imputation__params': ('interpolate', ('spline', 2))}",0.552695374800638,0.6792800453514739,0.6488725119677501,0.7131406071077003,0.6908488590410167,0.6569674796537159,0.056106005128671664,157,0.9549986114968064,0.9327676722863059,0.8941628234443024,0.880053631887872,0.8594261148415978,0.9042817707913768,0.03488572830239912
3.6167428493499756,1.6793296999484049,0.833118486404419,0.0791512416785919,3,25,5,"('pycatch22', {})",correlation,0.85,"('ffill', None)","{'classifier__base_estimator__max_depth': 3, 'classifier__base_estimator__n_estimators': 25, 'feature_extraction__n_lags': 5, 'feature_extraction__params': ('pycatch22', {}), 'feature_selection__strategy': 'correlation', 'feature_selection__threshold': 0.85, 'imputation__params': ('ffill', None)}",0.552695374800638,0.6792800453514739,0.6488725119677501,0.7131406071077003,0.6908488590410167,0.6569674796537159,0.056106005128671664,157,0.9549986114968064,0.9327676722863059,0.8941628234443024,0.880053631887872,0.8594261148415978,0.9042817707913768,0.03488572830239912
3.607407569885254,1.644780437357846,0.8535916328430175,0.07998317623273901,3,25,5,"('pycatch22', {})",correlation,0.9,"('interpolate', 'linear')","{'classifier__base_estimator__max_depth': 3, 'classifier__base_estimator__n_estimators': 25, 'feature_extraction__n_lags': 5, 'feature_extraction__params': ('pycatch22', {}), 'feature_selection__strategy': 'correlation', 'feature_selection__threshold': 0.9, 'imputation__params': ('interpolate', 'linear')}",0.5526634768740032,0.6792800453514739,0.6420855379188712,0.6982240793940977,0.6907224870017331,0.6525951253080359,0.053562240252379704,181,0.9550263815606775,0.9327676722863059,0.9014132723585112,0.883768314679835,0.8597134340564738,0.9065378149883607,0.0339893519597774
3.627775192260742,1.665951346835337,0.8531175136566163,0.09034795048052432,3,25,5,"('pycatch22', {})",correlation,0.9,"('interpolate', ('polynomial', 2))","{'classifier__base_estimator__max_depth': 3, 'classifier__base_estimator__n_estimators': 25, 'feature_extraction__n_lags': 5, 'feature_extraction__params': ('pycatch22', {}), 'feature_selection__strategy': 'correlation', 'feature_selection__threshold': 0.9, 'imputation__params': ('interpolate', ('polynomial', 2))}",0.5526634768740032,0.6792800453514739,0.6420855379188712,0.6982240793940977,0.6907224870017331,0.6525951253080359,0.053562240252379704,181,0.9550263815606775,0.9327676722863059,0.9014132723585112,0.883768314679835,0.8597134340564738,0.9065378149883607,0.0339893519597774
3.6032032489776613,1.6584969203650417,0.834388017654419,0.050280064918087744,3,25,5,"('pycatch22', {})",correlation,0.9,"('interpolate', ('spline', 2))","{'classifier__base_estimator__max_depth': 3, 'classifier__base_estimator__n_estimators': 25, 'feature_extraction__n_lags': 5, 'feature_extraction__params': ('pycatch22', {}), 'feature_selection__strategy': 'correlation', 'feature_selection__threshold': 0.9, 'imputation__params': ('interpolate', ('spline', 2))}",0.5526634768740032,0.6792800453514739,0.6420855379188712,0.6982240793940977,0.6907224870017331,0.6525951253080359,0.053562240252379704,181,0.9550263815606775,0.9327676722863059,0.9014132723585112,0.883768314679835,0.8597134340564738,0.9065378149883607,0.0339893519597774
3.633739948272705,1.6766936205488934,0.8278380393981933,0.06596602731594485,3,25,5,"('pycatch22', {})",correlation,0.9,"('ffill', None)","{'classifier__base_estimator__max_depth': 3, 'classifier__base_estimator__n_estimators': 25, 'feature_extraction__n_lags': 5, 'feature_extraction__params': ('pycatch22', {}), 'feature_selection__strategy': 'correlation', 'feature_selection__threshold': 0.9, 'imputation__params': ('ffill', None)}",0.5526634768740032,0.6792800453514739,0.6420855379188712,0.6982240793940977,0.6907224870017331,0.6525951253080359,0.053562240252379704,181,0.9550263815606775,0.9327676722863059,0.9014132723585112,0.883768314679835,0.8597134340564738,0.9065378149883607,0.0339893519597774
3.6913168907165526,1.7043945116209267,0.8809926033020019,0.08973563204510561,3,25,5,"('pycatch22', {})",correlation,0.95,"('interpolate', 'linear')","{'classifier__base_estimator__max_depth': 3, 'classifier__base_estimator__n_estimators': 25, 'feature_extraction__n_lags': 5, 'feature_extraction__params': ('pycatch22', {}), 'feature_selection__strategy': 'correlation', 'feature_selection__threshold': 0.95, 'imputation__params': ('interpolate', 'linear')}",0.5276555023923445,0.6853741496598639,0.620527840765936,0.7050444984631455,0.6992706528018486,0.6475745288166277,0.06710617589345826,209,0.9488475423493474,0.92298876072168,0.8962878993398702,0.8827869731064358,0.8672461475550964,0.903631464614486,0.029091272481590224
3.6445369720458984,1.6555153831129574,0.8324593067169189,0.05615874458361312,3,25,5,"('pycatch22', {})",correlation,0.95,"('interpolate', ('polynomial', 2))","{'classifier__base_estimator__max_depth': 3, 'classifier__base_estimator__n_estimators': 25, 'feature_extraction__n_lags': 5, 'feature_extraction__params': ('pycatch22', {}), 'feature_selection__strategy': 'correlation', 'feature_selection__threshold': 0.95, 'imputation__params': ('interpolate', ('polynomial', 2))}",0.5276555023923445,0.6853741496598639,0.620527840765936,0.7050444984631455,0.6992706528018486,0.6475745288166277,0.06710617589345826,209,0.9488475423493474,0.92298876072168,0.8962878993398702,0.8827869731064358,0.8672461475550964,0.903631464614486,0.029091272481590224
3.617824077606201,1.7700694683519693,0.8182910919189453,0.04891220174895198,3,25,5,"('pycatch22', {})",correlation,0.95,"('interpolate', ('spline', 2))","{'classifier__base_estimator__max_depth': 3, 'classifier__base_estimator__n_estimators': 25, 'feature_extraction__n_lags': 5, 'feature_extraction__params': ('pycatch22', {}), 'feature_selection__strategy': 'correlation', 'feature_selection__threshold': 0.95, 'imputation__params': ('interpolate', ('spline', 2))}",0.5276555023923445,0.6853741496598639,0.620527840765936,0.7050444984631455,0.6992706528018486,0.6475745288166277,0.06710617589345826,209,0.9488475423493474,0.92298876072168,0.8962878993398702,0.8827869731064358,0.8672461475550964,0.903631464614486,0.029091272481590224
3.6557255744934083,1.664678834641208,0.8128235816955567,0.0487224969598255,3,25,5,"('pycatch22', {})",correlation,0.95,"('ffill', None)","{'classifier__base_estimator__max_depth': 3, 'classifier__base_estimator__n_estimators': 25, 'feature_extraction__n_lags': 5, 'feature_extraction__params': ('pycatch22', {}), 'feature_selection__strategy': 'correlation', 'feature_selection__threshold': 0.95, 'imputation__params': ('ffill', None)}",0.5276555023923445,0.6853741496598639,0.620527840765936,0.7050444984631455,0.6992706528018486,0.6475745288166277,0.06710617589345826,209,0.9488475423493474,0.92298876072168,0.8962878993398702,0.8827869731064358,0.8672461475550964,0.903631464614486,0.029091272481590224
2.7806984901428224,1.3335474682919988,0.8915325164794922,0.07497720303088394,3,25,5,"('pycatch22', {})",pca,0.85,"('interpolate', 'linear')","{'classifier__base_estimator__max_depth': 3, 'classifier__base_estimator__n_estimators': 25, 'feature_extraction__n_lags': 5, 'feature_extraction__params': ('pycatch22', {}), 'feature_selection__strategy': 'pca', 'feature_selection__threshold': 0.85, 'imputation__params': ('interpolate', 'linear')}",0.5329346092503988,0.5808673469387755,0.5267069790879314,0.5624987444000241,0.6455354563835933,0.5697086272121445,0.04272628604675939,325,0.8314495973340739,0.7846495119787045,0.763207443578912,0.7086690716619601,0.6947588455578513,0.7565468940223005,0.050109048737378065
2.9014433860778808,1.3591737892156988,0.887869119644165,0.09015207123160962,3,25,5,"('pycatch22', {})",pca,0.85,"('interpolate', ('polynomial', 2))","{'classifier__base_estimator__max_depth': 3, 'classifier__base_estimator__n_estimators': 25, 'feature_extraction__n_lags': 5, 'feature_extraction__params': ('pycatch22', {}), 'feature_selection__strategy': 'pca', 'feature_selection__threshold': 0.85, 'imputation__params': ('interpolate', ('polynomial', 2))}",0.5329346092503988,0.5808673469387755,0.5267069790879314,0.5624987444000241,0.6455354563835933,0.5697086272121445,0.04272628604675939,325,0.8314495973340739,0.7846495119787045,0.763207443578912,0.7086690716619601,0.6947588455578513,0.7565468940223005,0.050109048737378065
3.055047702789307,1.510162272525752,0.9956920623779297,0.07072940263801696,3,25,5,"('pycatch22', {})",pca,0.85,"('interpolate', ('spline', 2))","{'classifier__base_estimator__max_depth': 3, 'classifier__base_estimator__n_estimators': 25, 'feature_extraction__n_lags': 5, 'feature_extraction__params': ('pycatch22', {}), 'feature_selection__strategy': 'pca', 'feature_selection__threshold': 0.85, 'imputation__params': ('interpolate', ('spline', 2))}",0.5329346092503988,0.5808673469387755,0.5267069790879314,0.5624987444000241,0.6455354563835933,0.5697086272121445,0.04272628604675939,325,0.8314495973340739,0.7846495119787045,0.763207443578912,0.7086690716619601,0.6947588455578513,0.7565468940223005,0.050109048737378065
2.967793273925781,1.2666005961192368,0.9372251033782959,0.09263975220938482,3,25,5,"('pycatch22', {})",pca,0.85,"('ffill', None)","{'classifier__base_estimator__max_depth': 3, 'classifier__base_estimator__n_estimators': 25, 'feature_extraction__n_lags': 5, 'feature_extraction__params': ('pycatch22', {}), 'feature_selection__strategy': 'pca', 'feature_selection__threshold': 0.85, 'imputation__params': ('ffill', None)}",0.5329346092503988,0.5808673469387755,0.5267069790879314,0.5624987444000241,0.6455354563835933,0.5697086272121445,0.04272628604675939,325,0.8314495973340739,0.7846495119787045,0.763207443578912,0.7086690716619601,0.6947588455578513,0.7565468940223005,0.050109048737378065
2.69773268699646,1.1294384412382303,0.8692447662353515,0.05743978951975863,3,25,5,"('pycatch22', {})",pca,0.9,"('interpolate', 'linear')","{'classifier__base_estimator__max_depth': 3, 'classifier__base_estimator__n_estimators': 25, 'feature_extraction__n_lags': 5, 'feature_extraction__params': ('pycatch22', {}), 'feature_selection__strategy': 'pca', 'feature_selection__threshold': 0.9, 'imputation__params': ('interpolate', 'linear')}",0.5329346092503988,0.5808673469387755,0.5267069790879314,0.5624987444000241,0.6455354563835933,0.5697086272121445,0.04272628604675939,325,0.8314495973340739,0.7846495119787045,0.763207443578912,0.7086690716619601,0.6947588455578513,0.7565468940223005,0.050109048737378065
2.8569463729858398,1.4155939369037707,0.9526163101196289,0.07859163664252942,3,25,5,"('pycatch22', {})",pca,0.9,"('interpolate', ('polynomial', 2))","{'classifier__base_estimator__max_depth': 3, 'classifier__base_estimator__n_estimators': 25, 'feature_extraction__n_lags': 5, 'feature_extraction__params': ('pycatch22', {}), 'feature_selection__strategy': 'pca', 'feature_selection__threshold': 0.9, 'imputation__params': ('interpolate', ('polynomial', 2))}",0.5329346092503988,0.5808673469387755,0.5267069790879314,0.5624987444000241,0.6455354563835933,0.5697086272121445,0.04272628604675939,325,0.8314495973340739,0.7846495119787045,0.763207443578912,0.7086690716619601,0.6947588455578513,0.7565468940223005,0.050109048737378065
2.5832881927490234,1.139423433301445,0.8261730194091796,0.07859495583607064,3,25,5,"('pycatch22', {})",pca,0.9,"('interpolate', ('spline', 2))","{'classifier__base_estimator__max_depth': 3, 'classifier__base_estimator__n_estimators': 25, 'feature_extraction__n_lags': 5, 'feature_extraction__params': ('pycatch22', {}), 'feature_selection__strategy': 'pca', 'feature_selection__threshold': 0.9, 'imputation__params': ('interpolate', ('spline', 2))}",0.5329346092503988,0.5808673469387755,0.5267069790879314,0.5624987444000241,0.6455354563835933,0.5697086272121445,0.04272628604675939,325,0.8314495973340739,0.7846495119787045,0.763207443578912,0.7086690716619601,0.6947588455578513,0.7565468940223005,0.050109048737378065
2.710443544387817,1.1933850311246608,0.8199466228485107,0.042087695575947354,3,25,5,"('pycatch22', {})",pca,0.9,"('ffill', None)","{'classifier__base_estimator__max_depth': 3, 'classifier__base_estimator__n_estimators': 25, 'feature_extraction__n_lags': 5, 'feature_extraction__params': ('pycatch22', {}), 'feature_selection__strategy': 'pca', 'feature_selection__threshold': 0.9, 'imputation__params': ('ffill', None)}",0.5329346092503988,0.5808673469387755,0.5267069790879314,0.5624987444000241,0.6455354563835933,0.5697086272121445,0.04272628604675939,325,0.8314495973340739,0.7846495119787045,0.763207443578912,0.7086690716619601,0.6947588455578513,0.7565468940223005,0.050109048737378065
2.632914161682129,1.2053197154281925,0.8259121894836425,0.1011987940082982,3,25,5,"('pycatch22', {})",pca,0.95,"('interpolate', 'linear')","{'classifier__base_estimator__max_depth': 3, 'classifier__base_estimator__n_estimators': 25, 'feature_extraction__n_lags': 5, 'feature_extraction__params': ('pycatch22', {}), 'feature_selection__strategy': 'pca', 'feature_selection__threshold': 0.95, 'imputation__params': ('interpolate', 'linear')}",0.5329346092503988,0.5808673469387755,0.5267069790879314,0.5624987444000241,0.6455354563835933,0.5697086272121445,0.04272628604675939,325,0.8314495973340739,0.7846495119787045,0.763207443578912,0.7086690716619601,0.6947588455578513,0.7565468940223005,0.050109048737378065
2.622864580154419,1.2103101535179588,0.8469513416290283,0.09804310298256727,3,25,5,"('pycatch22', {})",pca,0.95,"('interpolate', ('polynomial', 2))","{'classifier__base_estimator__max_depth': 3, 'classifier__base_estimator__n_estimators': 25, 'feature_extraction__n_lags': 5, 'feature_extraction__params': ('pycatch22', {}), 'feature_selection__strategy': 'pca', 'feature_selection__threshold': 0.95, 'imputation__params': ('interpolate', ('polynomial', 2))}",0.5329346092503988,0.5808673469387755,0.5267069790879314,0.5624987444000241,0.6455354563835933,0.5697086272121445,0.04272628604675939,325,0.8314495973340739,0.7846495119787045,0.763207443578912,0.7086690716619601,0.6947588455578513,0.7565468940223005,0.050109048737378065
2.66412467956543,1.1393493554549865,0.8655358791351319,0.05048752763395544,3,25,5,"('pycatch22', {})",pca,0.95,"('interpolate', ('spline', 2))","{'classifier__base_estimator__max_depth': 3, 'classifier__base_estimator__n_estimators': 25, 'feature_extraction__n_lags': 5, 'feature_extraction__params': ('pycatch22', {}), 'feature_selection__strategy': 'pca', 'feature_selection__threshold': 0.95, 'imputation__params': ('interpolate', ('spline', 2))}",0.5329346092503988,0.5808673469387755,0.5267069790879314,0.5624987444000241,0.6455354563835933,0.5697086272121445,0.04272628604675939,325,0.8314495973340739,0.7846495119787045,0.763207443578912,0.7086690716619601,0.6947588455578513,0.7565468940223005,0.050109048737378065
2.658276319503784,1.087702746728861,0.8821134567260742,0.077680724454016,3,25,5,"('pycatch22', {})",pca,0.95,"('ffill', None)","{'classifier__base_estimator__max_depth': 3, 'classifier__base_estimator__n_estimators': 25, 'feature_extraction__n_lags': 5, 'feature_extraction__params': ('pycatch22', {}), 'feature_selection__strategy': 'pca', 'feature_selection__threshold': 0.95, 'imputation__params': ('ffill', None)}",0.5329346092503988,0.5808673469387755,0.5267069790879314,0.5624987444000241,0.6455354563835933,0.5697086272121445,0.04272628604675939,325,0.8314495973340739,0.7846495119787045,0.763207443578912,0.7086690716619601,0.6947588455578513,0.7565468940223005,0.050109048737378065
3.6763333797454836,1.7078651631206496,0.9043298244476319,0.04510550340054655,3,25,8,"('pycatch22', {})",correlation,0.85,"('interpolate', 'linear')","{'classifier__base_estimator__max_depth': 3, 'classifier__base_estimator__n_estimators': 25, 'feature_extraction__n_lags': 8, 'feature_extraction__params': ('pycatch22', {}), 'feature_selection__strategy': 'correlation', 'feature_selection__threshold': 0.85, 'imputation__params': ('interpolate', 'linear')}",0.6035035934291579,0.6126086256839395,0.6756637946193071,0.7012474012474013,0.6514483065953655,0.6488943443150342,0.03698903190310504,193,0.9924630924630926,0.9534375823418528,0.9115449915110356,0.8863930427133622,0.8714092528386412,0.9230495923735968,0.04446222457383537
3.6731404781341555,1.582849655305667,0.906056547164917,0.044186168105354674,3,25,8,"('pycatch22', {})",correlation,0.85,"('interpolate', ('polynomial', 2))","{'classifier__base_estimator__max_depth': 3, 'classifier__base_estimator__n_estimators': 25, 'feature_extraction__n_lags': 8, 'feature_extraction__params': ('pycatch22', {}), 'feature_selection__strategy': 'correlation', 'feature_selection__threshold': 0.85, 'imputation__params': ('interpolate', ('polynomial', 2))}",0.6035035934291579,0.6126086256839395,0.6756637946193071,0.7012474012474013,0.6514483065953655,0.6488943443150342,0.03698903190310504,193,0.9924630924630926,0.9534375823418528,0.9115449915110356,0.8863930427133622,0.8714092528386412,0.9230495923735968,0.04446222457383537
3.6308122634887696,1.7092234092096348,0.8846997261047364,0.06845130273000466,3,25,8,"('pycatch22', {})",correlation,0.85,"('interpolate', ('spline', 2))","{'classifier__base_estimator__max_depth': 3, 'classifier__base_estimator__n_estimators': 25, 'feature_extraction__n_lags': 8, 'feature_extraction__params': ('pycatch22', {}), 'feature_selection__strategy': 'correlation', 'feature_selection__threshold': 0.85, 'imputation__params': ('interpolate', ('spline', 2))}",0.6035035934291579,0.6126086256839395,0.6756637946193071,0.7012474012474013,0.6514483065953655,0.6488943443150342,0.03698903190310504,193,0.9924630924630926,0.9534375823418528,0.9115449915110356,0.8863930427133622,0.8714092528386412,0.9230495923735968,0.04446222457383537
3.563881492614746,1.6709001497248823,0.890925407409668,0.06854648511513073,3,25,8,"('pycatch22', {})",correlation,0.85,"('ffill', None)","{'classifier__base_estimator__max_depth': 3, 'classifier__base_estimator__n_estimators': 25, 'feature_extraction__n_lags': 8, 'feature_extraction__params': ('pycatch22', {}), 'feature_selection__strategy': 'correlation', 'feature_selection__threshold': 0.85, 'imputation__params': ('ffill', None)}",0.6035035934291579,0.6126086256839395,0.6756637946193071,0.7012474012474013,0.6514483065953655,0.6488943443150342,0.03698903190310504,193,0.9924630924630926,0.9534375823418528,0.9115449915110356,0.8863930427133622,0.8714092528386412,0.9230495923735968,0.04446222457383537
3.7006731033325195,1.7241534503219653,0.8628744602203369,0.07481009507238871,3,25,8,"('pycatch22', {})",correlation,0.9,"('interpolate', 'linear')","{'classifier__base_estimator__max_depth': 3, 'classifier__base_estimator__n_estimators': 25, 'feature_extraction__n_lags': 8, 'feature_extraction__params': ('pycatch22', {}), 'feature_selection__strategy': 'correlation', 'feature_selection__threshold': 0.9, 'imputation__params': ('interpolate', 'linear')}",0.6224118754277893,0.6037174122948182,0.6747845964480393,0.7124878724878726,0.6409313725490196,0.6508666258415078,0.038731583425807105,185,0.9893162393162394,0.9584186310476924,0.9165892234831562,0.8777693110220112,0.8751131882141283,0.9234413186166455,0.04479153767336477
3.6011152267456055,1.6431078022978842,0.8907262325286865,0.052726550889042045,3,25,8,"('pycatch22', {})",correlation,0.9,"('interpolate', ('polynomial', 2))","{'classifier__base_estimator__max_depth': 3, 'classifier__base_estimator__n_estimators': 25, 'feature_extraction__n_lags': 8, 'feature_extraction__params': ('pycatch22', {}), 'feature_selection__strategy': 'correlation', 'feature_selection__threshold': 0.9, 'imputation__params': ('interpolate', ('polynomial', 2))}",0.6224118754277893,0.6037174122948182,0.6747845964480393,0.7124878724878726,0.6409313725490196,0.6508666258415078,0.038731583425807105,185,0.9893162393162394,0.9584186310476924,0.9165892234831562,0.8777693110220112,0.8751131882141283,0.9234413186166455,0.04479153767336477
3.5551160335540772,1.6358741256636067,0.8978744983673096,0.07536536785370256,3,25,8,"('pycatch22', {})",correlation,0.9,"('interpolate', ('spline', 2))","{'classifier__base_estimator__max_depth': 3, 'classifier__base_estimator__n_estimators': 25, 'feature_extraction__n_lags': 8, 'feature_extraction__params': ('pycatch22', {}), 'feature_selection__strategy': 'correlation', 'feature_selection__threshold': 0.9, 'imputation__params': ('interpolate', ('spline', 2))}",0.6224118754277893,0.6037174122948182,0.6747845964480393,0.7124878724878726,0.6409313725490196,0.6508666258415078,0.038731583425807105,185,0.9893162393162394,0.9584186310476924,0.9165892234831562,0.8777693110220112,0.8751131882141283,0.9234413186166455,0.04479153767336477
3.648399829864502,1.611005952474087,0.9138189315795898,0.08112738969349532,3,25,8,"('pycatch22', {})",correlation,0.9,"('ffill', None)","{'classifier__base_estimator__max_depth': 3, 'classifier__base_estimator__n_estimators': 25, 'feature_extraction__n_lags': 8, 'feature_extraction__params': ('pycatch22', {}), 'feature_selection__strategy': 'correlation', 'feature_selection__threshold': 0.9, 'imputation__params': ('ffill', None)}",0.6224118754277893,0.6037174122948182,0.6747845964480393,0.7124878724878726,0.6409313725490196,0.6508666258415078,0.038731583425807105,185,0.9893162393162394,0.9584186310476924,0.9165892234831562,0.8777693110220112,0.8751131882141283,0.9234413186166455,0.04479153767336477
3.5671170234680174,1.6291017670032408,0.8859149932861328,0.09731715664585135,3,25,8,"('pycatch22', {})",correlation,0.95,"('interpolate', 'linear')","{'classifier__base_estimator__max_depth': 3, 'classifier__base_estimator__n_estimators': 25, 'feature_extraction__n_lags': 8, 'feature_extraction__params': ('pycatch22', {}), 'feature_selection__strategy': 'correlation', 'feature_selection__threshold': 0.95, 'imputation__params': ('interpolate', 'linear')}",0.6224118754277893,0.646000965561635,0.6668278529980657,0.6837699237699237,0.6491421568627451,0.6536305549240318,0.020666458484065873,173,0.9893162393162394,0.9579929870077223,0.9202372442141007,0.8864966042058751,0.8754505188786026,0.9258987187245079,0.042851893224223996
3.583936166763306,1.6562396400569412,0.8697755336761475,0.06939621503176642,3,25,8,"('pycatch22', {})",correlation,0.95,"('interpolate', ('polynomial', 2))","{'classifier__base_estimator__max_depth': 3, 'classifier__base_estimator__n_estimators': 25, 'feature_extraction__n_lags': 8, 'feature_extraction__params': ('pycatch22', {}), 'feature_selection__strategy': 'correlation', 'feature_selection__threshold': 0.95, 'imputation__params': ('interpolate', ('polynomial', 2))}",0.6224118754277893,0.646000965561635,0.6668278529980657,0.6837699237699237,0.6491421568627451,0.6536305549240318,0.020666458484065873,173,0.9893162393162394,0.9579929870077223,0.9202372442141007,0.8864966042058751,0.8754505188786026,0.9258987187245079,0.042851893224223996
3.660671854019165,1.6276328656080745,0.888452672958374,0.053155662305220806,3,25,8,"('pycatch22', {})",correlation,0.95,"('interpolate', ('spline', 2))","{'classifier__base_estimator__max_depth': 3, 'classifier__base_estimator__n_estimators': 25, 'feature_extraction__n_lags': 8, 'feature_extraction__params': ('pycatch22', {}), 'feature_selection__strategy': 'correlation', 'feature_selection__threshold': 0.95, 'imputation__params': ('interpolate', ('spline', 2))}",0.6224118754277893,0.646000965561635,0.6668278529980657,0.6837699237699237,0.6491421568627451,0.6536305549240318,0.020666458484065873,173,0.9893162393162394,0.9579929870077223,0.9202372442141007,0.8864966042058751,0.8754505188786026,0.9258987187245079,0.042851893224223996
3.5945870876312256,1.7282161845416102,0.9213046073913574,0.0839115247799747,3,25,8,"('pycatch22', {})",correlation,0.95,"('ffill', None)","{'classifier__base_estimator__max_depth': 3, 'classifier__base_estimator__n_estimators': 25, 'feature_extraction__n_lags': 8, 'feature_extraction__params': ('pycatch22', {}), 'feature_selection__strategy': 'correlation', 'feature_selection__threshold': 0.95, 'imputation__params': ('ffill', None)}",0.6224118754277893,0.646000965561635,0.6668278529980657,0.6837699237699237,0.6491421568627451,0.6536305549240318,0.020666458484065873,173,0.9893162393162394,0.9579929870077223,0.9202372442141007,0.8864966042058751,0.8754505188786026,0.9258987187245079,0.042851893224223996
2.7095664024353026,1.2719117001511095,0.8920925617218017,0.08141305363043069,3,25,8,"('pycatch22', {})",pca,0.85,"('interpolate', 'linear')","{'classifier__base_estimator__max_depth': 3, 'classifier__base_estimator__n_estimators': 25, 'feature_extraction__n_lags': 8, 'feature_extraction__params': ('pycatch22', {}), 'feature_selection__strategy': 'pca', 'feature_selection__threshold': 0.85, 'imputation__params': ('interpolate', 'linear')}",0.5238492470910336,0.5953290955906019,0.5185071215051873,0.5287595287595288,0.6535316399286988,0.5639953265750102,0.05276552366042409,385,0.8728049728049728,0.8036970225185966,0.7634192654811902,0.7340962789460764,0.7204504295194862,0.7788935938540644,0.05494800249139754
2.69020619392395,1.2267517979989075,0.9164840698242187,0.0822186522804481,3,25,8,"('pycatch22', {})",pca,0.85,"('interpolate', ('polynomial', 2))","{'classifier__base_estimator__max_depth': 3, 'classifier__base_estimator__n_estimators': 25, 'feature_extraction__n_lags': 8, 'feature_extraction__params': ('pycatch22', {}), 'feature_selection__strategy': 'pca', 'feature_selection__threshold': 0.85, 'imputation__params': ('interpolate', ('polynomial', 2))}",0.5238492470910336,0.5953290955906019,0.5185071215051873,0.5287595287595288,0.6535316399286988,0.5639953265750102,0.05276552366042409,385,0.8728049728049728,0.8036970225185966,0.7634192654811902,0.7340962789460764,0.7204504295194862,0.7788935938540644,0.05494800249139754
2.784784173965454,1.2895901789550208,0.9055123329162598,0.10639121419107007,3,25,8,"('pycatch22', {})",pca,0.85,"('interpolate', ('spline', 2))","{'classifier__base_estimator__max_depth': 3, 'classifier__base_estimator__n_estimators': 25, 'feature_extraction__n_lags': 8, 'feature_extraction__params': ('pycatch22', {}), 'feature_selection__strategy': 'pca', 'feature_selection__threshold': 0.85, 'imputation__params': ('interpolate', ('spline', 2))}",0.5238492470910336,0.5953290955906019,0.5185071215051873,0.5287595287595288,0.6535316399286988,0.5639953265750102,0.05276552366042409,385,0.8728049728049728,0.8036970225185966,0.7634192654811902,0.7340962789460764,0.7204504295194862,0.7788935938540644,0.05494800249139754
2.919936180114746,1.2330184092100542,0.9328405380249023,0.09658207203184417,3,25,8,"('pycatch22', {})",pca,0.85,"('ffill', None)","{'classifier__base_estimator__max_depth': 3, 'classifier__base_estimator__n_estimators': 25, 'feature_extraction__n_lags': 8, 'feature_extraction__params': ('pycatch22', {}), 'feature_selection__strategy': 'pca', 'feature_selection__threshold': 0.85, 'imputation__params': ('ffill', None)}",0.5238492470910336,0.5953290955906019,0.5185071215051873,0.5287595287595288,0.6535316399286988,0.5639953265750102,0.05276552366042409,385,0.8728049728049728,0.8036970225185966,0.7634192654811902,0.7340962789460764,0.7204504295194862,0.7788935938540644,0.05494800249139754
2.7233888626098635,1.2302213031861409,0.9085529804229736,0.11513494653201388,3,25,8,"('pycatch22', {})",pca,0.9,"('interpolate', 'linear')","{'classifier__base_estimator__max_depth': 3, 'classifier__base_estimator__n_estimators': 25, 'feature_extraction__n_lags': 8, 'feature_extraction__params': ('pycatch22', {}), 'feature_selection__strategy': 'pca', 'feature_selection__threshold': 0.9, 'imputation__params': ('interpolate', 'linear')}",0.5238492470910336,0.5953290955906019,0.5185071215051873,0.5287595287595288,0.6535316399286988,0.5639953265750102,0.05276552366042409,385,0.8728049728049728,0.8036970225185966,0.7634192654811902,0.7340962789460764,0.7204504295194862,0.7788935938540644,0.05494800249139754
2.7289719581604004,1.2382255919817113,0.8966329097747803,0.10107770842821857,3,25,8,"('pycatch22', {})",pca,0.9,"('interpolate', ('polynomial', 2))","{'classifier__base_estimator__max_depth': 3, 'classifier__base_estimator__n_estimators': 25, 'feature_extraction__n_lags': 8, 'feature_extraction__params': ('pycatch22', {}), 'feature_selection__strategy': 'pca', 'feature_selection__threshold': 0.9, 'imputation__params': ('interpolate', ('polynomial', 2))}",0.5238492470910336,0.5953290955906019,0.5185071215051873,0.5287595287595288,0.6535316399286988,0.5639953265750102,0.05276552366042409,385,0.8728049728049728,0.8036970225185966,0.7634192654811902,0.7340962789460764,0.7204504295194862,0.7788935938540644,0.05494800249139754
2.749900197982788,1.3360680632409738,0.8867830753326416,0.07340511353913161,3,25,8,"('pycatch22', {})",pca,0.9,"('interpolate', ('spline', 2))","{'classifier__base_estimator__max_depth': 3, 'classifier__base_estimator__n_estimators': 25, 'feature_extraction__n_lags': 8, 'feature_extraction__params': ('pycatch22', {}), 'feature_selection__strategy': 'pca', 'feature_selection__threshold': 0.9, 'imputation__params': ('interpolate', ('spline', 2))}",0.5238492470910336,0.5953290955906019,0.5185071215051873,0.5287595287595288,0.6535316399286988,0.5639953265750102,0.05276552366042409,385,0.8728049728049728,0.8036970225185966,0.7634192654811902,0.7340962789460764,0.7204504295194862,0.7788935938540644,0.05494800249139754
2.756616401672363,1.2780151860002478,0.8929741859436036,0.04544054425999193,3,25,8,"('pycatch22', {})",pca,0.9,"('ffill', None)","{'classifier__base_estimator__max_depth': 3, 'classifier__base_estimator__n_estimators': 25, 'feature_extraction__n_lags': 8, 'feature_extraction__params': ('pycatch22', {}), 'feature_selection__strategy': 'pca', 'feature_selection__threshold': 0.9, 'imputation__params': ('ffill', None)}",0.5238492470910336,0.5953290955906019,0.5185071215051873,0.5287595287595288,0.6535316399286988,0.5639953265750102,0.05276552366042409,385,0.8728049728049728,0.8036970225185966,0.7634192654811902,0.7340962789460764,0.7204504295194862,0.7788935938540644,0.05494800249139754
2.724529981613159,1.2430595523719579,0.9574431896209716,0.09294731577774637,3,25,8,"('pycatch22', {})",pca,0.95,"('interpolate', 'linear')","{'classifier__base_estimator__max_depth': 3, 'classifier__base_estimator__n_estimators': 25, 'feature_extraction__n_lags': 8, 'feature_extraction__params': ('pycatch22', {}), 'feature_selection__strategy': 'pca', 'feature_selection__threshold': 0.95, 'imputation__params': ('interpolate', 'linear')}",0.5238492470910336,0.5953290955906019,0.5185071215051873,0.5287595287595288,0.6535316399286988,0.5639953265750102,0.05276552366042409,385,0.8728049728049728,0.8036970225185966,0.7634192654811902,0.7340962789460764,0.7204504295194862,0.7788935938540644,0.05494800249139754
2.7050162315368653,1.242086280673207,0.9189005374908448,0.0705300508934855,3,25,8,"('pycatch22', {})",pca,0.95,"('interpolate', ('polynomial', 2))","{'classifier__base_estimator__max_depth': 3, 'classifier__base_estimator__n_estimators': 25, 'feature_extraction__n_lags': 8, 'feature_extraction__params': ('pycatch22', {}), 'feature_selection__strategy': 'pca', 'feature_selection__threshold': 0.95, 'imputation__params': ('interpolate', ('polynomial', 2))}",0.5238492470910336,0.5953290955906019,0.5185071215051873,0.5287595287595288,0.6535316399286988,0.5639953265750102,0.05276552366042409,385,0.8728049728049728,0.8036970225185966,0.7634192654811902,0.7340962789460764,0.7204504295194862,0.7788935938540644,0.05494800249139754
2.74362473487854,1.2803839103008068,0.873253059387207,0.08800867747471812,3,25,8,"('pycatch22', {})",pca,0.95,"('interpolate', ('spline', 2))","{'classifier__base_estimator__max_depth': 3, 'classifier__base_estimator__n_estimators': 25, 'feature_extraction__n_lags': 8, 'feature_extraction__params': ('pycatch22', {}), 'feature_selection__strategy': 'pca', 'feature_selection__threshold': 0.95, 'imputation__params': ('interpolate', ('spline', 2))}",0.5238492470910336,0.5953290955906019,0.5185071215051873,0.5287595287595288,0.6535316399286988,0.5639953265750102,0.05276552366042409,385,0.8728049728049728,0.8036970225185966,0.7634192654811902,0.7340962789460764,0.7204504295194862,0.7788935938540644,0.05494800249139754
2.748172950744629,1.3184356019306596,0.8668971538543702,0.05979250779004958,3,25,8,"('pycatch22', {})",pca,0.95,"('ffill', None)","{'classifier__base_estimator__max_depth': 3, 'classifier__base_estimator__n_estimators': 25, 'feature_extraction__n_lags': 8, 'feature_extraction__params': ('pycatch22', {}), 'feature_selection__strategy': 'pca', 'feature_selection__threshold': 0.95, 'imputation__params': ('ffill', None)}",0.5238492470910336,0.5953290955906019,0.5185071215051873,0.5287595287595288,0.6535316399286988,0.5639953265750102,0.05276552366042409,385,0.8728049728049728,0.8036970225185966,0.7634192654811902,0.7340962789460764,0.7204504295194862,0.7788935938540644,0.05494800249139754
3.29819769859314,1.5113448857265268,0.7144245624542236,0.040613124610049074,3,50,3,"('pycatch22', {})",correlation,0.85,"('interpolate', 'linear')","{'classifier__base_estimator__max_depth': 3, 'classifier__base_estimator__n_estimators': 50, 'feature_extraction__n_lags': 3, 'feature_extraction__params': ('pycatch22', {}), 'feature_selection__strategy': 'correlation', 'feature_selection__threshold': 0.85, 'imputation__params': ('interpolate', 'linear')}",0.5532133333333333,0.7112977602108037,0.7101986128625473,0.7170876792698827,0.6817492824200987,0.6747093336193332,0.0619757453304642,9,0.9698863113320445,0.9383526225067718,0.9167549757934373,0.8995246946116644,0.8719540679904079,0.919294534446865,0.033350125332530824
3.4455726146698,1.5358010173899277,0.7108432292938233,0.04548344652631322,3,50,3,"('pycatch22', {})",correlation,0.85,"('interpolate', ('polynomial', 2))","{'classifier__base_estimator__max_depth': 3, 'classifier__base_estimator__n_estimators': 50, 'feature_extraction__n_lags': 3, 'feature_extraction__params': ('pycatch22', {}), 'feature_selection__strategy': 'correlation', 'feature_selection__threshold': 0.85, 'imputation__params': ('interpolate', ('polynomial', 2))}",0.5532133333333333,0.7112977602108037,0.7101986128625473,0.7170876792698827,0.6817492824200987,0.6747093336193332,0.0619757453304642,9,0.9698863113320445,0.9383526225067718,0.9167549757934373,0.8995246946116644,0.8719540679904079,0.919294534446865,0.033350125332530824
3.478020524978638,1.5392728225635257,0.7219176292419434,0.030895739311263343,3,50,3,"('pycatch22', {})",correlation,0.85,"('interpolate', ('spline', 2))","{'classifier__base_estimator__max_depth': 3, 'classifier__base_estimator__n_estimators': 50, 'feature_extraction__n_lags': 3, 'feature_extraction__params': ('pycatch22', {}), 'feature_selection__strategy': 'correlation', 'feature_selection__threshold': 0.85, 'imputation__params': ('interpolate', ('spline', 2))}",0.5532133333333333,0.7112977602108037,0.7101986128625473,0.7170876792698827,0.6817492824200987,0.6747093336193332,0.0619757453304642,9,0.9698863113320445,0.9383526225067718,0.9167549757934373,0.8995246946116644,0.8719540679904079,0.919294534446865,0.033350125332530824
3.502817392349243,1.7051574277965098,0.7355788707733154,0.05840672218067921,3,50,3,"('pycatch22', {})",correlation,0.85,"('ffill', None)","{'classifier__base_estimator__max_depth': 3, 'classifier__base_estimator__n_estimators': 50, 'feature_extraction__n_lags': 3, 'feature_extraction__params': ('pycatch22', {}), 'feature_selection__strategy': 'correlation', 'feature_selection__threshold': 0.85, 'imputation__params': ('ffill', None)}",0.5532133333333333,0.7112977602108037,0.7101986128625473,0.7170876792698827,0.6817492824200987,0.6747093336193332,0.0619757453304642,9,0.9698863113320445,0.9383526225067718,0.9167549757934373,0.8995246946116644,0.8719540679904079,0.919294534446865,0.033350125332530824
3.403553676605225,1.5812989136925808,0.7313019275665283,0.046345947163496555,3,50,3,"('pycatch22', {})",correlation,0.9,"('interpolate', 'linear')","{'classifier__base_estimator__max_depth': 3, 'classifier__base_estimator__n_estimators': 50, 'feature_extraction__n_lags': 3, 'feature_extraction__params': ('pycatch22', {}), 'feature_selection__strategy': 'correlation', 'feature_selection__threshold': 0.9, 'imputation__params': ('interpolate', 'linear')}",0.5538000000000001,0.6892410126105778,0.7012662883564523,0.7173158409387222,0.6869980972038572,0.669724247821922,0.0589535092591457,33,0.9707838534474823,0.9395930805220389,0.9152447552447552,0.8942853928358964,0.8745905760187217,0.9188995316137788,0.03377188944246693
3.4745216846466063,1.519790277336995,0.6904589653015136,0.05007798913910873,3,50,3,"('pycatch22', {})",correlation,0.9,"('interpolate', ('polynomial', 2))","{'classifier__base_estimator__max_depth': 3, 'classifier__base_estimator__n_estimators': 50, 'feature_extraction__n_lags': 3, 'feature_extraction__params': ('pycatch22', {}), 'feature_selection__strategy': 'correlation', 'feature_selection__threshold': 0.9, 'imputation__params': ('interpolate', ('polynomial', 2))}",0.5538000000000001,0.6892410126105778,0.7012662883564523,0.7173158409387222,0.6869980972038572,0.669724247821922,0.0589535092591457,33,0.9707838534474823,0.9395930805220389,0.9152447552447552,0.8942853928358964,0.8745905760187217,0.9188995316137788,0.03377188944246693
3.4657227993011475,1.5103418165388656,0.6992111206054688,0.04291636518085218,3,50,3,"('pycatch22', {})",correlation,0.9,"('interpolate', ('spline', 2))","{'classifier__base_estimator__max_depth': 3, 'classifier__base_estimator__n_estimators': 50, 'feature_extraction__n_lags': 3, 'feature_extraction__params': ('pycatch22', {}), 'feature_selection__strategy': 'correlation', 'feature_selection__threshold': 0.9, 'imputation__params': ('interpolate', ('spline', 2))}",0.5538000000000001,0.6892410126105778,0.7012662883564523,0.7173158409387222,0.6869980972038572,0.669724247821922,0.0589535092591457,33,0.9707838534474823,0.9395930805220389,0.9152447552447552,0.8942853928358964,0.8745905760187217,0.9188995316137788,0.03377188944246693
3.4298747062683104,1.5242725666174826,0.7306625843048096,0.05225251537437954,3,50,3,"('pycatch22', {})",correlation,0.9,"('ffill', None)","{'classifier__base_estimator__max_depth': 3, 'classifier__base_estimator__n_estimators': 50, 'feature_extraction__n_lags': 3, 'feature_extraction__params': ('pycatch22', {}), 'feature_selection__strategy': 'correlation', 'feature_selection__threshold': 0.9, 'imputation__params': ('ffill', None)}",0.5538000000000001,0.6892410126105778,0.7012662883564523,0.7173158409387222,0.6869980972038572,0.669724247821922,0.0589535092591457,33,0.9707838534474823,0.9395930805220389,0.9152447552447552,0.8942853928358964,0.8745905760187217,0.9188995316137788,0.03377188944246693
3.452562379837036,1.6566719782106345,0.7507805347442627,0.040290062080483746,3,50,3,"('pycatch22', {})",correlation,0.95,"('interpolate', 'linear')","{'classifier__base_estimator__max_depth': 3, 'classifier__base_estimator__n_estimators': 50, 'feature_extraction__n_lags': 3, 'feature_extraction__params': ('pycatch22', {}), 'feature_selection__strategy': 'correlation', 'feature_selection__threshold': 0.95, 'imputation__params': ('interpolate', 'linear')}",0.5496266666666667,0.6849943534726143,0.7223097940311054,0.7165009778357236,0.6813864611216822,0.6709636506255585,0.06283030143064648,25,0.9662386081193042,0.932442748091603,0.9159090909090909,0.901801814298,0.8725053054941339,0.9177795133824265,0.031214847630663414
3.4639279365539553,1.5364739472328235,0.7182736873626709,0.04305339251737565,3,50,3,"('pycatch22', {})",correlation,0.95,"('interpolate', ('polynomial', 2))","{'classifier__base_estimator__max_depth': 3, 'classifier__base_estimator__n_estimators': 50, 'feature_extraction__n_lags': 3, 'feature_extraction__params': ('pycatch22', {}), 'feature_selection__strategy': 'correlation', 'feature_selection__threshold': 0.95, 'imputation__params': ('interpolate', ('polynomial', 2))}",0.5496266666666667,0.6849943534726143,0.7223097940311054,0.7165009778357236,0.6813864611216822,0.6709636506255585,0.06283030143064648,25,0.9662386081193042,0.932442748091603,0.9159090909090909,0.901801814298,0.8725053054941339,0.9177795133824265,0.031214847630663414
3.4615092277526855,1.5265171858856694,0.7187431812286377,0.04782842049459655,3,50,3,"('pycatch22', {})",correlation,0.95,"('interpolate', ('spline', 2))","{'classifier__base_estimator__max_depth': 3, 'classifier__base_estimator__n_estimators': 50, 'feature_extraction__n_lags': 3, 'feature_extraction__params': ('pycatch22', {}), 'feature_selection__strategy': 'correlation', 'feature_selection__threshold': 0.95, 'imputation__params': ('interpolate', ('spline', 2))}",0.5496266666666667,0.6849943534726143,0.7223097940311054,0.7165009778357236,0.6813864611216822,0.6709636506255585,0.06283030143064648,25,0.9662386081193042,0.932442748091603,0.9159090909090909,0.901801814298,0.8725053054941339,0.9177795133824265,0.031214847630663414
3.4678691387176515,1.5251083751809014,0.7508837699890136,0.06218297145084799,3,50,3,"('pycatch22', {})",correlation,0.95,"('ffill', None)","{'classifier__base_estimator__max_depth': 3, 'classifier__base_estimator__n_estimators': 50, 'feature_extraction__n_lags': 3, 'feature_extraction__params': ('pycatch22', {}), 'feature_selection__strategy': 'correlation', 'feature_selection__threshold': 0.95, 'imputation__params': ('ffill', None)}",0.5496266666666667,0.6849943534726143,0.7223097940311054,0.7165009778357236,0.6813864611216822,0.6709636506255585,0.06283030143064648,25,0.9662386081193042,0.932442748091603,0.9159090909090909,0.901801814298,0.8725053054941339,0.9177795133824265,0.031214847630663414
2.341841983795166,1.0985399036290069,0.7613314628601074,0.06583135178178073,3,50,3,"('pycatch22', {})",pca,0.85,"('interpolate', 'linear')","{'classifier__base_estimator__max_depth': 3, 'classifier__base_estimator__n_estimators': 50, 'feature_extraction__n_lags': 3, 'feature_extraction__params': ('pycatch22', {}), 'feature_selection__strategy': 'pca', 'feature_selection__threshold': 0.85, 'imputation__params': ('interpolate', 'linear')}",0.49290666666666666,0.5894856954639563,0.5211091845313157,0.5428047588005215,0.6341874415454575,0.5560987494015835,0.050213088262724685,541,0.8766224799779065,0.8114780842157103,0.7634561592253899,0.7542598706010364,0.7253506964990413,0.7862334581038168,0.05301941668012397
2.397633171081543,1.1378011227983411,0.7430854320526123,0.03703858177218477,3,50,3,"('pycatch22', {})",pca,0.85,"('interpolate', ('polynomial', 2))","{'classifier__base_estimator__max_depth': 3, 'classifier__base_estimator__n_estimators': 50, 'feature_extraction__n_lags': 3, 'feature_extraction__params': ('pycatch22', {}), 'feature_selection__strategy': 'pca', 'feature_selection__threshold': 0.85, 'imputation__params': ('interpolate', ('polynomial', 2))}",0.49290666666666666,0.5894856954639563,0.5211091845313157,0.5428047588005215,0.6341874415454575,0.5560987494015835,0.050213088262724685,541,0.8766224799779065,0.8114780842157103,0.7634561592253899,0.7542598706010364,0.7253506964990413,0.7862334581038168,0.05301941668012397
2.3871734142303467,1.0856530019423813,0.7682430267333984,0.03360650424967984,3,50,3,"('pycatch22', {})",pca,0.85,"('interpolate', ('spline', 2))","{'classifier__base_estimator__max_depth': 3, 'classifier__base_estimator__n_estimators': 50, 'feature_extraction__n_lags': 3, 'feature_extraction__params': ('pycatch22', {}), 'feature_selection__strategy': 'pca', 'feature_selection__threshold': 0.85, 'imputation__params': ('interpolate', ('spline', 2))}",0.49290666666666666,0.5894856954639563,0.5211091845313157,0.5428047588005215,0.6341874415454575,0.5560987494015835,0.050213088262724685,541,0.8766224799779065,0.8114780842157103,0.7634561592253899,0.7542598706010364,0.7253506964990413,0.7862334581038168,0.05301941668012397
2.4254940032958983,1.0064356056597619,0.7427175045013428,0.02770355606920102,3,50,3,"('pycatch22', {})",pca,0.85,"('ffill', None)","{'classifier__base_estimator__max_depth': 3, 'classifier__base_estimator__n_estimators': 50, 'feature_extraction__n_lags': 3, 'feature_extraction__params': ('pycatch22', {}), 'feature_selection__strategy': 'pca', 'feature_selection__threshold': 0.85, 'imputation__params': ('ffill', None)}",0.49290666666666666,0.5894856954639563,0.5211091845313157,0.5428047588005215,0.6341874415454575,0.5560987494015835,0.050213088262724685,541,0.8766224799779065,0.8114780842157103,0.7634561592253899,0.7542598706010364,0.7253506964990413,0.7862334581038168,0.05301941668012397
2.3552403450012207,1.0859271303211502,0.7030342102050782,0.03363399476742275,3,50,3,"('pycatch22', {})",pca,0.9,"('interpolate', 'linear')","{'classifier__base_estimator__max_depth': 3, 'classifier__base_estimator__n_estimators': 50, 'feature_extraction__n_lags': 3, 'feature_extraction__params': ('pycatch22', {}), 'feature_selection__strategy': 'pca', 'feature_selection__threshold': 0.9, 'imputation__params': ('interpolate', 'linear')}",0.49290666666666666,0.5894856954639563,0.5211091845313157,0.5428047588005215,0.6341874415454575,0.5560987494015835,0.050213088262724685,541,0.8766224799779065,0.8114780842157103,0.7634561592253899,0.7542598706010364,0.7253506964990413,0.7862334581038168,0.05301941668012397
2.3653793334960938,1.0257845943942685,0.7286022186279297,0.05647953169295791,3,50,3,"('pycatch22', {})",pca,0.9,"('interpolate', ('polynomial', 2))","{'classifier__base_estimator__max_depth': 3, 'classifier__base_estimator__n_estimators': 50, 'feature_extraction__n_lags': 3, 'feature_extraction__params': ('pycatch22', {}), 'feature_selection__strategy': 'pca', 'feature_selection__threshold': 0.9, 'imputation__params': ('interpolate', ('polynomial', 2))}",0.49290666666666666,0.5894856954639563,0.5211091845313157,0.5428047588005215,0.6341874415454575,0.5560987494015835,0.050213088262724685,541,0.8766224799779065,0.8114780842157103,0.7634561592253899,0.7542598706010364,0.7253506964990413,0.7862334581038168,0.05301941668012397
2.3477317333221435,1.020757713908338,0.703684949874878,0.040288521548841695,3,50,3,"('pycatch22', {})",pca,0.9,"('interpolate', ('spline', 2))","{'classifier__base_estimator__max_depth': 3, 'classifier__base_estimator__n_estimators': 50, 'feature_extraction__n_lags': 3, 'feature_extraction__params': ('pycatch22', {}), 'feature_selection__strategy': 'pca', 'feature_selection__threshold': 0.9, 'imputation__params': ('interpolate', ('spline', 2))}",0.49290666666666666,0.5894856954639563,0.5211091845313157,0.5428047588005215,0.6341874415454575,0.5560987494015835,0.050213088262724685,541,0.8766224799779065,0.8114780842157103,0.7634561592253899,0.7542598706010364,0.7253506964990413,0.7862334581038168,0.05301941668012397
2.4242512226104735,1.045088524557224,0.7688652992248535,0.10434268922770548,3,50,3,"('pycatch22', {})",pca,0.9,"('ffill', None)","{'classifier__base_estimator__max_depth': 3, 'classifier__base_estimator__n_estimators': 50, 'feature_extraction__n_lags': 3, 'feature_extraction__params': ('pycatch22', {}), 'feature_selection__strategy': 'pca', 'feature_selection__threshold': 0.9, 'imputation__params': ('ffill', None)}",0.49290666666666666,0.5894856954639563,0.5211091845313157,0.5428047588005215,0.6341874415454575,0.5560987494015835,0.050213088262724685,541,0.8766224799779065,0.8114780842157103,0.7634561592253899,0.7542598706010364,0.7253506964990413,0.7862334581038168,0.05301941668012397
2.4036648273468018,1.0650254632533527,0.764902400970459,0.09904177069198628,3,50,3,"('pycatch22', {})",pca,0.95,"('interpolate', 'linear')","{'classifier__base_estimator__max_depth': 3, 'classifier__base_estimator__n_estimators': 50, 'feature_extraction__n_lags': 3, 'feature_extraction__params': ('pycatch22', {}), 'feature_selection__strategy': 'pca', 'feature_selection__threshold': 0.95, 'imputation__params': ('interpolate', 'linear')}",0.49290666666666666,0.5894856954639563,0.5211091845313157,0.5428047588005215,0.6341874415454575,0.5560987494015835,0.050213088262724685,541,0.8766224799779065,0.8114780842157103,0.7634561592253899,0.7542598706010364,0.7253506964990413,0.7862334581038168,0.05301941668012397
2.594944381713867,1.2812854721653852,0.8499723434448242,0.07911792805689262,3,50,3,"('pycatch22', {})",pca,0.95,"('interpolate', ('polynomial', 2))","{'classifier__base_estimator__max_depth': 3, 'classifier__base_estimator__n_estimators': 50, 'feature_extraction__n_lags': 3, 'feature_extraction__params': ('pycatch22', {}), 'feature_selection__strategy': 'pca', 'feature_selection__threshold': 0.95, 'imputation__params': ('interpolate', ('polynomial', 2))}",0.49290666666666666,0.5894856954639563,0.5211091845313157,0.5428047588005215,0.6341874415454575,0.5560987494015835,0.050213088262724685,541,0.8766224799779065,0.8114780842157103,0.7634561592253899,0.7542598706010364,0.7253506964990413,0.7862334581038168,0.05301941668012397
2.5740888118743896,1.0242616536599218,0.7494808673858643,0.07407469409862139,3,50,3,"('pycatch22', {})",pca,0.95,"('interpolate', ('spline', 2))","{'classifier__base_estimator__max_depth': 3, 'classifier__base_estimator__n_estimators': 50, 'feature_extraction__n_lags': 3, 'feature_extraction__params': ('pycatch22', {}), 'feature_selection__strategy': 'pca', 'feature_selection__threshold': 0.95, 'imputation__params': ('interpolate', ('spline', 2))}",0.49290666666666666,0.5894856954639563,0.5211091845313157,0.5428047588005215,0.6341874415454575,0.5560987494015835,0.050213088262724685,541,0.8766224799779065,0.8114780842157103,0.7634561592253899,0.7542598706010364,0.7253506964990413,0.7862334581038168,0.05301941668012397
2.3480326652526857,1.02309584351409,0.7092090606689453,0.058455253176706065,3,50,3,"('pycatch22', {})",pca,0.95,"('ffill', None)","{'classifier__base_estimator__max_depth': 3, 'classifier__base_estimator__n_estimators': 50, 'feature_extraction__n_lags': 3, 'feature_extraction__params': ('pycatch22', {}), 'feature_selection__strategy': 'pca', 'feature_selection__threshold': 0.95, 'imputation__params': ('ffill', None)}",0.49290666666666666,0.5894856954639563,0.5211091845313157,0.5428047588005215,0.6341874415454575,0.5560987494015835,0.050213088262724685,541,0.8766224799779065,0.8114780842157103,0.7634561592253899,0.7542598706010364,0.7253506964990413,0.7862334581038168,0.05301941668012397
3.7480724334716795,1.7110374580067067,0.831547737121582,0.06735719556637099,3,50,5,"('pycatch22', {})",correlation,0.85,"('interpolate', 'linear')","{'classifier__base_estimator__max_depth': 3, 'classifier__base_estimator__n_estimators': 50, 'feature_extraction__n_lags': 5, 'feature_extraction__params': ('pycatch22', {}), 'feature_selection__strategy': 'correlation', 'feature_selection__threshold': 0.85, 'imputation__params': ('interpolate', 'linear')}",0.5430940988835726,0.6817460317460318,0.6686192995716806,0.7229041525202403,0.6989005632582322,0.6630528291959515,0.06267018323453157,105,0.982421549569564,0.9674948240165632,0.946327300443101,0.9282059006165264,0.9060735192837466,0.9461046187859002,0.027200599140216584
3.568066120147705,1.627923106370622,0.8248574256896972,0.05248826674751571,3,50,5,"('pycatch22', {})",correlation,0.85,"('interpolate', ('polynomial', 2))","{'classifier__base_estimator__max_depth': 3, 'classifier__base_estimator__n_estimators': 50, 'feature_extraction__n_lags': 5, 'feature_extraction__params': ('pycatch22', {}), 'feature_selection__strategy': 'correlation', 'feature_selection__threshold': 0.85, 'imputation__params': ('interpolate', ('polynomial', 2))}",0.5430940988835726,0.6817460317460318,0.6686192995716806,0.7229041525202403,0.6989005632582322,0.6630528291959515,0.06267018323453157,105,0.982421549569564,0.9674948240165632,0.946327300443101,0.9282059006165264,0.9060735192837466,0.9461046187859002,0.027200599140216584
3.5768882274627685,1.6550203631016924,0.8395904541015625,0.07669666753212773,3,50,5,"('pycatch22', {})",correlation,0.85,"('interpolate', ('spline', 2))","{'classifier__base_estimator__max_depth': 3, 'classifier__base_estimator__n_estimators': 50, 'feature_extraction__n_lags': 5, 'feature_extraction__params': ('pycatch22', {}), 'feature_selection__strategy': 'correlation', 'feature_selection__threshold': 0.85, 'imputation__params': ('interpolate', ('spline', 2))}",0.5430940988835726,0.6817460317460318,0.6686192995716806,0.7229041525202403,0.6989005632582322,0.6630528291959515,0.06267018323453157,105,0.982421549569564,0.9674948240165632,0.946327300443101,0.9282059006165264,0.9060735192837466,0.9461046187859002,0.027200599140216584
3.6781858444213866,1.685557320147017,0.8509208679199218,0.08698788241215884,3,50,5,"('pycatch22', {})",correlation,0.85,"('ffill', None)","{'classifier__base_estimator__max_depth': 3, 'classifier__base_estimator__n_estimators': 50, 'feature_extraction__n_lags': 5, 'feature_extraction__params': ('pycatch22', {}), 'feature_selection__strategy': 'correlation', 'feature_selection__threshold': 0.85, 'imputation__params': ('ffill', None)}",0.5430940988835726,0.6817460317460318,0.6686192995716806,0.7229041525202403,0.6989005632582322,0.6630528291959515,0.06267018323453157,105,0.982421549569564,0.9674948240165632,0.946327300443101,0.9282059006165264,0.9060735192837466,0.9461046187859002,0.027200599140216584
3.6812918186187744,1.6719643796846952,0.8485709190368652,0.05352623617499397,3,50,5,"('pycatch22', {})",correlation,0.9,"('interpolate', 'linear')","{'classifier__base_estimator__max_depth': 3, 'classifier__base_estimator__n_estimators': 50, 'feature_extraction__n_lags': 5, 'feature_extraction__params': ('pycatch22', {}), 'feature_selection__strategy': 'correlation', 'feature_selection__threshold': 0.9, 'imputation__params': ('interpolate', 'linear')}",0.5411004784688995,0.6863945578231292,0.6613756613756613,0.7027141049078893,0.6895400057770075,0.6562249616705174,0.059095707923107435,161,0.9818939183560121,0.9700680272108844,0.9493275975661746,0.9300096470866537,0.9017545841942148,0.946610754882788,0.028601396164594086
3.616122007369995,1.6073554394240277,0.8447225093841553,0.04742827654572109,3,50,5,"('pycatch22', {})",correlation,0.9,"('interpolate', ('polynomial', 2))","{'classifier__base_estimator__max_depth': 3, 'classifier__base_estimator__n_estimators': 50, 'feature_extraction__n_lags': 5, 'feature_extraction__params': ('pycatch22', {}), 'feature_selection__strategy': 'correlation', 'feature_selection__threshold': 0.9, 'imputation__params': ('interpolate', ('polynomial', 2))}",0.5411004784688995,0.6863945578231292,0.6613756613756613,0.7027141049078893,0.6895400057770075,0.6562249616705174,0.059095707923107435,161,0.9818939183560121,0.9700680272108844,0.9493275975661746,0.9300096470866537,0.9017545841942148,0.946610754882788,0.028601396164594086
3.55813889503479,1.6021769229736098,0.8294674396514893,0.06551138893241369,3,50,5,"('pycatch22', {})",correlation,0.9,"('interpolate', ('spline', 2))","{'classifier__base_estimator__max_depth': 3, 'classifier__base_estimator__n_estimators': 50, 'feature_extraction__n_lags': 5, 'feature_extraction__params': ('pycatch22', {}), 'feature_selection__strategy': 'correlation', 'feature_selection__threshold': 0.9, 'imputation__params': ('interpolate', ('spline', 2))}",0.5411004784688995,0.6863945578231292,0.6613756613756613,0.7027141049078893,0.6895400057770075,0.6562249616705174,0.059095707923107435,161,0.9818939183560121,0.9700680272108844,0.9493275975661746,0.9300096470866537,0.9017545841942148,0.946610754882788,0.028601396164594086
3.6199082374572753,1.7133136305658623,0.8456490516662598,0.07394803772607945,3,50,5,"('pycatch22', {})",correlation,0.9,"('ffill', None)","{'classifier__base_estimator__max_depth': 3, 'classifier__base_estimator__n_estimators': 50, 'feature_extraction__n_lags': 5, 'feature_extraction__params': ('pycatch22', {}), 'feature_selection__strategy': 'correlation', 'feature_selection__threshold': 0.9, 'imputation__params': ('ffill', None)}",0.5411004784688995,0.6863945578231292,0.6613756613756613,0.7027141049078893,0.6895400057770075,0.6562249616705174,0.059095707923107435,161,0.9818939183560121,0.9700680272108844,0.9493275975661746,0.9300096470866537,0.9017545841942148,0.946610754882788,0.028601396164594086
3.6748888969421385,1.6396290023636773,0.8553553581237793,0.08594731455287309,3,50,5,"('pycatch22', {})",correlation,0.95,"('interpolate', 'linear')","{'classifier__base_estimator__max_depth': 3, 'classifier__base_estimator__n_estimators': 50, 'feature_extraction__n_lags': 5, 'feature_extraction__params': ('pycatch22', {}), 'feature_selection__strategy': 'correlation', 'feature_selection__threshold': 0.95, 'imputation__params': ('interpolate', 'linear')}",0.4737799043062201,0.7063492063492064,0.6495338876291257,0.7052253048596742,0.6927895725014442,0.6455355751291342,0.08832904257130261,225,0.9820605387392392,0.9689440993788819,0.9480066917283521,0.933533051436344,0.9119554924242425,0.948899974741412,0.02491274772972799
3.6720277786254885,1.6678971216724048,0.8527917861938477,0.05825840946435716,3,50,5,"('pycatch22', {})",correlation,0.95,"('interpolate', ('polynomial', 2))","{'classifier__base_estimator__max_depth': 3, 'classifier__base_estimator__n_estimators': 50, 'feature_extraction__n_lags': 5, 'feature_extraction__params': ('pycatch22', {}), 'feature_selection__strategy': 'correlation', 'feature_selection__threshold': 0.95, 'imputation__params': ('interpolate', ('polynomial', 2))}",0.4737799043062201,0.7063492063492064,0.6495338876291257,0.7052253048596742,0.6927895725014442,0.6455355751291342,0.08832904257130261,225,0.9820605387392392,0.9689440993788819,0.9480066917283521,0.933533051436344,0.9119554924242425,0.948899974741412,0.02491274772972799
3.676686429977417,1.6382071178159463,0.853620958328247,0.02446375896369661,3,50,5,"('pycatch22', {})",correlation,0.95,"('interpolate', ('spline', 2))","{'classifier__base_estimator__max_depth': 3, 'classifier__base_estimator__n_estimators': 50, 'feature_extraction__n_lags': 5, 'feature_extraction__params': ('pycatch22', {}), 'feature_selection__strategy': 'correlation', 'feature_selection__threshold': 0.95, 'imputation__params': ('interpolate', ('spline', 2))}",0.4737799043062201,0.7063492063492064,0.6495338876291257,0.7052253048596742,0.6927895725014442,0.6455355751291342,0.08832904257130261,225,0.9820605387392392,0.9689440993788819,0.9480066917283521,0.933533051436344,0.9119554924242425,0.948899974741412,0.02491274772972799
3.665792942047119,1.7201137733789407,0.848712158203125,0.05398193990362245,3,50,5,"('pycatch22', {})",correlation,0.95,"('ffill', None)","{'classifier__base_estimator__max_depth': 3, 'classifier__base_estimator__n_estimators': 50, 'feature_extraction__n_lags': 5, 'feature_extraction__params': ('pycatch22', {}), 'feature_selection__strategy': 'correlation', 'feature_selection__threshold': 0.95, 'imputation__params': ('ffill', None)}",0.4737799043062201,0.7063492063492064,0.6495338876291257,0.7052253048596742,0.6927895725014442,0.6455355751291342,0.08832904257130261,225,0.9820605387392392,0.9689440993788819,0.9480066917283521,0.933533051436344,0.9119554924242425,0.948899974741412,0.02491274772972799
2.612325096130371,1.2445934407350787,0.8395520687103272,0.07394215921348829,3,50,5,"('pycatch22', {})",pca,0.85,"('interpolate', 'linear')","{'classifier__base_estimator__max_depth': 3, 'classifier__base_estimator__n_estimators': 50, 'feature_extraction__n_lags': 5, 'feature_extraction__params': ('pycatch22', {}), 'feature_selection__strategy': 'pca', 'feature_selection__threshold': 0.85, 'imputation__params': ('interpolate', 'linear')}",0.507511961722488,0.5805555555555555,0.5361866969009825,0.5552162645398477,0.637023396880416,0.5632987751198579,0.04392192308266702,397,0.879950013885032,0.8258984028393965,0.7921882468446821,0.7579995047089612,0.7329803719008265,0.7978033080357797,0.051682299396454565
2.6144348621368407,1.2313882970772079,0.8246161460876464,0.07041266949746608,3,50,5,"('pycatch22', {})",pca,0.85,"('interpolate', ('polynomial', 2))","{'classifier__base_estimator__max_depth': 3, 'classifier__base_estimator__n_estimators': 50, 'feature_extraction__n_lags': 5, 'feature_extraction__params': ('pycatch22', {}), 'feature_selection__strategy': 'pca', 'feature_selection__threshold': 0.85, 'imputation__params': ('interpolate', ('polynomial', 2))}",0.507511961722488,0.5805555555555555,0.5361866969009825,0.5552162645398477,0.637023396880416,0.5632987751198579,0.04392192308266702,397,0.879950013885032,0.8258984028393965,0.7921882468446821,0.7579995047089612,0.7329803719008265,0.7978033080357797,0.051682299396454565
2.6371718406677247,1.1509479966215423,0.8167925834655761,0.05085291455601681,3,50,5,"('pycatch22', {})",pca,0.85,"('interpolate', ('spline', 2))","{'classifier__base_estimator__max_depth': 3, 'classifier__base_estimator__n_estimators': 50, 'feature_extraction__n_lags': 5, 'feature_extraction__params': ('pycatch22', {}), 'feature_selection__strategy': 'pca', 'feature_selection__threshold': 0.85, 'imputation__params': ('interpolate', ('spline', 2))}",0.507511961722488,0.5805555555555555,0.5361866969009825,0.5552162645398477,0.637023396880416,0.5632987751198579,0.04392192308266702,397,0.879950013885032,0.8258984028393965,0.7921882468446821,0.7579995047089612,0.7329803719008265,0.7978033080357797,0.051682299396454565
2.6450474739074705,1.169311566153047,0.826790189743042,0.07314135313300438,3,50,5,"('pycatch22', {})",pca,0.85,"('ffill', None)","{'classifier__base_estimator__max_depth': 3, 'classifier__base_estimator__n_estimators': 50, 'feature_extraction__n_lags': 5, 'feature_extraction__params': ('pycatch22', {}), 'feature_selection__strategy': 'pca', 'feature_selection__threshold': 0.85, 'imputation__params': ('ffill', None)}",0.507511961722488,0.5805555555555555,0.5361866969009825,0.5552162645398477,0.637023396880416,0.5632987751198579,0.04392192308266702,397,0.879950013885032,0.8258984028393965,0.7921882468446821,0.7579995047089612,0.7329803719008265,0.7978033080357797,0.051682299396454565
2.7588298320770264,1.2318229675864345,0.8437439918518066,0.08142388964159746,3,50,5,"('pycatch22', {})",pca,0.9,"('interpolate', 'linear')","{'classifier__base_estimator__max_depth': 3, 'classifier__base_estimator__n_estimators': 50, 'feature_extraction__n_lags': 5, 'feature_extraction__params': ('pycatch22', {}), 'feature_selection__strategy': 'pca', 'feature_selection__threshold': 0.9, 'imputation__params': ('interpolate', 'linear')}",0.507511961722488,0.5805555555555555,0.5361866969009825,0.5552162645398477,0.637023396880416,0.5632987751198579,0.04392192308266702,397,0.879950013885032,0.8258984028393965,0.7921882468446821,0.7579995047089612,0.7329803719008265,0.7978033080357797,0.051682299396454565
2.6480315685272218,1.2207790295518945,0.8058638095855712,0.06836738333351894,3,50,5,"('pycatch22', {})",pca,0.9,"('interpolate', ('polynomial', 2))","{'classifier__base_estimator__max_depth': 3, 'classifier__base_estimator__n_estimators': 50, 'feature_extraction__n_lags': 5, 'feature_extraction__params': ('pycatch22', {}), 'feature_selection__strategy': 'pca', 'feature_selection__threshold': 0.9, 'imputation__params': ('interpolate', ('polynomial', 2))}",0.507511961722488,0.5805555555555555,0.5361866969009825,0.5552162645398477,0.637023396880416,0.5632987751198579,0.04392192308266702,397,0.879950013885032,0.8258984028393965,0.7921882468446821,0.7579995047089612,0.7329803719008265,0.7978033080357797,0.051682299396454565
2.6503715038299562,1.2286238097232782,0.8363288879394531,0.08059404643667463,3,50,5,"('pycatch22', {})",pca,0.9,"('interpolate', ('spline', 2))","{'classifier__base_estimator__max_depth': 3, 'classifier__base_estimator__n_estimators': 50, 'feature_extraction__n_lags': 5, 'feature_extraction__params': ('pycatch22', {}), 'feature_selection__strategy': 'pca', 'feature_selection__threshold': 0.9, 'imputation__params': ('interpolate', ('spline', 2))}",0.507511961722488,0.5805555555555555,0.5361866969009825,0.5552162645398477,0.637023396880416,0.5632987751198579,0.04392192308266702,397,0.879950013885032,0.8258984028393965,0.7921882468446821,0.7579995047089612,0.7329803719008265,0.7978033080357797,0.051682299396454565
2.6675464153289794,1.1419733184339926,0.90157470703125,0.08362602693151391,3,50,5,"('pycatch22', {})",pca,0.9,"('ffill', None)","{'classifier__base_estimator__max_depth': 3, 'classifier__base_estimator__n_estimators': 50, 'feature_extraction__n_lags': 5, 'feature_extraction__params': ('pycatch22', {}), 'feature_selection__strategy': 'pca', 'feature_selection__threshold': 0.9, 'imputation__params': ('ffill', None)}",0.507511961722488,0.5805555555555555,0.5361866969009825,0.5552162645398477,0.637023396880416,0.5632987751198579,0.04392192308266702,397,0.879950013885032,0.8258984028393965,0.7921882468446821,0.7579995047089612,0.7329803719008265,0.7978033080357797,0.051682299396454565
2.5477370262145995,1.1337602594225373,0.8690194129943848,0.06103093264923266,3,50,5,"('pycatch22', {})",pca,0.95,"('interpolate', 'linear')","{'classifier__base_estimator__max_depth': 3, 'classifier__base_estimator__n_estimators': 50, 'feature_extraction__n_lags': 5, 'feature_extraction__params': ('pycatch22', {}), 'feature_selection__strategy': 'pca', 'feature_selection__threshold': 0.95, 'imputation__params': ('interpolate', 'linear')}",0.507511961722488,0.5805555555555555,0.5361866969009825,0.5552162645398477,0.637023396880416,0.5632987751198579,0.04392192308266702,397,0.879950013885032,0.8258984028393965,0.7921882468446821,0.7579995047089612,0.7329803719008265,0.7978033080357797,0.051682299396454565
2.6757763385772706,1.1825498124326126,0.8209625720977783,0.05138088798541751,3,50,5,"('pycatch22', {})",pca,0.95,"('interpolate', ('polynomial', 2))","{'classifier__base_estimator__max_depth': 3, 'classifier__base_estimator__n_estimators': 50, 'feature_extraction__n_lags': 5, 'feature_extraction__params': ('pycatch22', {}), 'feature_selection__strategy': 'pca', 'feature_selection__threshold': 0.95, 'imputation__params': ('interpolate', ('polynomial', 2))}",0.507511961722488,0.5805555555555555,0.5361866969009825,0.5552162645398477,0.637023396880416,0.5632987751198579,0.04392192308266702,397,0.879950013885032,0.8258984028393965,0.7921882468446821,0.7579995047089612,0.7329803719008265,0.7978033080357797,0.051682299396454565
2.602017879486084,1.0896719748911101,0.8510790348052979,0.07025445234319634,3,50,5,"('pycatch22', {})",pca,0.95,"('interpolate', ('spline', 2))","{'classifier__base_estimator__max_depth': 3, 'classifier__base_estimator__n_estimators': 50, 'feature_extraction__n_lags': 5, 'feature_extraction__params': ('pycatch22', {}), 'feature_selection__strategy': 'pca', 'feature_selection__threshold': 0.95, 'imputation__params': ('interpolate', ('spline', 2))}",0.507511961722488,0.5805555555555555,0.5361866969009825,0.5552162645398477,0.637023396880416,0.5632987751198579,0.04392192308266702,397,0.879950013885032,0.8258984028393965,0.7921882468446821,0.7579995047089612,0.7329803719008265,0.7978033080357797,0.051682299396454565
2.664722967147827,1.1881976682742732,0.830463457107544,0.06974930659455257,3,50,5,"('pycatch22', {})",pca,0.95,"('ffill', None)","{'classifier__base_estimator__max_depth': 3, 'classifier__base_estimator__n_estimators': 50, 'feature_extraction__n_lags': 5, 'feature_extraction__params': ('pycatch22', {}), 'feature_selection__strategy': 'pca', 'feature_selection__threshold': 0.95, 'imputation__params': ('ffill', None)}",0.507511961722488,0.5805555555555555,0.5361866969009825,0.5552162645398477,0.637023396880416,0.5632987751198579,0.04392192308266702,397,0.879950013885032,0.8258984028393965,0.7921882468446821,0.7579995047089612,0.7329803719008265,0.7978033080357797,0.051682299396454565
3.6500093936920166,1.5851691987496774,0.8843647003173828,0.0895626872776181,3,50,8,"('pycatch22', {})",correlation,0.85,"('interpolate', 'linear')","{'classifier__base_estimator__max_depth': 3, 'classifier__base_estimator__n_estimators': 50, 'feature_extraction__n_lags': 8, 'feature_extraction__params': ('pycatch22', {}), 'feature_selection__strategy': 'correlation', 'feature_selection__threshold': 0.85, 'imputation__params': ('interpolate', 'linear')}",0.5859000684462696,0.5899179272610235,0.6741691577281519,0.6971864171864173,0.619808377896613,0.6333963897036952,0.044860890568198454,249,0.9996114996114996,0.9836937795163873,0.951038781163435,0.9346399128549219,0.9153434070843908,0.9568654760461269,0.03098060245065997
3.8317197799682616,1.9418613005446301,0.9148106098175048,0.09689738405767044,3,50,8,"('pycatch22', {})",correlation,0.85,"('interpolate', ('polynomial', 2))","{'classifier__base_estimator__max_depth': 3, 'classifier__base_estimator__n_estimators': 50, 'feature_extraction__n_lags': 8, 'feature_extraction__params': ('pycatch22', {}), 'feature_selection__strategy': 'correlation', 'feature_selection__threshold': 0.85, 'imputation__params': ('interpolate', ('polynomial', 2))}",0.5859000684462696,0.5899179272610235,0.6741691577281519,0.6971864171864173,0.619808377896613,0.6333963897036952,0.044860890568198454,249,0.9996114996114996,0.9836937795163873,0.951038781163435,0.9346399128549219,0.9153434070843908,0.9568654760461269,0.03098060245065997
4.175260353088379,1.923086647820942,1.0158922672271729,0.11191368383186948,3,50,8,"('pycatch22', {})",correlation,0.85,"('interpolate', ('spline', 2))","{'classifier__base_estimator__max_depth': 3, 'classifier__base_estimator__n_estimators': 50, 'feature_extraction__n_lags': 8, 'feature_extraction__params': ('pycatch22', {}), 'feature_selection__strategy': 'correlation', 'feature_selection__threshold': 0.85, 'imputation__params': ('interpolate', ('spline', 2))}",0.5859000684462696,0.5899179272610235,0.6741691577281519,0.6971864171864173,0.619808377896613,0.6333963897036952,0.044860890568198454,249,0.9996114996114996,0.9836937795163873,0.951038781163435,0.9346399128549219,0.9153434070843908,0.9568654760461269,0.03098060245065997
3.9394042015075685,1.8075333359074397,0.9245442390441895,0.0721460524122636,3,50,8,"('pycatch22', {})",correlation,0.85,"('ffill', None)","{'classifier__base_estimator__max_depth': 3, 'classifier__base_estimator__n_estimators': 50, 'feature_extraction__n_lags': 8, 'feature_extraction__params': ('pycatch22', {}), 'feature_selection__strategy': 'correlation', 'feature_selection__threshold': 0.85, 'imputation__params': ('ffill', None)}",0.5859000684462696,0.5899179272610235,0.6741691577281519,0.6971864171864173,0.619808377896613,0.6333963897036952,0.044860890568198454,249,0.9996114996114996,0.9836937795163873,0.951038781163435,0.9346399128549219,0.9153434070843908,0.9568654760461269,0.03098060245065997
3.8063921451568605,1.5481203063236806,0.9013402462005615,0.07867700679943866,3,50,8,"('pycatch22', {})",correlation,0.9,"('interpolate', 'linear')","{'classifier__base_estimator__max_depth': 3, 'classifier__base_estimator__n_estimators': 50, 'feature_extraction__n_lags': 8, 'feature_extraction__params': ('pycatch22', {}), 'feature_selection__strategy': 'correlation', 'feature_selection__threshold': 0.9, 'imputation__params': ('interpolate', 'linear')}",0.6077600958247775,0.5838429353073704,0.6710480042201512,0.7216632016632016,0.6253899286987523,0.6419408331428506,0.049031631474069026,233,0.9996891996891997,0.9866226158866571,0.9563399160039318,0.9322797336551838,0.9144073703399221,0.9578677671149789,0.03200550397554978
3.591232681274414,1.6362188167036298,0.9173476219177246,0.09380694401254482,3,50,8,"('pycatch22', {})",correlation,0.9,"('interpolate', ('polynomial', 2))","{'classifier__base_estimator__max_depth': 3, 'classifier__base_estimator__n_estimators': 50, 'feature_extraction__n_lags': 8, 'feature_extraction__params': ('pycatch22', {}), 'feature_selection__strategy': 'correlation', 'feature_selection__threshold': 0.9, 'imputation__params': ('interpolate', ('polynomial', 2))}",0.6077600958247775,0.5838429353073704,0.6710480042201512,0.7216632016632016,0.6253899286987523,0.6419408331428506,0.049031631474069026,233,0.9996891996891997,0.9866226158866571,0.9563399160039318,0.9322797336551838,0.9144073703399221,0.9578677671149789,0.03200550397554978
3.6208019256591797,1.63525922576445,0.8722424507141113,0.054306861909500945,3,50,8,"('pycatch22', {})",correlation,0.9,"('interpolate', ('spline', 2))","{'classifier__base_estimator__max_depth': 3, 'classifier__base_estimator__n_estimators': 50, 'feature_extraction__n_lags': 8, 'feature_extraction__params': ('pycatch22', {}), 'feature_selection__strategy': 'correlation', 'feature_selection__threshold': 0.9, 'imputation__params': ('interpolate', ('spline', 2))}",0.6077600958247775,0.5838429353073704,0.6710480042201512,0.7216632016632016,0.6253899286987523,0.6419408331428506,0.049031631474069026,233,0.9996891996891997,0.9866226158866571,0.9563399160039318,0.9322797336551838,0.9144073703399221,0.9578677671149789,0.03200550397554978
3.6408269882202147,1.6185815220077886,0.8630168437957764,0.08843715614910003,3,50,8,"('pycatch22', {})",correlation,0.9,"('ffill', None)","{'classifier__base_estimator__max_depth': 3, 'classifier__base_estimator__n_estimators': 50, 'feature_extraction__n_lags': 8, 'feature_extraction__params': ('pycatch22', {}), 'feature_selection__strategy': 'correlation', 'feature_selection__threshold': 0.9, 'imputation__params': ('ffill', None)}",0.6077600958247775,0.5838429353073704,0.6710480042201512,0.7216632016632016,0.6253899286987523,0.6419408331428506,0.049031631474069026,233,0.9996891996891997,0.9866226158866571,0.9563399160039318,0.9322797336551838,0.9144073703399221,0.9578677671149789,0.03200550397554978
3.6261587142944336,1.7503492183549636,0.8975109100341797,0.09479411262897167,3,50,8,"('pycatch22', {})",correlation,0.95,"('interpolate', 'linear')","{'classifier__base_estimator__max_depth': 3, 'classifier__base_estimator__n_estimators': 50, 'feature_extraction__n_lags': 8, 'feature_extraction__params': ('pycatch22', {}), 'feature_selection__strategy': 'correlation', 'feature_selection__threshold': 0.95, 'imputation__params': ('interpolate', 'linear')}",0.6077600958247775,0.6130109430318635,0.6775540706875329,0.6998475398475399,0.6388591800356507,0.6474063658854728,0.03601912564265688,213,0.9996891996891997,0.9843423799582462,0.9604146188901795,0.9334547091072745,0.914587577891363,0.9584976971072526,0.03138028656105467
3.642228841781616,1.6251068903842945,0.9099005699157715,0.046762181442574616,3,50,8,"('pycatch22', {})",correlation,0.95,"('interpolate', ('polynomial', 2))","{'classifier__base_estimator__max_depth': 3, 'classifier__base_estimator__n_estimators': 50, 'feature_extraction__n_lags': 8, 'feature_extraction__params': ('pycatch22', {}), 'feature_selection__strategy': 'correlation', 'feature_selection__threshold': 0.95, 'imputation__params': ('interpolate', ('polynomial', 2))}",0.6077600958247775,0.6130109430318635,0.6775540706875329,0.6998475398475399,0.6388591800356507,0.6474063658854728,0.03601912564265688,213,0.9996891996891997,0.9843423799582462,0.9604146188901795,0.9334547091072745,0.914587577891363,0.9584976971072526,0.03138028656105467
3.6872074127197267,1.704659230013187,0.8477277278900146,0.07421919941622106,3,50,8,"('pycatch22', {})",correlation,0.95,"('interpolate', ('spline', 2))","{'classifier__base_estimator__max_depth': 3, 'classifier__base_estimator__n_estimators': 50, 'feature_extraction__n_lags': 8, 'feature_extraction__params': ('pycatch22', {}), 'feature_selection__strategy': 'correlation', 'feature_selection__threshold': 0.95, 'imputation__params': ('interpolate', ('spline', 2))}",0.6077600958247775,0.6130109430318635,0.6775540706875329,0.6998475398475399,0.6388591800356507,0.6474063658854728,0.03601912564265688,213,0.9996891996891997,0.9843423799582462,0.9604146188901795,0.9334547091072745,0.914587577891363,0.9584976971072526,0.03138028656105467
3.738763761520386,1.6095077252987575,0.8883015155792237,0.08649138327161285,3,50,8,"('pycatch22', {})",correlation,0.95,"('ffill', None)","{'classifier__base_estimator__max_depth': 3, 'classifier__base_estimator__n_estimators': 50, 'feature_extraction__n_lags': 8, 'feature_extraction__params': ('pycatch22', {}), 'feature_selection__strategy': 'correlation', 'feature_selection__threshold': 0.95, 'imputation__params': ('ffill', None)}",0.6077600958247775,0.6130109430318635,0.6775540706875329,0.6998475398475399,0.6388591800356507,0.6474063658854728,0.03601912564265688,213,0.9996891996891997,0.9843423799582462,0.9604146188901795,0.9334547091072745,0.914587577891363,0.9584976971072526,0.03138028656105467
2.81828031539917,1.2784802243093731,0.9374394893646241,0.1026390853274673,3,50,8,"('pycatch22', {})",pca,0.85,"('interpolate', 'linear')","{'classifier__base_estimator__max_depth': 3, 'classifier__base_estimator__n_estimators': 50, 'feature_extraction__n_lags': 8, 'feature_extraction__params': ('pycatch22', {}), 'feature_selection__strategy': 'pca', 'feature_selection__threshold': 0.85, 'imputation__params': ('interpolate', 'linear')}",0.5318702943189596,0.6129707112970711,0.5167707051169332,0.5322799722799724,0.6528520499108734,0.569348746584762,0.053700756659523334,337,0.9047202797202798,0.8444575065366763,0.8008466624966493,0.7695309303657638,0.7468329639823187,0.8132776686203375,0.056244358317718166
2.704309177398682,1.2332214452038195,0.8957034111022949,0.09207551883280589,3,50,8,"('pycatch22', {})",pca,0.85,"('interpolate', ('polynomial', 2))","{'classifier__base_estimator__max_depth': 3, 'classifier__base_estimator__n_estimators': 50, 'feature_extraction__n_lags': 8, 'feature_extraction__params': ('pycatch22', {}), 'feature_selection__strategy': 'pca', 'feature_selection__threshold': 0.85, 'imputation__params': ('interpolate', ('polynomial', 2))}",0.5318702943189596,0.6129707112970711,0.5167707051169332,0.5322799722799724,0.6528520499108734,0.569348746584762,0.053700756659523334,337,0.9047202797202798,0.8444575065366763,0.8008466624966493,0.7695309303657638,0.7468329639823187,0.8132776686203375,0.056244358317718166
2.790291929244995,1.290934074175275,0.8954362392425537,0.09053340585378872,3,50,8,"('pycatch22', {})",pca,0.85,"('interpolate', ('spline', 2))","{'classifier__base_estimator__max_depth': 3, 'classifier__base_estimator__n_estimators': 50, 'feature_extraction__n_lags': 8, 'feature_extraction__params': ('pycatch22', {}), 'feature_selection__strategy': 'pca', 'feature_selection__threshold': 0.85, 'imputation__params': ('interpolate', ('spline', 2))}",0.5318702943189596,0.6129707112970711,0.5167707051169332,0.5322799722799724,0.6528520499108734,0.569348746584762,0.053700756659523334,337,0.9047202797202798,0.8444575065366763,0.8008466624966493,0.7695309303657638,0.7468329639823187,0.8132776686203375,0.056244358317718166
2.7848133087158202,1.2712618586137412,0.8911801815032959,0.08663691015203641,3,50,8,"('pycatch22', {})",pca,0.85,"('ffill', None)","{'classifier__base_estimator__max_depth': 3, 'classifier__base_estimator__n_estimators': 50, 'feature_extraction__n_lags': 8, 'feature_extraction__params': ('pycatch22', {}), 'feature_selection__strategy': 'pca', 'feature_selection__threshold': 0.85, 'imputation__params': ('ffill', None)}",0.5318702943189596,0.6129707112970711,0.5167707051169332,0.5322799722799724,0.6528520499108734,0.569348746584762,0.053700756659523334,337,0.9047202797202798,0.8444575065366763,0.8008466624966493,0.7695309303657638,0.7468329639823187,0.8132776686203375,0.056244358317718166
2.771872711181641,1.3016631859292933,0.8740383148193359,0.08162262841791497,3,50,8,"('pycatch22', {})",pca,0.9,"('interpolate', 'linear')","{'classifier__base_estimator__max_depth': 3, 'classifier__base_estimator__n_estimators': 50, 'feature_extraction__n_lags': 8, 'feature_extraction__params': ('pycatch22', {}), 'feature_selection__strategy': 'pca', 'feature_selection__threshold': 0.9, 'imputation__params': ('interpolate', 'linear')}",0.5318702943189596,0.6129707112970711,0.5167707051169332,0.5322799722799724,0.6528520499108734,0.569348746584762,0.053700756659523334,337,0.9047202797202798,0.8444575065366763,0.8008466624966493,0.7695309303657638,0.7468329639823187,0.8132776686203375,0.056244358317718166
2.7655712127685548,1.1736813184515866,0.9038041591644287,0.07430346871005884,3,50,8,"('pycatch22', {})",pca,0.9,"('interpolate', ('polynomial', 2))","{'classifier__base_estimator__max_depth': 3, 'classifier__base_estimator__n_estimators': 50, 'feature_extraction__n_lags': 8, 'feature_extraction__params': ('pycatch22', {}), 'feature_selection__strategy': 'pca', 'feature_selection__threshold': 0.9, 'imputation__params': ('interpolate', ('polynomial', 2))}",0.5318702943189596,0.6129707112970711,0.5167707051169332,0.5322799722799724,0.6528520499108734,0.569348746584762,0.053700756659523334,337,0.9047202797202798,0.8444575065366763,0.8008466624966493,0.7695309303657638,0.7468329639823187,0.8132776686203375,0.056244358317718166
2.7432916164398193,1.2250330366636168,0.8764149188995362,0.0667649070022293,3,50,8,"('pycatch22', {})",pca,0.9,"('interpolate', ('spline', 2))","{'classifier__base_estimator__max_depth': 3, 'classifier__base_estimator__n_estimators': 50, 'feature_extraction__n_lags': 8, 'feature_extraction__params': ('pycatch22', {}), 'feature_selection__strategy': 'pca', 'feature_selection__threshold': 0.9, 'imputation__params': ('interpolate', ('spline', 2))}",0.5318702943189596,0.6129707112970711,0.5167707051169332,0.5322799722799724,0.6528520499108734,0.569348746584762,0.053700756659523334,337,0.9047202797202798,0.8444575065366763,0.8008466624966493,0.7695309303657638,0.7468329639823187,0.8132776686203375,0.056244358317718166
2.782256507873535,1.2996780471684093,0.8912557125091553,0.05320479151491407,3,50,8,"('pycatch22', {})",pca,0.9,"('ffill', None)","{'classifier__base_estimator__max_depth': 3, 'classifier__base_estimator__n_estimators': 50, 'feature_extraction__n_lags': 8, 'feature_extraction__params': ('pycatch22', {}), 'feature_selection__strategy': 'pca', 'feature_selection__threshold': 0.9, 'imputation__params': ('ffill', None)}",0.5318702943189596,0.6129707112970711,0.5167707051169332,0.5322799722799724,0.6528520499108734,0.569348746584762,0.053700756659523334,337,0.9047202797202798,0.8444575065366763,0.8008466624966493,0.7695309303657638,0.7468329639823187,0.8132776686203375,0.056244358317718166
2.7764688968658446,1.3127381530097832,0.9223992347717285,0.09219913083078918,3,50,8,"('pycatch22', {})",pca,0.95,"('interpolate', 'linear')","{'classifier__base_estimator__max_depth': 3, 'classifier__base_estimator__n_estimators': 50, 'feature_extraction__n_lags': 8, 'feature_extraction__params': ('pycatch22', {}), 'feature_selection__strategy': 'pca', 'feature_selection__threshold': 0.95, 'imputation__params': ('interpolate', 'linear')}",0.5318702943189596,0.6129707112970711,0.5167707051169332,0.5322799722799724,0.6528520499108734,0.569348746584762,0.053700756659523334,337,0.9047202797202798,0.8444575065366763,0.8008466624966493,0.7695309303657638,0.7468329639823187,0.8132776686203375,0.056244358317718166
2.761613607406616,1.2714569480955176,0.8906496047973633,0.07849587823644415,3,50,8,"('pycatch22', {})",pca,0.95,"('interpolate', ('polynomial', 2))","{'classifier__base_estimator__max_depth': 3, 'classifier__base_estimator__n_estimators': 50, 'feature_extraction__n_lags': 8, 'feature_extraction__params': ('pycatch22', {}), 'feature_selection__strategy': 'pca', 'feature_selection__threshold': 0.95, 'imputation__params': ('interpolate', ('polynomial', 2))}",0.5318702943189596,0.6129707112970711,0.5167707051169332,0.5322799722799724,0.6528520499108734,0.569348746584762,0.053700756659523334,337,0.9047202797202798,0.8444575065366763,0.8008466624966493,0.7695309303657638,0.7468329639823187,0.8132776686203375,0.056244358317718166
2.800470066070557,1.2243118117384972,0.9078573703765869,0.0708426264332662,3,50,8,"('pycatch22', {})",pca,0.95,"('interpolate', ('spline', 2))","{'classifier__base_estimator__max_depth': 3, 'classifier__base_estimator__n_estimators': 50, 'feature_extraction__n_lags': 8, 'feature_extraction__params': ('pycatch22', {}), 'feature_selection__strategy': 'pca', 'feature_selection__threshold': 0.95, 'imputation__params': ('interpolate', ('spline', 2))}",0.5318702943189596,0.6129707112970711,0.5167707051169332,0.5322799722799724,0.6528520499108734,0.569348746584762,0.053700756659523334,337,0.9047202797202798,0.8444575065366763,0.8008466624966493,0.7695309303657638,0.7468329639823187,0.8132776686203375,0.056244358317718166
2.79993257522583,1.3572252214705947,0.9310633182525635,0.0981524449918185,3,50,8,"('pycatch22', {})",pca,0.95,"('ffill', None)","{'classifier__base_estimator__max_depth': 3, 'classifier__base_estimator__n_estimators': 50, 'feature_extraction__n_lags': 8, 'feature_extraction__params': ('pycatch22', {}), 'feature_selection__strategy': 'pca', 'feature_selection__threshold': 0.95, 'imputation__params': ('ffill', None)}",0.5318702943189596,0.6129707112970711,0.5167707051169332,0.5322799722799724,0.6528520499108734,0.569348746584762,0.053700756659523334,337,0.9047202797202798,0.8444575065366763,0.8008466624966493,0.7695309303657638,0.7468329639823187,0.8132776686203375,0.056244358317718166
3.448768711090088,1.6098717486497445,0.7109977722167968,0.02469119985807169,3,100,3,"('pycatch22', {})",correlation,0.85,"('interpolate', 'linear')","{'classifier__base_estimator__max_depth': 3, 'classifier__base_estimator__n_estimators': 100, 'feature_extraction__n_lags': 3, 'feature_extraction__params': ('pycatch22', {}), 'feature_selection__strategy': 'correlation', 'feature_selection__threshold': 0.85, 'imputation__params': ('interpolate', 'linear')}",0.5648,0.6621729719555807,0.6947509457755359,0.7222539113428943,0.671171025897378,0.6630297709942777,0.05334760308601311,109,0.9939243302954985,0.9762866289091358,0.9566971490048414,0.9333401146034652,0.9153372158724368,0.9551170877370755,0.0283313356778772
3.579976940155029,1.6201802887788104,0.6826214790344238,0.05861032764007685,3,100,3,"('pycatch22', {})",correlation,0.85,"('interpolate', ('polynomial', 2))","{'classifier__base_estimator__max_depth': 3, 'classifier__base_estimator__n_estimators': 100, 'feature_extraction__n_lags': 3, 'feature_extraction__params': ('pycatch22', {}), 'feature_selection__strategy': 'correlation', 'feature_selection__threshold': 0.85, 'imputation__params': ('interpolate', ('polynomial', 2))}",0.5648,0.6621729719555807,0.6947509457755359,0.7222539113428943,0.671171025897378,0.6630297709942777,0.05334760308601311,109,0.9939243302954985,0.9762866289091358,0.9566971490048414,0.9333401146034652,0.9153372158724368,0.9551170877370755,0.0283313356778772
3.5187378406524656,1.5596270792784432,0.7088917255401611,0.05103010644114052,3,100,3,"('pycatch22', {})",correlation,0.85,"('interpolate', ('spline', 2))","{'classifier__base_estimator__max_depth': 3, 'classifier__base_estimator__n_estimators': 100, 'feature_extraction__n_lags': 3, 'feature_extraction__params': ('pycatch22', {}), 'feature_selection__strategy': 'correlation', 'feature_selection__threshold': 0.85, 'imputation__params': ('interpolate', ('spline', 2))}",0.5648,0.6621729719555807,0.6947509457755359,0.7222539113428943,0.671171025897378,0.6630297709942777,0.05334760308601311,109,0.9939243302954985,0.9762866289091358,0.9566971490048414,0.9333401146034652,0.9153372158724368,0.9551170877370755,0.0283313356778772
3.5926922798156737,1.5810039088801695,0.7622296810150146,0.06341421852497131,3,100,3,"('pycatch22', {})",correlation,0.85,"('ffill', None)","{'classifier__base_estimator__max_depth': 3, 'classifier__base_estimator__n_estimators': 100, 'feature_extraction__n_lags': 3, 'feature_extraction__params': ('pycatch22', {}), 'feature_selection__strategy': 'correlation', 'feature_selection__threshold': 0.85, 'imputation__params': ('ffill', None)}",0.5648,0.6621729719555807,0.6947509457755359,0.7222539113428943,0.671171025897378,0.6630297709942777,0.05334760308601311,109,0.9939243302954985,0.9762866289091358,0.9566971490048414,0.9333401146034652,0.9153372158724368,0.9551170877370755,0.0283313356778772
3.511402702331543,1.6431408805213494,0.6854150772094727,0.05864289043726152,3,100,3,"('pycatch22', {})",correlation,0.9,"('interpolate', 'linear')","{'classifier__base_estimator__max_depth': 3, 'classifier__base_estimator__n_estimators': 100, 'feature_extraction__n_lags': 3, 'feature_extraction__params': ('pycatch22', {}), 'feature_selection__strategy': 'correlation', 'feature_selection__threshold': 0.9, 'imputation__params': ('interpolate', 'linear')}",0.5714933333333333,0.6644551101072841,0.6886296763345944,0.7177314211212517,0.6633179604605413,0.661125500271401,0.04901128137383985,129,0.9953281782196447,0.9794324058113765,0.9586740182894028,0.9351972579009502,0.9170661173570854,0.9571395955156918,0.02844307129967551
3.530778646469116,1.5643416319100334,0.6929976463317871,0.040688394370751044,3,100,3,"('pycatch22', {})",correlation,0.9,"('interpolate', ('polynomial', 2))","{'classifier__base_estimator__max_depth': 3, 'classifier__base_estimator__n_estimators': 100, 'feature_extraction__n_lags': 3, 'feature_extraction__params': ('pycatch22', {}), 'feature_selection__strategy': 'correlation', 'feature_selection__threshold': 0.9, 'imputation__params': ('interpolate', ('polynomial', 2))}",0.5714933333333333,0.6644551101072841,0.6886296763345944,0.7177314211212517,0.6633179604605413,0.661125500271401,0.04901128137383985,129,0.9953281782196447,0.9794324058113765,0.9586740182894028,0.9351972579009502,0.9170661173570854,0.9571395955156918,0.02844307129967551
3.5984198570251467,1.6509669480171238,0.6736605644226075,0.019820940776242347,3,100,3,"('pycatch22', {})",correlation,0.9,"('interpolate', ('spline', 2))","{'classifier__base_estimator__max_depth': 3, 'classifier__base_estimator__n_estimators': 100, 'feature_extraction__n_lags': 3, 'feature_extraction__params': ('pycatch22', {}), 'feature_selection__strategy': 'correlation', 'feature_selection__threshold': 0.9, 'imputation__params': ('interpolate', ('spline', 2))}",0.5714933333333333,0.6644551101072841,0.6886296763345944,0.7177314211212517,0.6633179604605413,0.661125500271401,0.04901128137383985,129,0.9953281782196447,0.9794324058113765,0.9586740182894028,0.9351972579009502,0.9170661173570854,0.9571395955156918,0.02844307129967551
3.5437100887298585,1.6009614737806366,0.7139851093292237,0.012507152799160282,3,100,3,"('pycatch22', {})",correlation,0.9,"('ffill', None)","{'classifier__base_estimator__max_depth': 3, 'classifier__base_estimator__n_estimators': 100, 'feature_extraction__n_lags': 3, 'feature_extraction__params': ('pycatch22', {}), 'feature_selection__strategy': 'correlation', 'feature_selection__threshold': 0.9, 'imputation__params': ('ffill', None)}",0.5714933333333333,0.6644551101072841,0.6886296763345944,0.7177314211212517,0.6633179604605413,0.661125500271401,0.04901128137383985,129,0.9953281782196447,0.9794324058113765,0.9586740182894028,0.9351972579009502,0.9170661173570854,0.9571395955156918,0.02844307129967551
3.5619576454162596,1.5841456755719867,0.695054292678833,0.04200783490879106,3,100,3,"('pycatch22', {})",correlation,0.95,"('interpolate', 'linear')","{'classifier__base_estimator__max_depth': 3, 'classifier__base_estimator__n_estimators': 100, 'feature_extraction__n_lags': 3, 'feature_extraction__params': ('pycatch22', {}), 'feature_selection__strategy': 'correlation', 'feature_selection__threshold': 0.95, 'imputation__params': ('interpolate', 'linear')}",0.5412266666666666,0.6911349520045171,0.7069146700294242,0.7165254237288134,0.6543038668687715,0.6620211158596386,0.06400722010083648,121,0.9957884562275614,0.9706845604530904,0.9574287251210328,0.9361096469732418,0.9172400752779546,0.9554502928105763,0.027192814632404933
3.4988738536834716,1.5906704835729055,0.7283245086669922,0.059644063634435744,3,100,3,"('pycatch22', {})",correlation,0.95,"('interpolate', ('polynomial', 2))","{'classifier__base_estimator__max_depth': 3, 'classifier__base_estimator__n_estimators': 100, 'feature_extraction__n_lags': 3, 'feature_extraction__params': ('pycatch22', {}), 'feature_selection__strategy': 'correlation', 'feature_selection__threshold': 0.95, 'imputation__params': ('interpolate', ('polynomial', 2))}",0.5412266666666666,0.6911349520045171,0.7069146700294242,0.7165254237288134,0.6543038668687715,0.6620211158596386,0.06400722010083648,121,0.9957884562275614,0.9706845604530904,0.9574287251210328,0.9361096469732418,0.9172400752779546,0.9554502928105763,0.027192814632404933
3.48337721824646,1.6129063635873997,0.7456246852874756,0.06191679106852692,3,100,3,"('pycatch22', {})",correlation,0.95,"('interpolate', ('spline', 2))","{'classifier__base_estimator__max_depth': 3, 'classifier__base_estimator__n_estimators': 100, 'feature_extraction__n_lags': 3, 'feature_extraction__params': ('pycatch22', {}), 'feature_selection__strategy': 'correlation', 'feature_selection__threshold': 0.95, 'imputation__params': ('interpolate', ('spline', 2))}",0.5412266666666666,0.6911349520045171,0.7069146700294242,0.7165254237288134,0.6543038668687715,0.6620211158596386,0.06400722010083648,121,0.9957884562275614,0.9706845604530904,0.9574287251210328,0.9361096469732418,0.9172400752779546,0.9554502928105763,0.027192814632404933
3.677934169769287,1.7501231965682833,0.7492584228515625,0.04606449072230719,3,100,3,"('pycatch22', {})",correlation,0.95,"('ffill', None)","{'classifier__base_estimator__max_depth': 3, 'classifier__base_estimator__n_estimators': 100, 'feature_extraction__n_lags': 3, 'feature_extraction__params': ('pycatch22', {}), 'feature_selection__strategy': 'correlation', 'feature_selection__threshold': 0.95, 'imputation__params': ('ffill', None)}",0.5412266666666666,0.6911349520045171,0.7069146700294242,0.7165254237288134,0.6543038668687715,0.6620211158596386,0.06400722010083648,121,0.9957884562275614,0.9706845604530904,0.9574287251210328,0.9361096469732418,0.9172400752779546,0.9554502928105763,0.027192814632404933
2.4064211368560793,1.038510018936444,0.7596904277801514,0.014010727015814586,3,100,3,"('pycatch22', {})",pca,0.85,"('interpolate', 'linear')","{'classifier__base_estimator__max_depth': 3, 'classifier__base_estimator__n_estimators': 100, 'feature_extraction__n_lags': 3, 'feature_extraction__params': ('pycatch22', {}), 'feature_selection__strategy': 'pca', 'feature_selection__threshold': 0.85, 'imputation__params': ('interpolate', 'linear')}",0.47605333333333333,0.6052842085450781,0.5053462589323245,0.5256926336375489,0.6289870029348212,0.5482726874766212,0.05887832617566939,613,0.9232371352296788,0.876289706968727,0.8229774072081764,0.8072323787154425,0.7699809135682729,0.8399435083380595,0.053873009367063684
2.423486089706421,1.1214076043906558,0.736036729812622,0.02743682698982451,3,100,3,"('pycatch22', {})",pca,0.85,"('interpolate', ('polynomial', 2))","{'classifier__base_estimator__max_depth': 3, 'classifier__base_estimator__n_estimators': 100, 'feature_extraction__n_lags': 3, 'feature_extraction__params': ('pycatch22', {}), 'feature_selection__strategy': 'pca', 'feature_selection__threshold': 0.85, 'imputation__params': ('interpolate', ('polynomial', 2))}",0.47605333333333333,0.6052842085450781,0.5053462589323245,0.5256926336375489,0.6289870029348212,0.5482726874766212,0.05887832617566939,613,0.9232371352296788,0.876289706968727,0.8229774072081764,0.8072323787154425,0.7699809135682729,0.8399435083380595,0.053873009367063684
2.421187973022461,1.0978335097322438,0.7157410144805908,0.04630918783506848,3,100,3,"('pycatch22', {})",pca,0.85,"('interpolate', ('spline', 2))","{'classifier__base_estimator__max_depth': 3, 'classifier__base_estimator__n_estimators': 100, 'feature_extraction__n_lags': 3, 'feature_extraction__params': ('pycatch22', {}), 'feature_selection__strategy': 'pca', 'feature_selection__threshold': 0.85, 'imputation__params': ('interpolate', ('spline', 2))}",0.47605333333333333,0.6052842085450781,0.5053462589323245,0.5256926336375489,0.6289870029348212,0.5482726874766212,0.05887832617566939,613,0.9232371352296788,0.876289706968727,0.8229774072081764,0.8072323787154425,0.7699809135682729,0.8399435083380595,0.053873009367063684
2.420721244812012,1.0499829580607103,0.7239670753479004,0.06804891771318594,3,100,3,"('pycatch22', {})",pca,0.85,"('ffill', None)","{'classifier__base_estimator__max_depth': 3, 'classifier__base_estimator__n_estimators': 100, 'feature_extraction__n_lags': 3, 'feature_extraction__params': ('pycatch22', {}), 'feature_selection__strategy': 'pca', 'feature_selection__threshold': 0.85, 'imputation__params': ('ffill', None)}",0.47605333333333333,0.6052842085450781,0.5053462589323245,0.5256926336375489,0.6289870029348212,0.5482726874766212,0.05887832617566939,613,0.9232371352296788,0.876289706968727,0.8229774072081764,0.8072323787154425,0.7699809135682729,0.8399435083380595,0.053873009367063684
2.368056631088257,1.0350084521501353,0.7431085586547852,0.06241946309812816,3,100,3,"('pycatch22', {})",pca,0.9,"('interpolate', 'linear')","{'classifier__base_estimator__max_depth': 3, 'classifier__base_estimator__n_estimators': 100, 'feature_extraction__n_lags': 3, 'feature_extraction__params': ('pycatch22', {}), 'feature_selection__strategy': 'pca', 'feature_selection__threshold': 0.9, 'imputation__params': ('interpolate', 'linear')}",0.47605333333333333,0.6052842085450781,0.5053462589323245,0.5256926336375489,0.6289870029348212,0.5482726874766212,0.05887832617566939,613,0.9232371352296788,0.876289706968727,0.8229774072081764,0.8072323787154425,0.7699809135682729,0.8399435083380595,0.053873009367063684
2.427984189987183,1.0594241528022017,0.7636895656585694,0.038878227279805944,3,100,3,"('pycatch22', {})",pca,0.9,"('interpolate', ('polynomial', 2))","{'classifier__base_estimator__max_depth': 3, 'classifier__base_estimator__n_estimators': 100, 'feature_extraction__n_lags': 3, 'feature_extraction__params': ('pycatch22', {}), 'feature_selection__strategy': 'pca', 'feature_selection__threshold': 0.9, 'imputation__params': ('interpolate', ('polynomial', 2))}",0.47605333333333333,0.6052842085450781,0.5053462589323245,0.5256926336375489,0.6289870029348212,0.5482726874766212,0.05887832617566939,613,0.9232371352296788,0.876289706968727,0.8229774072081764,0.8072323787154425,0.7699809135682729,0.8399435083380595,0.053873009367063684
2.3829795360565185,1.0642532143539087,0.7128568172454834,0.03633332483951174,3,100,3,"('pycatch22', {})",pca,0.9,"('interpolate', ('spline', 2))","{'classifier__base_estimator__max_depth': 3, 'classifier__base_estimator__n_estimators': 100, 'feature_extraction__n_lags': 3, 'feature_extraction__params': ('pycatch22', {}), 'feature_selection__strategy': 'pca', 'feature_selection__threshold': 0.9, 'imputation__params': ('interpolate', ('spline', 2))}",0.47605333333333333,0.6052842085450781,0.5053462589323245,0.5256926336375489,0.6289870029348212,0.5482726874766212,0.05887832617566939,613,0.9232371352296788,0.876289706968727,0.8229774072081764,0.8072323787154425,0.7699809135682729,0.8399435083380595,0.053873009367063684
2.3109800815582275,0.980801845837273,0.7054266452789306,0.057539530377153036,3,100,3,"('pycatch22', {})",pca,0.9,"('ffill', None)","{'classifier__base_estimator__max_depth': 3, 'classifier__base_estimator__n_estimators': 100, 'feature_extraction__n_lags': 3, 'feature_extraction__params': ('pycatch22', {}), 'feature_selection__strategy': 'pca', 'feature_selection__threshold': 0.9, 'imputation__params': ('ffill', None)}",0.47605333333333333,0.6052842085450781,0.5053462589323245,0.5256926336375489,0.6289870029348212,0.5482726874766212,0.05887832617566939,613,0.9232371352296788,0.876289706968727,0.8229774072081764,0.8072323787154425,0.7699809135682729,0.8399435083380595,0.053873009367063684
2.3916297912597657,1.0554893488103012,0.7458489894866943,0.05020684710442121,3,100,3,"('pycatch22', {})",pca,0.95,"('interpolate', 'linear')","{'classifier__base_estimator__max_depth': 3, 'classifier__base_estimator__n_estimators': 100, 'feature_extraction__n_lags': 3, 'feature_extraction__params': ('pycatch22', {}), 'feature_selection__strategy': 'pca', 'feature_selection__threshold': 0.95, 'imputation__params': ('interpolate', 'linear')}",0.47605333333333333,0.6052842085450781,0.5053462589323245,0.5256926336375489,0.6289870029348212,0.5482726874766212,0.05887832617566939,613,0.9232371352296788,0.876289706968727,0.8229774072081764,0.8072323787154425,0.7699809135682729,0.8399435083380595,0.053873009367063684
2.382766532897949,1.0370273137223476,0.7619426727294922,0.03741782025015484,3,100,3,"('pycatch22', {})",pca,0.95,"('interpolate', ('polynomial', 2))","{'classifier__base_estimator__max_depth': 3, 'classifier__base_estimator__n_estimators': 100, 'feature_extraction__n_lags': 3, 'feature_extraction__params': ('pycatch22', {}), 'feature_selection__strategy': 'pca', 'feature_selection__threshold': 0.95, 'imputation__params': ('interpolate', ('polynomial', 2))}",0.47605333333333333,0.6052842085450781,0.5053462589323245,0.5256926336375489,0.6289870029348212,0.5482726874766212,0.05887832617566939,613,0.9232371352296788,0.876289706968727,0.8229774072081764,0.8072323787154425,0.7699809135682729,0.8399435083380595,0.053873009367063684
2.3635271072387694,1.0340682739358797,0.7115993022918701,0.05042138550087469,3,100,3,"('pycatch22', {})",pca,0.95,"('interpolate', ('spline', 2))","{'classifier__base_estimator__max_depth': 3, 'classifier__base_estimator__n_estimators': 100, 'feature_extraction__n_lags': 3, 'feature_extraction__params': ('pycatch22', {}), 'feature_selection__strategy': 'pca', 'feature_selection__threshold': 0.95, 'imputation__params': ('interpolate', ('spline', 2))}",0.47605333333333333,0.6052842085450781,0.5053462589323245,0.5256926336375489,0.6289870029348212,0.5482726874766212,0.05887832617566939,613,0.9232371352296788,0.876289706968727,0.8229774072081764,0.8072323787154425,0.7699809135682729,0.8399435083380595,0.053873009367063684
2.4016280651092528,1.0377079909780023,0.7342995643615723,0.08167245077821207,3,100,3,"('pycatch22', {})",pca,0.95,"('ffill', None)","{'classifier__base_estimator__max_depth': 3, 'classifier__base_estimator__n_estimators': 100, 'feature_extraction__n_lags': 3, 'feature_extraction__params': ('pycatch22', {}), 'feature_selection__strategy': 'pca', 'feature_selection__threshold': 0.95, 'imputation__params': ('ffill', None)}",0.47605333333333333,0.6052842085450781,0.5053462589323245,0.5256926336375489,0.6289870029348212,0.5482726874766212,0.05887832617566939,613,0.9232371352296788,0.876289706968727,0.8229774072081764,0.8072323787154425,0.7699809135682729,0.8399435083380595,0.053873009367063684
3.674740266799927,1.6333380616563886,0.8401683330535888,0.057490156574396746,3,100,5,"('pycatch22', {})",correlation,0.85,"('interpolate', 'linear')","{'classifier__base_estimator__max_depth': 3, 'classifier__base_estimator__n_estimators': 100, 'feature_extraction__n_lags': 5, 'feature_extraction__params': ('pycatch22', {}), 'feature_selection__strategy': 'correlation', 'feature_selection__threshold': 0.85, 'imputation__params': ('interpolate', 'linear')}",0.5562679425837321,0.7016439909297052,0.6865394305870497,0.7189665909958414,0.6745558925476604,0.6675947695287977,0.05761845768987954,53,0.999055817828381,0.9935152321798284,0.9806514746347325,0.966665804219584,0.9516539686639118,0.9783084595052876,0.01739656193949545
3.8371203422546385,1.6912932676372385,0.8515471458435059,0.09214382555403634,3,100,5,"('pycatch22', {})",correlation,0.85,"('interpolate', ('polynomial', 2))","{'classifier__base_estimator__max_depth': 3, 'classifier__base_estimator__n_estimators': 100, 'feature_extraction__n_lags': 5, 'feature_extraction__params': ('pycatch22', {}), 'feature_selection__strategy': 'correlation', 'feature_selection__threshold': 0.85, 'imputation__params': ('interpolate', ('polynomial', 2))}",0.5562679425837321,0.7016439909297052,0.6865394305870497,0.7189665909958414,0.6745558925476604,0.6675947695287977,0.05761845768987954,53,0.999055817828381,0.9935152321798284,0.9806514746347325,0.966665804219584,0.9516539686639118,0.9783084595052876,0.01739656193949545
3.6954949855804444,1.6763499481662927,0.8849281311035156,0.07156227715249125,3,100,5,"('pycatch22', {})",correlation,0.85,"('interpolate', ('spline', 2))","{'classifier__base_estimator__max_depth': 3, 'classifier__base_estimator__n_estimators': 100, 'feature_extraction__n_lags': 5, 'feature_extraction__params': ('pycatch22', {}), 'feature_selection__strategy': 'correlation', 'feature_selection__threshold': 0.85, 'imputation__params': ('interpolate', ('spline', 2))}",0.5562679425837321,0.7016439909297052,0.6865394305870497,0.7189665909958414,0.6745558925476604,0.6675947695287977,0.05761845768987954,53,0.999055817828381,0.9935152321798284,0.9806514746347325,0.966665804219584,0.9516539686639118,0.9783084595052876,0.01739656193949545
3.7237640857696532,1.650682693630839,0.8146845817565918,0.07714655097731303,3,100,5,"('pycatch22', {})",correlation,0.85,"('ffill', None)","{'classifier__base_estimator__max_depth': 3, 'classifier__base_estimator__n_estimators': 100, 'feature_extraction__n_lags': 5, 'feature_extraction__params': ('pycatch22', {}), 'feature_selection__strategy': 'correlation', 'feature_selection__threshold': 0.85, 'imputation__params': ('ffill', None)}",0.5562679425837321,0.7016439909297052,0.6865394305870497,0.7189665909958414,0.6745558925476604,0.6675947695287977,0.05761845768987954,53,0.999055817828381,0.9935152321798284,0.9806514746347325,0.966665804219584,0.9516539686639118,0.9783084595052876,0.01739656193949545
3.7279970169067385,1.649754880768109,0.8316555500030518,0.06524203460352075,3,100,5,"('pycatch22', {})",correlation,0.9,"('interpolate', 'linear')","{'classifier__base_estimator__max_depth': 3, 'classifier__base_estimator__n_estimators': 100, 'feature_extraction__n_lags': 5, 'feature_extraction__params': ('pycatch22', {}), 'feature_selection__strategy': 'correlation', 'feature_selection__threshold': 0.9, 'imputation__params': ('interpolate', 'linear')}",0.5538437001594896,0.7142573696145125,0.6850592088687327,0.7034172408943891,0.6647349797804736,0.6642624998635196,0.05771935276388905,93,0.9990280477645098,0.9934265010351967,0.9807192962058675,0.9696615757647442,0.9503411243112947,0.9786353090163227,0.017436025545920303
3.876145124435425,1.79710226095603,0.8754980087280273,0.06773030810840873,3,100,5,"('pycatch22', {})",correlation,0.9,"('interpolate', ('polynomial', 2))","{'classifier__base_estimator__max_depth': 3, 'classifier__base_estimator__n_estimators': 100, 'feature_extraction__n_lags': 5, 'feature_extraction__params': ('pycatch22', {}), 'feature_selection__strategy': 'correlation', 'feature_selection__threshold': 0.9, 'imputation__params': ('interpolate', ('polynomial', 2))}",0.5538437001594896,0.7142573696145125,0.6850592088687327,0.7034172408943891,0.6647349797804736,0.6642624998635196,0.05771935276388905,93,0.9990280477645098,0.9934265010351967,0.9807192962058675,0.9696615757647442,0.9503411243112947,0.9786353090163227,0.017436025545920303
3.7494048118591308,1.691417284570343,0.867210054397583,0.08243973509621194,3,100,5,"('pycatch22', {})",correlation,0.9,"('interpolate', ('spline', 2))","{'classifier__base_estimator__max_depth': 3, 'classifier__base_estimator__n_estimators': 100, 'feature_extraction__n_lags': 5, 'feature_extraction__params': ('pycatch22', {}), 'feature_selection__strategy': 'correlation', 'feature_selection__threshold': 0.9, 'imputation__params': ('interpolate', ('spline', 2))}",0.5538437001594896,0.7142573696145125,0.6850592088687327,0.7034172408943891,0.6647349797804736,0.6642624998635196,0.05771935276388905,93,0.9990280477645098,0.9934265010351967,0.9807192962058675,0.9696615757647442,0.9503411243112947,0.9786353090163227,0.017436025545920303
3.7650858402252196,1.6804591643208615,0.8309089183807373,0.027969394348870344,3,100,5,"('pycatch22', {})",correlation,0.9,"('ffill', None)","{'classifier__base_estimator__max_depth': 3, 'classifier__base_estimator__n_estimators': 100, 'feature_extraction__n_lags': 5, 'feature_extraction__params': ('pycatch22', {}), 'feature_selection__strategy': 'correlation', 'feature_selection__threshold': 0.9, 'imputation__params': ('ffill', None)}",0.5538437001594896,0.7142573696145125,0.6850592088687327,0.7034172408943891,0.6647349797804736,0.6642624998635196,0.05771935276388905,93,0.9990280477645098,0.9934265010351967,0.9807192962058675,0.9696615757647442,0.9503411243112947,0.9786353090163227,0.017436025545920303
3.793871784210205,1.7509934705032266,0.8608762741088867,0.059637218488325,3,100,5,"('pycatch22', {})",correlation,0.95,"('interpolate', 'linear')","{'classifier__base_estimator__max_depth': 3, 'classifier__base_estimator__n_estimators': 100, 'feature_extraction__n_lags': 5, 'feature_extraction__params': ('pycatch22', {}), 'feature_selection__strategy': 'correlation', 'feature_selection__threshold': 0.95, 'imputation__params': ('interpolate', 'linear')}",0.5032216905901117,0.728174603174603,0.6652809271856891,0.7021114169194609,0.6674429520508376,0.6532463179841403,0.07855674493984183,177,0.9989725076367676,0.9934708666075126,0.9840037980079835,0.9680389431819861,0.9533025568181819,0.9795577344504863,0.016806504992068195
3.8371734619140625,1.637728161549777,0.8339577674865722,0.08189048059056458,3,100,5,"('pycatch22', {})",correlation,0.95,"('interpolate', ('polynomial', 2))","{'classifier__base_estimator__max_depth': 3, 'classifier__base_estimator__n_estimators': 100, 'feature_extraction__n_lags': 5, 'feature_extraction__params': ('pycatch22', {}), 'feature_selection__strategy': 'correlation', 'feature_selection__threshold': 0.95, 'imputation__params': ('interpolate', ('polynomial', 2))}",0.5032216905901117,0.728174603174603,0.6652809271856891,0.7021114169194609,0.6674429520508376,0.6532463179841403,0.07855674493984183,177,0.9989725076367676,0.9934708666075126,0.9840037980079835,0.9680389431819861,0.9533025568181819,0.9795577344504863,0.016806504992068195
3.70656681060791,1.6514685509372387,0.8528321266174317,0.06436776473176702,3,100,5,"('pycatch22', {})",correlation,0.95,"('interpolate', ('spline', 2))","{'classifier__base_estimator__max_depth': 3, 'classifier__base_estimator__n_estimators': 100, 'feature_extraction__n_lags': 5, 'feature_extraction__params': ('pycatch22', {}), 'feature_selection__strategy': 'correlation', 'feature_selection__threshold': 0.95, 'imputation__params': ('interpolate', ('spline', 2))}",0.5032216905901117,0.728174603174603,0.6652809271856891,0.7021114169194609,0.6674429520508376,0.6532463179841403,0.07855674493984183,177,0.9989725076367676,0.9934708666075126,0.9840037980079835,0.9680389431819861,0.9533025568181819,0.9795577344504863,0.016806504992068195
3.7706679344177245,1.745214019737548,0.8012998580932618,0.0771251652104774,3,100,5,"('pycatch22', {})",correlation,0.95,"('ffill', None)","{'classifier__base_estimator__max_depth': 3, 'classifier__base_estimator__n_estimators': 100, 'feature_extraction__n_lags': 5, 'feature_extraction__params': ('pycatch22', {}), 'feature_selection__strategy': 'correlation', 'feature_selection__threshold': 0.95, 'imputation__params': ('ffill', None)}",0.5032216905901117,0.728174603174603,0.6652809271856891,0.7021114169194609,0.6674429520508376,0.6532463179841403,0.07855674493984183,177,0.9989725076367676,0.9934708666075126,0.9840037980079835,0.9680389431819861,0.9533025568181819,0.9795577344504863,0.016806504992068195
2.627872943878174,1.188068881030252,0.8641586303710938,0.08331003256057183,3,100,5,"('pycatch22', {})",pca,0.85,"('interpolate', 'linear')","{'classifier__base_estimator__max_depth': 3, 'classifier__base_estimator__n_estimators': 100, 'feature_extraction__n_lags': 5, 'feature_extraction__params': ('pycatch22', {}), 'feature_selection__strategy': 'pca', 'feature_selection__threshold': 0.85, 'imputation__params': ('interpolate', 'linear')}",0.4906379585326953,0.6026077097505669,0.525825144872764,0.5541314261606767,0.6410763287117274,0.5628557136056861,0.053593779834901316,445,0.9165231880033323,0.8818064182194617,0.8331750830006847,0.8161037967384716,0.77553966511708,0.8446296302158061,0.0495361490680097
2.684022378921509,1.186032937979987,0.8274196147918701,0.08785900880769512,3,100,5,"('pycatch22', {})",pca,0.85,"('interpolate', ('polynomial', 2))","{'classifier__base_estimator__max_depth': 3, 'classifier__base_estimator__n_estimators': 100, 'feature_extraction__n_lags': 5, 'feature_extraction__params': ('pycatch22', {}), 'feature_selection__strategy': 'pca', 'feature_selection__threshold': 0.85, 'imputation__params': ('interpolate', ('polynomial', 2))}",0.4906379585326953,0.6026077097505669,0.525825144872764,0.5541314261606767,0.6410763287117274,0.5628557136056861,0.053593779834901316,445,0.9165231880033323,0.8818064182194617,0.8331750830006847,0.8161037967384716,0.77553966511708,0.8446296302158061,0.0495361490680097
2.6367873191833495,1.1943572512550846,0.8334768772125244,0.0967331893618322,3,100,5,"('pycatch22', {})",pca,0.85,"('interpolate', ('spline', 2))","{'classifier__base_estimator__max_depth': 3, 'classifier__base_estimator__n_estimators': 100, 'feature_extraction__n_lags': 5, 'feature_extraction__params': ('pycatch22', {}), 'feature_selection__strategy': 'pca', 'feature_selection__threshold': 0.85, 'imputation__params': ('interpolate', ('spline', 2))}",0.4906379585326953,0.6026077097505669,0.525825144872764,0.5541314261606767,0.6410763287117274,0.5628557136056861,0.053593779834901316,445,0.9165231880033323,0.8818064182194617,0.8331750830006847,0.8161037967384716,0.77553966511708,0.8446296302158061,0.0495361490680097
2.733113956451416,1.241141143096563,0.8589448451995849,0.043990670431339286,3,100,5,"('pycatch22', {})",pca,0.85,"('ffill', None)","{'classifier__base_estimator__max_depth': 3, 'classifier__base_estimator__n_estimators': 100, 'feature_extraction__n_lags': 5, 'feature_extraction__params': ('pycatch22', {}), 'feature_selection__strategy': 'pca', 'feature_selection__threshold': 0.85, 'imputation__params': ('ffill', None)}",0.4906379585326953,0.6026077097505669,0.525825144872764,0.5541314261606767,0.6410763287117274,0.5628557136056861,0.053593779834901316,445,0.9165231880033323,0.8818064182194617,0.8331750830006847,0.8161037967384716,0.77553966511708,0.8446296302158061,0.0495361490680097
2.661706972122192,1.1830129797811915,0.8890926361083984,0.05245506904372422,3,100,5,"('pycatch22', {})",pca,0.9,"('interpolate', 'linear')","{'classifier__base_estimator__max_depth': 3, 'classifier__base_estimator__n_estimators': 100, 'feature_extraction__n_lags': 5, 'feature_extraction__params': ('pycatch22', {}), 'feature_selection__strategy': 'pca', 'feature_selection__threshold': 0.9, 'imputation__params': ('interpolate', 'linear')}",0.4906379585326953,0.6026077097505669,0.525825144872764,0.5541314261606767,0.6410763287117274,0.5628557136056861,0.053593779834901316,445,0.9165231880033323,0.8818064182194617,0.8331750830006847,0.8161037967384716,0.77553966511708,0.8446296302158061,0.0495361490680097
2.7235490798950197,1.2111845094184146,0.8560168266296386,0.08240472161671375,3,100,5,"('pycatch22', {})",pca,0.9,"('interpolate', ('polynomial', 2))","{'classifier__base_estimator__max_depth': 3, 'classifier__base_estimator__n_estimators': 100, 'feature_extraction__n_lags': 5, 'feature_extraction__params': ('pycatch22', {}), 'feature_selection__strategy': 'pca', 'feature_selection__threshold': 0.9, 'imputation__params': ('interpolate', ('polynomial', 2))}",0.4906379585326953,0.6026077097505669,0.525825144872764,0.5541314261606767,0.6410763287117274,0.5628557136056861,0.053593779834901316,445,0.9165231880033323,0.8818064182194617,0.8331750830006847,0.8161037967384716,0.77553966511708,0.8446296302158061,0.0495361490680097
2.664746713638306,1.1795711136764284,0.8662416934967041,0.07476224955230439,3,100,5,"('pycatch22', {})",pca,0.9,"('interpolate', ('spline', 2))","{'classifier__base_estimator__max_depth': 3, 'classifier__base_estimator__n_estimators': 100, 'feature_extraction__n_lags': 5, 'feature_extraction__params': ('pycatch22', {}), 'feature_selection__strategy': 'pca', 'feature_selection__threshold': 0.9, 'imputation__params': ('interpolate', ('spline', 2))}",0.4906379585326953,0.6026077097505669,0.525825144872764,0.5541314261606767,0.6410763287117274,0.5628557136056861,0.053593779834901316,445,0.9165231880033323,0.8818064182194617,0.8331750830006847,0.8161037967384716,0.77553966511708,0.8446296302158061,0.0495361490680097
2.75124831199646,1.1505815408791749,0.8586589813232421,0.0860003336397043,3,100,5,"('pycatch22', {})",pca,0.9,"('ffill', None)","{'classifier__base_estimator__max_depth': 3, 'classifier__base_estimator__n_estimators': 100, 'feature_extraction__n_lags': 5, 'feature_extraction__params': ('pycatch22', {}), 'feature_selection__strategy': 'pca', 'feature_selection__threshold': 0.9, 'imputation__params': ('ffill', None)}",0.4906379585326953,0.6026077097505669,0.525825144872764,0.5541314261606767,0.6410763287117274,0.5628557136056861,0.053593779834901316,445,0.9165231880033323,0.8818064182194617,0.8331750830006847,0.8161037967384716,0.77553966511708,0.8446296302158061,0.0495361490680097
2.6230163097381594,1.157690554695871,0.8519757270812989,0.07267468646542624,3,100,5,"('pycatch22', {})",pca,0.95,"('interpolate', 'linear')","{'classifier__base_estimator__max_depth': 3, 'classifier__base_estimator__n_estimators': 100, 'feature_extraction__n_lags': 5, 'feature_extraction__params': ('pycatch22', {}), 'feature_selection__strategy': 'pca', 'feature_selection__threshold': 0.95, 'imputation__params': ('interpolate', 'linear')}",0.4906379585326953,0.6026077097505669,0.525825144872764,0.5541314261606767,0.6410763287117274,0.5628557136056861,0.053593779834901316,445,0.9165231880033323,0.8818064182194617,0.8331750830006847,0.8161037967384716,0.77553966511708,0.8446296302158061,0.0495361490680097
2.7073941230773926,1.156593193194978,0.8402627468109131,0.06310790239485384,3,100,5,"('pycatch22', {})",pca,0.95,"('interpolate', ('polynomial', 2))","{'classifier__base_estimator__max_depth': 3, 'classifier__base_estimator__n_estimators': 100, 'feature_extraction__n_lags': 5, 'feature_extraction__params': ('pycatch22', {}), 'feature_selection__strategy': 'pca', 'feature_selection__threshold': 0.95, 'imputation__params': ('interpolate', ('polynomial', 2))}",0.4906379585326953,0.6026077097505669,0.525825144872764,0.5541314261606767,0.6410763287117274,0.5628557136056861,0.053593779834901316,445,0.9165231880033323,0.8818064182194617,0.8331750830006847,0.8161037967384716,0.77553966511708,0.8446296302158061,0.0495361490680097
2.6869712352752684,1.2454946962888298,0.8494402885437011,0.054211424818219243,3,100,5,"('pycatch22', {})",pca,0.95,"('interpolate', ('spline', 2))","{'classifier__base_estimator__max_depth': 3, 'classifier__base_estimator__n_estimators': 100, 'feature_extraction__n_lags': 5, 'feature_extraction__params': ('pycatch22', {}), 'feature_selection__strategy': 'pca', 'feature_selection__threshold': 0.95, 'imputation__params': ('interpolate', ('spline', 2))}",0.4906379585326953,0.6026077097505669,0.525825144872764,0.5541314261606767,0.6410763287117274,0.5628557136056861,0.053593779834901316,445,0.9165231880033323,0.8818064182194617,0.8331750830006847,0.8161037967384716,0.77553966511708,0.8446296302158061,0.0495361490680097
2.716661882400513,1.1844650619748636,0.8635290622711181,0.04081084652123763,3,100,5,"('pycatch22', {})",pca,0.95,"('ffill', None)","{'classifier__base_estimator__max_depth': 3, 'classifier__base_estimator__n_estimators': 100, 'feature_extraction__n_lags': 5, 'feature_extraction__params': ('pycatch22', {}), 'feature_selection__strategy': 'pca', 'feature_selection__threshold': 0.95, 'imputation__params': ('ffill', None)}",0.4906379585326953,0.6026077097505669,0.525825144872764,0.5541314261606767,0.6410763287117274,0.5628557136056861,0.053593779834901316,445,0.9165231880033323,0.8818064182194617,0.8331750830006847,0.8161037967384716,0.77553966511708,0.8446296302158061,0.0495361490680097
3.7272963523864746,1.7235318809431766,0.8801804542541504,0.07126292817208581,3,100,8,"('pycatch22', {})",correlation,0.85,"('interpolate', 'linear')","{'classifier__base_estimator__max_depth': 3, 'classifier__base_estimator__n_estimators': 100, 'feature_extraction__n_lags': 8, 'feature_extraction__params': ('pycatch22', {}), 'feature_selection__strategy': 'correlation', 'feature_selection__threshold': 0.85, 'imputation__params': ('interpolate', 'linear')}",0.571611909650924,0.5774058577405858,0.670344645683137,0.7025918225918226,0.6242424242424242,0.6292393319817787,0.051191469282587256,257,1.0,0.9998581186533434,0.9902421588776695,0.9765746461009738,0.9577443078242842,0.9848838462912543,0.01604391352193407
3.772620964050293,1.7053243486809002,0.9477954864501953,0.091619571652774,3,100,8,"('pycatch22', {})",correlation,0.85,"('interpolate', ('polynomial', 2))","{'classifier__base_estimator__max_depth': 3, 'classifier__base_estimator__n_estimators': 100, 'feature_extraction__n_lags': 8, 'feature_extraction__params': ('pycatch22', {}), 'feature_selection__strategy': 'correlation', 'feature_selection__threshold': 0.85, 'imputation__params': ('interpolate', ('polynomial', 2))}",0.571611909650924,0.5774058577405858,0.670344645683137,0.7025918225918226,0.6242424242424242,0.6292393319817787,0.051191469282587256,257,1.0,0.9998581186533434,0.9902421588776695,0.9765746461009738,0.9577443078242842,0.9848838462912543,0.01604391352193407
3.7732502937316896,1.69765065077516,0.9231512069702148,0.08607795822294549,3,100,8,"('pycatch22', {})",correlation,0.85,"('interpolate', ('spline', 2))","{'classifier__base_estimator__max_depth': 3, 'classifier__base_estimator__n_estimators': 100, 'feature_extraction__n_lags': 8, 'feature_extraction__params': ('pycatch22', {}), 'feature_selection__strategy': 'correlation', 'feature_selection__threshold': 0.85, 'imputation__params': ('interpolate', ('spline', 2))}",0.571611909650924,0.5774058577405858,0.670344645683137,0.7025918225918226,0.6242424242424242,0.6292393319817787,0.051191469282587256,257,1.0,0.9998581186533434,0.9902421588776695,0.9765746461009738,0.9577443078242842,0.9848838462912543,0.01604391352193407
3.765684223175049,1.7562127589267502,0.9391558647155762,0.11159904689662598,3,100,8,"('pycatch22', {})",correlation,0.85,"('ffill', None)","{'classifier__base_estimator__max_depth': 3, 'classifier__base_estimator__n_estimators': 100, 'feature_extraction__n_lags': 8, 'feature_extraction__params': ('pycatch22', {}), 'feature_selection__strategy': 'correlation', 'feature_selection__threshold': 0.85, 'imputation__params': ('ffill', None)}",0.571611909650924,0.5774058577405858,0.670344645683137,0.7025918225918226,0.6242424242424242,0.6292393319817787,0.051191469282587256,257,1.0,0.9998581186533434,0.9902421588776695,0.9765746461009738,0.9577443078242842,0.9848838462912543,0.01604391352193407
3.79579815864563,1.7900054529666218,0.8906460285186768,0.09342241692115033,3,100,8,"('pycatch22', {})",correlation,0.9,"('interpolate', 'linear')","{'classifier__base_estimator__max_depth': 3, 'classifier__base_estimator__n_estimators': 100, 'feature_extraction__n_lags': 8, 'feature_extraction__params': ('pycatch22', {}), 'feature_selection__strategy': 'correlation', 'feature_selection__threshold': 0.9, 'imputation__params': ('interpolate', 'linear')}",0.5795687885010267,0.5797795300933376,0.6682785299806577,0.7211365211365212,0.6013814616755793,0.6300289662774246,0.0559562875356256,253,1.0,0.9996959685428786,0.9920918595299795,0.9774568365927501,0.9541863256722785,0.9846861980675772,0.01730407723344782
3.83716402053833,1.7245932838194278,0.8890286445617676,0.061621364811355744,3,100,8,"('pycatch22', {})",correlation,0.9,"('interpolate', ('polynomial', 2))","{'classifier__base_estimator__max_depth': 3, 'classifier__base_estimator__n_estimators': 100, 'feature_extraction__n_lags': 8, 'feature_extraction__params': ('pycatch22', {}), 'feature_selection__strategy': 'correlation', 'feature_selection__threshold': 0.9, 'imputation__params': ('interpolate', ('polynomial', 2))}",0.5795687885010267,0.5797795300933376,0.6682785299806577,0.7211365211365212,0.6013814616755793,0.6300289662774246,0.0559562875356256,253,1.0,0.9996959685428786,0.9920918595299795,0.9774568365927501,0.9541863256722785,0.9846861980675772,0.01730407723344782
3.818191337585449,1.7169930423181732,0.9153096675872803,0.08946585133393972,3,100,8,"('pycatch22', {})",correlation,0.9,"('interpolate', ('spline', 2))","{'classifier__base_estimator__max_depth': 3, 'classifier__base_estimator__n_estimators': 100, 'feature_extraction__n_lags': 8, 'feature_extraction__params': ('pycatch22', {}), 'feature_selection__strategy': 'correlation', 'feature_selection__threshold': 0.9, 'imputation__params': ('interpolate', ('spline', 2))}",0.5795687885010267,0.5797795300933376,0.6682785299806577,0.7211365211365212,0.6013814616755793,0.6300289662774246,0.0559562875356256,253,1.0,0.9996959685428786,0.9920918595299795,0.9774568365927501,0.9541863256722785,0.9846861980675772,0.01730407723344782
3.72532320022583,1.6827697290210935,0.9022724628448486,0.07460631269650814,3,100,8,"('pycatch22', {})",correlation,0.9,"('ffill', None)","{'classifier__base_estimator__max_depth': 3, 'classifier__base_estimator__n_estimators': 100, 'feature_extraction__n_lags': 8, 'feature_extraction__params': ('pycatch22', {}), 'feature_selection__strategy': 'correlation', 'feature_selection__threshold': 0.9, 'imputation__params': ('ffill', None)}",0.5795687885010267,0.5797795300933376,0.6682785299806577,0.7211365211365212,0.6013814616755793,0.6300289662774246,0.0559562875356256,253,1.0,0.9996959685428786,0.9920918595299795,0.9774568365927501,0.9541863256722785,0.9846861980675772,0.01730407723344782
3.712607669830322,1.70089784855372,0.9168144702911377,0.08316284551323243,3,100,8,"('pycatch22', {})",correlation,0.95,"('interpolate', 'linear')","{'classifier__base_estimator__max_depth': 3, 'classifier__base_estimator__n_estimators': 100, 'feature_extraction__n_lags': 8, 'feature_extraction__params': ('pycatch22', {}), 'feature_selection__strategy': 'correlation', 'feature_selection__threshold': 0.95, 'imputation__params': ('interpolate', 'linear')}",0.5841033538672142,0.6131316382362408,0.6687620889748549,0.7069161469161468,0.6102718360071301,0.6366370128003174,0.04467345456291408,237,1.0,0.9993311307943329,0.9926905549101956,0.9777202152033385,0.9605241210041582,0.9860532043824051,0.01507344464029519
3.7757841110229493,1.7248629542693172,0.9040363788604736,0.0549216211939945,3,100,8,"('pycatch22', {})",correlation,0.95,"('interpolate', ('polynomial', 2))","{'classifier__base_estimator__max_depth': 3, 'classifier__base_estimator__n_estimators': 100, 'feature_extraction__n_lags': 8, 'feature_extraction__params': ('pycatch22', {}), 'feature_selection__strategy': 'correlation', 'feature_selection__threshold': 0.95, 'imputation__params': ('interpolate', ('polynomial', 2))}",0.5841033538672142,0.6131316382362408,0.6687620889748549,0.7069161469161468,0.6102718360071301,0.6366370128003174,0.04467345456291408,237,1.0,0.9993311307943329,0.9926905549101956,0.9777202152033385,0.9605241210041582,0.9860532043824051,0.01507344464029519
3.7509939193725588,1.6674285573932524,0.8834599494934082,0.0753114930796269,3,100,8,"('pycatch22', {})",correlation,0.95,"('interpolate', ('spline', 2))","{'classifier__base_estimator__max_depth': 3, 'classifier__base_estimator__n_estimators': 100, 'feature_extraction__n_lags': 8, 'feature_extraction__params': ('pycatch22', {}), 'feature_selection__strategy': 'correlation', 'feature_selection__threshold': 0.95, 'imputation__params': ('interpolate', ('spline', 2))}",0.5841033538672142,0.6131316382362408,0.6687620889748549,0.7069161469161468,0.6102718360071301,0.6366370128003174,0.04467345456291408,237,1.0,0.9993311307943329,0.9926905549101956,0.9777202152033385,0.9605241210041582,0.9860532043824051,0.01507344464029519
3.7137678623199464,1.671261380505296,0.9112393379211425,0.10945282534575622,3,100,8,"('pycatch22', {})",correlation,0.95,"('ffill', None)","{'classifier__base_estimator__max_depth': 3, 'classifier__base_estimator__n_estimators': 100, 'feature_extraction__n_lags': 8, 'feature_extraction__params': ('pycatch22', {}), 'feature_selection__strategy': 'correlation', 'feature_selection__threshold': 0.95, 'imputation__params': ('ffill', None)}",0.5841033538672142,0.6131316382362408,0.6687620889748549,0.7069161469161468,0.6102718360071301,0.6366370128003174,0.04467345456291408,237,1.0,0.9993311307943329,0.9926905549101956,0.9777202152033385,0.9605241210041582,0.9860532043824051,0.01507344464029519
2.826931667327881,1.3041711658068353,0.9199057579040527,0.09258010256315918,3,100,8,"('pycatch22', {})",pca,0.85,"('interpolate', 'linear')","{'classifier__base_estimator__max_depth': 3, 'classifier__base_estimator__n_estimators': 100, 'feature_extraction__n_lags': 8, 'feature_extraction__params': ('pycatch22', {}), 'feature_selection__strategy': 'pca', 'feature_selection__threshold': 0.85, 'imputation__params': ('interpolate', 'linear')}",0.5146517796030117,0.6156863533955584,0.5141550905574117,0.5298683298683299,0.6544786096256684,0.565768032609996,0.05818412324722493,373,0.9323232323232323,0.881361858240266,0.8497944777052988,0.8172024588822518,0.7797930740727502,0.8520950202447597,0.0524279859888514
2.856050491333008,1.2117586800070328,0.9373364448547363,0.09186247380778621,3,100,8,"('pycatch22', {})",pca,0.85,"('interpolate', ('polynomial', 2))","{'classifier__base_estimator__max_depth': 3, 'classifier__base_estimator__n_estimators': 100, 'feature_extraction__n_lags': 8, 'feature_extraction__params': ('pycatch22', {}), 'feature_selection__strategy': 'pca', 'feature_selection__threshold': 0.85, 'imputation__params': ('interpolate', ('polynomial', 2))}",0.5146517796030117,0.6156863533955584,0.5141550905574117,0.5298683298683299,0.6544786096256684,0.565768032609996,0.05818412324722493,373,0.9323232323232323,0.881361858240266,0.8497944777052988,0.8172024588822518,0.7797930740727502,0.8520950202447597,0.0524279859888514
2.804653263092041,1.2921790374338058,0.9125831604003907,0.07852329026259475,3,100,8,"('pycatch22', {})",pca,0.85,"('interpolate', ('spline', 2))","{'classifier__base_estimator__max_depth': 3, 'classifier__base_estimator__n_estimators': 100, 'feature_extraction__n_lags': 8, 'feature_extraction__params': ('pycatch22', {}), 'feature_selection__strategy': 'pca', 'feature_selection__threshold': 0.85, 'imputation__params': ('interpolate', ('spline', 2))}",0.5146517796030117,0.6156863533955584,0.5141550905574117,0.5298683298683299,0.6544786096256684,0.565768032609996,0.05818412324722493,373,0.9323232323232323,0.881361858240266,0.8497944777052988,0.8172024588822518,0.7797930740727502,0.8520950202447597,0.0524279859888514
2.868668222427368,1.3244952387374256,0.9010834217071533,0.07659446827017649,3,100,8,"('pycatch22', {})",pca,0.85,"('ffill', None)","{'classifier__base_estimator__max_depth': 3, 'classifier__base_estimator__n_estimators': 100, 'feature_extraction__n_lags': 8, 'feature_extraction__params': ('pycatch22', {}), 'feature_selection__strategy': 'pca', 'feature_selection__threshold': 0.85, 'imputation__params': ('ffill', None)}",0.5146517796030117,0.6156863533955584,0.5141550905574117,0.5298683298683299,0.6544786096256684,0.565768032609996,0.05818412324722493,373,0.9323232323232323,0.881361858240266,0.8497944777052988,0.8172024588822518,0.7797930740727502,0.8520950202447597,0.0524279859888514
2.8156625747680666,1.269324347012501,0.9629573822021484,0.09060889801995747,3,100,8,"('pycatch22', {})",pca,0.9,"('interpolate', 'linear')","{'classifier__base_estimator__max_depth': 3, 'classifier__base_estimator__n_estimators': 100, 'feature_extraction__n_lags': 8, 'feature_extraction__params': ('pycatch22', {}), 'feature_selection__strategy': 'pca', 'feature_selection__threshold': 0.9, 'imputation__params': ('interpolate', 'linear')}",0.5146517796030117,0.6156863533955584,0.5141550905574117,0.5298683298683299,0.6544786096256684,0.565768032609996,0.05818412324722493,373,0.9323232323232323,0.881361858240266,0.8497944777052988,0.8172024588822518,0.7797930740727502,0.8520950202447597,0.0524279859888514
2.8089168548583983,1.3259927034244712,0.9738598823547363,0.08971868069766968,3,100,8,"('pycatch22', {})",pca,0.9,"('interpolate', ('polynomial', 2))","{'classifier__base_estimator__max_depth': 3, 'classifier__base_estimator__n_estimators': 100, 'feature_extraction__n_lags': 8, 'feature_extraction__params': ('pycatch22', {}), 'feature_selection__strategy': 'pca', 'feature_selection__threshold': 0.9, 'imputation__params': ('interpolate', ('polynomial', 2))}",0.5146517796030117,0.6156863533955584,0.5141550905574117,0.5298683298683299,0.6544786096256684,0.565768032609996,0.05818412324722493,373,0.9323232323232323,0.881361858240266,0.8497944777052988,0.8172024588822518,0.7797930740727502,0.8520950202447597,0.0524279859888514
2.8215981483459474,1.257079515855561,0.8978518962860107,0.057329364398710614,3,100,8,"('pycatch22', {})",pca,0.9,"('interpolate', ('spline', 2))","{'classifier__base_estimator__max_depth': 3, 'classifier__base_estimator__n_estimators': 100, 'feature_extraction__n_lags': 8, 'feature_extraction__params': ('pycatch22', {}), 'feature_selection__strategy': 'pca', 'feature_selection__threshold': 0.9, 'imputation__params': ('interpolate', ('spline', 2))}",0.5146517796030117,0.6156863533955584,0.5141550905574117,0.5298683298683299,0.6544786096256684,0.565768032609996,0.05818412324722493,373,0.9323232323232323,0.881361858240266,0.8497944777052988,0.8172024588822518,0.7797930740727502,0.8520950202447597,0.0524279859888514
2.7877681255340576,1.261880461256952,0.8936329364776612,0.03673121986130168,3,100,8,"('pycatch22', {})",pca,0.9,"('ffill', None)","{'classifier__base_estimator__max_depth': 3, 'classifier__base_estimator__n_estimators': 100, 'feature_extraction__n_lags': 8, 'feature_extraction__params': ('pycatch22', {}), 'feature_selection__strategy': 'pca', 'feature_selection__threshold': 0.9, 'imputation__params': ('ffill', None)}",0.5146517796030117,0.6156863533955584,0.5141550905574117,0.5298683298683299,0.6544786096256684,0.565768032609996,0.05818412324722493,373,0.9323232323232323,0.881361858240266,0.8497944777052988,0.8172024588822518,0.7797930740727502,0.8520950202447597,0.0524279859888514
2.818597412109375,1.270185382265163,0.8752345085144043,0.07923934261314805,3,100,8,"('pycatch22', {})",pca,0.95,"('interpolate', 'linear')","{'classifier__base_estimator__max_depth': 3, 'classifier__base_estimator__n_estimators': 100, 'feature_extraction__n_lags': 8, 'feature_extraction__params': ('pycatch22', {}), 'feature_selection__strategy': 'pca', 'feature_selection__threshold': 0.95, 'imputation__params': ('interpolate', 'linear')}",0.5146517796030117,0.6156863533955584,0.5141550905574117,0.5298683298683299,0.6544786096256684,0.565768032609996,0.05818412324722493,373,0.9323232323232323,0.881361858240266,0.8497944777052988,0.8172024588822518,0.7797930740727502,0.8520950202447597,0.0524279859888514
2.8015483379364015,1.2911527495371298,0.8895950317382812,0.09168183674390655,3,100,8,"('pycatch22', {})",pca,0.95,"('interpolate', ('polynomial', 2))","{'classifier__base_estimator__max_depth': 3, 'classifier__base_estimator__n_estimators': 100, 'feature_extraction__n_lags': 8, 'feature_extraction__params': ('pycatch22', {}), 'feature_selection__strategy': 'pca', 'feature_selection__threshold': 0.95, 'imputation__params': ('interpolate', ('polynomial', 2))}",0.5146517796030117,0.6156863533955584,0.5141550905574117,0.5298683298683299,0.6544786096256684,0.565768032609996,0.05818412324722493,373,0.9323232323232323,0.881361858240266,0.8497944777052988,0.8172024588822518,0.7797930740727502,0.8520950202447597,0.0524279859888514
2.8179683685302734,1.2798833969155177,0.896699047088623,0.06256863877629139,3,100,8,"('pycatch22', {})",pca,0.95,"('interpolate', ('spline', 2))","{'classifier__base_estimator__max_depth': 3, 'classifier__base_estimator__n_estimators': 100, 'feature_extraction__n_lags': 8, 'feature_extraction__params': ('pycatch22', {}), 'feature_selection__strategy': 'pca', 'feature_selection__threshold': 0.95, 'imputation__params': ('interpolate', ('spline', 2))}",0.5146517796030117,0.6156863533955584,0.5141550905574117,0.5298683298683299,0.6544786096256684,0.565768032609996,0.05818412324722493,373,0.9323232323232323,0.881361858240266,0.8497944777052988,0.8172024588822518,0.7797930740727502,0.8520950202447597,0.0524279859888514
2.815278482437134,1.3390905103428639,0.8964970111846924,0.06251799413887196,3,100,8,"('pycatch22', {})",pca,0.95,"('ffill', None)","{'classifier__base_estimator__max_depth': 3, 'classifier__base_estimator__n_estimators': 100, 'feature_extraction__n_lags': 8, 'feature_extraction__params': ('pycatch22', {}), 'feature_selection__strategy': 'pca', 'feature_selection__threshold': 0.95, 'imputation__params': ('ffill', None)}",0.5146517796030117,0.6156863533955584,0.5141550905574117,0.5298683298683299,0.6544786096256684,0.565768032609996,0.05818412324722493,373,0.9323232323232323,0.881361858240266,0.8497944777052988,0.8172024588822518,0.7797930740727502,0.8520950202447597,0.0524279859888514
3.405302572250366,1.5117471480278124,0.6934035301208497,0.06313539079793294,5,25,3,"('pycatch22', {})",correlation,0.85,"('interpolate', 'linear')","{'classifier__base_estimator__max_depth': 5, 'classifier__base_estimator__n_estimators': 25, 'feature_extraction__n_lags': 3, 'feature_extraction__params': ('pycatch22', {}), 'feature_selection__strategy': 'correlation', 'feature_selection__threshold': 0.85, 'imputation__params': ('interpolate', 'linear')}",0.5670533333333333,0.7340956145303972,0.6878152585119798,0.7236717731421122,0.6724126810075144,0.6770097321050674,0.05943811227923382,5,0.9876070146368406,0.9732024131987195,0.9667348036578807,0.9583421952204375,0.9106857323361526,0.9593144318100062,0.02613083942368377
3.4497854232788088,1.5562639615573748,0.7148663520812988,0.06164769157429166,5,25,3,"('pycatch22', {})",correlation,0.85,"('interpolate', ('polynomial', 2))","{'classifier__base_estimator__max_depth': 5, 'classifier__base_estimator__n_estimators': 25, 'feature_extraction__n_lags': 3, 'feature_extraction__params': ('pycatch22', {}), 'feature_selection__strategy': 'correlation', 'feature_selection__threshold': 0.85, 'imputation__params': ('interpolate', ('polynomial', 2))}",0.5670533333333333,0.7340956145303972,0.6878152585119798,0.7236717731421122,0.6724126810075144,0.6770097321050674,0.05943811227923382,5,0.9876070146368406,0.9732024131987195,0.9667348036578807,0.9583421952204375,0.9106857323361526,0.9593144318100062,0.02613083942368377
3.4860580921173097,1.6381383625506338,0.750473928451538,0.03953801575675589,5,25,3,"('pycatch22', {})",correlation,0.85,"('interpolate', ('spline', 2))","{'classifier__base_estimator__max_depth': 5, 'classifier__base_estimator__n_estimators': 25, 'feature_extraction__n_lags': 3, 'feature_extraction__params': ('pycatch22', {}), 'feature_selection__strategy': 'correlation', 'feature_selection__threshold': 0.85, 'imputation__params': ('interpolate', ('spline', 2))}",0.5670533333333333,0.7340956145303972,0.6878152585119798,0.7236717731421122,0.6724126810075144,0.6770097321050674,0.05943811227923382,5,0.9876070146368406,0.9732024131987195,0.9667348036578807,0.9583421952204375,0.9106857323361526,0.9593144318100062,0.02613083942368377
3.329066610336304,1.5744255823922337,0.6993737697601319,0.02026505802909233,5,25,3,"('pycatch22', {})",correlation,0.85,"('ffill', None)","{'classifier__base_estimator__max_depth': 5, 'classifier__base_estimator__n_estimators': 25, 'feature_extraction__n_lags': 3, 'feature_extraction__params': ('pycatch22', {}), 'feature_selection__strategy': 'correlation', 'feature_selection__threshold': 0.85, 'imputation__params': ('ffill', None)}",0.5670533333333333,0.7340956145303972,0.6878152585119798,0.7236717731421122,0.6724126810075144,0.6770097321050674,0.05943811227923382,5,0.9876070146368406,0.9732024131987195,0.9667348036578807,0.9583421952204375,0.9106857323361526,0.9593144318100062,0.02613083942368377
3.429205846786499,1.578507664286331,0.7042339324951172,0.025284718734856146,5,25,3,"('pycatch22', {})",correlation,0.9,"('interpolate', 'linear')","{'classifier__base_estimator__max_depth': 5, 'classifier__base_estimator__n_estimators': 25, 'feature_extraction__n_lags': 3, 'feature_extraction__params': ('pycatch22', {}), 'feature_selection__strategy': 'correlation', 'feature_selection__threshold': 0.9, 'imputation__params': ('interpolate', 'linear')}",0.5317333333333334,0.7281902879728966,0.6793558217738546,0.7281209256844849,0.6807011320024512,0.6696203001534042,0.07222623830053958,37,0.9873193408818925,0.9762989411475006,0.9612506724045186,0.9533001667575973,0.9082796851851029,0.9572897612753224,0.027190872772011244
3.5088202953338623,1.5510614058399088,0.6836446762084961,0.0321369228800135,5,25,3,"('pycatch22', {})",correlation,0.9,"('interpolate', ('polynomial', 2))","{'classifier__base_estimator__max_depth': 5, 'classifier__base_estimator__n_estimators': 25, 'feature_extraction__n_lags': 3, 'feature_extraction__params': ('pycatch22', {}), 'feature_selection__strategy': 'correlation', 'feature_selection__threshold': 0.9, 'imputation__params': ('interpolate', ('polynomial', 2))}",0.5317333333333334,0.7281902879728966,0.6793558217738546,0.7281209256844849,0.6807011320024512,0.6696203001534042,0.07222623830053958,37,0.9873193408818925,0.9762989411475006,0.9612506724045186,0.9533001667575973,0.9082796851851029,0.9572897612753224,0.027190872772011244
3.6310357570648195,1.646230187125942,0.7516565799713135,0.04523298767113418,5,25,3,"('pycatch22', {})",correlation,0.9,"('interpolate', ('spline', 2))","{'classifier__base_estimator__max_depth': 5, 'classifier__base_estimator__n_estimators': 25, 'feature_extraction__n_lags': 3, 'feature_extraction__params': ('pycatch22', {}), 'feature_selection__strategy': 'correlation', 'feature_selection__threshold': 0.9, 'imputation__params': ('interpolate', ('spline', 2))}",0.5317333333333334,0.7281902879728966,0.6793558217738546,0.7281209256844849,0.6807011320024512,0.6696203001534042,0.07222623830053958,37,0.9873193408818925,0.9762989411475006,0.9612506724045186,0.9533001667575973,0.9082796851851029,0.9572897612753224,0.027190872772011244
3.4194955825805664,1.5041599018199678,0.7168867111206054,0.03505117703612425,5,25,3,"('pycatch22', {})",correlation,0.9,"('ffill', None)","{'classifier__base_estimator__max_depth': 5, 'classifier__base_estimator__n_estimators': 25, 'feature_extraction__n_lags': 3, 'feature_extraction__params': ('pycatch22', {}), 'feature_selection__strategy': 'correlation', 'feature_selection__threshold': 0.9, 'imputation__params': ('ffill', None)}",0.5317333333333334,0.7281902879728966,0.6793558217738546,0.7281209256844849,0.6807011320024512,0.6696203001534042,0.07222623830053958,37,0.9873193408818925,0.9762989411475006,0.9612506724045186,0.9533001667575973,0.9082796851851029,0.9572897612753224,0.027190872772011244
3.4278985977172853,1.6191161389165862,0.7097635269165039,0.05946453201058941,5,25,3,"('pycatch22', {})",correlation,0.95,"('interpolate', 'linear')","{'classifier__base_estimator__max_depth': 5, 'classifier__base_estimator__n_estimators': 25, 'feature_extraction__n_lags': 3, 'feature_extraction__params': ('pycatch22', {}), 'feature_selection__strategy': 'correlation', 'feature_selection__threshold': 0.95, 'imputation__params': ('interpolate', 'linear')}",0.5640133333333333,0.6932053453792584,0.7044976881042455,0.7308099739243809,0.6658980230270586,0.6716848727536553,0.05772735436967464,17,0.984120408726871,0.9749415168677665,0.9674179666487359,0.9606940629979994,0.9192563855014304,0.9612860681485607,0.022415723330298117
3.460222291946411,1.5390470944193233,0.7356600284576416,0.06879728850031898,5,25,3,"('pycatch22', {})",correlation,0.95,"('interpolate', ('polynomial', 2))","{'classifier__base_estimator__max_depth': 5, 'classifier__base_estimator__n_estimators': 25, 'feature_extraction__n_lags': 3, 'feature_extraction__params': ('pycatch22', {}), 'feature_selection__strategy': 'correlation', 'feature_selection__threshold': 0.95, 'imputation__params': ('interpolate', ('polynomial', 2))}",0.5640133333333333,0.6932053453792584,0.7044976881042455,0.7308099739243809,0.6658980230270586,0.6716848727536553,0.05772735436967464,17,0.984120408726871,0.9749415168677665,0.9674179666487359,0.9606940629979994,0.9192563855014304,0.9612860681485607,0.022415723330298117
3.4345229625701905,1.5290642634708054,0.7187346458435059,0.06692714138025628,5,25,3,"('pycatch22', {})",correlation,0.95,"('interpolate', ('spline', 2))","{'classifier__base_estimator__max_depth': 5, 'classifier__base_estimator__n_estimators': 25, 'feature_extraction__n_lags': 3, 'feature_extraction__params': ('pycatch22', {}), 'feature_selection__strategy': 'correlation', 'feature_selection__threshold': 0.95, 'imputation__params': ('interpolate', ('spline', 2))}",0.5640133333333333,0.6932053453792584,0.7044976881042455,0.7308099739243809,0.6658980230270586,0.6716848727536553,0.05772735436967464,17,0.984120408726871,0.9749415168677665,0.9674179666487359,0.9606940629979994,0.9192563855014304,0.9612860681485607,0.022415723330298117
3.523428440093994,1.609455371343358,0.752031660079956,0.08529812252622015,5,25,3,"('pycatch22', {})",correlation,0.95,"('ffill', None)","{'classifier__base_estimator__max_depth': 5, 'classifier__base_estimator__n_estimators': 25, 'feature_extraction__n_lags': 3, 'feature_extraction__params': ('pycatch22', {}), 'feature_selection__strategy': 'correlation', 'feature_selection__threshold': 0.95, 'imputation__params': ('ffill', None)}",0.5640133333333333,0.6932053453792584,0.7044976881042455,0.7308099739243809,0.6658980230270586,0.6716848727536553,0.05772735436967464,17,0.984120408726871,0.9749415168677665,0.9674179666487359,0.9606940629979994,0.9192563855014304,0.9612860681485607,0.022415723330298117
2.2214792728424073,0.9960038834751443,0.7597648143768311,0.08862001355095185,5,25,3,"('pycatch22', {})",pca,0.85,"('interpolate', 'linear')","{'classifier__base_estimator__max_depth': 5, 'classifier__base_estimator__n_estimators': 25, 'feature_extraction__n_lags': 3, 'feature_extraction__params': ('pycatch22', {}), 'feature_selection__strategy': 'pca', 'feature_selection__threshold': 0.85, 'imputation__params': ('interpolate', 'linear')}",0.4860933333333334,0.6142598343685299,0.5334174022698612,0.5586864406779661,0.6237865643241848,0.563248714994775,0.051245760773648265,421,0.9138934916689682,0.8374107362718541,0.7924677245831093,0.784250037759345,0.7501755150889587,0.8156395010744472,0.05645457721717863
2.3713057041168213,1.038041685430337,0.7245391845703125,0.028009130192907284,5,25,3,"('pycatch22', {})",pca,0.85,"('interpolate', ('polynomial', 2))","{'classifier__base_estimator__max_depth': 5, 'classifier__base_estimator__n_estimators': 25, 'feature_extraction__n_lags': 3, 'feature_extraction__params': ('pycatch22', {}), 'feature_selection__strategy': 'pca', 'feature_selection__threshold': 0.85, 'imputation__params': ('interpolate', ('polynomial', 2))}",0.4860933333333334,0.6142598343685299,0.5334174022698612,0.5586864406779661,0.6237865643241848,0.563248714994775,0.051245760773648265,421,0.9138934916689682,0.8374107362718541,0.7924677245831093,0.784250037759345,0.7501755150889587,0.8156395010744472,0.05645457721717863
2.3109585762023928,1.0466349786168563,0.7547222137451172,0.06272270108102065,5,25,3,"('pycatch22', {})",pca,0.85,"('interpolate', ('spline', 2))","{'classifier__base_estimator__max_depth': 5, 'classifier__base_estimator__n_estimators': 25, 'feature_extraction__n_lags': 3, 'feature_extraction__params': ('pycatch22', {}), 'feature_selection__strategy': 'pca', 'feature_selection__threshold': 0.85, 'imputation__params': ('interpolate', ('spline', 2))}",0.4860933333333334,0.6142598343685299,0.5334174022698612,0.5586864406779661,0.6237865643241848,0.563248714994775,0.051245760773648265,421,0.9138934916689682,0.8374107362718541,0.7924677245831093,0.784250037759345,0.7501755150889587,0.8156395010744472,0.05645457721717863
2.386448097229004,1.1125398924988699,0.7308606624603271,0.03468384089191897,5,25,3,"('pycatch22', {})",pca,0.85,"('ffill', None)","{'classifier__base_estimator__max_depth': 5, 'classifier__base_estimator__n_estimators': 25, 'feature_extraction__n_lags': 3, 'feature_extraction__params': ('pycatch22', {}), 'feature_selection__strategy': 'pca', 'feature_selection__threshold': 0.85, 'imputation__params': ('ffill', None)}",0.4860933333333334,0.6142598343685299,0.5334174022698612,0.5586864406779661,0.6237865643241848,0.563248714994775,0.051245760773648265,421,0.9138934916689682,0.8374107362718541,0.7924677245831093,0.784250037759345,0.7501755150889587,0.8156395010744472,0.05645457721717863
2.3398672103881837,0.9847426937494378,0.7406970024108886,0.01965642346953478,5,25,3,"('pycatch22', {})",pca,0.9,"('interpolate', 'linear')","{'classifier__base_estimator__max_depth': 5, 'classifier__base_estimator__n_estimators': 25, 'feature_extraction__n_lags': 3, 'feature_extraction__params': ('pycatch22', {}), 'feature_selection__strategy': 'pca', 'feature_selection__threshold': 0.9, 'imputation__params': ('interpolate', 'linear')}",0.4860933333333334,0.6142598343685299,0.5334174022698612,0.5586864406779661,0.6237865643241848,0.563248714994775,0.051245760773648265,421,0.9138934916689682,0.8374107362718541,0.7924677245831093,0.784250037759345,0.7501755150889587,0.8156395010744472,0.05645457721717863
2.3636690616607665,1.053646630969931,0.6916662693023682,0.015003241428142222,5,25,3,"('pycatch22', {})",pca,0.9,"('interpolate', ('polynomial', 2))","{'classifier__base_estimator__max_depth': 5, 'classifier__base_estimator__n_estimators': 25, 'feature_extraction__n_lags': 3, 'feature_extraction__params': ('pycatch22', {}), 'feature_selection__strategy': 'pca', 'feature_selection__threshold': 0.9, 'imputation__params': ('interpolate', ('polynomial', 2))}",0.4860933333333334,0.6142598343685299,0.5334174022698612,0.5586864406779661,0.6237865643241848,0.563248714994775,0.051245760773648265,421,0.9138934916689682,0.8374107362718541,0.7924677245831093,0.784250037759345,0.7501755150889587,0.8156395010744472,0.05645457721717863
2.3888710498809815,1.0497195289341938,0.7393854141235352,0.059591263095063386,5,25,3,"('pycatch22', {})",pca,0.9,"('interpolate', ('spline', 2))","{'classifier__base_estimator__max_depth': 5, 'classifier__base_estimator__n_estimators': 25, 'feature_extraction__n_lags': 3, 'feature_extraction__params': ('pycatch22', {}), 'feature_selection__strategy': 'pca', 'feature_selection__threshold': 0.9, 'imputation__params': ('interpolate', ('spline', 2))}",0.4860933333333334,0.6142598343685299,0.5334174022698612,0.5586864406779661,0.6237865643241848,0.563248714994775,0.051245760773648265,421,0.9138934916689682,0.8374107362718541,0.7924677245831093,0.784250037759345,0.7501755150889587,0.8156395010744472,0.05645457721717863
2.362008810043335,1.0825421408737768,0.7273865222930909,0.030862944102844264,5,25,3,"('pycatch22', {})",pca,0.9,"('ffill', None)","{'classifier__base_estimator__max_depth': 5, 'classifier__base_estimator__n_estimators': 25, 'feature_extraction__n_lags': 3, 'feature_extraction__params': ('pycatch22', {}), 'feature_selection__strategy': 'pca', 'feature_selection__threshold': 0.9, 'imputation__params': ('ffill', None)}",0.4860933333333334,0.6142598343685299,0.5334174022698612,0.5586864406779661,0.6237865643241848,0.563248714994775,0.051245760773648265,421,0.9138934916689682,0.8374107362718541,0.7924677245831093,0.784250037759345,0.7501755150889587,0.8156395010744472,0.05645457721717863
2.363664245605469,1.08595239819614,0.7403214454650879,0.04842894495817044,5,25,3,"('pycatch22', {})",pca,0.95,"('interpolate', 'linear')","{'classifier__base_estimator__max_depth': 5, 'classifier__base_estimator__n_estimators': 25, 'feature_extraction__n_lags': 3, 'feature_extraction__params': ('pycatch22', {}), 'feature_selection__strategy': 'pca', 'feature_selection__threshold': 0.95, 'imputation__params': ('interpolate', 'linear')}",0.4860933333333334,0.6142598343685299,0.5334174022698612,0.5586864406779661,0.6237865643241848,0.563248714994775,0.051245760773648265,421,0.9138934916689682,0.8374107362718541,0.7924677245831093,0.784250037759345,0.7501755150889587,0.8156395010744472,0.05645457721717863
2.3366154193878175,0.954967004877531,0.6943231582641601,0.051374313560015206,5,25,3,"('pycatch22', {})",pca,0.95,"('interpolate', ('polynomial', 2))","{'classifier__base_estimator__max_depth': 5, 'classifier__base_estimator__n_estimators': 25, 'feature_extraction__n_lags': 3, 'feature_extraction__params': ('pycatch22', {}), 'feature_selection__strategy': 'pca', 'feature_selection__threshold': 0.95, 'imputation__params': ('interpolate', ('polynomial', 2))}",0.4860933333333334,0.6142598343685299,0.5334174022698612,0.5586864406779661,0.6237865643241848,0.563248714994775,0.051245760773648265,421,0.9138934916689682,0.8374107362718541,0.7924677245831093,0.784250037759345,0.7501755150889587,0.8156395010744472,0.05645457721717863
2.390042543411255,1.0223918962525713,0.736306619644165,0.04676868035313921,5,25,3,"('pycatch22', {})",pca,0.95,"('interpolate', ('spline', 2))","{'classifier__base_estimator__max_depth': 5, 'classifier__base_estimator__n_estimators': 25, 'feature_extraction__n_lags': 3, 'feature_extraction__params': ('pycatch22', {}), 'feature_selection__strategy': 'pca', 'feature_selection__threshold': 0.95, 'imputation__params': ('interpolate', ('spline', 2))}",0.4860933333333334,0.6142598343685299,0.5334174022698612,0.5586864406779661,0.6237865643241848,0.563248714994775,0.051245760773648265,421,0.9138934916689682,0.8374107362718541,0.7924677245831093,0.784250037759345,0.7501755150889587,0.8156395010744472,0.05645457721717863
2.4160388469696046,1.043922975444735,0.7186017036437988,0.056100314156359514,5,25,3,"('pycatch22', {})",pca,0.95,"('ffill', None)","{'classifier__base_estimator__max_depth': 5, 'classifier__base_estimator__n_estimators': 25, 'feature_extraction__n_lags': 3, 'feature_extraction__params': ('pycatch22', {}), 'feature_selection__strategy': 'pca', 'feature_selection__threshold': 0.95, 'imputation__params': ('ffill', None)}",0.4860933333333334,0.6142598343685299,0.5334174022698612,0.5586864406779661,0.6237865643241848,0.563248714994775,0.051245760773648265,421,0.9138934916689682,0.8374107362718541,0.7924677245831093,0.784250037759345,0.7501755150889587,0.8156395010744472,0.05645457721717863
3.6863914489746095,1.700584405837262,0.8025237083435058,0.08501649748105725,5,25,5,"('pycatch22', {})",correlation,0.85,"('interpolate', 'linear')","{'classifier__base_estimator__max_depth': 5, 'classifier__base_estimator__n_estimators': 25, 'feature_extraction__n_lags': 5, 'feature_extraction__params': ('pycatch22', {}), 'feature_selection__strategy': 'correlation', 'feature_selection__threshold': 0.85, 'imputation__params': ('interpolate', 'linear')}",0.5329824561403509,0.67562358276644,0.6617535903250189,0.7267513108463748,0.696517547660312,0.6587256975476994,0.06657593772341251,141,0.9906137184115523,0.9907054125998225,0.9785635391233578,0.9606705649274805,0.9578103477961433,0.9756727165716713,0.01415415919867878
3.6385180950164795,1.6638336384933494,0.8631822109222412,0.0625037848524835,5,25,5,"('pycatch22', {})",correlation,0.85,"('interpolate', ('polynomial', 2))","{'classifier__base_estimator__max_depth': 5, 'classifier__base_estimator__n_estimators': 25, 'feature_extraction__n_lags': 5, 'feature_extraction__params': ('pycatch22', {}), 'feature_selection__strategy': 'correlation', 'feature_selection__threshold': 0.85, 'imputation__params': ('interpolate', ('polynomial', 2))}",0.5329824561403509,0.67562358276644,0.6617535903250189,0.7267513108463748,0.696517547660312,0.6587256975476994,0.06657593772341251,141,0.9906137184115523,0.9907054125998225,0.9785635391233578,0.9606705649274805,0.9578103477961433,0.9756727165716713,0.01415415919867878
3.6013158798217773,1.638832509295829,0.8313260555267334,0.06323302716874132,5,25,5,"('pycatch22', {})",correlation,0.85,"('interpolate', ('spline', 2))","{'classifier__base_estimator__max_depth': 5, 'classifier__base_estimator__n_estimators': 25, 'feature_extraction__n_lags': 5, 'feature_extraction__params': ('pycatch22', {}), 'feature_selection__strategy': 'correlation', 'feature_selection__threshold': 0.85, 'imputation__params': ('interpolate', ('spline', 2))}",0.5329824561403509,0.67562358276644,0.6617535903250189,0.7267513108463748,0.696517547660312,0.6587256975476994,0.06657593772341251,141,0.9906137184115523,0.9907054125998225,0.9785635391233578,0.9606705649274805,0.9578103477961433,0.9756727165716713,0.01415415919867878
3.666015958786011,1.7184510469675045,0.8111982822418213,0.04531237966679156,5,25,5,"('pycatch22', {})",correlation,0.85,"('ffill', None)","{'classifier__base_estimator__max_depth': 5, 'classifier__base_estimator__n_estimators': 25, 'feature_extraction__n_lags': 5, 'feature_extraction__params': ('pycatch22', {}), 'feature_selection__strategy': 'correlation', 'feature_selection__threshold': 0.85, 'imputation__params': ('ffill', None)}",0.5329824561403509,0.67562358276644,0.6617535903250189,0.7267513108463748,0.696517547660312,0.6587256975476994,0.06657593772341251,141,0.9906137184115523,0.9907054125998225,0.9785635391233578,0.9606705649274805,0.9578103477961433,0.9756727165716713,0.01415415919867878
3.698226976394653,1.704762131039098,0.8387460231781005,0.06336195632128147,5,25,5,"('pycatch22', {})",correlation,0.9,"('interpolate', 'linear')","{'classifier__base_estimator__max_depth': 5, 'classifier__base_estimator__n_estimators': 25, 'feature_extraction__n_lags': 5, 'feature_extraction__params': ('pycatch22', {}), 'feature_selection__strategy': 'correlation', 'feature_selection__threshold': 0.9, 'imputation__params': ('interpolate', 'linear')}",0.5284370015948964,0.6960600907029478,0.6775951121189216,0.6983546617915904,0.6868681398035816,0.6574630012023877,0.06493001750266238,145,0.9911413496251041,0.9934191067731439,0.9785490059295431,0.9615502609518458,0.9528968663911844,0.9755113179341643,0.016003367587928887
3.645578384399414,1.612111933790371,0.8449317932128906,0.037038668437674956,5,25,5,"('pycatch22', {})",correlation,0.9,"('interpolate', ('polynomial', 2))","{'classifier__base_estimator__max_depth': 5, 'classifier__base_estimator__n_estimators': 25, 'feature_extraction__n_lags': 5, 'feature_extraction__params': ('pycatch22', {}), 'feature_selection__strategy': 'correlation', 'feature_selection__threshold': 0.9, 'imputation__params': ('interpolate', ('polynomial', 2))}",0.5284370015948964,0.6960600907029478,0.6775951121189216,0.6983546617915904,0.6868681398035816,0.6574630012023877,0.06493001750266238,145,0.9911413496251041,0.9934191067731439,0.9785490059295431,0.9615502609518458,0.9528968663911844,0.9755113179341643,0.016003367587928887
3.60827431678772,1.6968784923255105,0.8506247043609619,0.06937328433658188,5,25,5,"('pycatch22', {})",correlation,0.9,"('interpolate', ('spline', 2))","{'classifier__base_estimator__max_depth': 5, 'classifier__base_estimator__n_estimators': 25, 'feature_extraction__n_lags': 5, 'feature_extraction__params': ('pycatch22', {}), 'feature_selection__strategy': 'correlation', 'feature_selection__threshold': 0.9, 'imputation__params': ('interpolate', ('spline', 2))}",0.5284370015948964,0.6960600907029478,0.6775951121189216,0.6983546617915904,0.6868681398035816,0.6574630012023877,0.06493001750266238,145,0.9911413496251041,0.9934191067731439,0.9785490059295431,0.9615502609518458,0.9528968663911844,0.9755113179341643,0.016003367587928887
3.6723491191864013,1.6813942132608755,0.8222781658172608,0.06291194523330668,5,25,5,"('pycatch22', {})",correlation,0.9,"('ffill', None)","{'classifier__base_estimator__max_depth': 5, 'classifier__base_estimator__n_estimators': 25, 'feature_extraction__n_lags': 5, 'feature_extraction__params': ('pycatch22', {}), 'feature_selection__strategy': 'correlation', 'feature_selection__threshold': 0.9, 'imputation__params': ('ffill', None)}",0.5284370015948964,0.6960600907029478,0.6775951121189216,0.6983546617915904,0.6868681398035816,0.6574630012023877,0.06493001750266238,145,0.9911413496251041,0.9934191067731439,0.9785490059295431,0.9615502609518458,0.9528968663911844,0.9755113179341643,0.016003367587928887
3.655060911178589,1.705087714142964,0.8049320697784423,0.06922784950239132,5,25,5,"('pycatch22', {})",correlation,0.95,"('interpolate', 'linear')","{'classifier__base_estimator__max_depth': 5, 'classifier__base_estimator__n_estimators': 25, 'feature_extraction__n_lags': 5, 'feature_extraction__params': ('pycatch22', {}), 'feature_selection__strategy': 'correlation', 'feature_selection__threshold': 0.95, 'imputation__params': ('interpolate', 'linear')}",0.5043221690590112,0.7035430839002268,0.6875157470395565,0.7127187255158005,0.6874548671288273,0.6591109185286845,0.07799716014950396,137,0.9890724798667037,0.9918515232179829,0.9731071322456044,0.9641884249744963,0.9560794378443527,0.9748597996298279,0.013859083799439651
3.665113115310669,1.6347352567420812,0.8362534999847412,0.07792168807056449,5,25,5,"('pycatch22', {})",correlation,0.95,"('interpolate', ('polynomial', 2))","{'classifier__base_estimator__max_depth': 5, 'classifier__base_estimator__n_estimators': 25, 'feature_extraction__n_lags': 5, 'feature_extraction__params': ('pycatch22', {}), 'feature_selection__strategy': 'correlation', 'feature_selection__threshold': 0.95, 'imputation__params': ('interpolate', ('polynomial', 2))}",0.5043221690590112,0.7035430839002268,0.6875157470395565,0.7127187255158005,0.6874548671288273,0.6591109185286845,0.07799716014950396,137,0.9890724798667037,0.9918515232179829,0.9731071322456044,0.9641884249744963,0.9560794378443527,0.9748597996298279,0.013859083799439651
3.7243414402008055,1.7374395338554902,0.8497479915618896,0.06439698907470966,5,25,5,"('pycatch22', {})",correlation,0.95,"('interpolate', ('spline', 2))","{'classifier__base_estimator__max_depth': 5, 'classifier__base_estimator__n_estimators': 25, 'feature_extraction__n_lags': 5, 'feature_extraction__params': ('pycatch22', {}), 'feature_selection__strategy': 'correlation', 'feature_selection__threshold': 0.95, 'imputation__params': ('interpolate', ('spline', 2))}",0.5043221690590112,0.7035430839002268,0.6875157470395565,0.7127187255158005,0.6874548671288273,0.6591109185286845,0.07799716014950396,137,0.9890724798667037,0.9918515232179829,0.9731071322456044,0.9641884249744963,0.9560794378443527,0.9748597996298279,0.013859083799439651
3.622846984863281,1.658816990262996,0.8165135860443116,0.06436514113810717,5,25,5,"('pycatch22', {})",correlation,0.95,"('ffill', None)","{'classifier__base_estimator__max_depth': 5, 'classifier__base_estimator__n_estimators': 25, 'feature_extraction__n_lags': 5, 'feature_extraction__params': ('pycatch22', {}), 'feature_selection__strategy': 'correlation', 'feature_selection__threshold': 0.95, 'imputation__params': ('ffill', None)}",0.5043221690590112,0.7035430839002268,0.6875157470395565,0.7127187255158005,0.6874548671288273,0.6591109185286845,0.07799716014950396,137,0.9890724798667037,0.9918515232179829,0.9731071322456044,0.9641884249744963,0.9560794378443527,0.9748597996298279,0.013859083799439651
2.683656358718872,1.2107298622122726,0.8359736919403076,0.06952164748388534,5,25,5,"('pycatch22', {})",pca,0.85,"('interpolate', 'linear')","{'classifier__base_estimator__max_depth': 5, 'classifier__base_estimator__n_estimators': 25, 'feature_extraction__n_lags': 5, 'feature_extraction__params': ('pycatch22', {}), 'feature_selection__strategy': 'pca', 'feature_selection__threshold': 0.85, 'imputation__params': ('interpolate', 'linear')}",0.4942902711323764,0.5986678004535146,0.5436507936507936,0.5679932498945296,0.6307047949162334,0.5670613820094895,0.04667763553699283,349,0.9120105526242711,0.8468426501035197,0.829264039065225,0.8061388367313748,0.775778021694215,0.8340068200437211,0.045692564498737945
2.596356916427612,1.160742211574602,0.8088707447052002,0.07829515772469318,5,25,5,"('pycatch22', {})",pca,0.85,"('interpolate', ('polynomial', 2))","{'classifier__base_estimator__max_depth': 5, 'classifier__base_estimator__n_estimators': 25, 'feature_extraction__n_lags': 5, 'feature_extraction__params': ('pycatch22', {}), 'feature_selection__strategy': 'pca', 'feature_selection__threshold': 0.85, 'imputation__params': ('interpolate', ('polynomial', 2))}",0.4942902711323764,0.5986678004535146,0.5436507936507936,0.5679932498945296,0.6307047949162334,0.5670613820094895,0.04667763553699283,349,0.9120105526242711,0.8468426501035197,0.829264039065225,0.8061388367313748,0.775778021694215,0.8340068200437211,0.045692564498737945
2.700459909439087,1.1811388712235307,0.853230619430542,0.04919974293818671,5,25,5,"('pycatch22', {})",pca,0.85,"('interpolate', ('spline', 2))","{'classifier__base_estimator__max_depth': 5, 'classifier__base_estimator__n_estimators': 25, 'feature_extraction__n_lags': 5, 'feature_extraction__params': ('pycatch22', {}), 'feature_selection__strategy': 'pca', 'feature_selection__threshold': 0.85, 'imputation__params': ('interpolate', ('spline', 2))}",0.4942902711323764,0.5986678004535146,0.5436507936507936,0.5679932498945296,0.6307047949162334,0.5670613820094895,0.04667763553699283,349,0.9120105526242711,0.8468426501035197,0.829264039065225,0.8061388367313748,0.775778021694215,0.8340068200437211,0.045692564498737945
2.710758590698242,1.2189802984947746,0.8483752727508544,0.05209303096767849,5,25,5,"('pycatch22', {})",pca,0.85,"('ffill', None)","{'classifier__base_estimator__max_depth': 5, 'classifier__base_estimator__n_estimators': 25, 'feature_extraction__n_lags': 5, 'feature_extraction__params': ('pycatch22', {}), 'feature_selection__strategy': 'pca', 'feature_selection__threshold': 0.85, 'imputation__params': ('ffill', None)}",0.4942902711323764,0.5986678004535146,0.5436507936507936,0.5679932498945296,0.6307047949162334,0.5670613820094895,0.04667763553699283,349,0.9120105526242711,0.8468426501035197,0.829264039065225,0.8061388367313748,0.775778021694215,0.8340068200437211,0.045692564498737945
2.6377105712890625,1.1874310158955792,0.8468810558319092,0.054626920012099164,5,25,5,"('pycatch22', {})",pca,0.9,"('interpolate', 'linear')","{'classifier__base_estimator__max_depth': 5, 'classifier__base_estimator__n_estimators': 25, 'feature_extraction__n_lags': 5, 'feature_extraction__params': ('pycatch22', {}), 'feature_selection__strategy': 'pca', 'feature_selection__threshold': 0.9, 'imputation__params': ('interpolate', 'linear')}",0.4942902711323764,0.5986678004535146,0.5436507936507936,0.5679932498945296,0.6307047949162334,0.5670613820094895,0.04667763553699283,349,0.9120105526242711,0.8468426501035197,0.829264039065225,0.8061388367313748,0.775778021694215,0.8340068200437211,0.045692564498737945
2.658681058883667,1.231640567695424,0.8308482646942139,0.039698039156180934,5,25,5,"('pycatch22', {})",pca,0.9,"('interpolate', ('polynomial', 2))","{'classifier__base_estimator__max_depth': 5, 'classifier__base_estimator__n_estimators': 25, 'feature_extraction__n_lags': 5, 'feature_extraction__params': ('pycatch22', {}), 'feature_selection__strategy': 'pca', 'feature_selection__threshold': 0.9, 'imputation__params': ('interpolate', ('polynomial', 2))}",0.4942902711323764,0.5986678004535146,0.5436507936507936,0.5679932498945296,0.6307047949162334,0.5670613820094895,0.04667763553699283,349,0.9120105526242711,0.8468426501035197,0.829264039065225,0.8061388367313748,0.775778021694215,0.8340068200437211,0.045692564498737945
2.6475785255432127,1.1358654530985215,0.8471274375915527,0.06386932648510768,5,25,5,"('pycatch22', {})",pca,0.9,"('interpolate', ('spline', 2))","{'classifier__base_estimator__max_depth': 5, 'classifier__base_estimator__n_estimators': 25, 'feature_extraction__n_lags': 5, 'feature_extraction__params': ('pycatch22', {}), 'feature_selection__strategy': 'pca', 'feature_selection__threshold': 0.9, 'imputation__params': ('interpolate', ('spline', 2))}",0.4942902711323764,0.5986678004535146,0.5436507936507936,0.5679932498945296,0.6307047949162334,0.5670613820094895,0.04667763553699283,349,0.9120105526242711,0.8468426501035197,0.829264039065225,0.8061388367313748,0.775778021694215,0.8340068200437211,0.045692564498737945
2.6345716953277587,1.2230199507077582,0.856463098526001,0.0514595264272695,5,25,5,"('pycatch22', {})",pca,0.9,"('ffill', None)","{'classifier__base_estimator__max_depth': 5, 'classifier__base_estimator__n_estimators': 25, 'feature_extraction__n_lags': 5, 'feature_extraction__params': ('pycatch22', {}), 'feature_selection__strategy': 'pca', 'feature_selection__threshold': 0.9, 'imputation__params': ('ffill', None)}",0.4942902711323764,0.5986678004535146,0.5436507936507936,0.5679932498945296,0.6307047949162334,0.5670613820094895,0.04667763553699283,349,0.9120105526242711,0.8468426501035197,0.829264039065225,0.8061388367313748,0.775778021694215,0.8340068200437211,0.045692564498737945
2.614198398590088,1.147219333643679,0.8143272876739502,0.07131585054154654,5,25,5,"('pycatch22', {})",pca,0.95,"('interpolate', 'linear')","{'classifier__base_estimator__max_depth': 5, 'classifier__base_estimator__n_estimators': 25, 'feature_extraction__n_lags': 5, 'feature_extraction__params': ('pycatch22', {}), 'feature_selection__strategy': 'pca', 'feature_selection__threshold': 0.95, 'imputation__params': ('interpolate', 'linear')}",0.4942902711323764,0.5986678004535146,0.5436507936507936,0.5679932498945296,0.6307047949162334,0.5670613820094895,0.04667763553699283,349,0.9120105526242711,0.8468426501035197,0.829264039065225,0.8061388367313748,0.775778021694215,0.8340068200437211,0.045692564498737945
2.620038557052612,1.1432166374602784,0.8514957427978516,0.0765308955616191,5,25,5,"('pycatch22', {})",pca,0.95,"('interpolate', ('polynomial', 2))","{'classifier__base_estimator__max_depth': 5, 'classifier__base_estimator__n_estimators': 25, 'feature_extraction__n_lags': 5, 'feature_extraction__params': ('pycatch22', {}), 'feature_selection__strategy': 'pca', 'feature_selection__threshold': 0.95, 'imputation__params': ('interpolate', ('polynomial', 2))}",0.4942902711323764,0.5986678004535146,0.5436507936507936,0.5679932498945296,0.6307047949162334,0.5670613820094895,0.04667763553699283,349,0.9120105526242711,0.8468426501035197,0.829264039065225,0.8061388367313748,0.775778021694215,0.8340068200437211,0.045692564498737945
2.684052896499634,1.1744454080397724,0.8578651905059814,0.07375909629484677,5,25,5,"('pycatch22', {})",pca,0.95,"('interpolate', ('spline', 2))","{'classifier__base_estimator__max_depth': 5, 'classifier__base_estimator__n_estimators': 25, 'feature_extraction__n_lags': 5, 'feature_extraction__params': ('pycatch22', {}), 'feature_selection__strategy': 'pca', 'feature_selection__threshold': 0.95, 'imputation__params': ('interpolate', ('spline', 2))}",0.4942902711323764,0.5986678004535146,0.5436507936507936,0.5679932498945296,0.6307047949162334,0.5670613820094895,0.04667763553699283,349,0.9120105526242711,0.8468426501035197,0.829264039065225,0.8061388367313748,0.775778021694215,0.8340068200437211,0.045692564498737945
2.6943159103393555,1.2660778871296519,0.8645813941955567,0.04714085015044935,5,25,5,"('pycatch22', {})",pca,0.95,"('ffill', None)","{'classifier__base_estimator__max_depth': 5, 'classifier__base_estimator__n_estimators': 25, 'feature_extraction__n_lags': 5, 'feature_extraction__params': ('pycatch22', {}), 'feature_selection__strategy': 'pca', 'feature_selection__threshold': 0.95, 'imputation__params': ('ffill', None)}",0.4942902711323764,0.5986678004535146,0.5436507936507936,0.5679932498945296,0.6307047949162334,0.5670613820094895,0.04667763553699283,349,0.9120105526242711,0.8468426501035197,0.829264039065225,0.8061388367313748,0.775778021694215,0.8340068200437211,0.045692564498737945
3.808944034576416,1.7237902841817476,0.8920807361602783,0.057162920177906244,5,25,8,"('pycatch22', {})",correlation,0.85,"('interpolate', 'linear')","{'classifier__base_estimator__max_depth': 5, 'classifier__base_estimator__n_estimators': 25, 'feature_extraction__n_lags': 8, 'feature_extraction__params': ('pycatch22', {}), 'feature_selection__strategy': 'correlation', 'feature_selection__threshold': 0.85, 'imputation__params': ('interpolate', 'linear')}",0.5984770704996577,0.553146121660766,0.6846755758748022,0.7241857241857241,0.6166889483065955,0.6354346881055091,0.06130267181919489,241,0.9993006993006993,0.998733202261994,0.9841211687963541,0.9825812126667212,0.9626895902586649,0.9854851746568867,0.01338888443369221
3.8406962394714355,1.7619785607430662,0.9424658298492432,0.04970988431393789,5,25,8,"('pycatch22', {})",correlation,0.85,"('interpolate', ('polynomial', 2))","{'classifier__base_estimator__max_depth': 5, 'classifier__base_estimator__n_estimators': 25, 'feature_extraction__n_lags': 8, 'feature_extraction__params': ('pycatch22', {}), 'feature_selection__strategy': 'correlation', 'feature_selection__threshold': 0.85, 'imputation__params': ('interpolate', ('polynomial', 2))}",0.5984770704996577,0.553146121660766,0.6846755758748022,0.7241857241857241,0.6166889483065955,0.6354346881055091,0.06130267181919489,241,0.9993006993006993,0.998733202261994,0.9841211687963541,0.9825812126667212,0.9626895902586649,0.9854851746568867,0.01338888443369221
3.870171308517456,1.7882937689529859,0.9572895526885986,0.11209842183431096,5,25,8,"('pycatch22', {})",correlation,0.85,"('interpolate', ('spline', 2))","{'classifier__base_estimator__max_depth': 5, 'classifier__base_estimator__n_estimators': 25, 'feature_extraction__n_lags': 8, 'feature_extraction__params': ('pycatch22', {}), 'feature_selection__strategy': 'correlation', 'feature_selection__threshold': 0.85, 'imputation__params': ('interpolate', ('spline', 2))}",0.5984770704996577,0.553146121660766,0.6846755758748022,0.7241857241857241,0.6166889483065955,0.6354346881055091,0.06130267181919489,241,0.9993006993006993,0.998733202261994,0.9841211687963541,0.9825812126667212,0.9626895902586649,0.9854851746568867,0.01338888443369221
3.85869140625,1.8786292001415248,0.9698638439178466,0.1089217355226005,5,25,8,"('pycatch22', {})",correlation,0.85,"('ffill', None)","{'classifier__base_estimator__max_depth': 5, 'classifier__base_estimator__n_estimators': 25, 'feature_extraction__n_lags': 8, 'feature_extraction__params': ('pycatch22', {}), 'feature_selection__strategy': 'correlation', 'feature_selection__threshold': 0.85, 'imputation__params': ('ffill', None)}",0.5984770704996577,0.553146121660766,0.6846755758748022,0.7241857241857241,0.6166889483065955,0.6354346881055091,0.06130267181919489,241,0.9993006993006993,0.998733202261994,0.9841211687963541,0.9825812126667212,0.9626895902586649,0.9854851746568867,0.01338888443369221
3.6056113719940184,1.6833297470699635,0.9084869384765625,0.07430634547275401,5,25,8,"('pycatch22', {})",correlation,0.9,"('interpolate', 'linear')","{'classifier__base_estimator__max_depth': 5, 'classifier__base_estimator__n_estimators': 25, 'feature_extraction__n_lags': 8, 'feature_extraction__params': ('pycatch22', {}), 'feature_selection__strategy': 'correlation', 'feature_selection__threshold': 0.9, 'imputation__params': ('interpolate', 'linear')}",0.6183692676249145,0.5359671709044094,0.6536838403376122,0.7133471933471933,0.6496880570409982,0.6342111058510256,0.057938033005790326,245,0.9996891996891997,0.9980035267649026,0.9787195067464927,0.9749125480729892,0.9656041867724678,0.9833857936092103,0.013335927692656459
3.8605939865112306,1.8515647860299764,0.9387588977813721,0.147436397243854,5,25,8,"('pycatch22', {})",correlation,0.9,"('interpolate', ('polynomial', 2))","{'classifier__base_estimator__max_depth': 5, 'classifier__base_estimator__n_estimators': 25, 'feature_extraction__n_lags': 8, 'feature_extraction__params': ('pycatch22', {}), 'feature_selection__strategy': 'correlation', 'feature_selection__threshold': 0.9, 'imputation__params': ('interpolate', ('polynomial', 2))}",0.6183692676249145,0.5359671709044094,0.6536838403376122,0.7133471933471933,0.6496880570409982,0.6342111058510256,0.057938033005790326,245,0.9996891996891997,0.9980035267649026,0.9787195067464927,0.9749125480729892,0.9656041867724678,0.9833857936092103,0.013335927692656459
3.759658765792847,1.7418238252443028,0.9620941162109375,0.0462434238778774,5,25,8,"('pycatch22', {})",correlation,0.9,"('interpolate', ('spline', 2))","{'classifier__base_estimator__max_depth': 5, 'classifier__base_estimator__n_estimators': 25, 'feature_extraction__n_lags': 8, 'feature_extraction__params': ('pycatch22', {}), 'feature_selection__strategy': 'correlation', 'feature_selection__threshold': 0.9, 'imputation__params': ('interpolate', ('spline', 2))}",0.6183692676249145,0.5359671709044094,0.6536838403376122,0.7133471933471933,0.6496880570409982,0.6342111058510256,0.057938033005790326,245,0.9996891996891997,0.9980035267649026,0.9787195067464927,0.9749125480729892,0.9656041867724678,0.9833857936092103,0.013335927692656459
3.8312408924102783,1.7884862125373489,0.9024024486541748,0.1114466710887429,5,25,8,"('pycatch22', {})",correlation,0.9,"('ffill', None)","{'classifier__base_estimator__max_depth': 5, 'classifier__base_estimator__n_estimators': 25, 'feature_extraction__n_lags': 8, 'feature_extraction__params': ('pycatch22', {}), 'feature_selection__strategy': 'correlation', 'feature_selection__threshold': 0.9, 'imputation__params': ('ffill', None)}",0.6183692676249145,0.5359671709044094,0.6536838403376122,0.7133471933471933,0.6496880570409982,0.6342111058510256,0.057938033005790326,245,0.9996891996891997,0.9980035267649026,0.9787195067464927,0.9749125480729892,0.9656041867724678,0.9833857936092103,0.013335927692656459
3.8655645847320557,1.9961485751225179,0.9814244270324707,0.14727532240380362,5,25,8,"('pycatch22', {})",correlation,0.95,"('interpolate', 'linear')","{'classifier__base_estimator__max_depth': 5, 'classifier__base_estimator__n_estimators': 25, 'feature_extraction__n_lags': 8, 'feature_extraction__params': ('pycatch22', {}), 'feature_selection__strategy': 'correlation', 'feature_selection__threshold': 0.95, 'imputation__params': ('interpolate', 'linear')}",0.601086584531143,0.5227711618925008,0.6391770705116933,0.7046708246708246,0.6077762923351159,0.6150963867882555,0.058952972350347924,301,0.9994949494949495,0.9993108620305248,0.9862523456348852,0.9780130001636528,0.9668701075883762,0.9859882529824777,0.012562648194472049
3.9087310314178465,1.8153674872914654,0.9390532970428467,0.09267854393045268,5,25,8,"('pycatch22', {})",correlation,0.95,"('interpolate', ('polynomial', 2))","{'classifier__base_estimator__max_depth': 5, 'classifier__base_estimator__n_estimators': 25, 'feature_extraction__n_lags': 8, 'feature_extraction__params': ('pycatch22', {}), 'feature_selection__strategy': 'correlation', 'feature_selection__threshold': 0.95, 'imputation__params': ('interpolate', ('polynomial', 2))}",0.601086584531143,0.5227711618925008,0.6391770705116933,0.7046708246708246,0.6077762923351159,0.6150963867882555,0.058952972350347924,301,0.9994949494949495,0.9993108620305248,0.9862523456348852,0.9780130001636528,0.9668701075883762,0.9859882529824777,0.012562648194472049
3.781869316101074,1.7499998016743437,0.9396960735321045,0.09250721331275939,5,25,8,"('pycatch22', {})",correlation,0.95,"('interpolate', ('spline', 2))","{'classifier__base_estimator__max_depth': 5, 'classifier__base_estimator__n_estimators': 25, 'feature_extraction__n_lags': 8, 'feature_extraction__params': ('pycatch22', {}), 'feature_selection__strategy': 'correlation', 'feature_selection__threshold': 0.95, 'imputation__params': ('interpolate', ('spline', 2))}",0.601086584531143,0.5227711618925008,0.6391770705116933,0.7046708246708246,0.6077762923351159,0.6150963867882555,0.058952972350347924,301,0.9994949494949495,0.9993108620305248,0.9862523456348852,0.9780130001636528,0.9668701075883762,0.9859882529824777,0.012562648194472049
3.743760108947754,1.866644388602893,0.9269423484802246,0.13508926921772862,5,25,8,"('pycatch22', {})",correlation,0.95,"('ffill', None)","{'classifier__base_estimator__max_depth': 5, 'classifier__base_estimator__n_estimators': 25, 'feature_extraction__n_lags': 8, 'feature_extraction__params': ('pycatch22', {}), 'feature_selection__strategy': 'correlation', 'feature_selection__threshold': 0.95, 'imputation__params': ('ffill', None)}",0.601086584531143,0.5227711618925008,0.6391770705116933,0.7046708246708246,0.6077762923351159,0.6150963867882555,0.058952972350347924,301,0.9994949494949495,0.9993108620305248,0.9862523456348852,0.9780130001636528,0.9668701075883762,0.9859882529824777,0.012562648194472049
2.81016263961792,1.270167584554708,0.9314889430999755,0.05594581899714524,5,25,8,"('pycatch22', {})",pca,0.85,"('interpolate', 'linear')","{'classifier__base_estimator__max_depth': 5, 'classifier__base_estimator__n_estimators': 25, 'feature_extraction__n_lags': 8, 'feature_extraction__params': ('pycatch22', {}), 'feature_selection__strategy': 'pca', 'feature_selection__threshold': 0.85, 'imputation__params': ('interpolate', 'linear')}",0.5187585557837098,0.6103355326681686,0.5187049410937226,0.5136382536382537,0.6189950980392157,0.5560864762446142,0.047943840558625044,553,0.9161616161616161,0.8649340251738046,0.8341658475560718,0.8112214630553964,0.7914752892256735,0.8435916482345125,0.04375999721585417
2.8980374336242676,1.4108862585664173,0.9400758266448974,0.15696673464838873,5,25,8,"('pycatch22', {})",pca,0.85,"('interpolate', ('polynomial', 2))","{'classifier__base_estimator__max_depth': 5, 'classifier__base_estimator__n_estimators': 25, 'feature_extraction__n_lags': 8, 'feature_extraction__params': ('pycatch22', {}), 'feature_selection__strategy': 'pca', 'feature_selection__threshold': 0.85, 'imputation__params': ('interpolate', ('polynomial', 2))}",0.5187585557837098,0.6103355326681686,0.5187049410937226,0.5136382536382537,0.6189950980392157,0.5560864762446142,0.047943840558625044,553,0.9161616161616161,0.8649340251738046,0.8341658475560718,0.8112214630553964,0.7914752892256735,0.8435916482345125,0.04375999721585417
2.8128787517547607,1.2867081164187735,0.9600405693054199,0.1257223811378583,5,25,8,"('pycatch22', {})",pca,0.85,"('interpolate', ('spline', 2))","{'classifier__base_estimator__max_depth': 5, 'classifier__base_estimator__n_estimators': 25, 'feature_extraction__n_lags': 8, 'feature_extraction__params': ('pycatch22', {}), 'feature_selection__strategy': 'pca', 'feature_selection__threshold': 0.85, 'imputation__params': ('interpolate', ('spline', 2))}",0.5187585557837098,0.6103355326681686,0.5187049410937226,0.5136382536382537,0.6189950980392157,0.5560864762446142,0.047943840558625044,553,0.9161616161616161,0.8649340251738046,0.8341658475560718,0.8112214630553964,0.7914752892256735,0.8435916482345125,0.04375999721585417
2.8788670539855956,1.3414921783756129,0.9201300621032715,0.09217937748242068,5,25,8,"('pycatch22', {})",pca,0.85,"('ffill', None)","{'classifier__base_estimator__max_depth': 5, 'classifier__base_estimator__n_estimators': 25, 'feature_extraction__n_lags': 8, 'feature_extraction__params': ('pycatch22', {}), 'feature_selection__strategy': 'pca', 'feature_selection__threshold': 0.85, 'imputation__params': ('ffill', None)}",0.5187585557837098,0.6103355326681686,0.5187049410937226,0.5136382536382537,0.6189950980392157,0.5560864762446142,0.047943840558625044,553,0.9161616161616161,0.8649340251738046,0.8341658475560718,0.8112214630553964,0.7914752892256735,0.8435916482345125,0.04375999721585417
2.894175577163696,1.4477100580678388,0.9382786750793457,0.1272941558809191,5,25,8,"('pycatch22', {})",pca,0.9,"('interpolate', 'linear')","{'classifier__base_estimator__max_depth': 5, 'classifier__base_estimator__n_estimators': 25, 'feature_extraction__n_lags': 8, 'feature_extraction__params': ('pycatch22', {}), 'feature_selection__strategy': 'pca', 'feature_selection__threshold': 0.9, 'imputation__params': ('interpolate', 'linear')}",0.5187585557837098,0.6103355326681686,0.5187049410937226,0.5136382536382537,0.6189950980392157,0.5560864762446142,0.047943840558625044,553,0.9161616161616161,0.8649340251738046,0.8341658475560718,0.8112214630553964,0.7914752892256735,0.8435916482345125,0.04375999721585417
2.8208955764770507,1.3020013530739678,0.9414154529571533,0.05206960561501505,5,25,8,"('pycatch22', {})",pca,0.9,"('interpolate', ('polynomial', 2))","{'classifier__base_estimator__max_depth': 5, 'classifier__base_estimator__n_estimators': 25, 'feature_extraction__n_lags': 8, 'feature_extraction__params': ('pycatch22', {}), 'feature_selection__strategy': 'pca', 'feature_selection__threshold': 0.9, 'imputation__params': ('interpolate', ('polynomial', 2))}",0.5187585557837098,0.6103355326681686,0.5187049410937226,0.5136382536382537,0.6189950980392157,0.5560864762446142,0.047943840558625044,553,0.9161616161616161,0.8649340251738046,0.8341658475560718,0.8112214630553964,0.7914752892256735,0.8435916482345125,0.04375999721585417
2.8675184726715086,1.319311883783913,0.9564310073852539,0.1255312933984039,5,25,8,"('pycatch22', {})",pca,0.9,"('interpolate', ('spline', 2))","{'classifier__base_estimator__max_depth': 5, 'classifier__base_estimator__n_estimators': 25, 'feature_extraction__n_lags': 8, 'feature_extraction__params': ('pycatch22', {}), 'feature_selection__strategy': 'pca', 'feature_selection__threshold': 0.9, 'imputation__params': ('interpolate', ('spline', 2))}",0.5187585557837098,0.6103355326681686,0.5187049410937226,0.5136382536382537,0.6189950980392157,0.5560864762446142,0.047943840558625044,553,0.9161616161616161,0.8649340251738046,0.8341658475560718,0.8112214630553964,0.7914752892256735,0.8435916482345125,0.04375999721585417
2.7997203826904298,1.259087864235787,0.9695788860321045,0.07284517675268272,5,25,8,"('pycatch22', {})",pca,0.9,"('ffill', None)","{'classifier__base_estimator__max_depth': 5, 'classifier__base_estimator__n_estimators': 25, 'feature_extraction__n_lags': 8, 'feature_extraction__params': ('pycatch22', {}), 'feature_selection__strategy': 'pca', 'feature_selection__threshold': 0.9, 'imputation__params': ('ffill', None)}",0.5187585557837098,0.6103355326681686,0.5187049410937226,0.5136382536382537,0.6189950980392157,0.5560864762446142,0.047943840558625044,553,0.9161616161616161,0.8649340251738046,0.8341658475560718,0.8112214630553964,0.7914752892256735,0.8435916482345125,0.04375999721585417
2.8781059265136717,1.2798332866588282,0.9665522098541259,0.06441133546414389,5,25,8,"('pycatch22', {})",pca,0.95,"('interpolate', 'linear')","{'classifier__base_estimator__max_depth': 5, 'classifier__base_estimator__n_estimators': 25, 'feature_extraction__n_lags': 8, 'feature_extraction__params': ('pycatch22', {}), 'feature_selection__strategy': 'pca', 'feature_selection__threshold': 0.95, 'imputation__params': ('interpolate', 'linear')}",0.5187585557837098,0.6103355326681686,0.5187049410937226,0.5136382536382537,0.6189950980392157,0.5560864762446142,0.047943840558625044,553,0.9161616161616161,0.8649340251738046,0.8341658475560718,0.8112214630553964,0.7914752892256735,0.8435916482345125,0.04375999721585417
2.9079948902130126,1.4244858686451796,0.9661431789398194,0.12731796731674289,5,25,8,"('pycatch22', {})",pca,0.95,"('interpolate', ('polynomial', 2))","{'classifier__base_estimator__max_depth': 5, 'classifier__base_estimator__n_estimators': 25, 'feature_extraction__n_lags': 8, 'feature_extraction__params': ('pycatch22', {}), 'feature_selection__strategy': 'pca', 'feature_selection__threshold': 0.95, 'imputation__params': ('interpolate', ('polynomial', 2))}",0.5187585557837098,0.6103355326681686,0.5187049410937226,0.5136382536382537,0.6189950980392157,0.5560864762446142,0.047943840558625044,553,0.9161616161616161,0.8649340251738046,0.8341658475560718,0.8112214630553964,0.7914752892256735,0.8435916482345125,0.04375999721585417
2.786831331253052,1.2982369502267466,0.917628002166748,0.03770052732825477,5,25,8,"('pycatch22', {})",pca,0.95,"('interpolate', ('spline', 2))","{'classifier__base_estimator__max_depth': 5, 'classifier__base_estimator__n_estimators': 25, 'feature_extraction__n_lags': 8, 'feature_extraction__params': ('pycatch22', {}), 'feature_selection__strategy': 'pca', 'feature_selection__threshold': 0.95, 'imputation__params': ('interpolate', ('spline', 2))}",0.5187585557837098,0.6103355326681686,0.5187049410937226,0.5136382536382537,0.6189950980392157,0.5560864762446142,0.047943840558625044,553,0.9161616161616161,0.8649340251738046,0.8341658475560718,0.8112214630553964,0.7914752892256735,0.8435916482345125,0.04375999721585417
2.8720580101013184,1.2851862860283936,0.9578859806060791,0.18850465928873425,5,25,8,"('pycatch22', {})",pca,0.95,"('ffill', None)","{'classifier__base_estimator__max_depth': 5, 'classifier__base_estimator__n_estimators': 25, 'feature_extraction__n_lags': 8, 'feature_extraction__params': ('pycatch22', {}), 'feature_selection__strategy': 'pca', 'feature_selection__threshold': 0.95, 'imputation__params': ('ffill', None)}",0.5187585557837098,0.6103355326681686,0.5187049410937226,0.5136382536382537,0.6189950980392157,0.5560864762446142,0.047943840558625044,553,0.9161616161616161,0.8649340251738046,0.8341658475560718,0.8112214630553964,0.7914752892256735,0.8435916482345125,0.04375999721585417
3.42891640663147,1.5589218683821207,0.7300214767456055,0.063925269811532,5,50,3,"('pycatch22', {})",correlation,0.85,"('interpolate', 'linear')","{'classifier__base_estimator__max_depth': 5, 'classifier__base_estimator__n_estimators': 50, 'feature_extraction__n_lags': 3, 'feature_extraction__params': ('pycatch22', {}), 'feature_selection__strategy': 'correlation', 'feature_selection__threshold': 0.85, 'imputation__params': ('interpolate', 'linear')}",0.57256,0.6841944287596462,0.6825872215216477,0.7303047588005215,0.6558599671042022,0.6651012752372034,0.05209815830952732,77,0.9974914848568536,0.9921878847574489,0.9825766541151157,0.9764689926423219,0.9471586131416088,0.9791767259026697,0.017599838217058423
3.4466285705566406,1.5929152571110317,0.7418876171112061,0.04236904098263317,5,50,3,"('pycatch22', {})",correlation,0.85,"('interpolate', ('polynomial', 2))","{'classifier__base_estimator__max_depth': 5, 'classifier__base_estimator__n_estimators': 50, 'feature_extraction__n_lags': 3, 'feature_extraction__params': ('pycatch22', {}), 'feature_selection__strategy': 'correlation', 'feature_selection__threshold': 0.85, 'imputation__params': ('interpolate', ('polynomial', 2))}",0.57256,0.6841944287596462,0.6825872215216477,0.7303047588005215,0.6558599671042022,0.6651012752372034,0.05209815830952732,77,0.9974914848568536,0.9921878847574489,0.9825766541151157,0.9764689926423219,0.9471586131416088,0.9791767259026697,0.017599838217058423
3.4225086212158202,1.4933512294509685,0.7134210109710694,0.051757691699325786,5,50,3,"('pycatch22', {})",correlation,0.85,"('interpolate', ('spline', 2))","{'classifier__base_estimator__max_depth': 5, 'classifier__base_estimator__n_estimators': 50, 'feature_extraction__n_lags': 3, 'feature_extraction__params': ('pycatch22', {}), 'feature_selection__strategy': 'correlation', 'feature_selection__threshold': 0.85, 'imputation__params': ('interpolate', ('spline', 2))}",0.57256,0.6841944287596462,0.6825872215216477,0.7303047588005215,0.6558599671042022,0.6651012752372034,0.05209815830952732,77,0.9974914848568536,0.9921878847574489,0.9825766541151157,0.9764689926423219,0.9471586131416088,0.9791767259026697,0.017599838217058423
3.4952191352844237,1.5147378072576188,0.7401275634765625,0.052199680579046025,5,50,3,"('pycatch22', {})",correlation,0.85,"('ffill', None)","{'classifier__base_estimator__max_depth': 5, 'classifier__base_estimator__n_estimators': 50, 'feature_extraction__n_lags': 3, 'feature_extraction__params': ('pycatch22', {}), 'feature_selection__strategy': 'correlation', 'feature_selection__threshold': 0.85, 'imputation__params': ('ffill', None)}",0.57256,0.6841944287596462,0.6825872215216477,0.7303047588005215,0.6558599671042022,0.6651012752372034,0.05209815830952732,77,0.9974914848568536,0.9921878847574489,0.9825766541151157,0.9764689926423219,0.9471586131416088,0.9791767259026697,0.017599838217058423
3.4533236980438233,1.587546156222343,0.7415520668029785,0.04426502596237151,5,50,3,"('pycatch22', {})",correlation,0.9,"('interpolate', 'linear')","{'classifier__base_estimator__max_depth': 5, 'classifier__base_estimator__n_estimators': 50, 'feature_extraction__n_lags': 3, 'feature_extraction__params': ('pycatch22', {}), 'feature_selection__strategy': 'correlation', 'feature_selection__threshold': 0.9, 'imputation__params': ('interpolate', 'linear')}",0.5651733333333334,0.7068511198945981,0.6756252627154267,0.7211864406779661,0.6662689070209953,0.6670210127284639,0.054713580765336674,61,0.9977446377612077,0.9927850283181483,0.9832463690155998,0.9716781794139133,0.9399426962143019,0.9770793821446342,0.02059154327057148
3.468462371826172,1.5863328888879873,0.7590089797973633,0.030369458579867753,5,50,3,"('pycatch22', {})",correlation,0.9,"('interpolate', ('polynomial', 2))","{'classifier__base_estimator__max_depth': 5, 'classifier__base_estimator__n_estimators': 50, 'feature_extraction__n_lags': 3, 'feature_extraction__params': ('pycatch22', {}), 'feature_selection__strategy': 'correlation', 'feature_selection__threshold': 0.9, 'imputation__params': ('interpolate', ('polynomial', 2))}",0.5651733333333334,0.7068511198945981,0.6756252627154267,0.7211864406779661,0.6662689070209953,0.6670210127284639,0.054713580765336674,61,0.9977446377612077,0.9927850283181483,0.9832463690155998,0.9716781794139133,0.9399426962143019,0.9770793821446342,0.02059154327057148
3.4618313312530518,1.5951899795420912,0.7119747161865234,0.05454470605348875,5,50,3,"('pycatch22', {})",correlation,0.9,"('interpolate', ('spline', 2))","{'classifier__base_estimator__max_depth': 5, 'classifier__base_estimator__n_estimators': 50, 'feature_extraction__n_lags': 3, 'feature_extraction__params': ('pycatch22', {}), 'feature_selection__strategy': 'correlation', 'feature_selection__threshold': 0.9, 'imputation__params': ('interpolate', ('spline', 2))}",0.5651733333333334,0.7068511198945981,0.6756252627154267,0.7211864406779661,0.6662689070209953,0.6670210127284639,0.054713580765336674,61,0.9977446377612077,0.9927850283181483,0.9832463690155998,0.9716781794139133,0.9399426962143019,0.9770793821446342,0.02059154327057148
3.568081092834473,1.5347920602248384,0.7253157615661621,0.0557220587535949,5,50,3,"('pycatch22', {})",correlation,0.9,"('ffill', None)","{'classifier__base_estimator__max_depth': 5, 'classifier__base_estimator__n_estimators': 50, 'feature_extraction__n_lags': 3, 'feature_extraction__params': ('pycatch22', {}), 'feature_selection__strategy': 'correlation', 'feature_selection__threshold': 0.9, 'imputation__params': ('ffill', None)}",0.5651733333333334,0.7068511198945981,0.6756252627154267,0.7211864406779661,0.6662689070209953,0.6670210127284639,0.054713580765336674,61,0.9977446377612077,0.9927850283181483,0.9832463690155998,0.9716781794139133,0.9399426962143019,0.9770793821446342,0.02059154327057148
3.521281290054321,1.5084966548041963,0.7502718925476074,0.0538693733869019,5,50,3,"('pycatch22', {})",correlation,0.95,"('interpolate', 'linear')","{'classifier__base_estimator__max_depth': 5, 'classifier__base_estimator__n_estimators': 50, 'feature_extraction__n_lags': 3, 'feature_extraction__params': ('pycatch22', {}), 'feature_selection__strategy': 'correlation', 'feature_selection__threshold': 0.95, 'imputation__params': ('interpolate', 'linear')}",0.5654933333333334,0.699416525503482,0.7135876418663304,0.7304106910039114,0.6579482052439772,0.6733712793902068,0.059033427131955404,13,0.9965709288410199,0.991055158827875,0.9845535233996773,0.9745463484401539,0.9477058464988187,0.9788863612015091,0.017227887296715434
3.553393077850342,1.6961853162890426,0.7686809062957763,0.02797752406631746,5,50,3,"('pycatch22', {})",correlation,0.95,"('interpolate', ('polynomial', 2))","{'classifier__base_estimator__max_depth': 5, 'classifier__base_estimator__n_estimators': 50, 'feature_extraction__n_lags': 3, 'feature_extraction__params': ('pycatch22', {}), 'feature_selection__strategy': 'correlation', 'feature_selection__threshold': 0.95, 'imputation__params': ('interpolate', ('polynomial', 2))}",0.5654933333333334,0.699416525503482,0.7135876418663304,0.7304106910039114,0.6579482052439772,0.6733712793902068,0.059033427131955404,13,0.9965709288410199,0.991055158827875,0.9845535233996773,0.9745463484401539,0.9477058464988187,0.9788863612015091,0.017227887296715434
3.4913558959960938,1.6334027422991904,0.7276159286499023,0.07286000981888799,5,50,3,"('pycatch22', {})",correlation,0.95,"('interpolate', ('spline', 2))","{'classifier__base_estimator__max_depth': 5, 'classifier__base_estimator__n_estimators': 50, 'feature_extraction__n_lags': 3, 'feature_extraction__params': ('pycatch22', {}), 'feature_selection__strategy': 'correlation', 'feature_selection__threshold': 0.95, 'imputation__params': ('interpolate', ('spline', 2))}",0.5654933333333334,0.699416525503482,0.7135876418663304,0.7304106910039114,0.6579482052439772,0.6733712793902068,0.059033427131955404,13,0.9965709288410199,0.991055158827875,0.9845535233996773,0.9745463484401539,0.9477058464988187,0.9788863612015091,0.017227887296715434
3.5020994663238527,1.6610956481435428,0.7304625034332275,0.05163061508219212,5,50,3,"('pycatch22', {})",correlation,0.95,"('ffill', None)","{'classifier__base_estimator__max_depth': 5, 'classifier__base_estimator__n_estimators': 50, 'feature_extraction__n_lags': 3, 'feature_extraction__params': ('pycatch22', {}), 'feature_selection__strategy': 'correlation', 'feature_selection__threshold': 0.95, 'imputation__params': ('ffill', None)}",0.5654933333333334,0.699416525503482,0.7135876418663304,0.7304106910039114,0.6579482052439772,0.6733712793902068,0.059033427131955404,13,0.9965709288410199,0.991055158827875,0.9845535233996773,0.9745463484401539,0.9477058464988187,0.9788863612015091,0.017227887296715434
2.3114211559295654,1.0586205377753182,0.7281206130981446,0.016913484701063162,5,50,3,"('pycatch22', {})",pca,0.85,"('interpolate', 'linear')","{'classifier__base_estimator__max_depth': 5, 'classifier__base_estimator__n_estimators': 50, 'feature_extraction__n_lags': 3, 'feature_extraction__params': ('pycatch22', {}), 'feature_selection__strategy': 'pca', 'feature_selection__threshold': 0.85, 'imputation__params': ('interpolate', 'linear')}",0.47088,0.6022139092791267,0.5406683480453973,0.5424625162972622,0.6295433289257264,0.5571536205095026,0.05513878826306609,517,0.9330410567983062,0.8716418369859641,0.8395965572888651,0.8323623787462664,0.7972353592831688,0.8547754378205141,0.04572436288047954
2.3324463844299315,1.0059949114797118,0.7123970508575439,0.04955779495197885,5,50,3,"('pycatch22', {})",pca,0.85,"('interpolate', ('polynomial', 2))","{'classifier__base_estimator__max_depth': 5, 'classifier__base_estimator__n_estimators': 50, 'feature_extraction__n_lags': 3, 'feature_extraction__params': ('pycatch22', {}), 'feature_selection__strategy': 'pca', 'feature_selection__threshold': 0.85, 'imputation__params': ('interpolate', ('polynomial', 2))}",0.47088,0.6022139092791267,0.5406683480453973,0.5424625162972622,0.6295433289257264,0.5571536205095026,0.05513878826306609,517,0.9330410567983062,0.8716418369859641,0.8395965572888651,0.8323623787462664,0.7972353592831688,0.8547754378205141,0.04572436288047954
2.4374829292297364,1.029688077229017,0.7370338439941406,0.07927448763119853,5,50,3,"('pycatch22', {})",pca,0.85,"('interpolate', ('spline', 2))","{'classifier__base_estimator__max_depth': 5, 'classifier__base_estimator__n_estimators': 50, 'feature_extraction__n_lags': 3, 'feature_extraction__params': ('pycatch22', {}), 'feature_selection__strategy': 'pca', 'feature_selection__threshold': 0.85, 'imputation__params': ('interpolate', ('spline', 2))}",0.47088,0.6022139092791267,0.5406683480453973,0.5424625162972622,0.6295433289257264,0.5571536205095026,0.05513878826306609,517,0.9330410567983062,0.8716418369859641,0.8395965572888651,0.8323623787462664,0.7972353592831688,0.8547754378205141,0.04572436288047954
2.4181057929992678,1.0183506161333407,0.7737496852874756,0.05387000461629447,5,50,3,"('pycatch22', {})",pca,0.85,"('ffill', None)","{'classifier__base_estimator__max_depth': 5, 'classifier__base_estimator__n_estimators': 50, 'feature_extraction__n_lags': 3, 'feature_extraction__params': ('pycatch22', {}), 'feature_selection__strategy': 'pca', 'feature_selection__threshold': 0.85, 'imputation__params': ('ffill', None)}",0.47088,0.6022139092791267,0.5406683480453973,0.5424625162972622,0.6295433289257264,0.5571536205095026,0.05513878826306609,517,0.9330410567983062,0.8716418369859641,0.8395965572888651,0.8323623787462664,0.7972353592831688,0.8547754378205141,0.04572436288047954
2.400555229187012,1.1071175672608178,0.7420793533325195,0.06411186285304611,5,50,3,"('pycatch22', {})",pca,0.9,"('interpolate', 'linear')","{'classifier__base_estimator__max_depth': 5, 'classifier__base_estimator__n_estimators': 50, 'feature_extraction__n_lags': 3, 'feature_extraction__params': ('pycatch22', {}), 'feature_selection__strategy': 'pca', 'feature_selection__threshold': 0.9, 'imputation__params': ('interpolate', 'linear')}",0.47088,0.6022139092791267,0.5406683480453973,0.5424625162972622,0.6295433289257264,0.5571536205095026,0.05513878826306609,517,0.9330410567983062,0.8716418369859641,0.8395965572888651,0.8323623787462664,0.7972353592831688,0.8547754378205141,0.04572436288047954
2.3554007053375243,1.032709908397359,0.734404182434082,0.03458410428977802,5,50,3,"('pycatch22', {})",pca,0.9,"('interpolate', ('polynomial', 2))","{'classifier__base_estimator__max_depth': 5, 'classifier__base_estimator__n_estimators': 50, 'feature_extraction__n_lags': 3, 'feature_extraction__params': ('pycatch22', {}), 'feature_selection__strategy': 'pca', 'feature_selection__threshold': 0.9, 'imputation__params': ('interpolate', ('polynomial', 2))}",0.47088,0.6022139092791267,0.5406683480453973,0.5424625162972622,0.6295433289257264,0.5571536205095026,0.05513878826306609,517,0.9330410567983062,0.8716418369859641,0.8395965572888651,0.8323623787462664,0.7972353592831688,0.8547754378205141,0.04572436288047954
2.3883198261260987,1.0891211247871482,0.7505299568176269,0.031033375860098415,5,50,3,"('pycatch22', {})",pca,0.9,"('interpolate', ('spline', 2))","{'classifier__base_estimator__max_depth': 5, 'classifier__base_estimator__n_estimators': 50, 'feature_extraction__n_lags': 3, 'feature_extraction__params': ('pycatch22', {}), 'feature_selection__strategy': 'pca', 'feature_selection__threshold': 0.9, 'imputation__params': ('interpolate', ('spline', 2))}",0.47088,0.6022139092791267,0.5406683480453973,0.5424625162972622,0.6295433289257264,0.5571536205095026,0.05513878826306609,517,0.9330410567983062,0.8716418369859641,0.8395965572888651,0.8323623787462664,0.7972353592831688,0.8547754378205141,0.04572436288047954
2.3362056255340575,0.997517482201303,0.7407762050628662,0.05809040753222872,5,50,3,"('pycatch22', {})",pca,0.9,"('ffill', None)","{'classifier__base_estimator__max_depth': 5, 'classifier__base_estimator__n_estimators': 50, 'feature_extraction__n_lags': 3, 'feature_extraction__params': ('pycatch22', {}), 'feature_selection__strategy': 'pca', 'feature_selection__threshold': 0.9, 'imputation__params': ('ffill', None)}",0.47088,0.6022139092791267,0.5406683480453973,0.5424625162972622,0.6295433289257264,0.5571536205095026,0.05513878826306609,517,0.9330410567983062,0.8716418369859641,0.8395965572888651,0.8323623787462664,0.7972353592831688,0.8547754378205141,0.04572436288047954
2.4047498226165773,1.092314039823919,0.7513135433197021,0.04161350106142122,5,50,3,"('pycatch22', {})",pca,0.95,"('interpolate', 'linear')","{'classifier__base_estimator__max_depth': 5, 'classifier__base_estimator__n_estimators': 50, 'feature_extraction__n_lags': 3, 'feature_extraction__params': ('pycatch22', {}), 'feature_selection__strategy': 'pca', 'feature_selection__threshold': 0.95, 'imputation__params': ('interpolate', 'linear')}",0.47088,0.6022139092791267,0.5406683480453973,0.5424625162972622,0.6295433289257264,0.5571536205095026,0.05513878826306609,517,0.9330410567983062,0.8716418369859641,0.8395965572888651,0.8323623787462664,0.7972353592831688,0.8547754378205141,0.04572436288047954
2.338218593597412,1.0410038012879526,0.7328086376190186,0.05015534993661363,5,50,3,"('pycatch22', {})",pca,0.95,"('interpolate', ('polynomial', 2))","{'classifier__base_estimator__max_depth': 5, 'classifier__base_estimator__n_estimators': 50, 'feature_extraction__n_lags': 3, 'feature_extraction__params': ('pycatch22', {}), 'feature_selection__strategy': 'pca', 'feature_selection__threshold': 0.95, 'imputation__params': ('interpolate', ('polynomial', 2))}",0.47088,0.6022139092791267,0.5406683480453973,0.5424625162972622,0.6295433289257264,0.5571536205095026,0.05513878826306609,517,0.9330410567983062,0.8716418369859641,0.8395965572888651,0.8323623787462664,0.7972353592831688,0.8547754378205141,0.04572436288047954
2.4203811168670653,1.0673095494924094,0.7618561744689941,0.041380410435724706,5,50,3,"('pycatch22', {})",pca,0.95,"('interpolate', ('spline', 2))","{'classifier__base_estimator__max_depth': 5, 'classifier__base_estimator__n_estimators': 50, 'feature_extraction__n_lags': 3, 'feature_extraction__params': ('pycatch22', {}), 'feature_selection__strategy': 'pca', 'feature_selection__threshold': 0.95, 'imputation__params': ('interpolate', ('spline', 2))}",0.47088,0.6022139092791267,0.5406683480453973,0.5424625162972622,0.6295433289257264,0.5571536205095026,0.05513878826306609,517,0.9330410567983062,0.8716418369859641,0.8395965572888651,0.8323623787462664,0.7972353592831688,0.8547754378205141,0.04572436288047954
2.3571510314941406,1.0437690575828937,0.7404287815093994,0.051908123890180714,5,50,3,"('pycatch22', {})",pca,0.95,"('ffill', None)","{'classifier__base_estimator__max_depth': 5, 'classifier__base_estimator__n_estimators': 50, 'feature_extraction__n_lags': 3, 'feature_extraction__params': ('pycatch22', {}), 'feature_selection__strategy': 'pca', 'feature_selection__threshold': 0.95, 'imputation__params': ('ffill', None)}",0.47088,0.6022139092791267,0.5406683480453973,0.5424625162972622,0.6295433289257264,0.5571536205095026,0.05513878826306609,517,0.9330410567983062,0.8716418369859641,0.8395965572888651,0.8323623787462664,0.7972353592831688,0.8547754378205141,0.04572436288047954
3.9652459144592287,1.831966679377711,0.9040680885314941,0.08315128283442041,5,50,5,"('pycatch22', {})",correlation,0.85,"('interpolate', 'linear')","{'classifier__base_estimator__max_depth': 5, 'classifier__base_estimator__n_estimators': 50, 'feature_extraction__n_lags': 5, 'feature_extraction__params': ('pycatch22', {}), 'feature_selection__strategy': 'correlation', 'feature_selection__threshold': 0.85, 'imputation__params': ('interpolate', 'linear')}",0.5415311004784689,0.7006235827664399,0.6906651549508693,0.7254454868714466,0.687138937030618,0.6690808524195686,0.06516568362328118,45,0.9998889197445153,0.9992975451049986,0.9959823793098994,0.9871908127208481,0.9772565857438017,0.9919232485248125,0.008623406015420103
3.70883846282959,1.6048661287282253,0.8687675952911377,0.06562450781149731,5,50,5,"('pycatch22', {})",correlation,0.85,"('interpolate', ('polynomial', 2))","{'classifier__base_estimator__max_depth': 5, 'classifier__base_estimator__n_estimators': 50, 'feature_extraction__n_lags': 5, 'feature_extraction__params': ('pycatch22', {}), 'feature_selection__strategy': 'correlation', 'feature_selection__threshold': 0.85, 'imputation__params': ('interpolate', ('polynomial', 2))}",0.5415311004784689,0.7006235827664399,0.6906651549508693,0.7254454868714466,0.687138937030618,0.6690808524195686,0.06516568362328118,45,0.9998889197445153,0.9992975451049986,0.9959823793098994,0.9871908127208481,0.9772565857438017,0.9919232485248125,0.008623406015420103
3.8356841564178468,1.7098047241272516,0.8750370502471924,0.050533087670653544,5,50,5,"('pycatch22', {})",correlation,0.85,"('interpolate', ('spline', 2))","{'classifier__base_estimator__max_depth': 5, 'classifier__base_estimator__n_estimators': 50, 'feature_extraction__n_lags': 5, 'feature_extraction__params': ('pycatch22', {}), 'feature_selection__strategy': 'correlation', 'feature_selection__threshold': 0.85, 'imputation__params': ('interpolate', ('spline', 2))}",0.5415311004784689,0.7006235827664399,0.6906651549508693,0.7254454868714466,0.687138937030618,0.6690808524195686,0.06516568362328118,45,0.9998889197445153,0.9992975451049986,0.9959823793098994,0.9871908127208481,0.9772565857438017,0.9919232485248125,0.008623406015420103
3.7619369983673097,1.713934819207226,0.8407359600067139,0.05082908732898557,5,50,5,"('pycatch22', {})",correlation,0.85,"('ffill', None)","{'classifier__base_estimator__max_depth': 5, 'classifier__base_estimator__n_estimators': 50, 'feature_extraction__n_lags': 5, 'feature_extraction__params': ('pycatch22', {}), 'feature_selection__strategy': 'correlation', 'feature_selection__threshold': 0.85, 'imputation__params': ('ffill', None)}",0.5415311004784689,0.7006235827664399,0.6906651549508693,0.7254454868714466,0.687138937030618,0.6690808524195686,0.06516568362328118,45,0.9998889197445153,0.9992975451049986,0.9959823793098994,0.9871908127208481,0.9772565857438017,0.9919232485248125,0.008623406015420103
3.8163137912750242,1.712659075319992,0.8702211380004883,0.07956803092717715,5,50,5,"('pycatch22', {})",correlation,0.9,"('interpolate', 'linear')","{'classifier__base_estimator__max_depth': 5, 'classifier__base_estimator__n_estimators': 50, 'feature_extraction__n_lags': 5, 'feature_extraction__params': ('pycatch22', {}), 'feature_selection__strategy': 'correlation', 'feature_selection__threshold': 0.9, 'imputation__params': ('interpolate', 'linear')}",0.5349282296650718,0.6996315192743763,0.6938145628621819,0.6995499929686401,0.6825173310225303,0.6620883271585601,0.06388498462840939,117,0.9998333796167731,0.9994158532978409,0.9939767985634745,0.988161065688898,0.9767066976584022,0.9916187589650779,0.008580911821468175
3.8775972366333007,1.9229594615513166,0.8835866928100586,0.10727549861003896,5,50,5,"('pycatch22', {})",correlation,0.9,"('interpolate', ('polynomial', 2))","{'classifier__base_estimator__max_depth': 5, 'classifier__base_estimator__n_estimators': 50, 'feature_extraction__n_lags': 5, 'feature_extraction__params': ('pycatch22', {}), 'feature_selection__strategy': 'correlation', 'feature_selection__threshold': 0.9, 'imputation__params': ('interpolate', ('polynomial', 2))}",0.5349282296650718,0.6996315192743763,0.6938145628621819,0.6995499929686401,0.6825173310225303,0.6620883271585601,0.06388498462840939,117,0.9998333796167731,0.9994158532978409,0.9939767985634745,0.988161065688898,0.9767066976584022,0.9916187589650779,0.008580911821468175
3.7929518699645994,1.722487983259249,0.8797228813171387,0.00930472212979979,5,50,5,"('pycatch22', {})",correlation,0.9,"('interpolate', ('spline', 2))","{'classifier__base_estimator__max_depth': 5, 'classifier__base_estimator__n_estimators': 50, 'feature_extraction__n_lags': 5, 'feature_extraction__params': ('pycatch22', {}), 'feature_selection__strategy': 'correlation', 'feature_selection__threshold': 0.9, 'imputation__params': ('interpolate', ('spline', 2))}",0.5349282296650718,0.6996315192743763,0.6938145628621819,0.6995499929686401,0.6825173310225303,0.6620883271585601,0.06388498462840939,117,0.9998333796167731,0.9994158532978409,0.9939767985634745,0.988161065688898,0.9767066976584022,0.9916187589650779,0.008580911821468175
3.8163348197937013,1.6969834618343782,0.842948055267334,0.12534884120537712,5,50,5,"('pycatch22', {})",correlation,0.9,"('ffill', None)","{'classifier__base_estimator__max_depth': 5, 'classifier__base_estimator__n_estimators': 50, 'feature_extraction__n_lags': 5, 'feature_extraction__params': ('pycatch22', {}), 'feature_selection__strategy': 'correlation', 'feature_selection__threshold': 0.9, 'imputation__params': ('ffill', None)}",0.5349282296650718,0.6996315192743763,0.6938145628621819,0.6995499929686401,0.6825173310225303,0.6620883271585601,0.06388498462840939,117,0.9998333796167731,0.9994158532978409,0.9939767985634745,0.988161065688898,0.9767066976584022,0.9916187589650779,0.008580911821468175
3.8339692115783692,1.7859809798039539,0.8545476913452148,0.05689220844385823,5,50,5,"('pycatch22', {})",correlation,0.95,"('interpolate', 'linear')","{'classifier__base_estimator__max_depth': 5, 'classifier__base_estimator__n_estimators': 50, 'feature_extraction__n_lags': 5, 'feature_extraction__params': ('pycatch22', {}), 'feature_selection__strategy': 'correlation', 'feature_selection__threshold': 0.95, 'imputation__params': ('interpolate', 'linear')}",0.5067942583732057,0.7321428571428571,0.6959561602418745,0.7173594230266991,0.6747364240323511,0.6653978245633975,0.08164682433092064,69,0.9996389891696751,0.9989426205264715,0.9935601803407873,0.9911291157206854,0.9788632059228649,0.9924268223360968,0.00750214915240732
3.740967273712158,1.7893761594348208,0.8446012496948242,0.08484105241298462,5,50,5,"('pycatch22', {})",correlation,0.95,"('interpolate', ('polynomial', 2))","{'classifier__base_estimator__max_depth': 5, 'classifier__base_estimator__n_estimators': 50, 'feature_extraction__n_lags': 5, 'feature_extraction__params': ('pycatch22', {}), 'feature_selection__strategy': 'correlation', 'feature_selection__threshold': 0.95, 'imputation__params': ('interpolate', ('polynomial', 2))}",0.5067942583732057,0.7321428571428571,0.6959561602418745,0.7173594230266991,0.6747364240323511,0.6653978245633975,0.08164682433092064,69,0.9996389891696751,0.9989426205264715,0.9935601803407873,0.9911291157206854,0.9788632059228649,0.9924268223360968,0.00750214915240732
3.8136075019836424,1.7812444351816894,0.8674282550811767,0.07553416522530669,5,50,5,"('pycatch22', {})",correlation,0.95,"('interpolate', ('spline', 2))","{'classifier__base_estimator__max_depth': 5, 'classifier__base_estimator__n_estimators': 50, 'feature_extraction__n_lags': 5, 'feature_extraction__params': ('pycatch22', {}), 'feature_selection__strategy': 'correlation', 'feature_selection__threshold': 0.95, 'imputation__params': ('interpolate', ('spline', 2))}",0.5067942583732057,0.7321428571428571,0.6959561602418745,0.7173594230266991,0.6747364240323511,0.6653978245633975,0.08164682433092064,69,0.9996389891696751,0.9989426205264715,0.9935601803407873,0.9911291157206854,0.9788632059228649,0.9924268223360968,0.00750214915240732
3.856507968902588,1.8338885264851015,0.8362634181976318,0.10800248836208315,5,50,5,"('pycatch22', {})",correlation,0.95,"('ffill', None)","{'classifier__base_estimator__max_depth': 5, 'classifier__base_estimator__n_estimators': 50, 'feature_extraction__n_lags': 5, 'feature_extraction__params': ('pycatch22', {}), 'feature_selection__strategy': 'correlation', 'feature_selection__threshold': 0.95, 'imputation__params': ('ffill', None)}",0.5067942583732057,0.7321428571428571,0.6959561602418745,0.7173594230266991,0.6747364240323511,0.6653978245633975,0.08164682433092064,69,0.9996389891696751,0.9989426205264715,0.9935601803407873,0.9911291157206854,0.9788632059228649,0.9924268223360968,0.00750214915240732
2.6618442058563234,1.2258880486148507,0.8309563159942627,0.10470998306863238,5,50,5,"('pycatch22', {})",pca,0.85,"('interpolate', 'linear')","{'classifier__base_estimator__max_depth': 5, 'classifier__base_estimator__n_estimators': 50, 'feature_extraction__n_lags': 5, 'feature_extraction__params': ('pycatch22', {}), 'feature_selection__strategy': 'pca', 'feature_selection__threshold': 0.85, 'imputation__params': ('interpolate', 'linear')}",0.48033492822966506,0.6012046485260771,0.5551933736457546,0.5466681399039717,0.6264442518775275,0.5619690684365992,0.05028049587242319,457,0.9372535406831436,0.8823757763975155,0.8537411670477593,0.8488355116282508,0.8115535683539945,0.8667519128221327,0.04183710987495048
2.745280122756958,1.3534503453136888,0.8941215515136719,0.08844966524564218,5,50,5,"('pycatch22', {})",pca,0.85,"('interpolate', ('polynomial', 2))","{'classifier__base_estimator__max_depth': 5, 'classifier__base_estimator__n_estimators': 50, 'feature_extraction__n_lags': 5, 'feature_extraction__params': ('pycatch22', {}), 'feature_selection__strategy': 'pca', 'feature_selection__threshold': 0.85, 'imputation__params': ('interpolate', ('polynomial', 2))}",0.48033492822966506,0.6012046485260771,0.5551933736457546,0.5466681399039717,0.6264442518775275,0.5619690684365992,0.05028049587242319,457,0.9372535406831436,0.8823757763975155,0.8537411670477593,0.8488355116282508,0.8115535683539945,0.8667519128221327,0.04183710987495048
2.666302299499512,1.160338266007028,0.9405523777008057,0.06739187142042115,5,50,5,"('pycatch22', {})",pca,0.85,"('interpolate', ('spline', 2))","{'classifier__base_estimator__max_depth': 5, 'classifier__base_estimator__n_estimators': 50, 'feature_extraction__n_lags': 5, 'feature_extraction__params': ('pycatch22', {}), 'feature_selection__strategy': 'pca', 'feature_selection__threshold': 0.85, 'imputation__params': ('interpolate', ('spline', 2))}",0.48033492822966506,0.6012046485260771,0.5551933736457546,0.5466681399039717,0.6264442518775275,0.5619690684365992,0.05028049587242319,457,0.9372535406831436,0.8823757763975155,0.8537411670477593,0.8488355116282508,0.8115535683539945,0.8667519128221327,0.04183710987495048
2.7337194442749024,1.2871878348781574,0.8784761905670166,0.08012426628154853,5,50,5,"('pycatch22', {})",pca,0.85,"('ffill', None)","{'classifier__base_estimator__max_depth': 5, 'classifier__base_estimator__n_estimators': 50, 'feature_extraction__n_lags': 5, 'feature_extraction__params': ('pycatch22', {}), 'feature_selection__strategy': 'pca', 'feature_selection__threshold': 0.85, 'imputation__params': ('ffill', None)}",0.48033492822966506,0.6012046485260771,0.5551933736457546,0.5466681399039717,0.6264442518775275,0.5619690684365992,0.05028049587242319,457,0.9372535406831436,0.8823757763975155,0.8537411670477593,0.8488355116282508,0.8115535683539945,0.8667519128221327,0.04183710987495048
2.697064924240112,1.2982475752792795,0.8511868953704834,0.10068899120908473,5,50,5,"('pycatch22', {})",pca,0.9,"('interpolate', 'linear')","{'classifier__base_estimator__max_depth': 5, 'classifier__base_estimator__n_estimators': 50, 'feature_extraction__n_lags': 5, 'feature_extraction__params': ('pycatch22', {}), 'feature_selection__strategy': 'pca', 'feature_selection__threshold': 0.9, 'imputation__params': ('interpolate', 'linear')}",0.48033492822966506,0.6012046485260771,0.5551933736457546,0.5466681399039717,0.6264442518775275,0.5619690684365992,0.05028049587242319,457,0.9372535406831436,0.8823757763975155,0.8537411670477593,0.8488355116282508,0.8115535683539945,0.8667519128221327,0.04183710987495048
2.7461185455322266,1.2061801115024553,0.8562450408935547,0.05670994049443884,5,50,5,"('pycatch22', {})",pca,0.9,"('interpolate', ('polynomial', 2))","{'classifier__base_estimator__max_depth': 5, 'classifier__base_estimator__n_estimators': 50, 'feature_extraction__n_lags': 5, 'feature_extraction__params': ('pycatch22', {}), 'feature_selection__strategy': 'pca', 'feature_selection__threshold': 0.9, 'imputation__params': ('interpolate', ('polynomial', 2))}",0.48033492822966506,0.6012046485260771,0.5551933736457546,0.5466681399039717,0.6264442518775275,0.5619690684365992,0.05028049587242319,457,0.9372535406831436,0.8823757763975155,0.8537411670477593,0.8488355116282508,0.8115535683539945,0.8667519128221327,0.04183710987495048
2.6781431674957275,1.241441839049582,0.8251736164093018,0.0692548199829395,5,50,5,"('pycatch22', {})",pca,0.9,"('interpolate', ('spline', 2))","{'classifier__base_estimator__max_depth': 5, 'classifier__base_estimator__n_estimators': 50, 'feature_extraction__n_lags': 5, 'feature_extraction__params': ('pycatch22', {}), 'feature_selection__strategy': 'pca', 'feature_selection__threshold': 0.9, 'imputation__params': ('interpolate', ('spline', 2))}",0.48033492822966506,0.6012046485260771,0.5551933736457546,0.5466681399039717,0.6264442518775275,0.5619690684365992,0.05028049587242319,457,0.9372535406831436,0.8823757763975155,0.8537411670477593,0.8488355116282508,0.8115535683539945,0.8667519128221327,0.04183710987495048
2.7289043426513673,1.1763934610865399,0.837221097946167,0.04479532981263828,5,50,5,"('pycatch22', {})",pca,0.9,"('ffill', None)","{'classifier__base_estimator__max_depth': 5, 'classifier__base_estimator__n_estimators': 50, 'feature_extraction__n_lags': 5, 'feature_extraction__params': ('pycatch22', {}), 'feature_selection__strategy': 'pca', 'feature_selection__threshold': 0.9, 'imputation__params': ('ffill', None)}",0.48033492822966506,0.6012046485260771,0.5551933736457546,0.5466681399039717,0.6264442518775275,0.5619690684365992,0.05028049587242319,457,0.9372535406831436,0.8823757763975155,0.8537411670477593,0.8488355116282508,0.8115535683539945,0.8667519128221327,0.04183710987495048
2.757451963424683,1.1507211305512137,0.9198221683502197,0.027392952584172257,5,50,5,"('pycatch22', {})",pca,0.95,"('interpolate', 'linear')","{'classifier__base_estimator__max_depth': 5, 'classifier__base_estimator__n_estimators': 50, 'feature_extraction__n_lags': 5, 'feature_extraction__params': ('pycatch22', {}), 'feature_selection__strategy': 'pca', 'feature_selection__threshold': 0.95, 'imputation__params': ('interpolate', 'linear')}",0.48033492822966506,0.6012046485260771,0.5551933736457546,0.5466681399039717,0.6264442518775275,0.5619690684365992,0.05028049587242319,457,0.9372535406831436,0.8823757763975155,0.8537411670477593,0.8488355116282508,0.8115535683539945,0.8667519128221327,0.04183710987495048
2.7477817058563234,1.26517832815141,0.8722445011138916,0.1345883526065262,5,50,5,"('pycatch22', {})",pca,0.95,"('interpolate', ('polynomial', 2))","{'classifier__base_estimator__max_depth': 5, 'classifier__base_estimator__n_estimators': 50, 'feature_extraction__n_lags': 5, 'feature_extraction__params': ('pycatch22', {}), 'feature_selection__strategy': 'pca', 'feature_selection__threshold': 0.95, 'imputation__params': ('interpolate', ('polynomial', 2))}",0.48033492822966506,0.6012046485260771,0.5551933736457546,0.5466681399039717,0.6264442518775275,0.5619690684365992,0.05028049587242319,457,0.9372535406831436,0.8823757763975155,0.8537411670477593,0.8488355116282508,0.8115535683539945,0.8667519128221327,0.04183710987495048
2.7158111095428468,1.299126494769443,0.9066786289215087,0.09321175173808442,5,50,5,"('pycatch22', {})",pca,0.95,"('interpolate', ('spline', 2))","{'classifier__base_estimator__max_depth': 5, 'classifier__base_estimator__n_estimators': 50, 'feature_extraction__n_lags': 5, 'feature_extraction__params': ('pycatch22', {}), 'feature_selection__strategy': 'pca', 'feature_selection__threshold': 0.95, 'imputation__params': ('interpolate', ('spline', 2))}",0.48033492822966506,0.6012046485260771,0.5551933736457546,0.5466681399039717,0.6264442518775275,0.5619690684365992,0.05028049587242319,457,0.9372535406831436,0.8823757763975155,0.8537411670477593,0.8488355116282508,0.8115535683539945,0.8667519128221327,0.04183710987495048
2.676819086074829,1.2622599108256476,0.8617030620574951,0.04273567341343146,5,50,5,"('pycatch22', {})",pca,0.95,"('ffill', None)","{'classifier__base_estimator__max_depth': 5, 'classifier__base_estimator__n_estimators': 50, 'feature_extraction__n_lags': 5, 'feature_extraction__params': ('pycatch22', {}), 'feature_selection__strategy': 'pca', 'feature_selection__threshold': 0.95, 'imputation__params': ('ffill', None)}",0.48033492822966506,0.6012046485260771,0.5551933736457546,0.5466681399039717,0.6264442518775275,0.5619690684365992,0.05028049587242319,457,0.9372535406831436,0.8823757763975155,0.8537411670477593,0.8488355116282508,0.8115535683539945,0.8667519128221327,0.04183710987495048
3.89271240234375,1.7470997873641425,0.9215824127197265,0.12447656428393346,5,50,8,"('pycatch22', {})",correlation,0.85,"('interpolate', 'linear')","{'classifier__base_estimator__max_depth': 5, 'classifier__base_estimator__n_estimators': 50, 'feature_extraction__n_lags': 8, 'feature_extraction__params': ('pycatch22', {}), 'feature_selection__strategy': 'correlation', 'feature_selection__threshold': 0.85, 'imputation__params': ('interpolate', 'linear')}",0.5885095824777549,0.527759897006759,0.6689818885176718,0.7214137214137214,0.615975935828877,0.6245282050489568,0.06647935194824464,265,1.0,1.0,0.9978464837816102,0.9978622862286228,0.990830265337003,0.9973078070694472,0.0033779275357644876
3.886794185638428,1.8042230191364026,0.9620412349700928,0.15151966533062347,5,50,8,"('pycatch22', {})",correlation,0.85,"('interpolate', ('polynomial', 2))","{'classifier__base_estimator__max_depth': 5, 'classifier__base_estimator__n_estimators': 50, 'feature_extraction__n_lags': 8, 'feature_extraction__params': ('pycatch22', {}), 'feature_selection__strategy': 'correlation', 'feature_selection__threshold': 0.85, 'imputation__params': ('interpolate', ('polynomial', 2))}",0.5885095824777549,0.527759897006759,0.6689818885176718,0.7214137214137214,0.615975935828877,0.6245282050489568,0.06647935194824464,265,1.0,1.0,0.9978464837816102,0.9978622862286228,0.990830265337003,0.9973078070694472,0.0033779275357644876
3.7349486351013184,1.71430647931169,0.9141122341156006,0.04053193182785217,5,50,8,"('pycatch22', {})",correlation,0.85,"('interpolate', ('spline', 2))","{'classifier__base_estimator__max_depth': 5, 'classifier__base_estimator__n_estimators': 50, 'feature_extraction__n_lags': 8, 'feature_extraction__params': ('pycatch22', {}), 'feature_selection__strategy': 'correlation', 'feature_selection__threshold': 0.85, 'imputation__params': ('interpolate', ('spline', 2))}",0.5885095824777549,0.527759897006759,0.6689818885176718,0.7214137214137214,0.615975935828877,0.6245282050489568,0.06647935194824464,265,1.0,1.0,0.9978464837816102,0.9978622862286228,0.990830265337003,0.9973078070694472,0.0033779275357644876
3.8854002952575684,1.8551454743681954,0.9194777011871338,0.1454512361901853,5,50,8,"('pycatch22', {})",correlation,0.85,"('ffill', None)","{'classifier__base_estimator__max_depth': 5, 'classifier__base_estimator__n_estimators': 50, 'feature_extraction__n_lags': 8, 'feature_extraction__params': ('pycatch22', {}), 'feature_selection__strategy': 'correlation', 'feature_selection__threshold': 0.85, 'imputation__params': ('ffill', None)}",0.5885095824777549,0.527759897006759,0.6689818885176718,0.7214137214137214,0.615975935828877,0.6245282050489568,0.06647935194824464,265,1.0,1.0,0.9978464837816102,0.9978622862286228,0.990830265337003,0.9973078070694472,0.0033779275357644876
3.737345504760742,1.7420429483503568,0.9298758506774902,0.056791077771518796,5,50,8,"('pycatch22', {})",correlation,0.9,"('interpolate', 'linear')","{'classifier__base_estimator__max_depth': 5, 'classifier__base_estimator__n_estimators': 50, 'feature_extraction__n_lags': 8, 'feature_extraction__params': ('pycatch22', {}), 'feature_selection__strategy': 'correlation', 'feature_selection__threshold': 0.9, 'imputation__params': ('interpolate', 'linear')}",0.5952686516084873,0.5220469906662376,0.6550026375945137,0.7118503118503119,0.6345588235294118,0.6237454830497925,0.0632612237987127,269,1.0,1.0,0.9980654097042266,0.9948193683004665,0.9869759087822141,0.9959721373573813,0.004880371894208667
3.830203104019165,1.6318771383940796,0.9063440799713135,0.04416238042468041,5,50,8,"('pycatch22', {})",correlation,0.9,"('interpolate', ('polynomial', 2))","{'classifier__base_estimator__max_depth': 5, 'classifier__base_estimator__n_estimators': 50, 'feature_extraction__n_lags': 8, 'feature_extraction__params': ('pycatch22', {}), 'feature_selection__strategy': 'correlation', 'feature_selection__threshold': 0.9, 'imputation__params': ('interpolate', ('polynomial', 2))}",0.5952686516084873,0.5220469906662376,0.6550026375945137,0.7118503118503119,0.6345588235294118,0.6237454830497925,0.0632612237987127,269,1.0,1.0,0.9980654097042266,0.9948193683004665,0.9869759087822141,0.9959721373573813,0.004880371894208667
3.9259822368621826,1.8016666650779023,0.9418408870697021,0.09851920577776803,5,50,8,"('pycatch22', {})",correlation,0.9,"('interpolate', ('spline', 2))","{'classifier__base_estimator__max_depth': 5, 'classifier__base_estimator__n_estimators': 50, 'feature_extraction__n_lags': 8, 'feature_extraction__params': ('pycatch22', {}), 'feature_selection__strategy': 'correlation', 'feature_selection__threshold': 0.9, 'imputation__params': ('interpolate', ('spline', 2))}",0.5952686516084873,0.5220469906662376,0.6550026375945137,0.7118503118503119,0.6345588235294118,0.6237454830497925,0.0632612237987127,269,1.0,1.0,0.9980654097042266,0.9948193683004665,0.9869759087822141,0.9959721373573813,0.004880371894208667
3.791838455200195,1.7498577543162548,0.939138650894165,0.06127390644766726,5,50,8,"('pycatch22', {})",correlation,0.9,"('ffill', None)","{'classifier__base_estimator__max_depth': 5, 'classifier__base_estimator__n_estimators': 50, 'feature_extraction__n_lags': 8, 'feature_extraction__params': ('pycatch22', {}), 'feature_selection__strategy': 'correlation', 'feature_selection__threshold': 0.9, 'imputation__params': ('ffill', None)}",0.5952686516084873,0.5220469906662376,0.6550026375945137,0.7118503118503119,0.6345588235294118,0.6237454830497925,0.0632612237987127,269,1.0,1.0,0.9980654097042266,0.9948193683004665,0.9869759087822141,0.9959721373573813,0.004880371894208667
3.8490710735321043,1.868214761544688,0.9298833847045899,0.1075864427904089,5,50,8,"('pycatch22', {})",correlation,0.95,"('interpolate', 'linear')","{'classifier__base_estimator__max_depth': 5, 'classifier__base_estimator__n_estimators': 50, 'feature_extraction__n_lags': 8, 'feature_extraction__params': ('pycatch22', {}), 'feature_selection__strategy': 'correlation', 'feature_selection__threshold': 0.95, 'imputation__params': ('interpolate', 'linear')}",0.589878507871321,0.5204779530093339,0.6500791278354141,0.6942758142758142,0.5968360071301247,0.6103094820244015,0.058822839978096106,313,1.0,1.0,0.9980698775801984,0.9957322436789134,0.990252409717506,0.9968109061953235,0.0036360153028236215
4.046227598190308,2.0243663958850755,0.941215705871582,0.11222796005723097,5,50,8,"('pycatch22', {})",correlation,0.95,"('interpolate', ('polynomial', 2))","{'classifier__base_estimator__max_depth': 5, 'classifier__base_estimator__n_estimators': 50, 'feature_extraction__n_lags': 8, 'feature_extraction__params': ('pycatch22', {}), 'feature_selection__strategy': 'correlation', 'feature_selection__threshold': 0.95, 'imputation__params': ('interpolate', ('polynomial', 2))}",0.589878507871321,0.5204779530093339,0.6500791278354141,0.6942758142758142,0.5968360071301247,0.6103094820244015,0.058822839978096106,313,1.0,1.0,0.9980698775801984,0.9957322436789134,0.990252409717506,0.9968109061953235,0.0036360153028236215
4.01807050704956,1.944075151231173,0.9662985801696777,0.10378999765424697,5,50,8,"('pycatch22', {})",correlation,0.95,"('interpolate', ('spline', 2))","{'classifier__base_estimator__max_depth': 5, 'classifier__base_estimator__n_estimators': 50, 'feature_extraction__n_lags': 8, 'feature_extraction__params': ('pycatch22', {}), 'feature_selection__strategy': 'correlation', 'feature_selection__threshold': 0.95, 'imputation__params': ('interpolate', ('spline', 2))}",0.589878507871321,0.5204779530093339,0.6500791278354141,0.6942758142758142,0.5968360071301247,0.6103094820244015,0.058822839978096106,313,1.0,1.0,0.9980698775801984,0.9957322436789134,0.990252409717506,0.9968109061953235,0.0036360153028236215
4.176206302642822,1.9427934538503402,1.0810495853424071,0.13442235956701487,5,50,8,"('pycatch22', {})",correlation,0.95,"('ffill', None)","{'classifier__base_estimator__max_depth': 5, 'classifier__base_estimator__n_estimators': 50, 'feature_extraction__n_lags': 8, 'feature_extraction__params': ('pycatch22', {}), 'feature_selection__strategy': 'correlation', 'feature_selection__threshold': 0.95, 'imputation__params': ('ffill', None)}",0.589878507871321,0.5204779530093339,0.6500791278354141,0.6942758142758142,0.5968360071301247,0.6103094820244015,0.058822839978096106,313,1.0,1.0,0.9980698775801984,0.9957322436789134,0.990252409717506,0.9968109061953235,0.0036360153028236215
3.3728707790374757,1.4911901517339214,1.064138412475586,0.10632097886350311,5,50,8,"('pycatch22', {})",pca,0.85,"('interpolate', 'linear')","{'classifier__base_estimator__max_depth': 5, 'classifier__base_estimator__n_estimators': 50, 'feature_extraction__n_lags': 8, 'feature_extraction__params': ('pycatch22', {}), 'feature_selection__strategy': 'pca', 'feature_selection__threshold': 0.85, 'imputation__params': ('interpolate', 'linear')}",0.5055184804928131,0.6089274219504346,0.5156717074028486,0.5140956340956341,0.6214126559714794,0.553125179982642,0.050930414257699466,565,0.9386363636363636,0.8929505239475446,0.8647752658386203,0.8329565911136568,0.819497563474759,0.8697632616021889,0.04286584846077086
2.794908332824707,1.3249579739547819,0.9497374534606934,0.0930562595362308,5,50,8,"('pycatch22', {})",pca,0.85,"('interpolate', ('polynomial', 2))","{'classifier__base_estimator__max_depth': 5, 'classifier__base_estimator__n_estimators': 50, 'feature_extraction__n_lags': 8, 'feature_extraction__params': ('pycatch22', {}), 'feature_selection__strategy': 'pca', 'feature_selection__threshold': 0.85, 'imputation__params': ('interpolate', ('polynomial', 2))}",0.5055184804928131,0.6089274219504346,0.5156717074028486,0.5140956340956341,0.6214126559714794,0.553125179982642,0.050930414257699466,565,0.9386363636363636,0.8929505239475446,0.8647752658386203,0.8329565911136568,0.819497563474759,0.8697632616021889,0.04286584846077086
2.911713743209839,1.3425063112211566,1.00253324508667,0.15832876178113442,5,50,8,"('pycatch22', {})",pca,0.85,"('interpolate', ('spline', 2))","{'classifier__base_estimator__max_depth': 5, 'classifier__base_estimator__n_estimators': 50, 'feature_extraction__n_lags': 8, 'feature_extraction__params': ('pycatch22', {}), 'feature_selection__strategy': 'pca', 'feature_selection__threshold': 0.85, 'imputation__params': ('interpolate', ('spline', 2))}",0.5055184804928131,0.6089274219504346,0.5156717074028486,0.5140956340956341,0.6214126559714794,0.553125179982642,0.050930414257699466,565,0.9386363636363636,0.8929505239475446,0.8647752658386203,0.8329565911136568,0.819497563474759,0.8697632616021889,0.04286584846077086
2.775403451919556,1.2538470923187786,0.9430224895477295,0.08970166223036108,5,50,8,"('pycatch22', {})",pca,0.85,"('ffill', None)","{'classifier__base_estimator__max_depth': 5, 'classifier__base_estimator__n_estimators': 50, 'feature_extraction__n_lags': 8, 'feature_extraction__params': ('pycatch22', {}), 'feature_selection__strategy': 'pca', 'feature_selection__threshold': 0.85, 'imputation__params': ('ffill', None)}",0.5055184804928131,0.6089274219504346,0.5156717074028486,0.5140956340956341,0.6214126559714794,0.553125179982642,0.050930414257699466,565,0.9386363636363636,0.8929505239475446,0.8647752658386203,0.8329565911136568,0.819497563474759,0.8697632616021889,0.04286584846077086
2.8885693073272707,1.3450884671919392,0.920790147781372,0.0844333081372403,5,50,8,"('pycatch22', {})",pca,0.9,"('interpolate', 'linear')","{'classifier__base_estimator__max_depth': 5, 'classifier__base_estimator__n_estimators': 50, 'feature_extraction__n_lags': 8, 'feature_extraction__params': ('pycatch22', {}), 'feature_selection__strategy': 'pca', 'feature_selection__threshold': 0.9, 'imputation__params': ('interpolate', 'linear')}",0.5055184804928131,0.6089274219504346,0.5156717074028486,0.5140956340956341,0.6214126559714794,0.553125179982642,0.050930414257699466,565,0.9386363636363636,0.8929505239475446,0.8647752658386203,0.8329565911136568,0.819497563474759,0.8697632616021889,0.04286584846077086
2.917836618423462,1.417799545494688,0.9608363151550293,0.11559623099018608,5,50,8,"('pycatch22', {})",pca,0.9,"('interpolate', ('polynomial', 2))","{'classifier__base_estimator__max_depth': 5, 'classifier__base_estimator__n_estimators': 50, 'feature_extraction__n_lags': 8, 'feature_extraction__params': ('pycatch22', {}), 'feature_selection__strategy': 'pca', 'feature_selection__threshold': 0.9, 'imputation__params': ('interpolate', ('polynomial', 2))}",0.5055184804928131,0.6089274219504346,0.5156717074028486,0.5140956340956341,0.6214126559714794,0.553125179982642,0.050930414257699466,565,0.9386363636363636,0.8929505239475446,0.8647752658386203,0.8329565911136568,0.819497563474759,0.8697632616021889,0.04286584846077086
2.8174170017242433,1.3247254424352686,0.919887638092041,0.07174628774792761,5,50,8,"('pycatch22', {})",pca,0.9,"('interpolate', ('spline', 2))","{'classifier__base_estimator__max_depth': 5, 'classifier__base_estimator__n_estimators': 50, 'feature_extraction__n_lags': 8, 'feature_extraction__params': ('pycatch22', {}), 'feature_selection__strategy': 'pca', 'feature_selection__threshold': 0.9, 'imputation__params': ('interpolate', ('spline', 2))}",0.5055184804928131,0.6089274219504346,0.5156717074028486,0.5140956340956341,0.6214126559714794,0.553125179982642,0.050930414257699466,565,0.9386363636363636,0.8929505239475446,0.8647752658386203,0.8329565911136568,0.819497563474759,0.8697632616021889,0.04286584846077086
2.913322687149048,1.3291525555918424,0.9451104640960694,0.07326333870349287,5,50,8,"('pycatch22', {})",pca,0.9,"('ffill', None)","{'classifier__base_estimator__max_depth': 5, 'classifier__base_estimator__n_estimators': 50, 'feature_extraction__n_lags': 8, 'feature_extraction__params': ('pycatch22', {}), 'feature_selection__strategy': 'pca', 'feature_selection__threshold': 0.9, 'imputation__params': ('ffill', None)}",0.5055184804928131,0.6089274219504346,0.5156717074028486,0.5140956340956341,0.6214126559714794,0.553125179982642,0.050930414257699466,565,0.9386363636363636,0.8929505239475446,0.8647752658386203,0.8329565911136568,0.819497563474759,0.8697632616021889,0.04286584846077086
2.9171163558959963,1.4167134904026786,0.9245335102081299,0.12155548625397002,5,50,8,"('pycatch22', {})",pca,0.95,"('interpolate', 'linear')","{'classifier__base_estimator__max_depth': 5, 'classifier__base_estimator__n_estimators': 50, 'feature_extraction__n_lags': 8, 'feature_extraction__params': ('pycatch22', {}), 'feature_selection__strategy': 'pca', 'feature_selection__threshold': 0.95, 'imputation__params': ('interpolate', 'linear')}",0.5055184804928131,0.6089274219504346,0.5156717074028486,0.5140956340956341,0.6214126559714794,0.553125179982642,0.050930414257699466,565,0.9386363636363636,0.8929505239475446,0.8647752658386203,0.8329565911136568,0.819497563474759,0.8697632616021889,0.04286584846077086
2.960267162322998,1.439556837027434,0.9813819885253906,0.061811476654826766,5,50,8,"('pycatch22', {})",pca,0.95,"('interpolate', ('polynomial', 2))","{'classifier__base_estimator__max_depth': 5, 'classifier__base_estimator__n_estimators': 50, 'feature_extraction__n_lags': 8, 'feature_extraction__params': ('pycatch22', {}), 'feature_selection__strategy': 'pca', 'feature_selection__threshold': 0.95, 'imputation__params': ('interpolate', ('polynomial', 2))}",0.5055184804928131,0.6089274219504346,0.5156717074028486,0.5140956340956341,0.6214126559714794,0.553125179982642,0.050930414257699466,565,0.9386363636363636,0.8929505239475446,0.8647752658386203,0.8329565911136568,0.819497563474759,0.8697632616021889,0.04286584846077086
2.9636545181274414,1.374280476448739,0.9853830814361573,0.1001518582438097,5,50,8,"('pycatch22', {})",pca,0.95,"('interpolate', ('spline', 2))","{'classifier__base_estimator__max_depth': 5, 'classifier__base_estimator__n_estimators': 50, 'feature_extraction__n_lags': 8, 'feature_extraction__params': ('pycatch22', {}), 'feature_selection__strategy': 'pca', 'feature_selection__threshold': 0.95, 'imputation__params': ('interpolate', ('spline', 2))}",0.5055184804928131,0.6089274219504346,0.5156717074028486,0.5140956340956341,0.6214126559714794,0.553125179982642,0.050930414257699466,565,0.9386363636363636,0.8929505239475446,0.8647752658386203,0.8329565911136568,0.819497563474759,0.8697632616021889,0.04286584846077086
2.841954803466797,1.3070157764192314,0.9023708820343017,0.09012634190620168,5,50,8,"('pycatch22', {})",pca,0.95,"('ffill', None)","{'classifier__base_estimator__max_depth': 5, 'classifier__base_estimator__n_estimators': 50, 'feature_extraction__n_lags': 8, 'feature_extraction__params': ('pycatch22', {}), 'feature_selection__strategy': 'pca', 'feature_selection__threshold': 0.95, 'imputation__params': ('ffill', None)}",0.5055184804928131,0.6089274219504346,0.5156717074028486,0.5140956340956341,0.6214126559714794,0.553125179982642,0.050930414257699466,565,0.9386363636363636,0.8929505239475446,0.8647752658386203,0.8329565911136568,0.819497563474759,0.8697632616021889,0.04286584846077086
3.5796679973602297,1.5756172517246352,0.7386044979095459,0.07436354910614985,5,100,3,"('pycatch22', {})",correlation,0.85,"('interpolate', 'linear')","{'classifier__base_estimator__max_depth': 5, 'classifier__base_estimator__n_estimators': 100, 'feature_extraction__n_lags': 3, 'feature_extraction__params': ('pycatch22', {}), 'feature_selection__strategy': 'correlation', 'feature_selection__threshold': 0.85, 'imputation__params': ('interpolate', 'linear')}",0.5842933333333333,0.6623376623376624,0.6720523329129886,0.7168187744458931,0.6376140871416132,0.6546232380342982,0.043513623497671836,169,1.0,0.9998645653779857,0.998663259817106,0.9960976872786454,0.985223364639827,0.9959697754227129,0.005552813039880197
3.9072884559631347,1.898130721150087,0.7734558582305908,0.10664395301568731,5,100,3,"('pycatch22', {})",correlation,0.85,"('interpolate', ('polynomial', 2))","{'classifier__base_estimator__max_depth': 5, 'classifier__base_estimator__n_estimators': 100, 'feature_extraction__n_lags': 3, 'feature_extraction__params': ('pycatch22', {}), 'feature_selection__strategy': 'correlation', 'feature_selection__threshold': 0.85, 'imputation__params': ('interpolate', ('polynomial', 2))}",0.5842933333333333,0.6623376623376624,0.6720523329129886,0.7168187744458931,0.6376140871416132,0.6546232380342982,0.043513623497671836,169,1.0,0.9998645653779857,0.998663259817106,0.9960976872786454,0.985223364639827,0.9959697754227129,0.005552813039880197
4.137506103515625,1.5443671069921896,0.7791157722473144,0.046411502904996,5,100,3,"('pycatch22', {})",correlation,0.85,"('interpolate', ('spline', 2))","{'classifier__base_estimator__max_depth': 5, 'classifier__base_estimator__n_estimators': 100, 'feature_extraction__n_lags': 3, 'feature_extraction__params': ('pycatch22', {}), 'feature_selection__strategy': 'correlation', 'feature_selection__threshold': 0.85, 'imputation__params': ('interpolate', ('spline', 2))}",0.5842933333333333,0.6623376623376624,0.6720523329129886,0.7168187744458931,0.6376140871416132,0.6546232380342982,0.043513623497671836,169,1.0,0.9998645653779857,0.998663259817106,0.9960976872786454,0.985223364639827,0.9959697754227129,0.005552813039880197
3.9304150104522706,1.7883516232480814,0.7644865036010742,0.035631608841545884,5,100,3,"('pycatch22', {})",correlation,0.85,"('ffill', None)","{'classifier__base_estimator__max_depth': 5, 'classifier__base_estimator__n_estimators': 100, 'feature_extraction__n_lags': 3, 'feature_extraction__params': ('pycatch22', {}), 'feature_selection__strategy': 'correlation', 'feature_selection__threshold': 0.85, 'imputation__params': ('ffill', None)}",0.5842933333333333,0.6623376623376624,0.6720523329129886,0.7168187744458931,0.6376140871416132,0.6546232380342982,0.043513623497671836,169,1.0,0.9998645653779857,0.998663259817106,0.9960976872786454,0.985223364639827,0.9959697754227129,0.005552813039880197
3.9373935222625733,1.7973302228652948,0.7627123832702637,0.046211305199997735,5,100,3,"('pycatch22', {})",correlation,0.9,"('interpolate', 'linear')","{'classifier__base_estimator__max_depth': 5, 'classifier__base_estimator__n_estimators': 100, 'feature_extraction__n_lags': 3, 'feature_extraction__params': ('pycatch22', {}), 'feature_selection__strategy': 'correlation', 'feature_selection__threshold': 0.9, 'imputation__params': ('interpolate', 'linear')}",0.5966666666666667,0.662008281573499,0.6689260193358554,0.6988591916558019,0.6522559422065985,0.6557432202876843,0.03338929309472605,165,1.0,0.9999445949273578,0.998606777837547,0.9960730281145295,0.9849479683405482,0.9959144738439963,0.005665179310939695
3.768771696090698,1.6694640250962387,0.7426567554473877,0.05901071512960764,5,100,3,"('pycatch22', {})",correlation,0.9,"('interpolate', ('polynomial', 2))","{'classifier__base_estimator__max_depth': 5, 'classifier__base_estimator__n_estimators': 100, 'feature_extraction__n_lags': 3, 'feature_extraction__params': ('pycatch22', {}), 'feature_selection__strategy': 'correlation', 'feature_selection__threshold': 0.9, 'imputation__params': ('interpolate', ('polynomial', 2))}",0.5966666666666667,0.662008281573499,0.6689260193358554,0.6988591916558019,0.6522559422065985,0.6557432202876843,0.03338929309472605,165,1.0,0.9999445949273578,0.998606777837547,0.9960730281145295,0.9849479683405482,0.9959144738439963,0.005665179310939695
3.718925380706787,1.5815254834463346,0.7020751953125,0.05262725929031741,5,100,3,"('pycatch22', {})",correlation,0.9,"('interpolate', ('spline', 2))","{'classifier__base_estimator__max_depth': 5, 'classifier__base_estimator__n_estimators': 100, 'feature_extraction__n_lags': 3, 'feature_extraction__params': ('pycatch22', {}), 'feature_selection__strategy': 'correlation', 'feature_selection__threshold': 0.9, 'imputation__params': ('interpolate', ('spline', 2))}",0.5966666666666667,0.662008281573499,0.6689260193358554,0.6988591916558019,0.6522559422065985,0.6557432202876843,0.03338929309472605,165,1.0,0.9999445949273578,0.998606777837547,0.9960730281145295,0.9849479683405482,0.9959144738439963,0.005665179310939695
3.7287643432617186,1.7717144387101074,0.7354062080383301,0.051794086642553215,5,100,3,"('pycatch22', {})",correlation,0.9,"('ffill', None)","{'classifier__base_estimator__max_depth': 5, 'classifier__base_estimator__n_estimators': 100, 'feature_extraction__n_lags': 3, 'feature_extraction__params': ('pycatch22', {}), 'feature_selection__strategy': 'correlation', 'feature_selection__threshold': 0.9, 'imputation__params': ('ffill', None)}",0.5966666666666667,0.662008281573499,0.6689260193358554,0.6988591916558019,0.6522559422065985,0.6557432202876843,0.03338929309472605,165,1.0,0.9999445949273578,0.998606777837547,0.9960730281145295,0.9849479683405482,0.9959144738439963,0.005665179310939695
3.7280303478240966,1.6108667485165997,0.7792131900787354,0.10107869666975357,5,100,3,"('pycatch22', {})",correlation,0.95,"('interpolate', 'linear')","{'classifier__base_estimator__max_depth': 5, 'classifier__base_estimator__n_estimators': 100, 'feature_extraction__n_lags': 3, 'feature_extraction__params': ('pycatch22', {}), 'feature_selection__strategy': 'correlation', 'feature_selection__threshold': 0.95, 'imputation__params': ('interpolate', 'linear')}",0.6081599999999999,0.696405044231131,0.6775693568726355,0.6962027379400262,0.6395975102396233,0.6635869298566831,0.03459469508517542,101,1.0,0.9998030041861611,0.9983082302313071,0.995308594026934,0.9815551215258468,0.9949949899940498,0.006926371321738747
4.331001424789429,1.9980064524129635,0.843297815322876,0.10914111231098012,5,100,3,"('pycatch22', {})",correlation,0.95,"('interpolate', ('polynomial', 2))","{'classifier__base_estimator__max_depth': 5, 'classifier__base_estimator__n_estimators': 100, 'feature_extraction__n_lags': 3, 'feature_extraction__params': ('pycatch22', {}), 'feature_selection__strategy': 'correlation', 'feature_selection__threshold': 0.95, 'imputation__params': ('interpolate', ('polynomial', 2))}",0.6081599999999999,0.696405044231131,0.6775693568726355,0.6962027379400262,0.6395975102396233,0.6635869298566831,0.03459469508517542,101,1.0,0.9998030041861611,0.9983082302313071,0.995308594026934,0.9815551215258468,0.9949949899940498,0.006926371321738747
4.153854131698608,1.7116953670715296,0.7999587535858155,0.07598203713455505,5,100,3,"('pycatch22', {})",correlation,0.95,"('interpolate', ('spline', 2))","{'classifier__base_estimator__max_depth': 5, 'classifier__base_estimator__n_estimators': 100, 'feature_extraction__n_lags': 3, 'feature_extraction__params': ('pycatch22', {}), 'feature_selection__strategy': 'correlation', 'feature_selection__threshold': 0.95, 'imputation__params': ('interpolate', ('spline', 2))}",0.6081599999999999,0.696405044231131,0.6775693568726355,0.6962027379400262,0.6395975102396233,0.6635869298566831,0.03459469508517542,101,1.0,0.9998030041861611,0.9983082302313071,0.995308594026934,0.9815551215258468,0.9949949899940498,0.006926371321738747
3.9722485542297363,1.901224069485452,0.7875014781951905,0.07146310071281006,5,100,3,"('pycatch22', {})",correlation,0.95,"('ffill', None)","{'classifier__base_estimator__max_depth': 5, 'classifier__base_estimator__n_estimators': 100, 'feature_extraction__n_lags': 3, 'feature_extraction__params': ('pycatch22', {}), 'feature_selection__strategy': 'correlation', 'feature_selection__threshold': 0.95, 'imputation__params': ('ffill', None)}",0.6081599999999999,0.696405044231131,0.6775693568726355,0.6962027379400262,0.6395975102396233,0.6635869298566831,0.03459469508517542,101,1.0,0.9998030041861611,0.9983082302313071,0.995308594026934,0.9815551215258468,0.9949949899940498,0.006926371321738747
2.5955957412719726,1.1864085487275695,0.8011012554168702,0.0924526095672646,5,100,3,"('pycatch22', {})",pca,0.85,"('interpolate', 'linear')","{'classifier__base_estimator__max_depth': 5, 'classifier__base_estimator__n_estimators': 100, 'feature_extraction__n_lags': 3, 'feature_extraction__params': ('pycatch22', {}), 'feature_selection__strategy': 'pca', 'feature_selection__threshold': 0.85, 'imputation__params': ('interpolate', 'linear')}",0.4653466666666667,0.6118718238283456,0.5309084699453552,0.5312907431551499,0.6175782887735027,0.5513991984738041,0.05703659977858725,577,0.9555371444352388,0.9227468603792168,0.8928133405056482,0.8740995552103273,0.8436603238019816,0.8977714448664826,0.03866161405917949
2.4544789791107178,1.0609045607264755,0.7449529647827149,0.031015588204414392,5,100,3,"('pycatch22', {})",pca,0.85,"('interpolate', ('polynomial', 2))","{'classifier__base_estimator__max_depth': 5, 'classifier__base_estimator__n_estimators': 100, 'feature_extraction__n_lags': 3, 'feature_extraction__params': ('pycatch22', {}), 'feature_selection__strategy': 'pca', 'feature_selection__threshold': 0.85, 'imputation__params': ('interpolate', ('polynomial', 2))}",0.4653466666666667,0.6118718238283456,0.5309084699453552,0.5312907431551499,0.6175782887735027,0.5513991984738041,0.05703659977858725,577,0.9555371444352388,0.9227468603792168,0.8928133405056482,0.8740995552103273,0.8436603238019816,0.8977714448664826,0.03866161405917949
2.400272560119629,1.045858367702787,0.7512465000152588,0.02619316764387985,5,100,3,"('pycatch22', {})",pca,0.85,"('interpolate', ('spline', 2))","{'classifier__base_estimator__max_depth': 5, 'classifier__base_estimator__n_estimators': 100, 'feature_extraction__n_lags': 3, 'feature_extraction__params': ('pycatch22', {}), 'feature_selection__strategy': 'pca', 'feature_selection__threshold': 0.85, 'imputation__params': ('interpolate', ('spline', 2))}",0.4653466666666667,0.6118718238283456,0.5309084699453552,0.5312907431551499,0.6175782887735027,0.5513991984738041,0.05703659977858725,577,0.9555371444352388,0.9227468603792168,0.8928133405056482,0.8740995552103273,0.8436603238019816,0.8977714448664826,0.03866161405917949
2.4349759101867674,1.032231836680571,0.7642038822174072,0.04977161706105482,5,100,3,"('pycatch22', {})",pca,0.85,"('ffill', None)","{'classifier__base_estimator__max_depth': 5, 'classifier__base_estimator__n_estimators': 100, 'feature_extraction__n_lags': 3, 'feature_extraction__params': ('pycatch22', {}), 'feature_selection__strategy': 'pca', 'feature_selection__threshold': 0.85, 'imputation__params': ('ffill', None)}",0.4653466666666667,0.6118718238283456,0.5309084699453552,0.5312907431551499,0.6175782887735027,0.5513991984738041,0.05703659977858725,577,0.9555371444352388,0.9227468603792168,0.8928133405056482,0.8740995552103273,0.8436603238019816,0.8977714448664826,0.03866161405917949
2.3904938220977785,1.1076682054643636,0.7453563690185547,0.04879492134104629,5,100,3,"('pycatch22', {})",pca,0.9,"('interpolate', 'linear')","{'classifier__base_estimator__max_depth': 5, 'classifier__base_estimator__n_estimators': 100, 'feature_extraction__n_lags': 3, 'feature_extraction__params': ('pycatch22', {}), 'feature_selection__strategy': 'pca', 'feature_selection__threshold': 0.9, 'imputation__params': ('interpolate', 'linear')}",0.4653466666666667,0.6118718238283456,0.5309084699453552,0.5312907431551499,0.6175782887735027,0.5513991984738041,0.05703659977858725,577,0.9555371444352388,0.9227468603792168,0.8928133405056482,0.8740995552103273,0.8436603238019816,0.8977714448664826,0.03866161405917949
2.5023350715637207,1.0985047426305212,0.7077001571655274,0.03778575549561862,5,100,3,"('pycatch22', {})",pca,0.9,"('interpolate', ('polynomial', 2))","{'classifier__base_estimator__max_depth': 5, 'classifier__base_estimator__n_estimators': 100, 'feature_extraction__n_lags': 3, 'feature_extraction__params': ('pycatch22', {}), 'feature_selection__strategy': 'pca', 'feature_selection__threshold': 0.9, 'imputation__params': ('interpolate', ('polynomial', 2))}",0.4653466666666667,0.6118718238283456,0.5309084699453552,0.5312907431551499,0.6175782887735027,0.5513991984738041,0.05703659977858725,577,0.9555371444352388,0.9227468603792168,0.8928133405056482,0.8740995552103273,0.8436603238019816,0.8977714448664826,0.03866161405917949
2.4353914737701414,1.0388014819465003,0.774682092666626,0.07508674452689817,5,100,3,"('pycatch22', {})",pca,0.9,"('interpolate', ('spline', 2))","{'classifier__base_estimator__max_depth': 5, 'classifier__base_estimator__n_estimators': 100, 'feature_extraction__n_lags': 3, 'feature_extraction__params': ('pycatch22', {}), 'feature_selection__strategy': 'pca', 'feature_selection__threshold': 0.9, 'imputation__params': ('interpolate', ('spline', 2))}",0.4653466666666667,0.6118718238283456,0.5309084699453552,0.5312907431551499,0.6175782887735027,0.5513991984738041,0.05703659977858725,577,0.9555371444352388,0.9227468603792168,0.8928133405056482,0.8740995552103273,0.8436603238019816,0.8977714448664826,0.03866161405917949
2.5715643405914306,1.106076412126803,0.7239931106567383,0.04001471470766614,5,100,3,"('pycatch22', {})",pca,0.9,"('ffill', None)","{'classifier__base_estimator__max_depth': 5, 'classifier__base_estimator__n_estimators': 100, 'feature_extraction__n_lags': 3, 'feature_extraction__params': ('pycatch22', {}), 'feature_selection__strategy': 'pca', 'feature_selection__threshold': 0.9, 'imputation__params': ('ffill', None)}",0.4653466666666667,0.6118718238283456,0.5309084699453552,0.5312907431551499,0.6175782887735027,0.5513991984738041,0.05703659977858725,577,0.9555371444352388,0.9227468603792168,0.8928133405056482,0.8740995552103273,0.8436603238019816,0.8977714448664826,0.03866161405917949
2.4023683071136475,1.0571664515463417,0.7468400955200195,0.02472162451464931,5,100,3,"('pycatch22', {})",pca,0.95,"('interpolate', 'linear')","{'classifier__base_estimator__max_depth': 5, 'classifier__base_estimator__n_estimators': 100, 'feature_extraction__n_lags': 3, 'feature_extraction__params': ('pycatch22', {}), 'feature_selection__strategy': 'pca', 'feature_selection__threshold': 0.95, 'imputation__params': ('interpolate', 'linear')}",0.4653466666666667,0.6118718238283456,0.5309084699453552,0.5312907431551499,0.6175782887735027,0.5513991984738041,0.05703659977858725,577,0.9555371444352388,0.9227468603792168,0.8928133405056482,0.8740995552103273,0.8436603238019816,0.8977714448664826,0.03866161405917949
2.5099793910980224,1.1983542153025215,0.7373780250549317,0.06142678621975397,5,100,3,"('pycatch22', {})",pca,0.95,"('interpolate', ('polynomial', 2))","{'classifier__base_estimator__max_depth': 5, 'classifier__base_estimator__n_estimators': 100, 'feature_extraction__n_lags': 3, 'feature_extraction__params': ('pycatch22', {}), 'feature_selection__strategy': 'pca', 'feature_selection__threshold': 0.95, 'imputation__params': ('interpolate', ('polynomial', 2))}",0.4653466666666667,0.6118718238283456,0.5309084699453552,0.5312907431551499,0.6175782887735027,0.5513991984738041,0.05703659977858725,577,0.9555371444352388,0.9227468603792168,0.8928133405056482,0.8740995552103273,0.8436603238019816,0.8977714448664826,0.03866161405917949
2.513870096206665,1.009108448252874,0.7480137348175049,0.0637672660283179,5,100,3,"('pycatch22', {})",pca,0.95,"('interpolate', ('spline', 2))","{'classifier__base_estimator__max_depth': 5, 'classifier__base_estimator__n_estimators': 100, 'feature_extraction__n_lags': 3, 'feature_extraction__params': ('pycatch22', {}), 'feature_selection__strategy': 'pca', 'feature_selection__threshold': 0.95, 'imputation__params': ('interpolate', ('spline', 2))}",0.4653466666666667,0.6118718238283456,0.5309084699453552,0.5312907431551499,0.6175782887735027,0.5513991984738041,0.05703659977858725,577,0.9555371444352388,0.9227468603792168,0.8928133405056482,0.8740995552103273,0.8436603238019816,0.8977714448664826,0.03866161405917949
2.5090138912200928,1.0945097058164415,0.722215986251831,0.034175083652676214,5,100,3,"('pycatch22', {})",pca,0.95,"('ffill', None)","{'classifier__base_estimator__max_depth': 5, 'classifier__base_estimator__n_estimators': 100, 'feature_extraction__n_lags': 3, 'feature_extraction__params': ('pycatch22', {}), 'feature_selection__strategy': 'pca', 'feature_selection__threshold': 0.95, 'imputation__params': ('ffill', None)}",0.4653466666666667,0.6118718238283456,0.5309084699453552,0.5312907431551499,0.6175782887735027,0.5513991984738041,0.05703659977858725,577,0.9555371444352388,0.9227468603792168,0.8928133405056482,0.8740995552103273,0.8436603238019816,0.8977714448664826,0.03866161405917949
3.891576814651489,1.7576170650284109,0.8623127937316895,0.05715813835959012,5,100,5,"('pycatch22', {})",correlation,0.85,"('interpolate', 'linear')","{'classifier__base_estimator__max_depth': 5, 'classifier__base_estimator__n_estimators': 100, 'feature_extraction__n_lags': 5, 'feature_extraction__params': ('pycatch22', {}), 'feature_selection__strategy': 'correlation', 'feature_selection__threshold': 0.85, 'imputation__params': ('interpolate', 'linear')}",0.5888676236044658,0.7215702947845806,0.6950113378684808,0.7259376820619965,0.6660709127671867,0.6794915702173421,0.05012292349958224,1,1.0,1.0,0.999993540802749,0.9989447343909398,0.996969696969697,0.9991815944326772,0.0011787642104537342
3.9608564376831055,1.6680380916692896,0.8655402183532714,0.11558800801342772,5,100,5,"('pycatch22', {})",correlation,0.85,"('interpolate', ('polynomial', 2))","{'classifier__base_estimator__max_depth': 5, 'classifier__base_estimator__n_estimators': 100, 'feature_extraction__n_lags': 5, 'feature_extraction__params': ('pycatch22', {}), 'feature_selection__strategy': 'correlation', 'feature_selection__threshold': 0.85, 'imputation__params': ('interpolate', ('polynomial', 2))}",0.5888676236044658,0.7215702947845806,0.6950113378684808,0.7259376820619965,0.6660709127671867,0.6794915702173421,0.05012292349958224,1,1.0,1.0,0.999993540802749,0.9989447343909398,0.996969696969697,0.9991815944326772,0.0011787642104537342
3.9509857177734373,1.68971424816294,0.9229583263397216,0.07108055074182151,5,100,5,"('pycatch22', {})",correlation,0.85,"('interpolate', ('spline', 2))","{'classifier__base_estimator__max_depth': 5, 'classifier__base_estimator__n_estimators': 100, 'feature_extraction__n_lags': 5, 'feature_extraction__params': ('pycatch22', {}), 'feature_selection__strategy': 'correlation', 'feature_selection__threshold': 0.85, 'imputation__params': ('interpolate', ('spline', 2))}",0.5888676236044658,0.7215702947845806,0.6950113378684808,0.7259376820619965,0.6660709127671867,0.6794915702173421,0.05012292349958224,1,1.0,1.0,0.999993540802749,0.9989447343909398,0.996969696969697,0.9991815944326772,0.0011787642104537342
3.933012294769287,1.7627200561001546,0.8060578346252442,0.01905064524610664,5,100,5,"('pycatch22', {})",correlation,0.85,"('ffill', None)","{'classifier__base_estimator__max_depth': 5, 'classifier__base_estimator__n_estimators': 100, 'feature_extraction__n_lags': 5, 'feature_extraction__params': ('pycatch22', {}), 'feature_selection__strategy': 'correlation', 'feature_selection__threshold': 0.85, 'imputation__params': ('ffill', None)}",0.5888676236044658,0.7215702947845806,0.6950113378684808,0.7259376820619965,0.6660709127671867,0.6794915702173421,0.05012292349958224,1,1.0,1.0,0.999993540802749,0.9989447343909398,0.996969696969697,0.9991815944326772,0.0011787642104537342
4.1328668117523195,1.819609535701651,0.8452166080474853,0.06257245544299447,5,100,5,"('pycatch22', {})",correlation,0.9,"('interpolate', 'linear')","{'classifier__base_estimator__max_depth': 5, 'classifier__base_estimator__n_estimators': 100, 'feature_extraction__n_lags': 5, 'feature_extraction__params': ('pycatch22', {}), 'feature_selection__strategy': 'correlation', 'feature_selection__threshold': 0.9, 'imputation__params': ('interpolate', 'linear')}",0.5725996810207336,0.7045351473922902,0.6840828924162258,0.6996604857665187,0.6632907279029463,0.6648337868997429,0.048309701635321396,81,1.0,1.0,0.9999257192316139,0.9985584813046113,0.9963035898760331,0.9989575580824518,0.0014362113931425953
4.011298704147339,1.6806137117165776,0.8666950225830078,0.0176277143506099,5,100,5,"('pycatch22', {})",correlation,0.9,"('interpolate', ('polynomial', 2))","{'classifier__base_estimator__max_depth': 5, 'classifier__base_estimator__n_estimators': 100, 'feature_extraction__n_lags': 5, 'feature_extraction__params': ('pycatch22', {}), 'feature_selection__strategy': 'correlation', 'feature_selection__threshold': 0.9, 'imputation__params': ('interpolate', ('polynomial', 2))}",0.5725996810207336,0.7045351473922902,0.6840828924162258,0.6996604857665187,0.6632907279029463,0.6648337868997429,0.048309701635321396,81,1.0,1.0,0.9999257192316139,0.9985584813046113,0.9963035898760331,0.9989575580824518,0.0014362113931425953
3.914938545227051,1.8116639335341063,0.9158121109008789,0.06310934460374336,5,100,5,"('pycatch22', {})",correlation,0.9,"('interpolate', ('spline', 2))","{'classifier__base_estimator__max_depth': 5, 'classifier__base_estimator__n_estimators': 100, 'feature_extraction__n_lags': 5, 'feature_extraction__params': ('pycatch22', {}), 'feature_selection__strategy': 'correlation', 'feature_selection__threshold': 0.9, 'imputation__params': ('interpolate', ('spline', 2))}",0.5725996810207336,0.7045351473922902,0.6840828924162258,0.6996604857665187,0.6632907279029463,0.6648337868997429,0.048309701635321396,81,1.0,1.0,0.9999257192316139,0.9985584813046113,0.9963035898760331,0.9989575580824518,0.0014362113931425953
3.9729275703430176,1.8710753453520164,0.8628686904907227,0.10766544571390448,5,100,5,"('pycatch22', {})",correlation,0.9,"('ffill', None)","{'classifier__base_estimator__max_depth': 5, 'classifier__base_estimator__n_estimators': 100, 'feature_extraction__n_lags': 5, 'feature_extraction__params': ('pycatch22', {}), 'feature_selection__strategy': 'correlation', 'feature_selection__threshold': 0.9, 'imputation__params': ('ffill', None)}",0.5725996810207336,0.7045351473922902,0.6840828924162258,0.6996604857665187,0.6632907279029463,0.6648337868997429,0.048309701635321396,81,1.0,1.0,0.9999257192316139,0.9985584813046113,0.9963035898760331,0.9989575580824518,0.0014362113931425953
3.9230589389801027,1.7814148704357708,0.8122412681579589,0.08017191082384974,5,100,5,"('pycatch22', {})",correlation,0.95,"('interpolate', 'linear')","{'classifier__base_estimator__max_depth': 5, 'classifier__base_estimator__n_estimators': 100, 'feature_extraction__n_lags': 5, 'feature_extraction__params': ('pycatch22', {}), 'feature_selection__strategy': 'correlation', 'feature_selection__threshold': 0.95, 'imputation__params': ('interpolate', 'linear')}",0.5191706539074961,0.7290249433106576,0.7096560846560847,0.7094642103782872,0.6648613518197573,0.6664354488144566,0.07658503784147326,65,1.0,1.0,0.9999418672247413,0.9994603545396751,0.9954265668044078,0.998965757713765,0.0017811570567341204
4.06391282081604,1.7936907915474247,0.893190336227417,0.05040598592556138,5,100,5,"('pycatch22', {})",correlation,0.95,"('interpolate', ('polynomial', 2))","{'classifier__base_estimator__max_depth': 5, 'classifier__base_estimator__n_estimators': 100, 'feature_extraction__n_lags': 5, 'feature_extraction__params': ('pycatch22', {}), 'feature_selection__strategy': 'correlation', 'feature_selection__threshold': 0.95, 'imputation__params': ('interpolate', ('polynomial', 2))}",0.5191706539074961,0.7290249433106576,0.7096560846560847,0.7094642103782872,0.6648613518197573,0.6664354488144566,0.07658503784147326,65,1.0,1.0,0.9999418672247413,0.9994603545396751,0.9954265668044078,0.998965757713765,0.0017811570567341204
4.03865761756897,1.8366550954291099,0.8663447856903076,0.07566860243564713,5,100,5,"('pycatch22', {})",correlation,0.95,"('interpolate', ('spline', 2))","{'classifier__base_estimator__max_depth': 5, 'classifier__base_estimator__n_estimators': 100, 'feature_extraction__n_lags': 5, 'feature_extraction__params': ('pycatch22', {}), 'feature_selection__strategy': 'correlation', 'feature_selection__threshold': 0.95, 'imputation__params': ('interpolate', ('spline', 2))}",0.5191706539074961,0.7290249433106576,0.7096560846560847,0.7094642103782872,0.6648613518197573,0.6664354488144566,0.07658503784147326,65,1.0,1.0,0.9999418672247413,0.9994603545396751,0.9954265668044078,0.998965757713765,0.0017811570567341204
4.05392370223999,1.7630637343517457,0.8718063831329346,0.13342716059516974,5,100,5,"('pycatch22', {})",correlation,0.95,"('ffill', None)","{'classifier__base_estimator__max_depth': 5, 'classifier__base_estimator__n_estimators': 100, 'feature_extraction__n_lags': 5, 'feature_extraction__params': ('pycatch22', {}), 'feature_selection__strategy': 'correlation', 'feature_selection__threshold': 0.95, 'imputation__params': ('ffill', None)}",0.5191706539074961,0.7290249433106576,0.7096560846560847,0.7094642103782872,0.6648613518197573,0.6664354488144566,0.07658503784147326,65,1.0,1.0,0.9999418672247413,0.9994603545396751,0.9954265668044078,0.998965757713765,0.0017811570567341204
2.8298131942749025,1.3242897658269484,0.91068115234375,0.05982394253078827,5,100,5,"('pycatch22', {})",pca,0.85,"('interpolate', 'linear')","{'classifier__base_estimator__max_depth': 5, 'classifier__base_estimator__n_estimators': 100, 'feature_extraction__n_lags': 5, 'feature_extraction__params': ('pycatch22', {}), 'feature_selection__strategy': 'pca', 'feature_selection__threshold': 0.85, 'imputation__params': ('interpolate', 'linear')}",0.47173843700159485,0.5977465986394558,0.5520912068531116,0.5437149687606726,0.6181398035817447,0.5566862029673159,0.05073064354003499,529,0.9659122465981672,0.9223528541851522,0.9009675877481946,0.8833118337596286,0.8530690426997245,0.9051227129981735,0.03793365068423817
2.665891695022583,1.2173948435903381,0.8582229137420654,0.029927982970146202,5,100,5,"('pycatch22', {})",pca,0.85,"('interpolate', ('polynomial', 2))","{'classifier__base_estimator__max_depth': 5, 'classifier__base_estimator__n_estimators': 100, 'feature_extraction__n_lags': 5, 'feature_extraction__params': ('pycatch22', {}), 'feature_selection__strategy': 'pca', 'feature_selection__threshold': 0.85, 'imputation__params': ('interpolate', ('polynomial', 2))}",0.47173843700159485,0.5977465986394558,0.5520912068531116,0.5437149687606726,0.6181398035817447,0.5566862029673159,0.05073064354003499,529,0.9659122465981672,0.9223528541851522,0.9009675877481946,0.8833118337596286,0.8530690426997245,0.9051227129981735,0.03793365068423817
2.7293607711791994,1.2487329126766082,0.8686671257019043,0.12566608466980841,5,100,5,"('pycatch22', {})",pca,0.85,"('interpolate', ('spline', 2))","{'classifier__base_estimator__max_depth': 5, 'classifier__base_estimator__n_estimators': 100, 'feature_extraction__n_lags': 5, 'feature_extraction__params': ('pycatch22', {}), 'feature_selection__strategy': 'pca', 'feature_selection__threshold': 0.85, 'imputation__params': ('interpolate', ('spline', 2))}",0.47173843700159485,0.5977465986394558,0.5520912068531116,0.5437149687606726,0.6181398035817447,0.5566862029673159,0.05073064354003499,529,0.9659122465981672,0.9223528541851522,0.9009675877481946,0.8833118337596286,0.8530690426997245,0.9051227129981735,0.03793365068423817
2.7815269947052004,1.2788253245860335,0.8927471160888671,0.08642139955263384,5,100,5,"('pycatch22', {})",pca,0.85,"('ffill', None)","{'classifier__base_estimator__max_depth': 5, 'classifier__base_estimator__n_estimators': 100, 'feature_extraction__n_lags': 5, 'feature_extraction__params': ('pycatch22', {}), 'feature_selection__strategy': 'pca', 'feature_selection__threshold': 0.85, 'imputation__params': ('ffill', None)}",0.47173843700159485,0.5977465986394558,0.5520912068531116,0.5437149687606726,0.6181398035817447,0.5566862029673159,0.05073064354003499,529,0.9659122465981672,0.9223528541851522,0.9009675877481946,0.8833118337596286,0.8530690426997245,0.9051227129981735,0.03793365068423817
2.7762799739837645,1.1738272443246114,0.9247827053070068,0.06427340424272873,5,100,5,"('pycatch22', {})",pca,0.9,"('interpolate', 'linear')","{'classifier__base_estimator__max_depth': 5, 'classifier__base_estimator__n_estimators': 100, 'feature_extraction__n_lags': 5, 'feature_extraction__params': ('pycatch22', {}), 'feature_selection__strategy': 'pca', 'feature_selection__threshold': 0.9, 'imputation__params': ('interpolate', 'linear')}",0.47173843700159485,0.5977465986394558,0.5520912068531116,0.5437149687606726,0.6181398035817447,0.5566862029673159,0.05073064354003499,529,0.9659122465981672,0.9223528541851522,0.9009675877481946,0.8833118337596286,0.8530690426997245,0.9051227129981735,0.03793365068423817
2.8389816284179688,1.2697984522452863,0.8323644638061524,0.09481858280398751,5,100,5,"('pycatch22', {})",pca,0.9,"('interpolate', ('polynomial', 2))","{'classifier__base_estimator__max_depth': 5, 'classifier__base_estimator__n_estimators': 100, 'feature_extraction__n_lags': 5, 'feature_extraction__params': ('pycatch22', {}), 'feature_selection__strategy': 'pca', 'feature_selection__threshold': 0.9, 'imputation__params': ('interpolate', ('polynomial', 2))}",0.47173843700159485,0.5977465986394558,0.5520912068531116,0.5437149687606726,0.6181398035817447,0.5566862029673159,0.05073064354003499,529,0.9659122465981672,0.9223528541851522,0.9009675877481946,0.8833118337596286,0.8530690426997245,0.9051227129981735,0.03793365068423817
2.859381580352783,1.4107425977490107,0.9347152709960938,0.11839315912467913,5,100,5,"('pycatch22', {})",pca,0.9,"('interpolate', ('spline', 2))","{'classifier__base_estimator__max_depth': 5, 'classifier__base_estimator__n_estimators': 100, 'feature_extraction__n_lags': 5, 'feature_extraction__params': ('pycatch22', {}), 'feature_selection__strategy': 'pca', 'feature_selection__threshold': 0.9, 'imputation__params': ('interpolate', ('spline', 2))}",0.47173843700159485,0.5977465986394558,0.5520912068531116,0.5437149687606726,0.6181398035817447,0.5566862029673159,0.05073064354003499,529,0.9659122465981672,0.9223528541851522,0.9009675877481946,0.8833118337596286,0.8530690426997245,0.9051227129981735,0.03793365068423817
2.987596273422241,1.3089479128889454,0.9587835788726806,0.0680074085285088,5,100,5,"('pycatch22', {})",pca,0.9,"('ffill', None)","{'classifier__base_estimator__max_depth': 5, 'classifier__base_estimator__n_estimators': 100, 'feature_extraction__n_lags': 5, 'feature_extraction__params': ('pycatch22', {}), 'feature_selection__strategy': 'pca', 'feature_selection__threshold': 0.9, 'imputation__params': ('ffill', None)}",0.47173843700159485,0.5977465986394558,0.5520912068531116,0.5437149687606726,0.6181398035817447,0.5566862029673159,0.05073064354003499,529,0.9659122465981672,0.9223528541851522,0.9009675877481946,0.8833118337596286,0.8530690426997245,0.9051227129981735,0.03793365068423817
2.837760829925537,1.2100920194714395,0.9127476215362549,0.09206237458555805,5,100,5,"('pycatch22', {})",pca,0.95,"('interpolate', 'linear')","{'classifier__base_estimator__max_depth': 5, 'classifier__base_estimator__n_estimators': 100, 'feature_extraction__n_lags': 5, 'feature_extraction__params': ('pycatch22', {}), 'feature_selection__strategy': 'pca', 'feature_selection__threshold': 0.95, 'imputation__params': ('interpolate', 'linear')}",0.47173843700159485,0.5977465986394558,0.5520912068531116,0.5437149687606726,0.6181398035817447,0.5566862029673159,0.05073064354003499,529,0.9659122465981672,0.9223528541851522,0.9009675877481946,0.8833118337596286,0.8530690426997245,0.9051227129981735,0.03793365068423817
2.7930537700653075,1.3418468013503837,0.8634353160858155,0.08025894857665324,5,100,5,"('pycatch22', {})",pca,0.95,"('interpolate', ('polynomial', 2))","{'classifier__base_estimator__max_depth': 5, 'classifier__base_estimator__n_estimators': 100, 'feature_extraction__n_lags': 5, 'feature_extraction__params': ('pycatch22', {}), 'feature_selection__strategy': 'pca', 'feature_selection__threshold': 0.95, 'imputation__params': ('interpolate', ('polynomial', 2))}",0.47173843700159485,0.5977465986394558,0.5520912068531116,0.5437149687606726,0.6181398035817447,0.5566862029673159,0.05073064354003499,529,0.9659122465981672,0.9223528541851522,0.9009675877481946,0.8833118337596286,0.8530690426997245,0.9051227129981735,0.03793365068423817
2.760043144226074,1.214265731264042,0.8006262302398681,0.05789704856901329,5,100,5,"('pycatch22', {})",pca,0.95,"('interpolate', ('spline', 2))","{'classifier__base_estimator__max_depth': 5, 'classifier__base_estimator__n_estimators': 100, 'feature_extraction__n_lags': 5, 'feature_extraction__params': ('pycatch22', {}), 'feature_selection__strategy': 'pca', 'feature_selection__threshold': 0.95, 'imputation__params': ('interpolate', ('spline', 2))}",0.47173843700159485,0.5977465986394558,0.5520912068531116,0.5437149687606726,0.6181398035817447,0.5566862029673159,0.05073064354003499,529,0.9659122465981672,0.9223528541851522,0.9009675877481946,0.8833118337596286,0.8530690426997245,0.9051227129981735,0.03793365068423817
2.822611951828003,1.2933682563499107,0.9383810520172119,0.17512189380951482,5,100,5,"('pycatch22', {})",pca,0.95,"('ffill', None)","{'classifier__base_estimator__max_depth': 5, 'classifier__base_estimator__n_estimators': 100, 'feature_extraction__n_lags': 5, 'feature_extraction__params': ('pycatch22', {}), 'feature_selection__strategy': 'pca', 'feature_selection__threshold': 0.95, 'imputation__params': ('ffill', None)}",0.47173843700159485,0.5977465986394558,0.5520912068531116,0.5437149687606726,0.6181398035817447,0.5566862029673159,0.05073064354003499,529,0.9659122465981672,0.9223528541851522,0.9009675877481946,0.8833118337596286,0.8530690426997245,0.9051227129981735,0.03793365068423817
4.1693443775177,1.8872058200700752,0.9626599311828613,0.10136378235374828,5,100,8,"('pycatch22', {})",correlation,0.85,"('interpolate', 'linear')","{'classifier__base_estimator__max_depth': 5, 'classifier__base_estimator__n_estimators': 100, 'feature_extraction__n_lags': 8, 'feature_extraction__params': ('pycatch22', {}), 'feature_selection__strategy': 'correlation', 'feature_selection__threshold': 0.85, 'imputation__params': ('interpolate', 'linear')}",0.5837183436002737,0.5250241390408754,0.6875769298399859,0.702952182952183,0.6013146167557932,0.6201172424378223,0.06653353091066537,277,1.0,1.0,1.0,1.0,0.9998808545114439,0.9999761709022887,4.765819542242866e-05
3.9335506916046143,1.7247609129443855,0.9310142517089843,0.06726221331785932,5,100,8,"('pycatch22', {})",correlation,0.85,"('interpolate', ('polynomial', 2))","{'classifier__base_estimator__max_depth': 5, 'classifier__base_estimator__n_estimators': 100, 'feature_extraction__n_lags': 8, 'feature_extraction__params': ('pycatch22', {}), 'feature_selection__strategy': 'correlation', 'feature_selection__threshold': 0.85, 'imputation__params': ('interpolate', ('polynomial', 2))}",0.5837183436002737,0.5250241390408754,0.6875769298399859,0.702952182952183,0.6013146167557932,0.6201172424378223,0.06653353091066537,277,1.0,1.0,1.0,1.0,0.9998808545114439,0.9999761709022887,4.765819542242866e-05
3.9988150596618652,1.832773420666228,0.9232523441314697,0.13919852230328417,5,100,8,"('pycatch22', {})",correlation,0.85,"('interpolate', ('spline', 2))","{'classifier__base_estimator__max_depth': 5, 'classifier__base_estimator__n_estimators': 100, 'feature_extraction__n_lags': 8, 'feature_extraction__params': ('pycatch22', {}), 'feature_selection__strategy': 'correlation', 'feature_selection__threshold': 0.85, 'imputation__params': ('interpolate', ('spline', 2))}",0.5837183436002737,0.5250241390408754,0.6875769298399859,0.702952182952183,0.6013146167557932,0.6201172424378223,0.06653353091066537,277,1.0,1.0,1.0,1.0,0.9998808545114439,0.9999761709022887,4.765819542242866e-05
4.117150497436524,1.9889501743665883,1.0286503791809083,0.1826529700417634,5,100,8,"('pycatch22', {})",correlation,0.85,"('ffill', None)","{'classifier__base_estimator__max_depth': 5, 'classifier__base_estimator__n_estimators': 100, 'feature_extraction__n_lags': 8, 'feature_extraction__params': ('pycatch22', {}), 'feature_selection__strategy': 'correlation', 'feature_selection__threshold': 0.85, 'imputation__params': ('ffill', None)}",0.5837183436002737,0.5250241390408754,0.6875769298399859,0.702952182952183,0.6013146167557932,0.6201172424378223,0.06653353091066537,277,1.0,1.0,1.0,1.0,0.9998808545114439,0.9999761709022887,4.765819542242866e-05
3.999803590774536,1.7532260837320026,0.9211326599121094,0.07097664498810485,5,100,8,"('pycatch22', {})",correlation,0.9,"('interpolate', 'linear')","{'classifier__base_estimator__max_depth': 5, 'classifier__base_estimator__n_estimators': 100, 'feature_extraction__n_lags': 8, 'feature_extraction__params': ('pycatch22', {}), 'feature_selection__strategy': 'correlation', 'feature_selection__threshold': 0.9, 'imputation__params': ('interpolate', 'linear')}",0.5654517453798769,0.5195928548439008,0.6638385792157552,0.7080526680526681,0.6144830659536541,0.6142837826891709,0.06722984622754655,305,1.0,1.0,1.0,0.999987214630554,0.9995263966829896,0.9999027222627088,0.0001882279345328772
4.0104907035827635,1.8225213378401455,0.9584659576416016,0.09192389916980949,5,100,8,"('pycatch22', {})",correlation,0.9,"('interpolate', ('polynomial', 2))","{'classifier__base_estimator__max_depth': 5, 'classifier__base_estimator__n_estimators': 100, 'feature_extraction__n_lags': 8, 'feature_extraction__params': ('pycatch22', {}), 'feature_selection__strategy': 'correlation', 'feature_selection__threshold': 0.9, 'imputation__params': ('interpolate', ('polynomial', 2))}",0.5654517453798769,0.5195928548439008,0.6638385792157552,0.7080526680526681,0.6144830659536541,0.6142837826891709,0.06722984622754655,305,1.0,1.0,1.0,0.999987214630554,0.9995263966829896,0.9999027222627088,0.0001882279345328772
4.11867995262146,1.9237962927746133,0.919388723373413,0.10859087594371822,5,100,8,"('pycatch22', {})",correlation,0.9,"('interpolate', ('spline', 2))","{'classifier__base_estimator__max_depth': 5, 'classifier__base_estimator__n_estimators': 100, 'feature_extraction__n_lags': 8, 'feature_extraction__params': ('pycatch22', {}), 'feature_selection__strategy': 'correlation', 'feature_selection__threshold': 0.9, 'imputation__params': ('interpolate', ('spline', 2))}",0.5654517453798769,0.5195928548439008,0.6638385792157552,0.7080526680526681,0.6144830659536541,0.6142837826891709,0.06722984622754655,305,1.0,1.0,1.0,0.999987214630554,0.9995263966829896,0.9999027222627088,0.0001882279345328772
4.1124915599823,1.9017706805668528,1.0221122741699218,0.07558515219097832,5,100,8,"('pycatch22', {})",correlation,0.9,"('ffill', None)","{'classifier__base_estimator__max_depth': 5, 'classifier__base_estimator__n_estimators': 100, 'feature_extraction__n_lags': 8, 'feature_extraction__params': ('pycatch22', {}), 'feature_selection__strategy': 'correlation', 'feature_selection__threshold': 0.9, 'imputation__params': ('ffill', None)}",0.5654517453798769,0.5195928548439008,0.6638385792157552,0.7080526680526681,0.6144830659536541,0.6142837826891709,0.06722984622754655,305,1.0,1.0,1.0,0.999987214630554,0.9995263966829896,0.9999027222627088,0.0001882279345328772
4.1924529552459715,2.1968541681476608,1.0100486278533936,0.18921833234531427,5,100,8,"('pycatch22', {})",correlation,0.95,"('interpolate', 'linear')","{'classifier__base_estimator__max_depth': 5, 'classifier__base_estimator__n_estimators': 100, 'feature_extraction__n_lags': 8, 'feature_extraction__params': ('pycatch22', {}), 'feature_selection__strategy': 'correlation', 'feature_selection__threshold': 0.95, 'imputation__params': ('interpolate', 'linear')}",0.5803388090349075,0.5453813968458321,0.6899947248109725,0.6728482328482328,0.5660650623885919,0.6109256451857072,0.05887342548325455,309,1.0,1.0,0.9999955321240281,0.9999948858522216,0.9997185187832862,0.9999417873519072,0.00011165503105188706
4.334459686279297,1.834921103763972,0.9548441886901855,0.08095833799540285,5,100,8,"('pycatch22', {})",correlation,0.95,"('interpolate', ('polynomial', 2))","{'classifier__base_estimator__max_depth': 5, 'classifier__base_estimator__n_estimators': 100, 'feature_extraction__n_lags': 8, 'feature_extraction__params': ('pycatch22', {}), 'feature_selection__strategy': 'correlation', 'feature_selection__threshold': 0.95, 'imputation__params': ('interpolate', ('polynomial', 2))}",0.5803388090349075,0.5453813968458321,0.6899947248109725,0.6728482328482328,0.5660650623885919,0.6109256451857072,0.05887342548325455,309,1.0,1.0,0.9999955321240281,0.9999948858522216,0.9997185187832862,0.9999417873519072,0.00011165503105188706
4.088491344451905,1.970481769663825,0.9645903587341309,0.09665339773728142,5,100,8,"('pycatch22', {})",correlation,0.95,"('interpolate', ('spline', 2))","{'classifier__base_estimator__max_depth': 5, 'classifier__base_estimator__n_estimators': 100, 'feature_extraction__n_lags': 8, 'feature_extraction__params': ('pycatch22', {}), 'feature_selection__strategy': 'correlation', 'feature_selection__threshold': 0.95, 'imputation__params': ('interpolate', ('spline', 2))}",0.5803388090349075,0.5453813968458321,0.6899947248109725,0.6728482328482328,0.5660650623885919,0.6109256451857072,0.05887342548325455,309,1.0,1.0,0.9999955321240281,0.9999948858522216,0.9997185187832862,0.9999417873519072,0.00011165503105188706
4.093358993530273,1.938018055538516,0.9238447189331055,0.14407881696349784,5,100,8,"('pycatch22', {})",correlation,0.95,"('ffill', None)","{'classifier__base_estimator__max_depth': 5, 'classifier__base_estimator__n_estimators': 100, 'feature_extraction__n_lags': 8, 'feature_extraction__params': ('pycatch22', {}), 'feature_selection__strategy': 'correlation', 'feature_selection__threshold': 0.95, 'imputation__params': ('ffill', None)}",0.5803388090349075,0.5453813968458321,0.6899947248109725,0.6728482328482328,0.5660650623885919,0.6109256451857072,0.05887342548325455,309,1.0,1.0,0.9999955321240281,0.9999948858522216,0.9997185187832862,0.9999417873519072,0.00011165503105188706
2.9132121562957765,1.3394202828947834,0.8935142517089844,0.08706335897536106,5,100,8,"('pycatch22', {})",pca,0.85,"('interpolate', 'linear')","{'classifier__base_estimator__max_depth': 5, 'classifier__base_estimator__n_estimators': 100, 'feature_extraction__n_lags': 8, 'feature_extraction__params': ('pycatch22', {}), 'feature_selection__strategy': 'pca', 'feature_selection__threshold': 0.85, 'imputation__params': ('interpolate', 'linear')}",0.5096466461327858,0.5805037013196009,0.5078028837700017,0.5152321552321553,0.6183934937611408,0.5463157760431369,0.045073431350387695,625,0.9583721833721833,0.9263382451304294,0.9012107943883478,0.8894845450454136,0.861930484564702,0.9074672505002152,0.032813243117536375
2.997553586959839,1.4528800831970377,0.9996697902679443,0.14250609899519778,5,100,8,"('pycatch22', {})",pca,0.85,"('interpolate', ('polynomial', 2))","{'classifier__base_estimator__max_depth': 5, 'classifier__base_estimator__n_estimators': 100, 'feature_extraction__n_lags': 8, 'feature_extraction__params': ('pycatch22', {}), 'feature_selection__strategy': 'pca', 'feature_selection__threshold': 0.85, 'imputation__params': ('interpolate', ('polynomial', 2))}",0.5096466461327858,0.5805037013196009,0.5078028837700017,0.5152321552321553,0.6183934937611408,0.5463157760431369,0.045073431350387695,625,0.9583721833721833,0.9263382451304294,0.9012107943883478,0.8894845450454136,0.861930484564702,0.9074672505002152,0.032813243117536375
2.886609172821045,1.3138459445796637,0.9707220554351806,0.04608419112520126,5,100,8,"('pycatch22', {})",pca,0.85,"('interpolate', ('spline', 2))","{'classifier__base_estimator__max_depth': 5, 'classifier__base_estimator__n_estimators': 100, 'feature_extraction__n_lags': 8, 'feature_extraction__params': ('pycatch22', {}), 'feature_selection__strategy': 'pca', 'feature_selection__threshold': 0.85, 'imputation__params': ('interpolate', ('spline', 2))}",0.5096466461327858,0.5805037013196009,0.5078028837700017,0.5152321552321553,0.6183934937611408,0.5463157760431369,0.045073431350387695,625,0.9583721833721833,0.9263382451304294,0.9012107943883478,0.8894845450454136,0.861930484564702,0.9074672505002152,0.032813243117536375
2.9666865348815916,1.3653231675769588,0.9618206977844238,0.09903583520988735,5,100,8,"('pycatch22', {})",pca,0.85,"('ffill', None)","{'classifier__base_estimator__max_depth': 5, 'classifier__base_estimator__n_estimators': 100, 'feature_extraction__n_lags': 8, 'feature_extraction__params': ('pycatch22', {}), 'feature_selection__strategy': 'pca', 'feature_selection__threshold': 0.85, 'imputation__params': ('ffill', None)}",0.5096466461327858,0.5805037013196009,0.5078028837700017,0.5152321552321553,0.6183934937611408,0.5463157760431369,0.045073431350387695,625,0.9583721833721833,0.9263382451304294,0.9012107943883478,0.8894845450454136,0.861930484564702,0.9074672505002152,0.032813243117536375
2.9710923194885255,1.5139010339647883,0.9926461219787598,0.13508692771658,5,100,8,"('pycatch22', {})",pca,0.9,"('interpolate', 'linear')","{'classifier__base_estimator__max_depth': 5, 'classifier__base_estimator__n_estimators': 100, 'feature_extraction__n_lags': 8, 'feature_extraction__params': ('pycatch22', {}), 'feature_selection__strategy': 'pca', 'feature_selection__threshold': 0.9, 'imputation__params': ('interpolate', 'linear')}",0.5096466461327858,0.5805037013196009,0.5078028837700017,0.5152321552321553,0.6183934937611408,0.5463157760431369,0.045073431350387695,625,0.9583721833721833,0.9263382451304294,0.9012107943883478,0.8894845450454136,0.861930484564702,0.9074672505002152,0.032813243117536375
2.90174822807312,1.3229521377472386,0.9328373908996582,0.07074402191936054,5,100,8,"('pycatch22', {})",pca,0.9,"('interpolate', ('polynomial', 2))","{'classifier__base_estimator__max_depth': 5, 'classifier__base_estimator__n_estimators': 100, 'feature_extraction__n_lags': 8, 'feature_extraction__params': ('pycatch22', {}), 'feature_selection__strategy': 'pca', 'feature_selection__threshold': 0.9, 'imputation__params': ('interpolate', ('polynomial', 2))}",0.5096466461327858,0.5805037013196009,0.5078028837700017,0.5152321552321553,0.6183934937611408,0.5463157760431369,0.045073431350387695,625,0.9583721833721833,0.9263382451304294,0.9012107943883478,0.8894845450454136,0.861930484564702,0.9074672505002152,0.032813243117536375
2.915596294403076,1.3593985159719517,0.9933464527130127,0.09340548070670937,5,100,8,"('pycatch22', {})",pca,0.9,"('interpolate', ('spline', 2))","{'classifier__base_estimator__max_depth': 5, 'classifier__base_estimator__n_estimators': 100, 'feature_extraction__n_lags': 8, 'feature_extraction__params': ('pycatch22', {}), 'feature_selection__strategy': 'pca', 'feature_selection__threshold': 0.9, 'imputation__params': ('interpolate', ('spline', 2))}",0.5096466461327858,0.5805037013196009,0.5078028837700017,0.5152321552321553,0.6183934937611408,0.5463157760431369,0.045073431350387695,625,0.9583721833721833,0.9263382451304294,0.9012107943883478,0.8894845450454136,0.861930484564702,0.9074672505002152,0.032813243117536375
2.9338634490966795,1.3502346636390374,0.9199150562286377,0.09869144924934281,5,100,8,"('pycatch22', {})",pca,0.9,"('ffill', None)","{'classifier__base_estimator__max_depth': 5, 'classifier__base_estimator__n_estimators': 100, 'feature_extraction__n_lags': 8, 'feature_extraction__params': ('pycatch22', {}), 'feature_selection__strategy': 'pca', 'feature_selection__threshold': 0.9, 'imputation__params': ('ffill', None)}",0.5096466461327858,0.5805037013196009,0.5078028837700017,0.5152321552321553,0.6183934937611408,0.5463157760431369,0.045073431350387695,625,0.9583721833721833,0.9263382451304294,0.9012107943883478,0.8894845450454136,0.861930484564702,0.9074672505002152,0.032813243117536375
2.949414014816284,1.3346571092564332,0.9822067260742188,0.09012103938942821,5,100,8,"('pycatch22', {})",pca,0.95,"('interpolate', 'linear')","{'classifier__base_estimator__max_depth': 5, 'classifier__base_estimator__n_estimators': 100, 'feature_extraction__n_lags': 8, 'feature_extraction__params': ('pycatch22', {}), 'feature_selection__strategy': 'pca', 'feature_selection__threshold': 0.95, 'imputation__params': ('interpolate', 'linear')}",0.5096466461327858,0.5805037013196009,0.5078028837700017,0.5152321552321553,0.6183934937611408,0.5463157760431369,0.045073431350387695,625,0.9583721833721833,0.9263382451304294,0.9012107943883478,0.8894845450454136,0.861930484564702,0.9074672505002152,0.032813243117536375
3.0680474281311034,1.4559437627844471,0.9701924800872803,0.14593151484117023,5,100,8,"('pycatch22', {})",pca,0.95,"('interpolate', ('polynomial', 2))","{'classifier__base_estimator__max_depth': 5, 'classifier__base_estimator__n_estimators': 100, 'feature_extraction__n_lags': 8, 'feature_extraction__params': ('pycatch22', {}), 'feature_selection__strategy': 'pca', 'feature_selection__threshold': 0.95, 'imputation__params': ('interpolate', ('polynomial', 2))}",0.5096466461327858,0.5805037013196009,0.5078028837700017,0.5152321552321553,0.6183934937611408,0.5463157760431369,0.045073431350387695,625,0.9583721833721833,0.9263382451304294,0.9012107943883478,0.8894845450454136,0.861930484564702,0.9074672505002152,0.032813243117536375
2.903872585296631,1.311487714030552,0.9481042385101318,0.09070987254501173,5,100,8,"('pycatch22', {})",pca,0.95,"('interpolate', ('spline', 2))","{'classifier__base_estimator__max_depth': 5, 'classifier__base_estimator__n_estimators': 100, 'feature_extraction__n_lags': 8, 'feature_extraction__params': ('pycatch22', {}), 'feature_selection__strategy': 'pca', 'feature_selection__threshold': 0.95, 'imputation__params': ('interpolate', ('spline', 2))}",0.5096466461327858,0.5805037013196009,0.5078028837700017,0.5152321552321553,0.6183934937611408,0.5463157760431369,0.045073431350387695,625,0.9583721833721833,0.9263382451304294,0.9012107943883478,0.8894845450454136,0.861930484564702,0.9074672505002152,0.032813243117536375
3.0240437507629396,1.4170099034852952,0.936808967590332,0.1165854592711895,5,100,8,"('pycatch22', {})",pca,0.95,"('ffill', None)","{'classifier__base_estimator__max_depth': 5, 'classifier__base_estimator__n_estimators': 100, 'feature_extraction__n_lags': 8, 'feature_extraction__params': ('pycatch22', {}), 'feature_selection__strategy': 'pca', 'feature_selection__threshold': 0.95, 'imputation__params': ('ffill', None)}",0.5096466461327858,0.5805037013196009,0.5078028837700017,0.5152321552321553,0.6183934937611408,0.5463157760431369,0.045073431350387695,625,0.9583721833721833,0.9263382451304294,0.9012107943883478,0.8894845450454136,0.861930484564702,0.9074672505002152,0.032813243117536375
3.462258720397949,1.5836861441624897,0.7127592086791992,0.03305301042913711,7,25,3,"('pycatch22', {})",correlation,0.85,"('interpolate', 'linear')","{'classifier__base_estimator__max_depth': 7, 'classifier__base_estimator__n_estimators': 25, 'feature_extraction__n_lags': 3, 'feature_extraction__params': ('pycatch22', {}), 'feature_selection__strategy': 'correlation', 'feature_selection__threshold': 0.85, 'imputation__params': ('interpolate', 'linear')}",0.5386,0.7190617353660832,0.6961958806221101,0.7213412646675358,0.6717354145838036,0.6693868590479066,0.0678178375517878,41,0.9964328454386449,0.9960908643191332,0.99080688542227,0.9870431504548074,0.9669239701557613,0.9874595431581235,0.010845346471682393
3.495894432067871,1.5884936218163128,0.7588021755218506,0.0498602400482539,7,25,3,"('pycatch22', {})",correlation,0.85,"('interpolate', ('polynomial', 2))","{'classifier__base_estimator__max_depth': 7, 'classifier__base_estimator__n_estimators': 25, 'feature_extraction__n_lags': 3, 'feature_extraction__params': ('pycatch22', {}), 'feature_selection__strategy': 'correlation', 'feature_selection__threshold': 0.85, 'imputation__params': ('interpolate', ('polynomial', 2))}",0.5386,0.7190617353660832,0.6961958806221101,0.7213412646675358,0.6717354145838036,0.6693868590479066,0.0678178375517878,41,0.9964328454386449,0.9960908643191332,0.99080688542227,0.9870431504548074,0.9669239701557613,0.9874595431581235,0.010845346471682393
3.505969285964966,1.661347115548139,0.7219874382019043,0.04180687393475538,7,25,3,"('pycatch22', {})",correlation,0.85,"('interpolate', ('spline', 2))","{'classifier__base_estimator__max_depth': 7, 'classifier__base_estimator__n_estimators': 25, 'feature_extraction__n_lags': 3, 'feature_extraction__params': ('pycatch22', {}), 'feature_selection__strategy': 'correlation', 'feature_selection__threshold': 0.85, 'imputation__params': ('interpolate', ('spline', 2))}",0.5386,0.7190617353660832,0.6961958806221101,0.7213412646675358,0.6717354145838036,0.6693868590479066,0.0678178375517878,41,0.9964328454386449,0.9960908643191332,0.99080688542227,0.9870431504548074,0.9669239701557613,0.9874595431581235,0.010845346471682393
3.5372782230377195,1.6052157062500265,0.6960007190704346,0.033007985966295464,7,25,3,"('pycatch22', {})",correlation,0.85,"('ffill', None)","{'classifier__base_estimator__max_depth': 7, 'classifier__base_estimator__n_estimators': 25, 'feature_extraction__n_lags': 3, 'feature_extraction__params': ('pycatch22', {}), 'feature_selection__strategy': 'correlation', 'feature_selection__threshold': 0.85, 'imputation__params': ('ffill', None)}",0.5386,0.7190617353660832,0.6961958806221101,0.7213412646675358,0.6717354145838036,0.6693868590479066,0.0678178375517878,41,0.9964328454386449,0.9960908643191332,0.99080688542227,0.9870431504548074,0.9669239701557613,0.9874595431581235,0.010845346471682393
3.5560559749603273,1.68562887987283,0.7494777202606201,0.061478767052468374,7,25,3,"('pycatch22', {})",correlation,0.9,"('interpolate', 'linear')","{'classifier__base_estimator__max_depth': 7, 'classifier__base_estimator__n_estimators': 25, 'feature_extraction__n_lags': 3, 'feature_extraction__params': ('pycatch22', {}), 'feature_selection__strategy': 'correlation', 'feature_selection__threshold': 0.9, 'imputation__params': ('interpolate', 'linear')}",0.58184,0.7055100696405043,0.6592580916351408,0.7236554758800521,0.6701712516528526,0.66808697776171,0.04900853066521172,49,0.994131455399061,0.9960416153656736,0.9891285637439483,0.9864135711709712,0.9683396584018118,0.9868109728162932,0.009854063518095679
3.537582445144653,1.5037664658276673,0.7109484672546387,0.08544582954485622,7,25,3,"('pycatch22', {})",correlation,0.9,"('interpolate', ('polynomial', 2))","{'classifier__base_estimator__max_depth': 7, 'classifier__base_estimator__n_estimators': 25, 'feature_extraction__n_lags': 3, 'feature_extraction__params': ('pycatch22', {}), 'feature_selection__strategy': 'correlation', 'feature_selection__threshold': 0.9, 'imputation__params': ('interpolate', ('polynomial', 2))}",0.58184,0.7055100696405043,0.6592580916351408,0.7236554758800521,0.6701712516528526,0.66808697776171,0.04900853066521172,49,0.994131455399061,0.9960416153656736,0.9891285637439483,0.9864135711709712,0.9683396584018118,0.9868109728162932,0.009854063518095679
3.5246854782104493,1.5469738512195201,0.7424724102020264,0.048822962349464746,7,25,3,"('pycatch22', {})",correlation,0.9,"('interpolate', ('spline', 2))","{'classifier__base_estimator__max_depth': 7, 'classifier__base_estimator__n_estimators': 25, 'feature_extraction__n_lags': 3, 'feature_extraction__params': ('pycatch22', {}), 'feature_selection__strategy': 'correlation', 'feature_selection__threshold': 0.9, 'imputation__params': ('interpolate', ('spline', 2))}",0.58184,0.7055100696405043,0.6592580916351408,0.7236554758800521,0.6701712516528526,0.66808697776171,0.04900853066521172,49,0.994131455399061,0.9960416153656736,0.9891285637439483,0.9864135711709712,0.9683396584018118,0.9868109728162932,0.009854063518095679
3.4658640384674073,1.6221965006032897,0.7275393962860107,0.05244597304720779,7,25,3,"('pycatch22', {})",correlation,0.9,"('ffill', None)","{'classifier__base_estimator__max_depth': 7, 'classifier__base_estimator__n_estimators': 25, 'feature_extraction__n_lags': 3, 'feature_extraction__params': ('pycatch22', {}), 'feature_selection__strategy': 'correlation', 'feature_selection__threshold': 0.9, 'imputation__params': ('ffill', None)}",0.58184,0.7055100696405043,0.6592580916351408,0.7236554758800521,0.6701712516528526,0.66808697776171,0.04900853066521172,49,0.994131455399061,0.9960416153656736,0.9891285637439483,0.9864135711709712,0.9683396584018118,0.9868109728162932,0.009854063518095679
3.5102489948272706,1.5435153872009697,0.7195481777191162,0.06443968542815462,7,25,3,"('pycatch22', {})",correlation,0.95,"('interpolate', 'linear')","{'classifier__base_estimator__max_depth': 7, 'classifier__base_estimator__n_estimators': 25, 'feature_extraction__n_lags': 3, 'feature_extraction__params': ('pycatch22', {}), 'feature_selection__strategy': 'correlation', 'feature_selection__threshold': 0.95, 'imputation__params': ('interpolate', 'linear')}",0.56324,0.6929230190099754,0.7010561160151323,0.7121903520208605,0.6570290579546555,0.6652877090001247,0.0542676468097288,73,0.99485639326153,0.9957338094065501,0.989480903711673,0.9859889711888492,0.9650811729479861,0.9862282501033176,0.01115917912871978
3.528715705871582,1.5675222085335299,0.7503109931945801,0.012858567953852306,7,25,3,"('pycatch22', {})",correlation,0.95,"('interpolate', ('polynomial', 2))","{'classifier__base_estimator__max_depth': 7, 'classifier__base_estimator__n_estimators': 25, 'feature_extraction__n_lags': 3, 'feature_extraction__params': ('pycatch22', {}), 'feature_selection__strategy': 'correlation', 'feature_selection__threshold': 0.95, 'imputation__params': ('interpolate', ('polynomial', 2))}",0.56324,0.6929230190099754,0.7010561160151323,0.7121903520208605,0.6570290579546555,0.6652877090001247,0.0542676468097288,73,0.99485639326153,0.9957338094065501,0.989480903711673,0.9859889711888492,0.9650811729479861,0.9862282501033176,0.01115917912871978
3.3924686431884767,1.5498210986522427,0.73710618019104,0.06330567944063441,7,25,3,"('pycatch22', {})",correlation,0.95,"('interpolate', ('spline', 2))","{'classifier__base_estimator__max_depth': 7, 'classifier__base_estimator__n_estimators': 25, 'feature_extraction__n_lags': 3, 'feature_extraction__params': ('pycatch22', {}), 'feature_selection__strategy': 'correlation', 'feature_selection__threshold': 0.95, 'imputation__params': ('interpolate', ('spline', 2))}",0.56324,0.6929230190099754,0.7010561160151323,0.7121903520208605,0.6570290579546555,0.6652877090001247,0.0542676468097288,73,0.99485639326153,0.9957338094065501,0.989480903711673,0.9859889711888492,0.9650811729479861,0.9862282501033176,0.01115917912871978
3.4980843544006346,1.5230019630538751,0.7583356380462647,0.049953652989180156,7,25,3,"('pycatch22', {})",correlation,0.95,"('ffill', None)","{'classifier__base_estimator__max_depth': 7, 'classifier__base_estimator__n_estimators': 25, 'feature_extraction__n_lags': 3, 'feature_extraction__params': ('pycatch22', {}), 'feature_selection__strategy': 'correlation', 'feature_selection__threshold': 0.95, 'imputation__params': ('ffill', None)}",0.56324,0.6929230190099754,0.7010561160151323,0.7121903520208605,0.6570290579546555,0.6652877090001247,0.0542676468097288,73,0.99485639326153,0.9957338094065501,0.989480903711673,0.9859889711888492,0.9650811729479861,0.9862282501033176,0.01115917912871978
2.3724448680877686,1.0564967891663195,0.7561434745788574,0.050587638517924444,7,25,3,"('pycatch22', {})",pca,0.85,"('interpolate', 'linear')","{'classifier__base_estimator__max_depth': 7, 'classifier__base_estimator__n_estimators': 25, 'feature_extraction__n_lags': 3, 'feature_extraction__params': ('pycatch22', {}), 'feature_selection__strategy': 'pca', 'feature_selection__threshold': 0.85, 'imputation__params': ('interpolate', 'linear')}",0.4898266666666667,0.6157773386034255,0.5410755569567044,0.5503096479791395,0.6362837423807527,0.5666545905173377,0.05307586486610513,361,0.9325922857405874,0.8840679635557744,0.8431266810112963,0.8280878667665362,0.7988370178896368,0.8573423629927662,0.04659956044490459
2.378674364089966,1.096330006403487,0.7649298667907715,0.0684841073506508,7,25,3,"('pycatch22', {})",pca,0.85,"('interpolate', ('polynomial', 2))","{'classifier__base_estimator__max_depth': 7, 'classifier__base_estimator__n_estimators': 25, 'feature_extraction__n_lags': 3, 'feature_extraction__params': ('pycatch22', {}), 'feature_selection__strategy': 'pca', 'feature_selection__threshold': 0.85, 'imputation__params': ('interpolate', ('polynomial', 2))}",0.4898266666666667,0.6157773386034255,0.5410755569567044,0.5503096479791395,0.6362837423807527,0.5666545905173377,0.05307586486610513,361,0.9325922857405874,0.8840679635557744,0.8431266810112963,0.8280878667665362,0.7988370178896368,0.8573423629927662,0.04659956044490459
2.4534642696380615,1.094562567212564,0.7561558723449707,0.0482604359877955,7,25,3,"('pycatch22', {})",pca,0.85,"('interpolate', ('spline', 2))","{'classifier__base_estimator__max_depth': 7, 'classifier__base_estimator__n_estimators': 25, 'feature_extraction__n_lags': 3, 'feature_extraction__params': ('pycatch22', {}), 'feature_selection__strategy': 'pca', 'feature_selection__threshold': 0.85, 'imputation__params': ('interpolate', ('spline', 2))}",0.4898266666666667,0.6157773386034255,0.5410755569567044,0.5503096479791395,0.6362837423807527,0.5666545905173377,0.05307586486610513,361,0.9325922857405874,0.8840679635557744,0.8431266810112963,0.8280878667665362,0.7988370178896368,0.8573423629927662,0.04659956044490459
2.432992124557495,1.0109858300739023,0.7753709316253662,0.08377981829505764,7,25,3,"('pycatch22', {})",pca,0.85,"('ffill', None)","{'classifier__base_estimator__max_depth': 7, 'classifier__base_estimator__n_estimators': 25, 'feature_extraction__n_lags': 3, 'feature_extraction__params': ('pycatch22', {}), 'feature_selection__strategy': 'pca', 'feature_selection__threshold': 0.85, 'imputation__params': ('ffill', None)}",0.4898266666666667,0.6157773386034255,0.5410755569567044,0.5503096479791395,0.6362837423807527,0.5666545905173377,0.05307586486610513,361,0.9325922857405874,0.8840679635557744,0.8431266810112963,0.8280878667665362,0.7988370178896368,0.8573423629927662,0.04659956044490459
2.4167933464050293,1.0434989680061706,0.7660507678985595,0.05354407162291519,7,25,3,"('pycatch22', {})",pca,0.9,"('interpolate', 'linear')","{'classifier__base_estimator__max_depth': 7, 'classifier__base_estimator__n_estimators': 25, 'feature_extraction__n_lags': 3, 'feature_extraction__params': ('pycatch22', {}), 'feature_selection__strategy': 'pca', 'feature_selection__threshold': 0.9, 'imputation__params': ('interpolate', 'linear')}",0.4898266666666667,0.6157773386034255,0.5410755569567044,0.5503096479791395,0.6362837423807527,0.5666545905173377,0.05307586486610513,361,0.9325922857405874,0.8840679635557744,0.8431266810112963,0.8280878667665362,0.7988370178896368,0.8573423629927662,0.04659956044490459
2.40076060295105,1.0802784073776377,0.7371172428131103,0.07404049296287361,7,25,3,"('pycatch22', {})",pca,0.9,"('interpolate', ('polynomial', 2))","{'classifier__base_estimator__max_depth': 7, 'classifier__base_estimator__n_estimators': 25, 'feature_extraction__n_lags': 3, 'feature_extraction__params': ('pycatch22', {}), 'feature_selection__strategy': 'pca', 'feature_selection__threshold': 0.9, 'imputation__params': ('interpolate', ('polynomial', 2))}",0.4898266666666667,0.6157773386034255,0.5410755569567044,0.5503096479791395,0.6362837423807527,0.5666545905173377,0.05307586486610513,361,0.9325922857405874,0.8840679635557744,0.8431266810112963,0.8280878667665362,0.7988370178896368,0.8573423629927662,0.04659956044490459
2.348961687088013,1.041734038357639,0.734032154083252,0.04927609422902231,7,25,3,"('pycatch22', {})",pca,0.9,"('interpolate', ('spline', 2))","{'classifier__base_estimator__max_depth': 7, 'classifier__base_estimator__n_estimators': 25, 'feature_extraction__n_lags': 3, 'feature_extraction__params': ('pycatch22', {}), 'feature_selection__strategy': 'pca', 'feature_selection__threshold': 0.9, 'imputation__params': ('interpolate', ('spline', 2))}",0.4898266666666667,0.6157773386034255,0.5410755569567044,0.5503096479791395,0.6362837423807527,0.5666545905173377,0.05307586486610513,361,0.9325922857405874,0.8840679635557744,0.8431266810112963,0.8280878667665362,0.7988370178896368,0.8573423629927662,0.04659956044490459
2.357480525970459,1.049509474093695,0.7309049129486084,0.033240126734769726,7,25,3,"('pycatch22', {})",pca,0.9,"('ffill', None)","{'classifier__base_estimator__max_depth': 7, 'classifier__base_estimator__n_estimators': 25, 'feature_extraction__n_lags': 3, 'feature_extraction__params': ('pycatch22', {}), 'feature_selection__strategy': 'pca', 'feature_selection__threshold': 0.9, 'imputation__params': ('ffill', None)}",0.4898266666666667,0.6157773386034255,0.5410755569567044,0.5503096479791395,0.6362837423807527,0.5666545905173377,0.05307586486610513,361,0.9325922857405874,0.8840679635557744,0.8431266810112963,0.8280878667665362,0.7988370178896368,0.8573423629927662,0.04659956044490459
2.371949625015259,1.0655203440922414,0.766940975189209,0.018447612166564428,7,25,3,"('pycatch22', {})",pca,0.95,"('interpolate', 'linear')","{'classifier__base_estimator__max_depth': 7, 'classifier__base_estimator__n_estimators': 25, 'feature_extraction__n_lags': 3, 'feature_extraction__params': ('pycatch22', {}), 'feature_selection__strategy': 'pca', 'feature_selection__threshold': 0.95, 'imputation__params': ('interpolate', 'linear')}",0.4898266666666667,0.6157773386034255,0.5410755569567044,0.5503096479791395,0.6362837423807527,0.5666545905173377,0.05307586486610513,361,0.9325922857405874,0.8840679635557744,0.8431266810112963,0.8280878667665362,0.7988370178896368,0.8573423629927662,0.04659956044490459
2.476939821243286,1.0107118351564395,0.7470486164093018,0.04820994725456399,7,25,3,"('pycatch22', {})",pca,0.95,"('interpolate', ('polynomial', 2))","{'classifier__base_estimator__max_depth': 7, 'classifier__base_estimator__n_estimators': 25, 'feature_extraction__n_lags': 3, 'feature_extraction__params': ('pycatch22', {}), 'feature_selection__strategy': 'pca', 'feature_selection__threshold': 0.95, 'imputation__params': ('interpolate', ('polynomial', 2))}",0.4898266666666667,0.6157773386034255,0.5410755569567044,0.5503096479791395,0.6362837423807527,0.5666545905173377,0.05307586486610513,361,0.9325922857405874,0.8840679635557744,0.8431266810112963,0.8280878667665362,0.7988370178896368,0.8573423629927662,0.04659956044490459
2.3977065086364746,1.0243274081250189,0.7136389255523682,0.04639262329205721,7,25,3,"('pycatch22', {})",pca,0.95,"('interpolate', ('spline', 2))","{'classifier__base_estimator__max_depth': 7, 'classifier__base_estimator__n_estimators': 25, 'feature_extraction__n_lags': 3, 'feature_extraction__params': ('pycatch22', {}), 'feature_selection__strategy': 'pca', 'feature_selection__threshold': 0.95, 'imputation__params': ('interpolate', ('spline', 2))}",0.4898266666666667,0.6157773386034255,0.5410755569567044,0.5503096479791395,0.6362837423807527,0.5666545905173377,0.05307586486610513,361,0.9325922857405874,0.8840679635557744,0.8431266810112963,0.8280878667665362,0.7988370178896368,0.8573423629927662,0.04659956044490459
2.387242078781128,1.066568926608819,0.7316229820251465,0.0625720204996146,7,25,3,"('pycatch22', {})",pca,0.95,"('ffill', None)","{'classifier__base_estimator__max_depth': 7, 'classifier__base_estimator__n_estimators': 25, 'feature_extraction__n_lags': 3, 'feature_extraction__params': ('pycatch22', {}), 'feature_selection__strategy': 'pca', 'feature_selection__threshold': 0.95, 'imputation__params': ('ffill', None)}",0.4898266666666667,0.6157773386034255,0.5410755569567044,0.5503096479791395,0.6362837423807527,0.5666545905173377,0.05307586486610513,361,0.9325922857405874,0.8840679635557744,0.8431266810112963,0.8280878667665362,0.7988370178896368,0.8573423629927662,0.04659956044490459
3.7353578090667723,1.7301865175120277,0.8475917339324951,0.08014971743810982,7,25,5,"('pycatch22', {})",correlation,0.85,"('interpolate', 'linear')","{'classifier__base_estimator__max_depth': 7, 'classifier__base_estimator__n_estimators': 25, 'feature_extraction__n_lags': 5, 'feature_extraction__params': ('pycatch22', {}), 'feature_selection__strategy': 'correlation', 'feature_selection__threshold': 0.85, 'imputation__params': ('interpolate', 'linear')}",0.5214194577352472,0.6602891156462585,0.676681783824641,0.7064507704361452,0.6659084344309647,0.6461499124146514,0.06436830156956018,221,0.9976673146348236,0.9994750073942621,0.9953622963738067,0.994317089758564,0.9831826790633609,0.9940008774449633,0.0056990477857233645
3.7456189155578614,1.7028086028144465,0.8638204097747803,0.04942877375925164,7,25,5,"('pycatch22', {})",correlation,0.85,"('interpolate', ('polynomial', 2))","{'classifier__base_estimator__max_depth': 7, 'classifier__base_estimator__n_estimators': 25, 'feature_extraction__n_lags': 5, 'feature_extraction__params': ('pycatch22', {}), 'feature_selection__strategy': 'correlation', 'feature_selection__threshold': 0.85, 'imputation__params': ('interpolate', ('polynomial', 2))}",0.5214194577352472,0.6602891156462585,0.676681783824641,0.7064507704361452,0.6659084344309647,0.6461499124146514,0.06436830156956018,221,0.9976673146348236,0.9994750073942621,0.9953622963738067,0.994317089758564,0.9831826790633609,0.9940008774449633,0.0056990477857233645
3.742668628692627,1.6932005048304966,0.838965892791748,0.0812091899478959,7,25,5,"('pycatch22', {})",correlation,0.85,"('interpolate', ('spline', 2))","{'classifier__base_estimator__max_depth': 7, 'classifier__base_estimator__n_estimators': 25, 'feature_extraction__n_lags': 5, 'feature_extraction__params': ('pycatch22', {}), 'feature_selection__strategy': 'correlation', 'feature_selection__threshold': 0.85, 'imputation__params': ('interpolate', ('spline', 2))}",0.5214194577352472,0.6602891156462585,0.676681783824641,0.7064507704361452,0.6659084344309647,0.6461499124146514,0.06436830156956018,221,0.9976673146348236,0.9994750073942621,0.9953622963738067,0.994317089758564,0.9831826790633609,0.9940008774449633,0.0056990477857233645
3.7315958023071287,1.667791494279094,0.8500665664672852,0.08573158932688774,7,25,5,"('pycatch22', {})",correlation,0.85,"('ffill', None)","{'classifier__base_estimator__max_depth': 7, 'classifier__base_estimator__n_estimators': 25, 'feature_extraction__n_lags': 5, 'feature_extraction__params': ('pycatch22', {}), 'feature_selection__strategy': 'correlation', 'feature_selection__threshold': 0.85, 'imputation__params': ('ffill', None)}",0.5214194577352472,0.6602891156462585,0.676681783824641,0.7064507704361452,0.6659084344309647,0.6461499124146514,0.06436830156956018,221,0.9976673146348236,0.9994750073942621,0.9953622963738067,0.994317089758564,0.9831826790633609,0.9940008774449633,0.0056990477857233645
3.852051782608032,1.8759043606428945,0.863884162902832,0.06606897469555545,7,25,5,"('pycatch22', {})",correlation,0.9,"('interpolate', 'linear')","{'classifier__base_estimator__max_depth': 7, 'classifier__base_estimator__n_estimators': 25, 'feature_extraction__n_lags': 5, 'feature_extraction__params': ('pycatch22', {}), 'feature_selection__strategy': 'correlation', 'feature_selection__threshold': 0.9, 'imputation__params': ('interpolate', 'linear')}",0.5138915470494418,0.6668367346938776,0.663044847568657,0.6979528697993049,0.6748266897746967,0.6433105377771956,0.06583502467659946,229,0.9981949458483754,0.9991496598639455,0.9962795023834438,0.9942727353371675,0.9833763774104683,0.9942546441686801,0.005690768344028648
3.863934564590454,1.6999766592276047,0.8867148876190185,0.07294782068705012,7,25,5,"('pycatch22', {})",correlation,0.9,"('interpolate', ('polynomial', 2))","{'classifier__base_estimator__max_depth': 7, 'classifier__base_estimator__n_estimators': 25, 'feature_extraction__n_lags': 5, 'feature_extraction__params': ('pycatch22', {}), 'feature_selection__strategy': 'correlation', 'feature_selection__threshold': 0.9, 'imputation__params': ('interpolate', ('polynomial', 2))}",0.5138915470494418,0.6668367346938776,0.663044847568657,0.6979528697993049,0.6748266897746967,0.6433105377771956,0.06583502467659946,229,0.9981949458483754,0.9991496598639455,0.9962795023834438,0.9942727353371675,0.9833763774104683,0.9942546441686801,0.005690768344028648
3.9301422595977784,1.8238495128035395,0.8807567596435547,0.09629709680322658,7,25,5,"('pycatch22', {})",correlation,0.9,"('interpolate', ('spline', 2))","{'classifier__base_estimator__max_depth': 7, 'classifier__base_estimator__n_estimators': 25, 'feature_extraction__n_lags': 5, 'feature_extraction__params': ('pycatch22', {}), 'feature_selection__strategy': 'correlation', 'feature_selection__threshold': 0.9, 'imputation__params': ('interpolate', ('spline', 2))}",0.5138915470494418,0.6668367346938776,0.663044847568657,0.6979528697993049,0.6748266897746967,0.6433105377771956,0.06583502467659946,229,0.9981949458483754,0.9991496598639455,0.9962795023834438,0.9942727353371675,0.9833763774104683,0.9942546441686801,0.005690768344028648
3.8634578704833986,1.824352143124024,0.9026494026184082,0.09521504812219145,7,25,5,"('pycatch22', {})",correlation,0.9,"('ffill', None)","{'classifier__base_estimator__max_depth': 7, 'classifier__base_estimator__n_estimators': 25, 'feature_extraction__n_lags': 5, 'feature_extraction__params': ('pycatch22', {}), 'feature_selection__strategy': 'correlation', 'feature_selection__threshold': 0.9, 'imputation__params': ('ffill', None)}",0.5138915470494418,0.6668367346938776,0.663044847568657,0.6979528697993049,0.6748266897746967,0.6433105377771956,0.06583502467659946,229,0.9981949458483754,0.9991496598639455,0.9962795023834438,0.9942727353371675,0.9833763774104683,0.9942546441686801,0.005690768344028648
3.8230757236480715,1.871376995351927,0.8533542633056641,0.06953181980272602,7,25,5,"('pycatch22', {})",correlation,0.95,"('interpolate', 'linear')","{'classifier__base_estimator__max_depth': 7, 'classifier__base_estimator__n_estimators': 25, 'feature_extraction__n_lags': 5, 'feature_extraction__params': ('pycatch22', {}), 'feature_selection__strategy': 'correlation', 'feature_selection__threshold': 0.95, 'imputation__params': ('interpolate', 'linear')}",0.5284370015948963,0.6399092970521542,0.6937515747039557,0.700835727343954,0.6769028018486425,0.6479672805087204,0.06337342871510386,205,0.9968342127186893,0.9995785270629991,0.9953526075779302,0.992524431893786,0.9854306559917354,0.993944087049028,0.004828614705376526
3.8519272804260254,1.768841238332186,0.8428066730499267,0.0974900532116639,7,25,5,"('pycatch22', {})",correlation,0.95,"('interpolate', ('polynomial', 2))","{'classifier__base_estimator__max_depth': 7, 'classifier__base_estimator__n_estimators': 25, 'feature_extraction__n_lags': 5, 'feature_extraction__params': ('pycatch22', {}), 'feature_selection__strategy': 'correlation', 'feature_selection__threshold': 0.95, 'imputation__params': ('interpolate', ('polynomial', 2))}",0.5284370015948963,0.6399092970521542,0.6937515747039557,0.700835727343954,0.6769028018486425,0.6479672805087204,0.06337342871510386,205,0.9968342127186893,0.9995785270629991,0.9953526075779302,0.992524431893786,0.9854306559917354,0.993944087049028,0.004828614705376526
3.880875492095947,1.9113482174942693,0.9109774112701416,0.13477393153562328,7,25,5,"('pycatch22', {})",correlation,0.95,"('interpolate', ('spline', 2))","{'classifier__base_estimator__max_depth': 7, 'classifier__base_estimator__n_estimators': 25, 'feature_extraction__n_lags': 5, 'feature_extraction__params': ('pycatch22', {}), 'feature_selection__strategy': 'correlation', 'feature_selection__threshold': 0.95, 'imputation__params': ('interpolate', ('spline', 2))}",0.5284370015948963,0.6399092970521542,0.6937515747039557,0.700835727343954,0.6769028018486425,0.6479672805087204,0.06337342871510386,205,0.9968342127186893,0.9995785270629991,0.9953526075779302,0.992524431893786,0.9854306559917354,0.993944087049028,0.004828614705376526
3.870904731750488,1.7057917104838434,0.8482835769653321,0.05062437773476163,7,25,5,"('pycatch22', {})",correlation,0.95,"('ffill', None)","{'classifier__base_estimator__max_depth': 7, 'classifier__base_estimator__n_estimators': 25, 'feature_extraction__n_lags': 5, 'feature_extraction__params': ('pycatch22', {}), 'feature_selection__strategy': 'correlation', 'feature_selection__threshold': 0.95, 'imputation__params': ('ffill', None)}",0.5284370015948963,0.6399092970521542,0.6937515747039557,0.700835727343954,0.6769028018486425,0.6479672805087204,0.06337342871510386,205,0.9968342127186893,0.9995785270629991,0.9953526075779302,0.992524431893786,0.9854306559917354,0.993944087049028,0.004828614705376526
2.75410475730896,1.2299110777453974,0.9236434459686279,0.07607186308060453,7,25,5,"('pycatch22', {})",pca,0.85,"('interpolate', 'linear')","{'classifier__base_estimator__max_depth': 7, 'classifier__base_estimator__n_estimators': 25, 'feature_extraction__n_lags': 5, 'feature_extraction__params': ('pycatch22', {}), 'feature_selection__strategy': 'pca', 'feature_selection__threshold': 0.85, 'imputation__params': ('interpolate', 'linear')}",0.5094258373205741,0.5972363945578232,0.5276518014613252,0.5454426743275006,0.6367345465049106,0.5632982508344269,0.04698173054348669,409,0.9323660094418217,0.8842354333037563,0.8596351845392654,0.8380592353297751,0.8142744920798899,0.8657140709389015,0.0405790459120647
2.8867540836334227,1.426951281045822,0.9605073928833008,0.09750493836938809,7,25,5,"('pycatch22', {})",pca,0.85,"('interpolate', ('polynomial', 2))","{'classifier__base_estimator__max_depth': 7, 'classifier__base_estimator__n_estimators': 25, 'feature_extraction__n_lags': 5, 'feature_extraction__params': ('pycatch22', {}), 'feature_selection__strategy': 'pca', 'feature_selection__threshold': 0.85, 'imputation__params': ('interpolate', ('polynomial', 2))}",0.5094258373205741,0.5972363945578232,0.5276518014613252,0.5454426743275006,0.6367345465049106,0.5632982508344269,0.04698173054348669,409,0.9323660094418217,0.8842354333037563,0.8596351845392654,0.8380592353297751,0.8142744920798899,0.8657140709389015,0.0405790459120647
2.898129606246948,1.3063132380477283,0.9476177215576171,0.06131612460520405,7,25,5,"('pycatch22', {})",pca,0.85,"('interpolate', ('spline', 2))","{'classifier__base_estimator__max_depth': 7, 'classifier__base_estimator__n_estimators': 25, 'feature_extraction__n_lags': 5, 'feature_extraction__params': ('pycatch22', {}), 'feature_selection__strategy': 'pca', 'feature_selection__threshold': 0.85, 'imputation__params': ('interpolate', ('spline', 2))}",0.5094258373205741,0.5972363945578232,0.5276518014613252,0.5454426743275006,0.6367345465049106,0.5632982508344269,0.04698173054348669,409,0.9323660094418217,0.8842354333037563,0.8596351845392654,0.8380592353297751,0.8142744920798899,0.8657140709389015,0.0405790459120647
2.852628755569458,1.4159932026775728,0.8902763366699219,0.1187719520544196,7,25,5,"('pycatch22', {})",pca,0.85,"('ffill', None)","{'classifier__base_estimator__max_depth': 7, 'classifier__base_estimator__n_estimators': 25, 'feature_extraction__n_lags': 5, 'feature_extraction__params': ('pycatch22', {}), 'feature_selection__strategy': 'pca', 'feature_selection__threshold': 0.85, 'imputation__params': ('ffill', None)}",0.5094258373205741,0.5972363945578232,0.5276518014613252,0.5454426743275006,0.6367345465049106,0.5632982508344269,0.04698173054348669,409,0.9323660094418217,0.8842354333037563,0.8596351845392654,0.8380592353297751,0.8142744920798899,0.8657140709389015,0.0405790459120647
2.930991554260254,1.5173017986167288,0.9100326061248779,0.06340512865730771,7,25,5,"('pycatch22', {})",pca,0.9,"('interpolate', 'linear')","{'classifier__base_estimator__max_depth': 7, 'classifier__base_estimator__n_estimators': 25, 'feature_extraction__n_lags': 5, 'feature_extraction__params': ('pycatch22', {}), 'feature_selection__strategy': 'pca', 'feature_selection__threshold': 0.9, 'imputation__params': ('interpolate', 'linear')}",0.5094258373205741,0.5972363945578232,0.5276518014613252,0.5454426743275006,0.6367345465049106,0.5632982508344269,0.04698173054348669,409,0.9323660094418217,0.8842354333037563,0.8596351845392654,0.8380592353297751,0.8142744920798899,0.8657140709389015,0.0405790459120647
3.1635451793670653,1.396632346922784,0.9700087547302246,0.14242578863174993,7,25,5,"('pycatch22', {})",pca,0.9,"('interpolate', ('polynomial', 2))","{'classifier__base_estimator__max_depth': 7, 'classifier__base_estimator__n_estimators': 25, 'feature_extraction__n_lags': 5, 'feature_extraction__params': ('pycatch22', {}), 'feature_selection__strategy': 'pca', 'feature_selection__threshold': 0.9, 'imputation__params': ('interpolate', ('polynomial', 2))}",0.5094258373205741,0.5972363945578232,0.5276518014613252,0.5454426743275006,0.6367345465049106,0.5632982508344269,0.04698173054348669,409,0.9323660094418217,0.8842354333037563,0.8596351845392654,0.8380592353297751,0.8142744920798899,0.8657140709389015,0.0405790459120647
3.111445951461792,1.5807257132514194,1.0612204551696778,0.18967273282938374,7,25,5,"('pycatch22', {})",pca,0.9,"('interpolate', ('spline', 2))","{'classifier__base_estimator__max_depth': 7, 'classifier__base_estimator__n_estimators': 25, 'feature_extraction__n_lags': 5, 'feature_extraction__params': ('pycatch22', {}), 'feature_selection__strategy': 'pca', 'feature_selection__threshold': 0.9, 'imputation__params': ('interpolate', ('spline', 2))}",0.5094258373205741,0.5972363945578232,0.5276518014613252,0.5454426743275006,0.6367345465049106,0.5632982508344269,0.04698173054348669,409,0.9323660094418217,0.8842354333037563,0.8596351845392654,0.8380592353297751,0.8142744920798899,0.8657140709389015,0.0405790459120647
3.3488932609558106,1.6162475244887173,0.9761079311370849,0.07271638165332941,7,25,5,"('pycatch22', {})",pca,0.9,"('ffill', None)","{'classifier__base_estimator__max_depth': 7, 'classifier__base_estimator__n_estimators': 25, 'feature_extraction__n_lags': 5, 'feature_extraction__params': ('pycatch22', {}), 'feature_selection__strategy': 'pca', 'feature_selection__threshold': 0.9, 'imputation__params': ('ffill', None)}",0.5094258373205741,0.5972363945578232,0.5276518014613252,0.5454426743275006,0.6367345465049106,0.5632982508344269,0.04698173054348669,409,0.9323660094418217,0.8842354333037563,0.8596351845392654,0.8380592353297751,0.8142744920798899,0.8657140709389015,0.0405790459120647
2.9210366725921633,1.274552295927643,0.959907341003418,0.1151712731183878,7,25,5,"('pycatch22', {})",pca,0.95,"('interpolate', 'linear')","{'classifier__base_estimator__max_depth': 7, 'classifier__base_estimator__n_estimators': 25, 'feature_extraction__n_lags': 5, 'feature_extraction__params': ('pycatch22', {}), 'feature_selection__strategy': 'pca', 'feature_selection__threshold': 0.95, 'imputation__params': ('interpolate', 'linear')}",0.5094258373205741,0.5972363945578232,0.5276518014613252,0.5454426743275006,0.6367345465049106,0.5632982508344269,0.04698173054348669,409,0.9323660094418217,0.8842354333037563,0.8596351845392654,0.8380592353297751,0.8142744920798899,0.8657140709389015,0.0405790459120647
3.1266361713409423,1.5128489264202294,0.9493525981903076,0.07976145491618866,7,25,5,"('pycatch22', {})",pca,0.95,"('interpolate', ('polynomial', 2))","{'classifier__base_estimator__max_depth': 7, 'classifier__base_estimator__n_estimators': 25, 'feature_extraction__n_lags': 5, 'feature_extraction__params': ('pycatch22', {}), 'feature_selection__strategy': 'pca', 'feature_selection__threshold': 0.95, 'imputation__params': ('interpolate', ('polynomial', 2))}",0.5094258373205741,0.5972363945578232,0.5276518014613252,0.5454426743275006,0.6367345465049106,0.5632982508344269,0.04698173054348669,409,0.9323660094418217,0.8842354333037563,0.8596351845392654,0.8380592353297751,0.8142744920798899,0.8657140709389015,0.0405790459120647
3.0163129806518554,1.3773498254184242,0.9812756538391113,0.04529445241317937,7,25,5,"('pycatch22', {})",pca,0.95,"('interpolate', ('spline', 2))","{'classifier__base_estimator__max_depth': 7, 'classifier__base_estimator__n_estimators': 25, 'feature_extraction__n_lags': 5, 'feature_extraction__params': ('pycatch22', {}), 'feature_selection__strategy': 'pca', 'feature_selection__threshold': 0.95, 'imputation__params': ('interpolate', ('spline', 2))}",0.5094258373205741,0.5972363945578232,0.5276518014613252,0.5454426743275006,0.6367345465049106,0.5632982508344269,0.04698173054348669,409,0.9323660094418217,0.8842354333037563,0.8596351845392654,0.8380592353297751,0.8142744920798899,0.8657140709389015,0.0405790459120647
2.8541010856628417,1.4177425857031158,0.863708209991455,0.08350370740939367,7,25,5,"('pycatch22', {})",pca,0.95,"('ffill', None)","{'classifier__base_estimator__max_depth': 7, 'classifier__base_estimator__n_estimators': 25, 'feature_extraction__n_lags': 5, 'feature_extraction__params': ('pycatch22', {}), 'feature_selection__strategy': 'pca', 'feature_selection__threshold': 0.95, 'imputation__params': ('ffill', None)}",0.5094258373205741,0.5972363945578232,0.5276518014613252,0.5454426743275006,0.6367345465049106,0.5632982508344269,0.04698173054348669,409,0.9323660094418217,0.8842354333037563,0.8596351845392654,0.8380592353297751,0.8142744920798899,0.8657140709389015,0.0405790459120647
4.039368057250977,1.9129385946978612,1.0021102905273438,0.1251336437986583,7,25,8,"('pycatch22', {})",correlation,0.85,"('interpolate', 'linear')","{'classifier__base_estimator__max_depth': 7, 'classifier__base_estimator__n_estimators': 25, 'feature_extraction__n_lags': 8, 'feature_extraction__params': ('pycatch22', {}), 'feature_selection__strategy': 'correlation', 'feature_selection__threshold': 0.85, 'imputation__params': ('interpolate', 'linear')}",0.6114818617385352,0.5391052462182169,0.6576402321083171,0.6790020790020791,0.5947415329768271,0.6163941904087952,0.04916814641800706,293,1.0,0.9999797312361919,0.9989366455187203,0.998074523361427,0.9910819601815777,0.9976145720595835,0.003344209795144399
3.869236469268799,1.8024679400634127,0.9543242931365967,0.08517608490512656,7,25,8,"('pycatch22', {})",correlation,0.85,"('interpolate', ('polynomial', 2))","{'classifier__base_estimator__max_depth': 7, 'classifier__base_estimator__n_estimators': 25, 'feature_extraction__n_lags': 8, 'feature_extraction__params': ('pycatch22', {}), 'feature_selection__strategy': 'correlation', 'feature_selection__threshold': 0.85, 'imputation__params': ('interpolate', ('polynomial', 2))}",0.6114818617385352,0.5391052462182169,0.6576402321083171,0.6790020790020791,0.5947415329768271,0.6163941904087952,0.04916814641800706,293,1.0,0.9999797312361919,0.9989366455187203,0.998074523361427,0.9910819601815777,0.9976145720595835,0.003344209795144399
3.8726041316986084,1.7461762952587467,0.9959611415863037,0.13800294373412067,7,25,8,"('pycatch22', {})",correlation,0.85,"('interpolate', ('spline', 2))","{'classifier__base_estimator__max_depth': 7, 'classifier__base_estimator__n_estimators': 25, 'feature_extraction__n_lags': 8, 'feature_extraction__params': ('pycatch22', {}), 'feature_selection__strategy': 'correlation', 'feature_selection__threshold': 0.85, 'imputation__params': ('interpolate', ('spline', 2))}",0.6114818617385352,0.5391052462182169,0.6576402321083171,0.6790020790020791,0.5947415329768271,0.6163941904087952,0.04916814641800706,293,1.0,0.9999797312361919,0.9989366455187203,0.998074523361427,0.9910819601815777,0.9976145720595835,0.003344209795144399
4.046058559417725,1.945725642750986,1.0134379386901855,0.09363421180598913,7,25,8,"('pycatch22', {})",correlation,0.85,"('ffill', None)","{'classifier__base_estimator__max_depth': 7, 'classifier__base_estimator__n_estimators': 25, 'feature_extraction__n_lags': 8, 'feature_extraction__params': ('pycatch22', {}), 'feature_selection__strategy': 'correlation', 'feature_selection__threshold': 0.85, 'imputation__params': ('ffill', None)}",0.6114818617385352,0.5391052462182169,0.6576402321083171,0.6790020790020791,0.5947415329768271,0.6163941904087952,0.04916814641800706,293,1.0,0.9999797312361919,0.9989366455187203,0.998074523361427,0.9910819601815777,0.9976145720595835,0.003344209795144399
3.851477336883545,1.8464269655963332,0.9632561206817627,0.14177228291247193,7,25,8,"('pycatch22', {})",correlation,0.9,"('interpolate', 'linear')","{'classifier__base_estimator__max_depth': 7, 'classifier__base_estimator__n_estimators': 25, 'feature_extraction__n_lags': 8, 'feature_extraction__params': ('pycatch22', {}), 'feature_selection__strategy': 'correlation', 'feature_selection__threshold': 0.9, 'imputation__params': ('interpolate', 'linear')}",0.6054072553045858,0.5775667846797554,0.6221206259890979,0.6732363132363134,0.6169786096256686,0.6190619177670842,0.031166831312008068,281,0.9998834498834499,1.0,0.9976543651148244,0.9979492267408558,0.993215409086035,0.9977404901650331,0.002458658508330727
3.9310962200164794,1.8218384737109268,0.9405304908752441,0.09936153319656563,7,25,8,"('pycatch22', {})",correlation,0.9,"('interpolate', ('polynomial', 2))","{'classifier__base_estimator__max_depth': 7, 'classifier__base_estimator__n_estimators': 25, 'feature_extraction__n_lags': 8, 'feature_extraction__params': ('pycatch22', {}), 'feature_selection__strategy': 'correlation', 'feature_selection__threshold': 0.9, 'imputation__params': ('interpolate', ('polynomial', 2))}",0.6054072553045858,0.5775667846797554,0.6221206259890979,0.6732363132363134,0.6169786096256686,0.6190619177670842,0.031166831312008068,281,0.9998834498834499,1.0,0.9976543651148244,0.9979492267408558,0.993215409086035,0.9977404901650331,0.002458658508330727
4.006010055541992,2.0390182700097492,0.9687422752380371,0.17751494818658772,7,25,8,"('pycatch22', {})",correlation,0.9,"('interpolate', ('spline', 2))","{'classifier__base_estimator__max_depth': 7, 'classifier__base_estimator__n_estimators': 25, 'feature_extraction__n_lags': 8, 'feature_extraction__params': ('pycatch22', {}), 'feature_selection__strategy': 'correlation', 'feature_selection__threshold': 0.9, 'imputation__params': ('interpolate', ('spline', 2))}",0.6054072553045858,0.5775667846797554,0.6221206259890979,0.6732363132363134,0.6169786096256686,0.6190619177670842,0.031166831312008068,281,0.9998834498834499,1.0,0.9976543651148244,0.9979492267408558,0.993215409086035,0.9977404901650331,0.002458658508330727
3.86964111328125,1.8966980585709368,0.9698494434356689,0.15177709817866425,7,25,8,"('pycatch22', {})",correlation,0.9,"('ffill', None)","{'classifier__base_estimator__max_depth': 7, 'classifier__base_estimator__n_estimators': 25, 'feature_extraction__n_lags': 8, 'feature_extraction__params': ('pycatch22', {}), 'feature_selection__strategy': 'correlation', 'feature_selection__threshold': 0.9, 'imputation__params': ('ffill', None)}",0.6054072553045858,0.5775667846797554,0.6221206259890979,0.6732363132363134,0.6169786096256686,0.6190619177670842,0.031166831312008068,281,0.9998834498834499,1.0,0.9976543651148244,0.9979492267408558,0.993215409086035,0.9977404901650331,0.002458658508330727
3.8919780254364014,1.836231613252177,0.991652536392212,0.1474145678081609,7,25,8,"('pycatch22', {})",correlation,0.95,"('interpolate', 'linear')","{'classifier__base_estimator__max_depth': 7, 'classifier__base_estimator__n_estimators': 25, 'feature_extraction__n_lags': 8, 'feature_extraction__params': ('pycatch22', {}), 'feature_selection__strategy': 'correlation', 'feature_selection__threshold': 0.95, 'imputation__params': ('interpolate', 'linear')}",0.6194387405886379,0.5361683295783715,0.6624758220502902,0.6812196812196811,0.6052361853832442,0.620907751764045,0.050584501501956085,273,1.0,0.9999493280904798,0.9985345366812617,0.9984887693314786,0.9925221312744993,0.9978989530755438,0.0027669657857100553
3.9069353580474853,1.78602049965059,0.9544825553894043,0.10376685839589654,7,25,8,"('pycatch22', {})",correlation,0.95,"('interpolate', ('polynomial', 2))","{'classifier__base_estimator__max_depth': 7, 'classifier__base_estimator__n_estimators': 25, 'feature_extraction__n_lags': 8, 'feature_extraction__params': ('pycatch22', {}), 'feature_selection__strategy': 'correlation', 'feature_selection__threshold': 0.95, 'imputation__params': ('interpolate', ('polynomial', 2))}",0.6194387405886379,0.5361683295783715,0.6624758220502902,0.6812196812196811,0.6052361853832442,0.620907751764045,0.050584501501956085,273,1.0,0.9999493280904798,0.9985345366812617,0.9984887693314786,0.9925221312744993,0.9978989530755438,0.0027669657857100553
3.865582799911499,1.7897925109798594,1.016424560546875,0.0944406326368942,7,25,8,"('pycatch22', {})",correlation,0.95,"('interpolate', ('spline', 2))","{'classifier__base_estimator__max_depth': 7, 'classifier__base_estimator__n_estimators': 25, 'feature_extraction__n_lags': 8, 'feature_extraction__params': ('pycatch22', {}), 'feature_selection__strategy': 'correlation', 'feature_selection__threshold': 0.95, 'imputation__params': ('interpolate', ('spline', 2))}",0.6194387405886379,0.5361683295783715,0.6624758220502902,0.6812196812196811,0.6052361853832442,0.620907751764045,0.050584501501956085,273,1.0,0.9999493280904798,0.9985345366812617,0.9984887693314786,0.9925221312744993,0.9978989530755438,0.0027669657857100553
4.018234205245972,1.9629326173173804,1.0064162254333495,0.09848743177106677,7,25,8,"('pycatch22', {})",correlation,0.95,"('ffill', None)","{'classifier__base_estimator__max_depth': 7, 'classifier__base_estimator__n_estimators': 25, 'feature_extraction__n_lags': 8, 'feature_extraction__params': ('pycatch22', {}), 'feature_selection__strategy': 'correlation', 'feature_selection__threshold': 0.95, 'imputation__params': ('ffill', None)}",0.6194387405886379,0.5361683295783715,0.6624758220502902,0.6812196812196811,0.6052361853832442,0.620907751764045,0.050584501501956085,273,1.0,0.9999493280904798,0.9985345366812617,0.9984887693314786,0.9925221312744993,0.9978989530755438,0.0027669657857100553
2.869769811630249,1.3047638319686632,0.9663245677947998,0.07223483156903145,7,25,8,"('pycatch22', {})",pca,0.85,"('interpolate', 'linear')","{'classifier__base_estimator__max_depth': 7, 'classifier__base_estimator__n_estimators': 25, 'feature_extraction__n_lags': 8, 'feature_extraction__params': ('pycatch22', {}), 'feature_selection__strategy': 'pca', 'feature_selection__threshold': 0.85, 'imputation__params': ('interpolate', 'linear')}",0.5007914099931554,0.6460814290312198,0.5135396518375241,0.5215246015246016,0.608767825311943,0.5581409835396888,0.0581646127272113,481,0.9310994560994561,0.8929302551837364,0.8779487981413636,0.8603211173390066,0.8197231952437121,0.8764045644014551,0.0367109497848749
3.041556978225708,1.4422519516438517,0.96371431350708,0.15226611139339416,7,25,8,"('pycatch22', {})",pca,0.85,"('interpolate', ('polynomial', 2))","{'classifier__base_estimator__max_depth': 7, 'classifier__base_estimator__n_estimators': 25, 'feature_extraction__n_lags': 8, 'feature_extraction__params': ('pycatch22', {}), 'feature_selection__strategy': 'pca', 'feature_selection__threshold': 0.85, 'imputation__params': ('interpolate', ('polynomial', 2))}",0.5007914099931554,0.6460814290312198,0.5135396518375241,0.5215246015246016,0.608767825311943,0.5581409835396888,0.0581646127272113,481,0.9310994560994561,0.8929302551837364,0.8779487981413636,0.8603211173390066,0.8197231952437121,0.8764045644014551,0.0367109497848749
2.9020076751708985,1.3476064648948387,0.9479401111602783,0.1163182854562822,7,25,8,"('pycatch22', {})",pca,0.85,"('interpolate', ('spline', 2))","{'classifier__base_estimator__max_depth': 7, 'classifier__base_estimator__n_estimators': 25, 'feature_extraction__n_lags': 8, 'feature_extraction__params': ('pycatch22', {}), 'feature_selection__strategy': 'pca', 'feature_selection__threshold': 0.85, 'imputation__params': ('interpolate', ('spline', 2))}",0.5007914099931554,0.6460814290312198,0.5135396518375241,0.5215246015246016,0.608767825311943,0.5581409835396888,0.0581646127272113,481,0.9310994560994561,0.8929302551837364,0.8779487981413636,0.8603211173390066,0.8197231952437121,0.8764045644014551,0.0367109497848749
3.0593347549438477,1.6108027093195356,0.9842681884765625,0.09132035559619728,7,25,8,"('pycatch22', {})",pca,0.85,"('ffill', None)","{'classifier__base_estimator__max_depth': 7, 'classifier__base_estimator__n_estimators': 25, 'feature_extraction__n_lags': 8, 'feature_extraction__params': ('pycatch22', {}), 'feature_selection__strategy': 'pca', 'feature_selection__threshold': 0.85, 'imputation__params': ('ffill', None)}",0.5007914099931554,0.6460814290312198,0.5135396518375241,0.5215246015246016,0.608767825311943,0.5581409835396888,0.0581646127272113,481,0.9310994560994561,0.8929302551837364,0.8779487981413636,0.8603211173390066,0.8197231952437121,0.8764045644014551,0.0367109497848749
2.9872436046600344,1.4924540269889675,0.9808729648590088,0.07855610289712862,7,25,8,"('pycatch22', {})",pca,0.9,"('interpolate', 'linear')","{'classifier__base_estimator__max_depth': 7, 'classifier__base_estimator__n_estimators': 25, 'feature_extraction__n_lags': 8, 'feature_extraction__params': ('pycatch22', {}), 'feature_selection__strategy': 'pca', 'feature_selection__threshold': 0.9, 'imputation__params': ('interpolate', 'linear')}",0.5007914099931554,0.6460814290312198,0.5135396518375241,0.5215246015246016,0.608767825311943,0.5581409835396888,0.0581646127272113,481,0.9310994560994561,0.8929302551837364,0.8779487981413636,0.8603211173390066,0.8197231952437121,0.8764045644014551,0.0367109497848749
2.9545145511627195,1.3740326101173679,1.0060431003570556,0.11552864759385323,7,25,8,"('pycatch22', {})",pca,0.9,"('interpolate', ('polynomial', 2))","{'classifier__base_estimator__max_depth': 7, 'classifier__base_estimator__n_estimators': 25, 'feature_extraction__n_lags': 8, 'feature_extraction__params': ('pycatch22', {}), 'feature_selection__strategy': 'pca', 'feature_selection__threshold': 0.9, 'imputation__params': ('interpolate', ('polynomial', 2))}",0.5007914099931554,0.6460814290312198,0.5135396518375241,0.5215246015246016,0.608767825311943,0.5581409835396888,0.0581646127272113,481,0.9310994560994561,0.8929302551837364,0.8779487981413636,0.8603211173390066,0.8197231952437121,0.8764045644014551,0.0367109497848749
3.0232200145721437,1.4029762116305018,1.0224085807800294,0.09770780236309937,7,25,8,"('pycatch22', {})",pca,0.9,"('interpolate', ('spline', 2))","{'classifier__base_estimator__max_depth': 7, 'classifier__base_estimator__n_estimators': 25, 'feature_extraction__n_lags': 8, 'feature_extraction__params': ('pycatch22', {}), 'feature_selection__strategy': 'pca', 'feature_selection__threshold': 0.9, 'imputation__params': ('interpolate', ('spline', 2))}",0.5007914099931554,0.6460814290312198,0.5135396518375241,0.5215246015246016,0.608767825311943,0.5581409835396888,0.0581646127272113,481,0.9310994560994561,0.8929302551837364,0.8779487981413636,0.8603211173390066,0.8197231952437121,0.8764045644014551,0.0367109497848749
3.097105932235718,1.458584574091379,1.028663158416748,0.0817712655628382,7,25,8,"('pycatch22', {})",pca,0.9,"('ffill', None)","{'classifier__base_estimator__max_depth': 7, 'classifier__base_estimator__n_estimators': 25, 'feature_extraction__n_lags': 8, 'feature_extraction__params': ('pycatch22', {}), 'feature_selection__strategy': 'pca', 'feature_selection__threshold': 0.9, 'imputation__params': ('ffill', None)}",0.5007914099931554,0.6460814290312198,0.5135396518375241,0.5215246015246016,0.608767825311943,0.5581409835396888,0.0581646127272113,481,0.9310994560994561,0.8929302551837364,0.8779487981413636,0.8603211173390066,0.8197231952437121,0.8764045644014551,0.0367109497848749
3.0516165256500245,1.2545982678628274,0.9485509872436524,0.06544184298446219,7,25,8,"('pycatch22', {})",pca,0.95,"('interpolate', 'linear')","{'classifier__base_estimator__max_depth': 7, 'classifier__base_estimator__n_estimators': 25, 'feature_extraction__n_lags': 8, 'feature_extraction__params': ('pycatch22', {}), 'feature_selection__strategy': 'pca', 'feature_selection__threshold': 0.95, 'imputation__params': ('interpolate', 'linear')}",0.5007914099931554,0.6460814290312198,0.5135396518375241,0.5215246015246016,0.608767825311943,0.5581409835396888,0.0581646127272113,481,0.9310994560994561,0.8929302551837364,0.8779487981413636,0.8603211173390066,0.8197231952437121,0.8764045644014551,0.0367109497848749
3.076364755630493,1.3583689667610626,0.9886804103851319,0.12446475618786099,7,25,8,"('pycatch22', {})",pca,0.95,"('interpolate', ('polynomial', 2))","{'classifier__base_estimator__max_depth': 7, 'classifier__base_estimator__n_estimators': 25, 'feature_extraction__n_lags': 8, 'feature_extraction__params': ('pycatch22', {}), 'feature_selection__strategy': 'pca', 'feature_selection__threshold': 0.95, 'imputation__params': ('interpolate', ('polynomial', 2))}",0.5007914099931554,0.6460814290312198,0.5135396518375241,0.5215246015246016,0.608767825311943,0.5581409835396888,0.0581646127272113,481,0.9310994560994561,0.8929302551837364,0.8779487981413636,0.8603211173390066,0.8197231952437121,0.8764045644014551,0.0367109497848749
2.9770068645477297,1.3774293629126937,0.9607713222503662,0.10713902891156345,7,25,8,"('pycatch22', {})",pca,0.95,"('interpolate', ('spline', 2))","{'classifier__base_estimator__max_depth': 7, 'classifier__base_estimator__n_estimators': 25, 'feature_extraction__n_lags': 8, 'feature_extraction__params': ('pycatch22', {}), 'feature_selection__strategy': 'pca', 'feature_selection__threshold': 0.95, 'imputation__params': ('interpolate', ('spline', 2))}",0.5007914099931554,0.6460814290312198,0.5135396518375241,0.5215246015246016,0.608767825311943,0.5581409835396888,0.0581646127272113,481,0.9310994560994561,0.8929302551837364,0.8779487981413636,0.8603211173390066,0.8197231952437121,0.8764045644014551,0.0367109497848749
3.11938738822937,1.6017556484877167,1.0533916473388671,0.21563658078170014,7,25,8,"('pycatch22', {})",pca,0.95,"('ffill', None)","{'classifier__base_estimator__max_depth': 7, 'classifier__base_estimator__n_estimators': 25, 'feature_extraction__n_lags': 8, 'feature_extraction__params': ('pycatch22', {}), 'feature_selection__strategy': 'pca', 'feature_selection__threshold': 0.95, 'imputation__params': ('ffill', None)}",0.5007914099931554,0.6460814290312198,0.5135396518375241,0.5215246015246016,0.608767825311943,0.5581409835396888,0.0581646127272113,481,0.9310994560994561,0.8929302551837364,0.8779487981413636,0.8603211173390066,0.8197231952437121,0.8764045644014551,0.0367109497848749
3.5441402912139894,1.580864085894061,0.6787009716033936,0.028995931300555073,7,50,3,"('pycatch22', {})",correlation,0.85,"('interpolate', 'linear')","{'classifier__base_estimator__max_depth': 7, 'classifier__base_estimator__n_estimators': 50, 'feature_extraction__n_lags': 3, 'feature_extraction__params': ('pycatch22', {}), 'feature_selection__strategy': 'correlation', 'feature_selection__threshold': 0.85, 'imputation__params': ('interpolate', 'linear')}",0.5709333333333334,0.6904291360813101,0.694619588062211,0.7120925684485007,0.6520624375141096,0.6640274126878929,0.05050318729020834,97,0.9999769860996042,0.9999384388081753,0.9988676707907477,0.996008297808725,0.9868121209964096,0.9963207029007324,0.004968987666151938
3.575924301147461,1.6426485055511058,0.6882354259490967,0.04761426531420252,7,50,3,"('pycatch22', {})",correlation,0.85,"('interpolate', ('polynomial', 2))","{'classifier__base_estimator__max_depth': 7, 'classifier__base_estimator__n_estimators': 50, 'feature_extraction__n_lags': 3, 'feature_extraction__params': ('pycatch22', {}), 'feature_selection__strategy': 'correlation', 'feature_selection__threshold': 0.85, 'imputation__params': ('interpolate', ('polynomial', 2))}",0.5709333333333334,0.6904291360813101,0.694619588062211,0.7120925684485007,0.6520624375141096,0.6640274126878929,0.05050318729020834,97,0.9999769860996042,0.9999384388081753,0.9988676707907477,0.996008297808725,0.9868121209964096,0.9963207029007324,0.004968987666151938
3.5091344356536864,1.5792592034027753,0.6633952140808106,0.05211279069489791,7,50,3,"('pycatch22', {})",correlation,0.85,"('interpolate', ('spline', 2))","{'classifier__base_estimator__max_depth': 7, 'classifier__base_estimator__n_estimators': 50, 'feature_extraction__n_lags': 3, 'feature_extraction__params': ('pycatch22', {}), 'feature_selection__strategy': 'correlation', 'feature_selection__threshold': 0.85, 'imputation__params': ('interpolate', ('spline', 2))}",0.5709333333333334,0.6904291360813101,0.694619588062211,0.7120925684485007,0.6520624375141096,0.6640274126878929,0.05050318729020834,97,0.9999769860996042,0.9999384388081753,0.9988676707907477,0.996008297808725,0.9868121209964096,0.9963207029007324,0.004968987666151938
3.5824151992797852,1.5210339158292971,0.7211817741394043,0.03906570916548851,7,50,3,"('pycatch22', {})",correlation,0.85,"('ffill', None)","{'classifier__base_estimator__max_depth': 7, 'classifier__base_estimator__n_estimators': 50, 'feature_extraction__n_lags': 3, 'feature_extraction__params': ('pycatch22', {}), 'feature_selection__strategy': 'correlation', 'feature_selection__threshold': 0.85, 'imputation__params': ('ffill', None)}",0.5709333333333334,0.6904291360813101,0.694619588062211,0.7120925684485007,0.6520624375141096,0.6640274126878929,0.05050318729020834,97,0.9999769860996042,0.9999384388081753,0.9988676707907477,0.996008297808725,0.9868121209964096,0.9963207029007324,0.004968987666151938
3.613982391357422,1.5311501898227708,0.696626853942871,0.04995445362186089,7,50,3,"('pycatch22', {})",correlation,0.9,"('interpolate', 'linear')","{'classifier__base_estimator__max_depth': 7, 'classifier__base_estimator__n_estimators': 50, 'feature_extraction__n_lags': 3, 'feature_extraction__params': ('pycatch22', {}), 'feature_selection__strategy': 'correlation', 'feature_selection__threshold': 0.9, 'imputation__params': ('interpolate', 'linear')}",0.60176,0.6871823828345568,0.6593631778058008,0.711880704041721,0.6612055342342052,0.6642783597832567,0.036695296787329516,89,1.0,0.9996921940408766,0.9985502958579882,0.9946119726406575,0.9857238829543483,0.9957156690987741,0.005352705614509602
3.5660755157470705,1.528991264936859,0.6865798473358155,0.032232493103847425,7,50,3,"('pycatch22', {})",correlation,0.9,"('interpolate', ('polynomial', 2))","{'classifier__base_estimator__max_depth': 7, 'classifier__base_estimator__n_estimators': 50, 'feature_extraction__n_lags': 3, 'feature_extraction__params': ('pycatch22', {}), 'feature_selection__strategy': 'correlation', 'feature_selection__threshold': 0.9, 'imputation__params': ('interpolate', ('polynomial', 2))}",0.60176,0.6871823828345568,0.6593631778058008,0.711880704041721,0.6612055342342052,0.6642783597832567,0.036695296787329516,89,1.0,0.9996921940408766,0.9985502958579882,0.9946119726406575,0.9857238829543483,0.9957156690987741,0.005352705614509602
3.575366401672363,1.556718102270636,0.7313268661499024,0.06868419885716145,7,50,3,"('pycatch22', {})",correlation,0.9,"('interpolate', ('spline', 2))","{'classifier__base_estimator__max_depth': 7, 'classifier__base_estimator__n_estimators': 50, 'feature_extraction__n_lags': 3, 'feature_extraction__params': ('pycatch22', {}), 'feature_selection__strategy': 'correlation', 'feature_selection__threshold': 0.9, 'imputation__params': ('interpolate', ('spline', 2))}",0.60176,0.6871823828345568,0.6593631778058008,0.711880704041721,0.6612055342342052,0.6642783597832567,0.036695296787329516,89,1.0,0.9996921940408766,0.9985502958579882,0.9946119726406575,0.9857238829543483,0.9957156690987741,0.005352705614509602
3.4794862270355225,1.5948430826455382,0.7416964054107666,0.03690198927087925,7,50,3,"('pycatch22', {})",correlation,0.9,"('ffill', None)","{'classifier__base_estimator__max_depth': 7, 'classifier__base_estimator__n_estimators': 50, 'feature_extraction__n_lags': 3, 'feature_extraction__params': ('pycatch22', {}), 'feature_selection__strategy': 'correlation', 'feature_selection__threshold': 0.9, 'imputation__params': ('ffill', None)}",0.60176,0.6871823828345568,0.6593631778058008,0.711880704041721,0.6612055342342052,0.6642783597832567,0.036695296787329516,89,1.0,0.9996921940408766,0.9985502958579882,0.9946119726406575,0.9857238829543483,0.9957156690987741,0.005352705614509602
3.5622872352600097,1.606862459799363,0.7100204944610595,0.0814635972179403,7,50,3,"('pycatch22', {})",correlation,0.95,"('interpolate', 'linear')","{'classifier__base_estimator__max_depth': 7, 'classifier__base_estimator__n_estimators': 50, 'feature_extraction__n_lags': 3, 'feature_extraction__params': ('pycatch22', {}), 'feature_selection__strategy': 'correlation', 'feature_selection__threshold': 0.95, 'imputation__params': ('interpolate', 'linear')}",0.5605866666666668,0.6966167890080933,0.6966687683900799,0.6999348109517601,0.6419356919405296,0.659148545391426,0.053825425467191476,133,0.9999769860996042,0.9995998522531396,0.9985771920387304,0.9944686412492333,0.9862711163115582,0.9957787575904531,0.005141376662203294
3.635780954360962,1.6276445007349876,0.7393407821655273,0.04478273201900033,7,50,3,"('pycatch22', {})",correlation,0.95,"('interpolate', ('polynomial', 2))","{'classifier__base_estimator__max_depth': 7, 'classifier__base_estimator__n_estimators': 50, 'feature_extraction__n_lags': 3, 'feature_extraction__params': ('pycatch22', {}), 'feature_selection__strategy': 'correlation', 'feature_selection__threshold': 0.95, 'imputation__params': ('interpolate', ('polynomial', 2))}",0.5605866666666668,0.6966167890080933,0.6966687683900799,0.6999348109517601,0.6419356919405296,0.659148545391426,0.053825425467191476,133,0.9999769860996042,0.9995998522531396,0.9985771920387304,0.9944686412492333,0.9862711163115582,0.9957787575904531,0.005141376662203294
3.5632772922515867,1.5970321250244432,0.7229862213134766,0.06547898111177204,7,50,3,"('pycatch22', {})",correlation,0.95,"('interpolate', ('spline', 2))","{'classifier__base_estimator__max_depth': 7, 'classifier__base_estimator__n_estimators': 50, 'feature_extraction__n_lags': 3, 'feature_extraction__params': ('pycatch22', {}), 'feature_selection__strategy': 'correlation', 'feature_selection__threshold': 0.95, 'imputation__params': ('interpolate', ('spline', 2))}",0.5605866666666668,0.6966167890080933,0.6966687683900799,0.6999348109517601,0.6419356919405296,0.659148545391426,0.053825425467191476,133,0.9999769860996042,0.9995998522531396,0.9985771920387304,0.9944686412492333,0.9862711163115582,0.9957787575904531,0.005141376662203294
3.5913866996765136,1.6152756590991144,0.690474271774292,0.04538746273466844,7,50,3,"('pycatch22', {})",correlation,0.95,"('ffill', None)","{'classifier__base_estimator__max_depth': 7, 'classifier__base_estimator__n_estimators': 50, 'feature_extraction__n_lags': 3, 'feature_extraction__params': ('pycatch22', {}), 'feature_selection__strategy': 'correlation', 'feature_selection__threshold': 0.95, 'imputation__params': ('ffill', None)}",0.5605866666666668,0.6966167890080933,0.6966687683900799,0.6999348109517601,0.6419356919405296,0.659148545391426,0.053825425467191476,133,0.9999769860996042,0.9995998522531396,0.9985771920387304,0.9944686412492333,0.9862711163115582,0.9957787575904531,0.005141376662203294
2.35748176574707,1.074133898959731,0.7338671207427978,0.047579351195879194,7,50,3,"('pycatch22', {})",pca,0.85,"('interpolate', 'linear')","{'classifier__base_estimator__max_depth': 7, 'classifier__base_estimator__n_estimators': 50, 'feature_extraction__n_lags': 3, 'feature_extraction__params': ('pycatch22', {}), 'feature_selection__strategy': 'pca', 'feature_selection__threshold': 0.85, 'imputation__params': ('interpolate', 'linear')}",0.4760666666666667,0.6200004705439488,0.5459620638923917,0.5430247718383312,0.6192875802238205,0.5608683106330317,0.054113455412236396,469,0.9501288778422167,0.9120198227037675,0.8836040882194729,0.8759428277279971,0.8397331458799557,0.8922857524746819,0.03698513112997399
2.421635055541992,1.089286976627214,0.7381029605865479,0.027074630592155348,7,50,3,"('pycatch22', {})",pca,0.85,"('interpolate', ('polynomial', 2))","{'classifier__base_estimator__max_depth': 7, 'classifier__base_estimator__n_estimators': 50, 'feature_extraction__n_lags': 3, 'feature_extraction__params': ('pycatch22', {}), 'feature_selection__strategy': 'pca', 'feature_selection__threshold': 0.85, 'imputation__params': ('interpolate', ('polynomial', 2))}",0.4760666666666667,0.6200004705439488,0.5459620638923917,0.5430247718383312,0.6192875802238205,0.5608683106330317,0.054113455412236396,469,0.9501288778422167,0.9120198227037675,0.8836040882194729,0.8759428277279971,0.8397331458799557,0.8922857524746819,0.03698513112997399
2.3475757122039793,1.0411204489752974,0.7423717498779296,0.060054844194218915,7,50,3,"('pycatch22', {})",pca,0.85,"('interpolate', ('spline', 2))","{'classifier__base_estimator__max_depth': 7, 'classifier__base_estimator__n_estimators': 50, 'feature_extraction__n_lags': 3, 'feature_extraction__params': ('pycatch22', {}), 'feature_selection__strategy': 'pca', 'feature_selection__threshold': 0.85, 'imputation__params': ('interpolate', ('spline', 2))}",0.4760666666666667,0.6200004705439488,0.5459620638923917,0.5430247718383312,0.6192875802238205,0.5608683106330317,0.054113455412236396,469,0.9501288778422167,0.9120198227037675,0.8836040882194729,0.8759428277279971,0.8397331458799557,0.8922857524746819,0.03698513112997399
2.361476516723633,1.011288551410901,0.7177765846252442,0.07714563315562184,7,50,3,"('pycatch22', {})",pca,0.85,"('ffill', None)","{'classifier__base_estimator__max_depth': 7, 'classifier__base_estimator__n_estimators': 50, 'feature_extraction__n_lags': 3, 'feature_extraction__params': ('pycatch22', {}), 'feature_selection__strategy': 'pca', 'feature_selection__threshold': 0.85, 'imputation__params': ('ffill', None)}",0.4760666666666667,0.6200004705439488,0.5459620638923917,0.5430247718383312,0.6192875802238205,0.5608683106330317,0.054113455412236396,469,0.9501288778422167,0.9120198227037675,0.8836040882194729,0.8759428277279971,0.8397331458799557,0.8922857524746819,0.03698513112997399
2.3712878227233887,1.0188988454086016,0.7443398475646973,0.06620907417821698,7,50,3,"('pycatch22', {})",pca,0.9,"('interpolate', 'linear')","{'classifier__base_estimator__max_depth': 7, 'classifier__base_estimator__n_estimators': 50, 'feature_extraction__n_lags': 3, 'feature_extraction__params': ('pycatch22', {}), 'feature_selection__strategy': 'pca', 'feature_selection__threshold': 0.9, 'imputation__params': ('interpolate', 'linear')}",0.4760666666666667,0.6200004705439488,0.5459620638923917,0.5430247718383312,0.6192875802238205,0.5608683106330317,0.054113455412236396,469,0.9501288778422167,0.9120198227037675,0.8836040882194729,0.8759428277279971,0.8397331458799557,0.8922857524746819,0.03698513112997399
2.5416972637176514,1.0820952085716353,0.7693229675292969,0.06760700744059603,7,50,3,"('pycatch22', {})",pca,0.9,"('interpolate', ('polynomial', 2))","{'classifier__base_estimator__max_depth': 7, 'classifier__base_estimator__n_estimators': 50, 'feature_extraction__n_lags': 3, 'feature_extraction__params': ('pycatch22', {}), 'feature_selection__strategy': 'pca', 'feature_selection__threshold': 0.9, 'imputation__params': ('interpolate', ('polynomial', 2))}",0.4760666666666667,0.6200004705439488,0.5459620638923917,0.5430247718383312,0.6192875802238205,0.5608683106330317,0.054113455412236396,469,0.9501288778422167,0.9120198227037675,0.8836040882194729,0.8759428277279971,0.8397331458799557,0.8922857524746819,0.03698513112997399
2.3872524738311767,1.064843706603222,0.7533734321594239,0.03193242995643465,7,50,3,"('pycatch22', {})",pca,0.9,"('interpolate', ('spline', 2))","{'classifier__base_estimator__max_depth': 7, 'classifier__base_estimator__n_estimators': 50, 'feature_extraction__n_lags': 3, 'feature_extraction__params': ('pycatch22', {}), 'feature_selection__strategy': 'pca', 'feature_selection__threshold': 0.9, 'imputation__params': ('interpolate', ('spline', 2))}",0.4760666666666667,0.6200004705439488,0.5459620638923917,0.5430247718383312,0.6192875802238205,0.5608683106330317,0.054113455412236396,469,0.9501288778422167,0.9120198227037675,0.8836040882194729,0.8759428277279971,0.8397331458799557,0.8922857524746819,0.03698513112997399
2.41500244140625,1.0769118617047202,0.6855618000030518,0.028030040993642685,7,50,3,"('pycatch22', {})",pca,0.9,"('ffill', None)","{'classifier__base_estimator__max_depth': 7, 'classifier__base_estimator__n_estimators': 50, 'feature_extraction__n_lags': 3, 'feature_extraction__params': ('pycatch22', {}), 'feature_selection__strategy': 'pca', 'feature_selection__threshold': 0.9, 'imputation__params': ('ffill', None)}",0.4760666666666667,0.6200004705439488,0.5459620638923917,0.5430247718383312,0.6192875802238205,0.5608683106330317,0.054113455412236396,469,0.9501288778422167,0.9120198227037675,0.8836040882194729,0.8759428277279971,0.8397331458799557,0.8922857524746819,0.03698513112997399
2.4206573486328127,1.0222591879801437,0.7289278507232666,0.04985767923003877,7,50,3,"('pycatch22', {})",pca,0.95,"('interpolate', 'linear')","{'classifier__base_estimator__max_depth': 7, 'classifier__base_estimator__n_estimators': 50, 'feature_extraction__n_lags': 3, 'feature_extraction__params': ('pycatch22', {}), 'feature_selection__strategy': 'pca', 'feature_selection__threshold': 0.95, 'imputation__params': ('interpolate', 'linear')}",0.4760666666666667,0.6200004705439488,0.5459620638923917,0.5430247718383312,0.6192875802238205,0.5608683106330317,0.054113455412236396,469,0.9501288778422167,0.9120198227037675,0.8836040882194729,0.8759428277279971,0.8397331458799557,0.8922857524746819,0.03698513112997399
2.5881170272827148,1.1133172465415593,0.7718681812286377,0.026388547635945492,7,50,3,"('pycatch22', {})",pca,0.95,"('interpolate', ('polynomial', 2))","{'classifier__base_estimator__max_depth': 7, 'classifier__base_estimator__n_estimators': 50, 'feature_extraction__n_lags': 3, 'feature_extraction__params': ('pycatch22', {}), 'feature_selection__strategy': 'pca', 'feature_selection__threshold': 0.95, 'imputation__params': ('interpolate', ('polynomial', 2))}",0.4760666666666667,0.6200004705439488,0.5459620638923917,0.5430247718383312,0.6192875802238205,0.5608683106330317,0.054113455412236396,469,0.9501288778422167,0.9120198227037675,0.8836040882194729,0.8759428277279971,0.8397331458799557,0.8922857524746819,0.03698513112997399
2.4012364387512206,0.9915924282094265,0.7516995429992676,0.05867649043391026,7,50,3,"('pycatch22', {})",pca,0.95,"('interpolate', ('spline', 2))","{'classifier__base_estimator__max_depth': 7, 'classifier__base_estimator__n_estimators': 50, 'feature_extraction__n_lags': 3, 'feature_extraction__params': ('pycatch22', {}), 'feature_selection__strategy': 'pca', 'feature_selection__threshold': 0.95, 'imputation__params': ('interpolate', ('spline', 2))}",0.4760666666666667,0.6200004705439488,0.5459620638923917,0.5430247718383312,0.6192875802238205,0.5608683106330317,0.054113455412236396,469,0.9501288778422167,0.9120198227037675,0.8836040882194729,0.8759428277279971,0.8397331458799557,0.8922857524746819,0.03698513112997399
2.4162365913391115,1.1047504890976532,0.7209084033966064,0.030457648199027867,7,50,3,"('pycatch22', {})",pca,0.95,"('ffill', None)","{'classifier__base_estimator__max_depth': 7, 'classifier__base_estimator__n_estimators': 50, 'feature_extraction__n_lags': 3, 'feature_extraction__params': ('pycatch22', {}), 'feature_selection__strategy': 'pca', 'feature_selection__threshold': 0.95, 'imputation__params': ('ffill', None)}",0.4760666666666667,0.6200004705439488,0.5459620638923917,0.5430247718383312,0.6192875802238205,0.5608683106330317,0.054113455412236396,469,0.9501288778422167,0.9120198227037675,0.8836040882194729,0.8759428277279971,0.8397331458799557,0.8922857524746819,0.03698513112997399
3.8031577587127687,1.7551132107517666,0.7973807334899903,0.0790562065485583,7,50,5,"('pycatch22', {})",correlation,0.85,"('interpolate', 'linear')","{'classifier__base_estimator__max_depth': 7, 'classifier__base_estimator__n_estimators': 50, 'feature_extraction__n_lags': 5, 'feature_extraction__params': ('pycatch22', {}), 'feature_selection__strategy': 'correlation', 'feature_selection__threshold': 0.85, 'imputation__params': ('interpolate', 'linear')}",0.5433492822966507,0.6906462585034013,0.6917044595616024,0.7038190328866747,0.6558708838821491,0.6570779834260956,0.059069826808285784,153,1.0,1.0,0.999806224082471,0.9994825317503733,0.9951381714876033,0.9988853854640896,0.001883128841116543
3.760864591598511,1.567914719885408,0.8569576263427734,0.07804492113750956,7,50,5,"('pycatch22', {})",correlation,0.85,"('interpolate', ('polynomial', 2))","{'classifier__base_estimator__max_depth': 7, 'classifier__base_estimator__n_estimators': 50, 'feature_extraction__n_lags': 5, 'feature_extraction__params': ('pycatch22', {}), 'feature_selection__strategy': 'correlation', 'feature_selection__threshold': 0.85, 'imputation__params': ('interpolate', ('polynomial', 2))}",0.5433492822966507,0.6906462585034013,0.6917044595616024,0.7038190328866747,0.6558708838821491,0.6570779834260956,0.059069826808285784,153,1.0,1.0,0.999806224082471,0.9994825317503733,0.9951381714876033,0.9988853854640896,0.001883128841116543
3.782279109954834,1.6329267503907934,0.8907136917114258,0.06186831176691323,7,50,5,"('pycatch22', {})",correlation,0.85,"('interpolate', ('spline', 2))","{'classifier__base_estimator__max_depth': 7, 'classifier__base_estimator__n_estimators': 50, 'feature_extraction__n_lags': 5, 'feature_extraction__params': ('pycatch22', {}), 'feature_selection__strategy': 'correlation', 'feature_selection__threshold': 0.85, 'imputation__params': ('interpolate', ('spline', 2))}",0.5433492822966507,0.6906462585034013,0.6917044595616024,0.7038190328866747,0.6558708838821491,0.6570779834260956,0.059069826808285784,153,1.0,1.0,0.999806224082471,0.9994825317503733,0.9951381714876033,0.9988853854640896,0.001883128841116543
3.774535322189331,1.7043973858693904,0.8171669483184815,0.08932422522510465,7,50,5,"('pycatch22', {})",correlation,0.85,"('ffill', None)","{'classifier__base_estimator__max_depth': 7, 'classifier__base_estimator__n_estimators': 50, 'feature_extraction__n_lags': 5, 'feature_extraction__params': ('pycatch22', {}), 'feature_selection__strategy': 'correlation', 'feature_selection__threshold': 0.85, 'imputation__params': ('ffill', None)}",0.5433492822966507,0.6906462585034013,0.6917044595616024,0.7038190328866747,0.6558708838821491,0.6570779834260956,0.059069826808285784,153,1.0,1.0,0.999806224082471,0.9994825317503733,0.9951381714876033,0.9988853854640896,0.001883128841116543
3.85105299949646,1.7536422963438538,0.8464475631713867,0.08825467528900045,7,50,5,"('pycatch22', {})",correlation,0.9,"('interpolate', 'linear')","{'classifier__base_estimator__max_depth': 7, 'classifier__base_estimator__n_estimators': 50, 'feature_extraction__n_lags': 5, 'feature_extraction__params': ('pycatch22', {}), 'feature_selection__strategy': 'correlation', 'feature_selection__threshold': 0.9, 'imputation__params': ('interpolate', 'linear')}",0.5228389154704944,0.6707199546485261,0.6899722852103805,0.7001225465576472,0.6600231080300405,0.6487353619834177,0.06450081758510892,201,1.0,1.0,0.9996931881305791,0.9989521267945061,0.9949638429752066,0.9987218315800585,0.0019176275346221494
3.9291946411132814,1.7309674934955332,0.8961928844451904,0.10350665486984297,7,50,5,"('pycatch22', {})",correlation,0.9,"('interpolate', ('polynomial', 2))","{'classifier__base_estimator__max_depth': 7, 'classifier__base_estimator__n_estimators': 50, 'feature_extraction__n_lags': 5, 'feature_extraction__params': ('pycatch22', {}), 'feature_selection__strategy': 'correlation', 'feature_selection__threshold': 0.9, 'imputation__params': ('interpolate', ('polynomial', 2))}",0.5228389154704944,0.6707199546485261,0.6899722852103805,0.7001225465576472,0.6600231080300405,0.6487353619834177,0.06450081758510892,201,1.0,1.0,0.9996931881305791,0.9989521267945061,0.9949638429752066,0.9987218315800585,0.0019176275346221494
3.8698294162750244,1.5911075203802154,0.9060713291168213,0.09056558374383468,7,50,5,"('pycatch22', {})",correlation,0.9,"('interpolate', ('spline', 2))","{'classifier__base_estimator__max_depth': 7, 'classifier__base_estimator__n_estimators': 50, 'feature_extraction__n_lags': 5, 'feature_extraction__params': ('pycatch22', {}), 'feature_selection__strategy': 'correlation', 'feature_selection__threshold': 0.9, 'imputation__params': ('interpolate', ('spline', 2))}",0.5228389154704944,0.6707199546485261,0.6899722852103805,0.7001225465576472,0.6600231080300405,0.6487353619834177,0.06450081758510892,201,1.0,1.0,0.9996931881305791,0.9989521267945061,0.9949638429752066,0.9987218315800585,0.0019176275346221494
3.8134410858154295,1.761509178569737,0.8425649642944336,0.09042000253447158,7,50,5,"('pycatch22', {})",correlation,0.9,"('ffill', None)","{'classifier__base_estimator__max_depth': 7, 'classifier__base_estimator__n_estimators': 50, 'feature_extraction__n_lags': 5, 'feature_extraction__params': ('pycatch22', {}), 'feature_selection__strategy': 'correlation', 'feature_selection__threshold': 0.9, 'imputation__params': ('ffill', None)}",0.5228389154704944,0.6707199546485261,0.6899722852103805,0.7001225465576472,0.6600231080300405,0.6487353619834177,0.06450081758510892,201,1.0,1.0,0.9996931881305791,0.9989521267945061,0.9949638429752066,0.9987218315800585,0.0019176275346221494
3.7679683685302736,1.7898573621538554,0.877992820739746,0.06989410687830544,7,50,5,"('pycatch22', {})",correlation,0.95,"('interpolate', 'linear')","{'classifier__base_estimator__max_depth': 7, 'classifier__base_estimator__n_estimators': 50, 'feature_extraction__n_lags': 5, 'feature_extraction__params': ('pycatch22', {}), 'feature_selection__strategy': 'correlation', 'feature_selection__threshold': 0.95, 'imputation__params': ('interpolate', 'linear')}",0.56481658692185,0.6822845804988662,0.7123960695389266,0.6945577274644916,0.6601675332177931,0.6628444995283855,0.051876085942172696,113,1.0,1.0,0.9997771576948417,0.9991480254890075,0.9954007403581268,0.9988651847083952,0.0017600954396516431
3.902349328994751,1.7441612745370845,0.8629593849182129,0.048056287513566116,7,50,5,"('pycatch22', {})",correlation,0.95,"('interpolate', ('polynomial', 2))","{'classifier__base_estimator__max_depth': 7, 'classifier__base_estimator__n_estimators': 50, 'feature_extraction__n_lags': 5, 'feature_extraction__params': ('pycatch22', {}), 'feature_selection__strategy': 'correlation', 'feature_selection__threshold': 0.95, 'imputation__params': ('interpolate', ('polynomial', 2))}",0.56481658692185,0.6822845804988662,0.7123960695389266,0.6945577274644916,0.6601675332177931,0.6628444995283855,0.051876085942172696,113,1.0,1.0,0.9997771576948417,0.9991480254890075,0.9954007403581268,0.9988651847083952,0.0017600954396516431
3.8166249275207518,1.7053303082620412,0.840976333618164,0.04344278431588012,7,50,5,"('pycatch22', {})",correlation,0.95,"('interpolate', ('spline', 2))","{'classifier__base_estimator__max_depth': 7, 'classifier__base_estimator__n_estimators': 50, 'feature_extraction__n_lags': 5, 'feature_extraction__params': ('pycatch22', {}), 'feature_selection__strategy': 'correlation', 'feature_selection__threshold': 0.95, 'imputation__params': ('interpolate', ('spline', 2))}",0.56481658692185,0.6822845804988662,0.7123960695389266,0.6945577274644916,0.6601675332177931,0.6628444995283855,0.051876085942172696,113,1.0,1.0,0.9997771576948417,0.9991480254890075,0.9954007403581268,0.9988651847083952,0.0017600954396516431
3.8287660121917724,1.7287116736172694,0.8106768608093262,0.03848922501234438,7,50,5,"('pycatch22', {})",correlation,0.95,"('ffill', None)","{'classifier__base_estimator__max_depth': 7, 'classifier__base_estimator__n_estimators': 50, 'feature_extraction__n_lags': 5, 'feature_extraction__params': ('pycatch22', {}), 'feature_selection__strategy': 'correlation', 'feature_selection__threshold': 0.95, 'imputation__params': ('ffill', None)}",0.56481658692185,0.6822845804988662,0.7123960695389266,0.6945577274644916,0.6601675332177931,0.6628444995283855,0.051876085942172696,113,1.0,1.0,0.9997771576948417,0.9991480254890075,0.9954007403581268,0.9988651847083952,0.0017600954396516431
2.663800096511841,1.1752924089926293,0.83594651222229,0.0803803628448858,7,50,5,"('pycatch22', {})",pca,0.85,"('interpolate', 'linear')","{'classifier__base_estimator__max_depth': 7, 'classifier__base_estimator__n_estimators': 50, 'feature_extraction__n_lags': 5, 'feature_extraction__params': ('pycatch22', {}), 'feature_selection__strategy': 'pca', 'feature_selection__threshold': 0.85, 'imputation__params': ('interpolate', 'linear')}",0.49720893141945766,0.5991921768707482,0.5454617031997984,0.5420374871928803,0.6311561236279607,0.5630112844621691,0.04696938092150715,433,0.9553179672313247,0.9105590062111801,0.8901468175535144,0.864628457796768,0.8436284004820936,0.8928561298549761,0.03858078314885485
2.6545012474060057,1.2120029767558336,0.8566497802734375,0.11540534019668064,7,50,5,"('pycatch22', {})",pca,0.85,"('interpolate', ('polynomial', 2))","{'classifier__base_estimator__max_depth': 7, 'classifier__base_estimator__n_estimators': 50, 'feature_extraction__n_lags': 5, 'feature_extraction__params': ('pycatch22', {}), 'feature_selection__strategy': 'pca', 'feature_selection__threshold': 0.85, 'imputation__params': ('interpolate', ('polynomial', 2))}",0.49720893141945766,0.5991921768707482,0.5454617031997984,0.5420374871928803,0.6311561236279607,0.5630112844621691,0.04696938092150715,433,0.9553179672313247,0.9105590062111801,0.8901468175535144,0.864628457796768,0.8436284004820936,0.8928561298549761,0.03858078314885485
2.6435118675231934,1.1404810681396473,0.8651301860809326,0.06701517694053624,7,50,5,"('pycatch22', {})",pca,0.85,"('interpolate', ('spline', 2))","{'classifier__base_estimator__max_depth': 7, 'classifier__base_estimator__n_estimators': 50, 'feature_extraction__n_lags': 5, 'feature_extraction__params': ('pycatch22', {}), 'feature_selection__strategy': 'pca', 'feature_selection__threshold': 0.85, 'imputation__params': ('interpolate', ('spline', 2))}",0.49720893141945766,0.5991921768707482,0.5454617031997984,0.5420374871928803,0.6311561236279607,0.5630112844621691,0.04696938092150715,433,0.9553179672313247,0.9105590062111801,0.8901468175535144,0.864628457796768,0.8436284004820936,0.8928561298549761,0.03858078314885485
2.641555118560791,1.189233156257738,0.835139799118042,0.0686069685225098,7,50,5,"('pycatch22', {})",pca,0.85,"('ffill', None)","{'classifier__base_estimator__max_depth': 7, 'classifier__base_estimator__n_estimators': 50, 'feature_extraction__n_lags': 5, 'feature_extraction__params': ('pycatch22', {}), 'feature_selection__strategy': 'pca', 'feature_selection__threshold': 0.85, 'imputation__params': ('ffill', None)}",0.49720893141945766,0.5991921768707482,0.5454617031997984,0.5420374871928803,0.6311561236279607,0.5630112844621691,0.04696938092150715,433,0.9553179672313247,0.9105590062111801,0.8901468175535144,0.864628457796768,0.8436284004820936,0.8928561298549761,0.03858078314885485
2.6597398281097413,1.1864867927374239,0.809368896484375,0.05016620675938229,7,50,5,"('pycatch22', {})",pca,0.9,"('interpolate', 'linear')","{'classifier__base_estimator__max_depth': 7, 'classifier__base_estimator__n_estimators': 50, 'feature_extraction__n_lags': 5, 'feature_extraction__params': ('pycatch22', {}), 'feature_selection__strategy': 'pca', 'feature_selection__threshold': 0.9, 'imputation__params': ('interpolate', 'linear')}",0.49720893141945766,0.5991921768707482,0.5454617031997984,0.5420374871928803,0.6311561236279607,0.5630112844621691,0.04696938092150715,433,0.9553179672313247,0.9105590062111801,0.8901468175535144,0.864628457796768,0.8436284004820936,0.8928561298549761,0.03858078314885485
2.6508986949920654,1.182847770322016,0.8411359310150146,0.045573877593078425,7,50,5,"('pycatch22', {})",pca,0.9,"('interpolate', ('polynomial', 2))","{'classifier__base_estimator__max_depth': 7, 'classifier__base_estimator__n_estimators': 50, 'feature_extraction__n_lags': 5, 'feature_extraction__params': ('pycatch22', {}), 'feature_selection__strategy': 'pca', 'feature_selection__threshold': 0.9, 'imputation__params': ('interpolate', ('polynomial', 2))}",0.49720893141945766,0.5991921768707482,0.5454617031997984,0.5420374871928803,0.6311561236279607,0.5630112844621691,0.04696938092150715,433,0.9553179672313247,0.9105590062111801,0.8901468175535144,0.864628457796768,0.8436284004820936,0.8928561298549761,0.03858078314885485
2.666224718093872,1.1795055247348214,0.7912647724151611,0.07256203970543916,7,50,5,"('pycatch22', {})",pca,0.9,"('interpolate', ('spline', 2))","{'classifier__base_estimator__max_depth': 7, 'classifier__base_estimator__n_estimators': 50, 'feature_extraction__n_lags': 5, 'feature_extraction__params': ('pycatch22', {}), 'feature_selection__strategy': 'pca', 'feature_selection__threshold': 0.9, 'imputation__params': ('interpolate', ('spline', 2))}",0.49720893141945766,0.5991921768707482,0.5454617031997984,0.5420374871928803,0.6311561236279607,0.5630112844621691,0.04696938092150715,433,0.9553179672313247,0.9105590062111801,0.8901468175535144,0.864628457796768,0.8436284004820936,0.8928561298549761,0.03858078314885485
2.7428964614868163,1.205542891632383,0.8355024337768555,0.055553788496568314,7,50,5,"('pycatch22', {})",pca,0.9,"('ffill', None)","{'classifier__base_estimator__max_depth': 7, 'classifier__base_estimator__n_estimators': 50, 'feature_extraction__n_lags': 5, 'feature_extraction__params': ('pycatch22', {}), 'feature_selection__strategy': 'pca', 'feature_selection__threshold': 0.9, 'imputation__params': ('ffill', None)}",0.49720893141945766,0.5991921768707482,0.5454617031997984,0.5420374871928803,0.6311561236279607,0.5630112844621691,0.04696938092150715,433,0.9553179672313247,0.9105590062111801,0.8901468175535144,0.864628457796768,0.8436284004820936,0.8928561298549761,0.03858078314885485
2.735413694381714,1.2573239260566071,0.8341806888580322,0.04416040222481472,7,50,5,"('pycatch22', {})",pca,0.95,"('interpolate', 'linear')","{'classifier__base_estimator__max_depth': 7, 'classifier__base_estimator__n_estimators': 50, 'feature_extraction__n_lags': 5, 'feature_extraction__params': ('pycatch22', {}), 'feature_selection__strategy': 'pca', 'feature_selection__threshold': 0.95, 'imputation__params': ('interpolate', 'linear')}",0.49720893141945766,0.5991921768707482,0.5454617031997984,0.5420374871928803,0.6311561236279607,0.5630112844621691,0.04696938092150715,433,0.9553179672313247,0.9105590062111801,0.8901468175535144,0.864628457796768,0.8436284004820936,0.8928561298549761,0.03858078314885485
2.7024646759033204,1.1958297402542015,0.8460062503814697,0.048158948215243524,7,50,5,"('pycatch22', {})",pca,0.95,"('interpolate', ('polynomial', 2))","{'classifier__base_estimator__max_depth': 7, 'classifier__base_estimator__n_estimators': 50, 'feature_extraction__n_lags': 5, 'feature_extraction__params': ('pycatch22', {}), 'feature_selection__strategy': 'pca', 'feature_selection__threshold': 0.95, 'imputation__params': ('interpolate', ('polynomial', 2))}",0.49720893141945766,0.5991921768707482,0.5454617031997984,0.5420374871928803,0.6311561236279607,0.5630112844621691,0.04696938092150715,433,0.9553179672313247,0.9105590062111801,0.8901468175535144,0.864628457796768,0.8436284004820936,0.8928561298549761,0.03858078314885485
2.6755425930023193,1.1736063434110304,0.853425931930542,0.06384388491473368,7,50,5,"('pycatch22', {})",pca,0.95,"('interpolate', ('spline', 2))","{'classifier__base_estimator__max_depth': 7, 'classifier__base_estimator__n_estimators': 50, 'feature_extraction__n_lags': 5, 'feature_extraction__params': ('pycatch22', {}), 'feature_selection__strategy': 'pca', 'feature_selection__threshold': 0.95, 'imputation__params': ('interpolate', ('spline', 2))}",0.49720893141945766,0.5991921768707482,0.5454617031997984,0.5420374871928803,0.6311561236279607,0.5630112844621691,0.04696938092150715,433,0.9553179672313247,0.9105590062111801,0.8901468175535144,0.864628457796768,0.8436284004820936,0.8928561298549761,0.03858078314885485
2.76313157081604,1.2046725427936125,0.8542973041534424,0.13309744892250383,7,50,5,"('pycatch22', {})",pca,0.95,"('ffill', None)","{'classifier__base_estimator__max_depth': 7, 'classifier__base_estimator__n_estimators': 50, 'feature_extraction__n_lags': 5, 'feature_extraction__params': ('pycatch22', {}), 'feature_selection__strategy': 'pca', 'feature_selection__threshold': 0.95, 'imputation__params': ('ffill', None)}",0.49720893141945766,0.5991921768707482,0.5454617031997984,0.5420374871928803,0.6311561236279607,0.5630112844621691,0.04696938092150715,433,0.9553179672313247,0.9105590062111801,0.8901468175535144,0.864628457796768,0.8436284004820936,0.8928561298549761,0.03858078314885485
3.930564117431641,1.8003664720304415,0.9284721374511719,0.0824193807405681,7,50,8,"('pycatch22', {})",correlation,0.85,"('interpolate', 'linear')","{'classifier__base_estimator__max_depth': 7, 'classifier__base_estimator__n_estimators': 50, 'feature_extraction__n_lags': 8, 'feature_extraction__params': ('pycatch22', {}), 'feature_selection__strategy': 'correlation', 'feature_selection__threshold': 0.85, 'imputation__params': ('interpolate', 'linear')}",0.589151266255989,0.5243401995494046,0.6467821346931598,0.6857380457380458,0.5866532976827095,0.6065329887838617,0.05540111152674933,317,1.0,1.0,1.0,0.9999974429261108,0.9994638453014977,0.9998922576455218,0.0002142084613689902
3.7464179039001464,1.7366557614948663,0.9380569934844971,0.09948243648786154,7,50,8,"('pycatch22', {})",correlation,0.85,"('interpolate', ('polynomial', 2))","{'classifier__base_estimator__max_depth': 7, 'classifier__base_estimator__n_estimators': 50, 'feature_extraction__n_lags': 8, 'feature_extraction__params': ('pycatch22', {}), 'feature_selection__strategy': 'correlation', 'feature_selection__threshold': 0.85, 'imputation__params': ('interpolate', ('polynomial', 2))}",0.589151266255989,0.5243401995494046,0.6467821346931598,0.6857380457380458,0.5866532976827095,0.6065329887838617,0.05540111152674933,317,1.0,1.0,1.0,0.9999974429261108,0.9994638453014977,0.9998922576455218,0.0002142084613689902
3.849085235595703,1.785020436249122,0.9270895004272461,0.07687077012969765,7,50,8,"('pycatch22', {})",correlation,0.85,"('interpolate', ('spline', 2))","{'classifier__base_estimator__max_depth': 7, 'classifier__base_estimator__n_estimators': 50, 'feature_extraction__n_lags': 8, 'feature_extraction__params': ('pycatch22', {}), 'feature_selection__strategy': 'correlation', 'feature_selection__threshold': 0.85, 'imputation__params': ('interpolate', ('spline', 2))}",0.589151266255989,0.5243401995494046,0.6467821346931598,0.6857380457380458,0.5866532976827095,0.6065329887838617,0.05540111152674933,317,1.0,1.0,1.0,0.9999974429261108,0.9994638453014977,0.9998922576455218,0.0002142084613689902
3.916913938522339,1.7677786922129588,0.8826768398284912,0.049774409265148485,7,50,8,"('pycatch22', {})",correlation,0.85,"('ffill', None)","{'classifier__base_estimator__max_depth': 7, 'classifier__base_estimator__n_estimators': 50, 'feature_extraction__n_lags': 8, 'feature_extraction__params': ('pycatch22', {}), 'feature_selection__strategy': 'correlation', 'feature_selection__threshold': 0.85, 'imputation__params': ('ffill', None)}",0.589151266255989,0.5243401995494046,0.6467821346931598,0.6857380457380458,0.5866532976827095,0.6065329887838617,0.05540111152674933,317,1.0,1.0,1.0,0.9999974429261108,0.9994638453014977,0.9998922576455218,0.0002142084613689902
3.85017876625061,1.7565908024276138,0.9202578067779541,0.0892367156566506,7,50,8,"('pycatch22', {})",correlation,0.9,"('interpolate', 'linear')","{'classifier__base_estimator__max_depth': 7, 'classifier__base_estimator__n_estimators': 50, 'feature_extraction__n_lags': 8, 'feature_extraction__params': ('pycatch22', {}), 'feature_selection__strategy': 'correlation', 'feature_selection__threshold': 0.9, 'imputation__params': ('interpolate', 'linear')}",0.5852583846680357,0.5469906662375281,0.6557499560400915,0.6815523215523215,0.6066844919786096,0.6152471640953173,0.04830827218157683,297,1.0,1.0,0.9999955321240281,0.9999897717044433,0.999542779187666,0.9999056166032275,0.000181457611163309
3.762583065032959,1.6862873903966678,0.9010947227478028,0.10522752838419515,7,50,8,"('pycatch22', {})",correlation,0.9,"('interpolate', ('polynomial', 2))","{'classifier__base_estimator__max_depth': 7, 'classifier__base_estimator__n_estimators': 50, 'feature_extraction__n_lags': 8, 'feature_extraction__params': ('pycatch22', {}), 'feature_selection__strategy': 'correlation', 'feature_selection__threshold': 0.9, 'imputation__params': ('interpolate', ('polynomial', 2))}",0.5852583846680357,0.5469906662375281,0.6557499560400915,0.6815523215523215,0.6066844919786096,0.6152471640953173,0.04830827218157683,297,1.0,1.0,0.9999955321240281,0.9999897717044433,0.999542779187666,0.9999056166032275,0.000181457611163309
3.908405876159668,1.7522996448036432,0.8865664958953857,0.05687561351101315,7,50,8,"('pycatch22', {})",correlation,0.9,"('interpolate', ('spline', 2))","{'classifier__base_estimator__max_depth': 7, 'classifier__base_estimator__n_estimators': 50, 'feature_extraction__n_lags': 8, 'feature_extraction__params': ('pycatch22', {}), 'feature_selection__strategy': 'correlation', 'feature_selection__threshold': 0.9, 'imputation__params': ('interpolate', ('spline', 2))}",0.5852583846680357,0.5469906662375281,0.6557499560400915,0.6815523215523215,0.6066844919786096,0.6152471640953173,0.04830827218157683,297,1.0,1.0,0.9999955321240281,0.9999897717044433,0.999542779187666,0.9999056166032275,0.000181457611163309
3.928374195098877,1.627032267138622,0.9920466423034668,0.12560715495406863,7,50,8,"('pycatch22', {})",correlation,0.9,"('ffill', None)","{'classifier__base_estimator__max_depth': 7, 'classifier__base_estimator__n_estimators': 50, 'feature_extraction__n_lags': 8, 'feature_extraction__params': ('pycatch22', {}), 'feature_selection__strategy': 'correlation', 'feature_selection__threshold': 0.9, 'imputation__params': ('ffill', None)}",0.5852583846680357,0.5469906662375281,0.6557499560400915,0.6815523215523215,0.6066844919786096,0.6152471640953173,0.04830827218157683,297,1.0,1.0,0.9999955321240281,0.9999897717044433,0.999542779187666,0.9999056166032275,0.000181457611163309
3.907375955581665,1.7392785104685813,0.9007612228393554,0.08118048181598655,7,50,8,"('pycatch22', {})",correlation,0.95,"('interpolate', 'linear')","{'classifier__base_estimator__max_depth': 7, 'classifier__base_estimator__n_estimators': 50, 'feature_extraction__n_lags': 8, 'feature_extraction__params': ('pycatch22', {}), 'feature_selection__strategy': 'correlation', 'feature_selection__threshold': 0.95, 'imputation__params': ('interpolate', 'linear')}",0.6188826146475017,0.5417605407145156,0.680938983646914,0.7051143451143452,0.5908868092691621,0.6275166586784877,0.05940664962369006,261,1.0,1.0,1.0,0.9999923287783324,0.9996380955785109,0.9999260848713686,0.00014402529412036995
3.856602144241333,1.800573512361991,0.9148525714874267,0.12842123345282852,7,50,8,"('pycatch22', {})",correlation,0.95,"('interpolate', ('polynomial', 2))","{'classifier__base_estimator__max_depth': 7, 'classifier__base_estimator__n_estimators': 50, 'feature_extraction__n_lags': 8, 'feature_extraction__params': ('pycatch22', {}), 'feature_selection__strategy': 'correlation', 'feature_selection__threshold': 0.95, 'imputation__params': ('interpolate', ('polynomial', 2))}",0.6188826146475017,0.5417605407145156,0.680938983646914,0.7051143451143452,0.5908868092691621,0.6275166586784877,0.05940664962369006,261,1.0,1.0,1.0,0.9999923287783324,0.9996380955785109,0.9999260848713686,0.00014402529412036995
4.073440313339233,1.717800248804212,0.9635141372680665,0.1057307096902353,7,50,8,"('pycatch22', {})",correlation,0.95,"('interpolate', ('spline', 2))","{'classifier__base_estimator__max_depth': 7, 'classifier__base_estimator__n_estimators': 50, 'feature_extraction__n_lags': 8, 'feature_extraction__params': ('pycatch22', {}), 'feature_selection__strategy': 'correlation', 'feature_selection__threshold': 0.95, 'imputation__params': ('interpolate', ('spline', 2))}",0.6188826146475017,0.5417605407145156,0.680938983646914,0.7051143451143452,0.5908868092691621,0.6275166586784877,0.05940664962369006,261,1.0,1.0,1.0,0.9999923287783324,0.9996380955785109,0.9999260848713686,0.00014402529412036995
3.976294755935669,1.784365969615618,0.9452855587005615,0.07939143260936303,7,50,8,"('pycatch22', {})",correlation,0.95,"('ffill', None)","{'classifier__base_estimator__max_depth': 7, 'classifier__base_estimator__n_estimators': 50, 'feature_extraction__n_lags': 8, 'feature_extraction__params': ('pycatch22', {}), 'feature_selection__strategy': 'correlation', 'feature_selection__threshold': 0.95, 'imputation__params': ('ffill', None)}",0.6188826146475017,0.5417605407145156,0.680938983646914,0.7051143451143452,0.5908868092691621,0.6275166586784877,0.05940664962369006,261,1.0,1.0,1.0,0.9999923287783324,0.9996380955785109,0.9999260848713686,0.00014402529412036995
2.9484013080596925,1.316634381719163,0.948075246810913,0.10444297815682724,7,50,8,"('pycatch22', {})",pca,0.85,"('interpolate', 'linear')","{'classifier__base_estimator__max_depth': 7, 'classifier__base_estimator__n_estimators': 50, 'feature_extraction__n_lags': 8, 'feature_extraction__params': ('pycatch22', {}), 'feature_selection__strategy': 'pca', 'feature_selection__threshold': 0.85, 'imputation__params': ('interpolate', 'linear')}",0.4953584873374401,0.6090078854200193,0.5149903288201161,0.5236729036729036,0.6100935828877005,0.5506246376276358,0.048981029732716445,601,0.9497280497280497,0.9207187303646351,0.9023791439549638,0.8929391518697325,0.8501611442732722,0.9031852440381307,0.03283547856265335
2.7985108852386475,1.2774876545026974,0.8867841243743897,0.06283398189562056,7,50,8,"('pycatch22', {})",pca,0.85,"('interpolate', ('polynomial', 2))","{'classifier__base_estimator__max_depth': 7, 'classifier__base_estimator__n_estimators': 50, 'feature_extraction__n_lags': 8, 'feature_extraction__params': ('pycatch22', {}), 'feature_selection__strategy': 'pca', 'feature_selection__threshold': 0.85, 'imputation__params': ('interpolate', ('polynomial', 2))}",0.4953584873374401,0.6090078854200193,0.5149903288201161,0.5236729036729036,0.6100935828877005,0.5506246376276358,0.048981029732716445,601,0.9497280497280497,0.9207187303646351,0.9023791439549638,0.8929391518697325,0.8501611442732722,0.9031852440381307,0.03283547856265335
2.85365629196167,1.2534682209639387,0.9100790023803711,0.08622325977546341,7,50,8,"('pycatch22', {})",pca,0.85,"('interpolate', ('spline', 2))","{'classifier__base_estimator__max_depth': 7, 'classifier__base_estimator__n_estimators': 50, 'feature_extraction__n_lags': 8, 'feature_extraction__params': ('pycatch22', {}), 'feature_selection__strategy': 'pca', 'feature_selection__threshold': 0.85, 'imputation__params': ('interpolate', ('spline', 2))}",0.4953584873374401,0.6090078854200193,0.5149903288201161,0.5236729036729036,0.6100935828877005,0.5506246376276358,0.048981029732716445,601,0.9497280497280497,0.9207187303646351,0.9023791439549638,0.8929391518697325,0.8501611442732722,0.9031852440381307,0.03283547856265335
2.8255106925964357,1.2658474861538616,0.9114872932434082,0.08491846012963973,7,50,8,"('pycatch22', {})",pca,0.85,"('ffill', None)","{'classifier__base_estimator__max_depth': 7, 'classifier__base_estimator__n_estimators': 50, 'feature_extraction__n_lags': 8, 'feature_extraction__params': ('pycatch22', {}), 'feature_selection__strategy': 'pca', 'feature_selection__threshold': 0.85, 'imputation__params': ('ffill', None)}",0.4953584873374401,0.6090078854200193,0.5149903288201161,0.5236729036729036,0.6100935828877005,0.5506246376276358,0.048981029732716445,601,0.9497280497280497,0.9207187303646351,0.9023791439549638,0.8929391518697325,0.8501611442732722,0.9031852440381307,0.03283547856265335
2.8128631114959717,1.2660485765644796,0.885806941986084,0.09842399637070359,7,50,8,"('pycatch22', {})",pca,0.9,"('interpolate', 'linear')","{'classifier__base_estimator__max_depth': 7, 'classifier__base_estimator__n_estimators': 50, 'feature_extraction__n_lags': 8, 'feature_extraction__params': ('pycatch22', {}), 'feature_selection__strategy': 'pca', 'feature_selection__threshold': 0.9, 'imputation__params': ('interpolate', 'linear')}",0.4953584873374401,0.6090078854200193,0.5149903288201161,0.5236729036729036,0.6100935828877005,0.5506246376276358,0.048981029732716445,601,0.9497280497280497,0.9207187303646351,0.9023791439549638,0.8929391518697325,0.8501611442732722,0.9031852440381307,0.03283547856265335
2.9328845977783202,1.3754768008582774,0.9286009788513183,0.11103851296521709,7,50,8,"('pycatch22', {})",pca,0.9,"('interpolate', ('polynomial', 2))","{'classifier__base_estimator__max_depth': 7, 'classifier__base_estimator__n_estimators': 50, 'feature_extraction__n_lags': 8, 'feature_extraction__params': ('pycatch22', {}), 'feature_selection__strategy': 'pca', 'feature_selection__threshold': 0.9, 'imputation__params': ('interpolate', ('polynomial', 2))}",0.4953584873374401,0.6090078854200193,0.5149903288201161,0.5236729036729036,0.6100935828877005,0.5506246376276358,0.048981029732716445,601,0.9497280497280497,0.9207187303646351,0.9023791439549638,0.8929391518697325,0.8501611442732722,0.9031852440381307,0.03283547856265335
2.8643786907196045,1.2414097002672222,0.9152483940124512,0.06704769280523808,7,50,8,"('pycatch22', {})",pca,0.9,"('interpolate', ('spline', 2))","{'classifier__base_estimator__max_depth': 7, 'classifier__base_estimator__n_estimators': 50, 'feature_extraction__n_lags': 8, 'feature_extraction__params': ('pycatch22', {}), 'feature_selection__strategy': 'pca', 'feature_selection__threshold': 0.9, 'imputation__params': ('interpolate', ('spline', 2))}",0.4953584873374401,0.6090078854200193,0.5149903288201161,0.5236729036729036,0.6100935828877005,0.5506246376276358,0.048981029732716445,601,0.9497280497280497,0.9207187303646351,0.9023791439549638,0.8929391518697325,0.8501611442732722,0.9031852440381307,0.03283547856265335
2.8303428649902345,1.2460657309529481,0.8597271919250489,0.10326319841542818,7,50,8,"('pycatch22', {})",pca,0.9,"('ffill', None)","{'classifier__base_estimator__max_depth': 7, 'classifier__base_estimator__n_estimators': 50, 'feature_extraction__n_lags': 8, 'feature_extraction__params': ('pycatch22', {}), 'feature_selection__strategy': 'pca', 'feature_selection__threshold': 0.9, 'imputation__params': ('ffill', None)}",0.4953584873374401,0.6090078854200193,0.5149903288201161,0.5236729036729036,0.6100935828877005,0.5506246376276358,0.048981029732716445,601,0.9497280497280497,0.9207187303646351,0.9023791439549638,0.8929391518697325,0.8501611442732722,0.9031852440381307,0.03283547856265335
2.8439127922058107,1.3538021796285535,0.9188464164733887,0.08743933756935354,7,50,8,"('pycatch22', {})",pca,0.95,"('interpolate', 'linear')","{'classifier__base_estimator__max_depth': 7, 'classifier__base_estimator__n_estimators': 50, 'feature_extraction__n_lags': 8, 'feature_extraction__params': ('pycatch22', {}), 'feature_selection__strategy': 'pca', 'feature_selection__threshold': 0.95, 'imputation__params': ('interpolate', 'linear')}",0.4953584873374401,0.6090078854200193,0.5149903288201161,0.5236729036729036,0.6100935828877005,0.5506246376276358,0.048981029732716445,601,0.9497280497280497,0.9207187303646351,0.9023791439549638,0.8929391518697325,0.8501611442732722,0.9031852440381307,0.03283547856265335
2.870615243911743,1.2462280925539477,0.9215272903442383,0.07347961832186525,7,50,8,"('pycatch22', {})",pca,0.95,"('interpolate', ('polynomial', 2))","{'classifier__base_estimator__max_depth': 7, 'classifier__base_estimator__n_estimators': 50, 'feature_extraction__n_lags': 8, 'feature_extraction__params': ('pycatch22', {}), 'feature_selection__strategy': 'pca', 'feature_selection__threshold': 0.95, 'imputation__params': ('interpolate', ('polynomial', 2))}",0.4953584873374401,0.6090078854200193,0.5149903288201161,0.5236729036729036,0.6100935828877005,0.5506246376276358,0.048981029732716445,601,0.9497280497280497,0.9207187303646351,0.9023791439549638,0.8929391518697325,0.8501611442732722,0.9031852440381307,0.03283547856265335
2.8194414615631103,1.269143203301047,0.9003791332244873,0.09312848006571718,7,50,8,"('pycatch22', {})",pca,0.95,"('interpolate', ('spline', 2))","{'classifier__base_estimator__max_depth': 7, 'classifier__base_estimator__n_estimators': 50, 'feature_extraction__n_lags': 8, 'feature_extraction__params': ('pycatch22', {}), 'feature_selection__strategy': 'pca', 'feature_selection__threshold': 0.95, 'imputation__params': ('interpolate', ('spline', 2))}",0.4953584873374401,0.6090078854200193,0.5149903288201161,0.5236729036729036,0.6100935828877005,0.5506246376276358,0.048981029732716445,601,0.9497280497280497,0.9207187303646351,0.9023791439549638,0.8929391518697325,0.8501611442732722,0.9031852440381307,0.03283547856265335
2.844969463348389,1.3258162783081402,0.9443459033966064,0.08909951595907521,7,50,8,"('pycatch22', {})",pca,0.95,"('ffill', None)","{'classifier__base_estimator__max_depth': 7, 'classifier__base_estimator__n_estimators': 50, 'feature_extraction__n_lags': 8, 'feature_extraction__params': ('pycatch22', {}), 'feature_selection__strategy': 'pca', 'feature_selection__threshold': 0.95, 'imputation__params': ('ffill', None)}",0.4953584873374401,0.6090078854200193,0.5149903288201161,0.5236729036729036,0.6100935828877005,0.5506246376276358,0.048981029732716445,601,0.9497280497280497,0.9207187303646351,0.9023791439549638,0.8929391518697325,0.8501611442732722,0.9031852440381307,0.03283547856265335
3.7148409366607664,1.6895471250352625,0.7728748321533203,0.062210378964929834,7,100,3,"('pycatch22', {})",correlation,0.85,"('interpolate', 'linear')","{'classifier__base_estimator__max_depth': 7, 'classifier__base_estimator__n_estimators': 100, 'feature_extraction__n_lags': 3, 'feature_extraction__params': ('pycatch22', {}), 'feature_selection__strategy': 'correlation', 'feature_selection__threshold': 0.85, 'imputation__params': ('interpolate', 'linear')}",0.5648799999999999,0.6515857331074723,0.6869482976040353,0.7135430247718384,0.627003579836811,0.6487921270640313,0.05132711212927077,197,1.0,1.0,1.0,0.9999460580784962,0.9995230616594073,0.9998938239475808,0.0001865546252903512
3.9517915725708006,1.801451262198725,0.7759531021118165,0.054268354752870666,7,100,3,"('pycatch22', {})",correlation,0.85,"('interpolate', ('polynomial', 2))","{'classifier__base_estimator__max_depth': 7, 'classifier__base_estimator__n_estimators': 100, 'feature_extraction__n_lags': 3, 'feature_extraction__params': ('pycatch22', {}), 'feature_selection__strategy': 'correlation', 'feature_selection__threshold': 0.85, 'imputation__params': ('interpolate', ('polynomial', 2))}",0.5648799999999999,0.6515857331074723,0.6869482976040353,0.7135430247718384,0.627003579836811,0.6487921270640313,0.05132711212927077,197,1.0,1.0,1.0,0.9999460580784962,0.9995230616594073,0.9998938239475808,0.0001865546252903512
3.920050525665283,1.7011609320825796,0.7815669059753418,0.0387189357782337,7,100,3,"('pycatch22', {})",correlation,0.85,"('interpolate', ('spline', 2))","{'classifier__base_estimator__max_depth': 7, 'classifier__base_estimator__n_estimators': 100, 'feature_extraction__n_lags': 3, 'feature_extraction__params': ('pycatch22', {}), 'feature_selection__strategy': 'correlation', 'feature_selection__threshold': 0.85, 'imputation__params': ('interpolate', ('spline', 2))}",0.5648799999999999,0.6515857331074723,0.6869482976040353,0.7135430247718384,0.627003579836811,0.6487921270640313,0.05132711212927077,197,1.0,1.0,1.0,0.9999460580784962,0.9995230616594073,0.9998938239475808,0.0001865546252903512
3.9630768299102783,1.7442259450885704,0.7824944496154785,0.06875322516424341,7,100,3,"('pycatch22', {})",correlation,0.85,"('ffill', None)","{'classifier__base_estimator__max_depth': 7, 'classifier__base_estimator__n_estimators': 100, 'feature_extraction__n_lags': 3, 'feature_extraction__params': ('pycatch22', {}), 'feature_selection__strategy': 'correlation', 'feature_selection__threshold': 0.85, 'imputation__params': ('ffill', None)}",0.5648799999999999,0.6515857331074723,0.6869482976040353,0.7135430247718384,0.627003579836811,0.6487921270640313,0.05132711212927077,197,1.0,1.0,1.0,0.9999460580784962,0.9995230616594073,0.9998938239475808,0.0001865546252903512
3.8617461681365968,1.7240861763828772,0.8219450950622559,0.06597552066970196,7,100,3,"('pycatch22', {})",correlation,0.9,"('interpolate', 'linear')","{'classifier__base_estimator__max_depth': 7, 'classifier__base_estimator__n_estimators': 100, 'feature_extraction__n_lags': 3, 'feature_extraction__params': ('pycatch22', {}), 'feature_selection__strategy': 'correlation', 'feature_selection__threshold': 0.9, 'imputation__params': ('interpolate', 'linear')}",0.6041333333333333,0.6699840015057407,0.6399485077763767,0.6847131681877445,0.6355339116973586,0.6468625845001108,0.028175162109666196,217,1.0,1.0,1.0,0.9999121517278368,0.9993388709196636,0.9998502045295,0.00025792074940845307
4.031185245513916,1.854776216387082,0.7716477394104004,0.06664894688289891,7,100,3,"('pycatch22', {})",correlation,0.9,"('interpolate', ('polynomial', 2))","{'classifier__base_estimator__max_depth': 7, 'classifier__base_estimator__n_estimators': 100, 'feature_extraction__n_lags': 3, 'feature_extraction__params': ('pycatch22', {}), 'feature_selection__strategy': 'correlation', 'feature_selection__threshold': 0.9, 'imputation__params': ('interpolate', ('polynomial', 2))}",0.6041333333333333,0.6699840015057407,0.6399485077763767,0.6847131681877445,0.6355339116973586,0.6468625845001108,0.028175162109666196,217,1.0,1.0,1.0,0.9999121517278368,0.9993388709196636,0.9998502045295,0.00025792074940845307
3.8074411392211913,1.6009589289605384,0.8012301445007324,0.07750986960988017,7,100,3,"('pycatch22', {})",correlation,0.9,"('interpolate', ('spline', 2))","{'classifier__base_estimator__max_depth': 7, 'classifier__base_estimator__n_estimators': 100, 'feature_extraction__n_lags': 3, 'feature_extraction__params': ('pycatch22', {}), 'feature_selection__strategy': 'correlation', 'feature_selection__threshold': 0.9, 'imputation__params': ('interpolate', ('spline', 2))}",0.6041333333333333,0.6699840015057407,0.6399485077763767,0.6847131681877445,0.6355339116973586,0.6468625845001108,0.028175162109666196,217,1.0,1.0,1.0,0.9999121517278368,0.9993388709196636,0.9998502045295,0.00025792074940845307
3.7993703365325926,1.7186978340781278,0.7246350288391114,0.06155711853950884,7,100,3,"('pycatch22', {})",correlation,0.9,"('ffill', None)","{'classifier__base_estimator__max_depth': 7, 'classifier__base_estimator__n_estimators': 100, 'feature_extraction__n_lags': 3, 'feature_extraction__params': ('pycatch22', {}), 'feature_selection__strategy': 'correlation', 'feature_selection__threshold': 0.9, 'imputation__params': ('ffill', None)}",0.6041333333333333,0.6699840015057407,0.6399485077763767,0.6847131681877445,0.6355339116973586,0.6468625845001108,0.028175162109666196,217,1.0,1.0,1.0,0.9999121517278368,0.9993388709196636,0.9998502045295,0.00025792074940845307
3.8012298583984374,1.6906982659046161,0.7438080787658692,0.06368808067084565,7,100,3,"('pycatch22', {})",correlation,0.95,"('interpolate', 'linear')","{'classifier__base_estimator__max_depth': 7, 'classifier__base_estimator__n_estimators': 100, 'feature_extraction__n_lags': 3, 'feature_extraction__params': ('pycatch22', {}), 'feature_selection__strategy': 'correlation', 'feature_selection__threshold': 0.95, 'imputation__params': ('interpolate', 'linear')}",0.5734133333333333,0.6947110860154339,0.6790931063472047,0.6957301173402868,0.6096687844680233,0.6505232855008563,0.04985476707474726,189,1.0,1.0,1.0,0.9999013633435361,0.99903010673275,0.9997862940152572,0.00038001865751063544
3.8088822841644285,1.707227914156352,0.7469586372375489,0.05771951153833873,7,100,3,"('pycatch22', {})",correlation,0.95,"('interpolate', ('polynomial', 2))","{'classifier__base_estimator__max_depth': 7, 'classifier__base_estimator__n_estimators': 100, 'feature_extraction__n_lags': 3, 'feature_extraction__params': ('pycatch22', {}), 'feature_selection__strategy': 'correlation', 'feature_selection__threshold': 0.95, 'imputation__params': ('interpolate', ('polynomial', 2))}",0.5734133333333333,0.6947110860154339,0.6790931063472047,0.6957301173402868,0.6096687844680233,0.6505232855008563,0.04985476707474726,189,1.0,1.0,1.0,0.9999013633435361,0.99903010673275,0.9997862940152572,0.00038001865751063544
3.92074933052063,1.7538688986430504,0.7502694129943848,0.06395919266066069,7,100,3,"('pycatch22', {})",correlation,0.95,"('interpolate', ('spline', 2))","{'classifier__base_estimator__max_depth': 7, 'classifier__base_estimator__n_estimators': 100, 'feature_extraction__n_lags': 3, 'feature_extraction__params': ('pycatch22', {}), 'feature_selection__strategy': 'correlation', 'feature_selection__threshold': 0.95, 'imputation__params': ('interpolate', ('spline', 2))}",0.5734133333333333,0.6947110860154339,0.6790931063472047,0.6957301173402868,0.6096687844680233,0.6505232855008563,0.04985476707474726,189,1.0,1.0,1.0,0.9999013633435361,0.99903010673275,0.9997862940152572,0.00038001865751063544
3.849140501022339,1.6194849706922276,0.7312699317932129,0.06981079556583873,7,100,3,"('pycatch22', {})",correlation,0.95,"('ffill', None)","{'classifier__base_estimator__max_depth': 7, 'classifier__base_estimator__n_estimators': 100, 'feature_extraction__n_lags': 3, 'feature_extraction__params': ('pycatch22', {}), 'feature_selection__strategy': 'correlation', 'feature_selection__threshold': 0.95, 'imputation__params': ('ffill', None)}",0.5734133333333333,0.6947110860154339,0.6790931063472047,0.6957301173402868,0.6096687844680233,0.6505232855008563,0.04985476707474726,189,1.0,1.0,1.0,0.9999013633435361,0.99903010673275,0.9997862940152572,0.00038001865751063544
2.570537233352661,1.137299872827814,0.7790142059326172,0.048133896220991255,7,100,3,"('pycatch22', {})",pca,0.85,"('interpolate', 'linear')","{'classifier__base_estimator__max_depth': 7, 'classifier__base_estimator__n_estimators': 100, 'feature_extraction__n_lags': 3, 'feature_extraction__params': ('pycatch22', {}), 'feature_selection__strategy': 'pca', 'feature_selection__threshold': 0.85, 'imputation__params': ('interpolate', 'linear')}",0.4703733333333333,0.603319687558818,0.5434137242538881,0.5331241851368971,0.6044764085529074,0.5509414677671688,0.049949603726860865,589,0.9667334069778146,0.9463186407288845,0.9198318988703604,0.9110312770672857,0.8766985367069009,0.9241227520702491,0.030812918481583722
2.4223685264587402,1.0164619942306006,0.7292628288269043,0.06852960578535149,7,100,3,"('pycatch22', {})",pca,0.85,"('interpolate', ('polynomial', 2))","{'classifier__base_estimator__max_depth': 7, 'classifier__base_estimator__n_estimators': 100, 'feature_extraction__n_lags': 3, 'feature_extraction__params': ('pycatch22', {}), 'feature_selection__strategy': 'pca', 'feature_selection__threshold': 0.85, 'imputation__params': ('interpolate', ('polynomial', 2))}",0.4703733333333333,0.603319687558818,0.5434137242538881,0.5331241851368971,0.6044764085529074,0.5509414677671688,0.049949603726860865,589,0.9667334069778146,0.9463186407288845,0.9198318988703604,0.9110312770672857,0.8766985367069009,0.9241227520702491,0.030812918481583722
2.5046730518341063,1.0500468894431776,0.766115379333496,0.059053316349953755,7,100,3,"('pycatch22', {})",pca,0.85,"('interpolate', ('spline', 2))","{'classifier__base_estimator__max_depth': 7, 'classifier__base_estimator__n_estimators': 100, 'feature_extraction__n_lags': 3, 'feature_extraction__params': ('pycatch22', {}), 'feature_selection__strategy': 'pca', 'feature_selection__threshold': 0.85, 'imputation__params': ('interpolate', ('spline', 2))}",0.4703733333333333,0.603319687558818,0.5434137242538881,0.5331241851368971,0.6044764085529074,0.5509414677671688,0.049949603726860865,589,0.9667334069778146,0.9463186407288845,0.9198318988703604,0.9110312770672857,0.8766985367069009,0.9241227520702491,0.030812918481583722
2.502004289627075,1.0495398346851397,0.7117303848266602,0.010034381425803618,7,100,3,"('pycatch22', {})",pca,0.85,"('ffill', None)","{'classifier__base_estimator__max_depth': 7, 'classifier__base_estimator__n_estimators': 100, 'feature_extraction__n_lags': 3, 'feature_extraction__params': ('pycatch22', {}), 'feature_selection__strategy': 'pca', 'feature_selection__threshold': 0.85, 'imputation__params': ('ffill', None)}",0.4703733333333333,0.603319687558818,0.5434137242538881,0.5331241851368971,0.6044764085529074,0.5509414677671688,0.049949603726860865,589,0.9667334069778146,0.9463186407288845,0.9198318988703604,0.9110312770672857,0.8766985367069009,0.9241227520702491,0.030812918481583722
2.4692389011383056,1.0252712243298048,0.7310985565185547,0.05093613236523389,7,100,3,"('pycatch22', {})",pca,0.9,"('interpolate', 'linear')","{'classifier__base_estimator__max_depth': 7, 'classifier__base_estimator__n_estimators': 100, 'feature_extraction__n_lags': 3, 'feature_extraction__params': ('pycatch22', {}), 'feature_selection__strategy': 'pca', 'feature_selection__threshold': 0.9, 'imputation__params': ('interpolate', 'linear')}",0.4703733333333333,0.603319687558818,0.5434137242538881,0.5331241851368971,0.6044764085529074,0.5509414677671688,0.049949603726860865,589,0.9667334069778146,0.9463186407288845,0.9198318988703604,0.9110312770672857,0.8766985367069009,0.9241227520702491,0.030812918481583722
2.4616151809692384,1.071892068103116,0.7260556221008301,0.05049557569023526,7,100,3,"('pycatch22', {})",pca,0.9,"('interpolate', ('polynomial', 2))","{'classifier__base_estimator__max_depth': 7, 'classifier__base_estimator__n_estimators': 100, 'feature_extraction__n_lags': 3, 'feature_extraction__params': ('pycatch22', {}), 'feature_selection__strategy': 'pca', 'feature_selection__threshold': 0.9, 'imputation__params': ('interpolate', ('polynomial', 2))}",0.4703733333333333,0.603319687558818,0.5434137242538881,0.5331241851368971,0.6044764085529074,0.5509414677671688,0.049949603726860865,589,0.9667334069778146,0.9463186407288845,0.9198318988703604,0.9110312770672857,0.8766985367069009,0.9241227520702491,0.030812918481583722
2.472359466552734,1.101336804606336,0.7602648258209228,0.05005392296439218,7,100,3,"('pycatch22', {})",pca,0.9,"('interpolate', ('spline', 2))","{'classifier__base_estimator__max_depth': 7, 'classifier__base_estimator__n_estimators': 100, 'feature_extraction__n_lags': 3, 'feature_extraction__params': ('pycatch22', {}), 'feature_selection__strategy': 'pca', 'feature_selection__threshold': 0.9, 'imputation__params': ('interpolate', ('spline', 2))}",0.4703733333333333,0.603319687558818,0.5434137242538881,0.5331241851368971,0.6044764085529074,0.5509414677671688,0.049949603726860865,589,0.9667334069778146,0.9463186407288845,0.9198318988703604,0.9110312770672857,0.8766985367069009,0.9241227520702491,0.030812918481583722
2.5184921741485597,1.0906505144788865,0.7378554821014405,0.07082377435120671,7,100,3,"('pycatch22', {})",pca,0.9,"('ffill', None)","{'classifier__base_estimator__max_depth': 7, 'classifier__base_estimator__n_estimators': 100, 'feature_extraction__n_lags': 3, 'feature_extraction__params': ('pycatch22', {}), 'feature_selection__strategy': 'pca', 'feature_selection__threshold': 0.9, 'imputation__params': ('ffill', None)}",0.4703733333333333,0.603319687558818,0.5434137242538881,0.5331241851368971,0.6044764085529074,0.5509414677671688,0.049949603726860865,589,0.9667334069778146,0.9463186407288845,0.9198318988703604,0.9110312770672857,0.8766985367069009,0.9241227520702491,0.030812918481583722
2.595075082778931,1.0041061755302452,0.8018895149230957,0.028738008627980597,7,100,3,"('pycatch22', {})",pca,0.95,"('interpolate', 'linear')","{'classifier__base_estimator__max_depth': 7, 'classifier__base_estimator__n_estimators': 100, 'feature_extraction__n_lags': 3, 'feature_extraction__params': ('pycatch22', {}), 'feature_selection__strategy': 'pca', 'feature_selection__threshold': 0.95, 'imputation__params': ('interpolate', 'linear')}",0.4703733333333333,0.603319687558818,0.5434137242538881,0.5331241851368971,0.6044764085529074,0.5509414677671688,0.049949603726860865,589,0.9667334069778146,0.9463186407288845,0.9198318988703604,0.9110312770672857,0.8766985367069009,0.9241227520702491,0.030812918481583722
2.480626440048218,1.0968611032460274,0.7528037071228028,0.0367084037623777,7,100,3,"('pycatch22', {})",pca,0.95,"('interpolate', ('polynomial', 2))","{'classifier__base_estimator__max_depth': 7, 'classifier__base_estimator__n_estimators': 100, 'feature_extraction__n_lags': 3, 'feature_extraction__params': ('pycatch22', {}), 'feature_selection__strategy': 'pca', 'feature_selection__threshold': 0.95, 'imputation__params': ('interpolate', ('polynomial', 2))}",0.4703733333333333,0.603319687558818,0.5434137242538881,0.5331241851368971,0.6044764085529074,0.5509414677671688,0.049949603726860865,589,0.9667334069778146,0.9463186407288845,0.9198318988703604,0.9110312770672857,0.8766985367069009,0.9241227520702491,0.030812918481583722
2.4625194549560545,1.062983211006994,0.7515316963195801,0.046951434226581205,7,100,3,"('pycatch22', {})",pca,0.95,"('interpolate', ('spline', 2))","{'classifier__base_estimator__max_depth': 7, 'classifier__base_estimator__n_estimators': 100, 'feature_extraction__n_lags': 3, 'feature_extraction__params': ('pycatch22', {}), 'feature_selection__strategy': 'pca', 'feature_selection__threshold': 0.95, 'imputation__params': ('interpolate', ('spline', 2))}",0.4703733333333333,0.603319687558818,0.5434137242538881,0.5331241851368971,0.6044764085529074,0.5509414677671688,0.049949603726860865,589,0.9667334069778146,0.9463186407288845,0.9198318988703604,0.9110312770672857,0.8766985367069009,0.9241227520702491,0.030812918481583722
2.473727512359619,1.074606267105562,0.7393078327178955,0.034877398480414906,7,100,3,"('pycatch22', {})",pca,0.95,"('ffill', None)","{'classifier__base_estimator__max_depth': 7, 'classifier__base_estimator__n_estimators': 100, 'feature_extraction__n_lags': 3, 'feature_extraction__params': ('pycatch22', {}), 'feature_selection__strategy': 'pca', 'feature_selection__threshold': 0.95, 'imputation__params': ('ffill', None)}",0.4703733333333333,0.603319687558818,0.5434137242538881,0.5331241851368971,0.6044764085529074,0.5509414677671688,0.049949603726860865,589,0.9667334069778146,0.9463186407288845,0.9198318988703604,0.9110312770672857,0.8766985367069009,0.9241227520702491,0.030812918481583722
4.04057731628418,1.745983582822179,0.8640292167663575,0.051330634980205174,7,100,5,"('pycatch22', {})",correlation,0.85,"('interpolate', 'linear')","{'classifier__base_estimator__max_depth': 7, 'classifier__base_estimator__n_estimators': 100, 'feature_extraction__n_lags': 5, 'feature_extraction__params': ('pycatch22', {}), 'feature_selection__strategy': 'correlation', 'feature_selection__threshold': 0.85, 'imputation__params': ('interpolate', 'linear')}",0.5580861244019139,0.7090986394557823,0.7056878306878307,0.7142455350864858,0.6490467937608319,0.667232984678569,0.05947346093128568,57,1.0,1.0,1.0,1.0,0.9999375860881543,0.9999875172176308,2.4965564738277378e-05
4.056893920898437,1.7193776480745184,0.8501331329345703,0.11196782762374638,7,100,5,"('pycatch22', {})",correlation,0.85,"('interpolate', ('polynomial', 2))","{'classifier__base_estimator__max_depth': 7, 'classifier__base_estimator__n_estimators': 100, 'feature_extraction__n_lags': 5, 'feature_extraction__params': ('pycatch22', {}), 'feature_selection__strategy': 'correlation', 'feature_selection__threshold': 0.85, 'imputation__params': ('interpolate', ('polynomial', 2))}",0.5580861244019139,0.7090986394557823,0.7056878306878307,0.7142455350864858,0.6490467937608319,0.667232984678569,0.05947346093128568,57,1.0,1.0,1.0,1.0,0.9999375860881543,0.9999875172176308,2.4965564738277378e-05
4.16313853263855,1.831521288477101,0.8245311260223389,0.08654787246134979,7,100,5,"('pycatch22', {})",correlation,0.85,"('interpolate', ('spline', 2))","{'classifier__base_estimator__max_depth': 7, 'classifier__base_estimator__n_estimators': 100, 'feature_extraction__n_lags': 5, 'feature_extraction__params': ('pycatch22', {}), 'feature_selection__strategy': 'correlation', 'feature_selection__threshold': 0.85, 'imputation__params': ('interpolate', ('spline', 2))}",0.5580861244019139,0.7090986394557823,0.7056878306878307,0.7142455350864858,0.6490467937608319,0.667232984678569,0.05947346093128568,57,1.0,1.0,1.0,1.0,0.9999375860881543,0.9999875172176308,2.4965564738277378e-05
3.8971395969390867,1.810137065658378,0.8975964069366456,0.10471658573158989,7,100,5,"('pycatch22', {})",correlation,0.85,"('ffill', None)","{'classifier__base_estimator__max_depth': 7, 'classifier__base_estimator__n_estimators': 100, 'feature_extraction__n_lags': 5, 'feature_extraction__params': ('pycatch22', {}), 'feature_selection__strategy': 'correlation', 'feature_selection__threshold': 0.85, 'imputation__params': ('ffill', None)}",0.5580861244019139,0.7090986394557823,0.7056878306878307,0.7142455350864858,0.6490467937608319,0.667232984678569,0.05947346093128568,57,1.0,1.0,1.0,1.0,0.9999375860881543,0.9999875172176308,2.4965564738277378e-05
4.031380462646484,1.795009646901218,0.8788363933563232,0.07353406727993711,7,100,5,"('pycatch22', {})",correlation,0.9,"('interpolate', 'linear')","{'classifier__base_estimator__max_depth': 7, 'classifier__base_estimator__n_estimators': 100, 'feature_extraction__n_lags': 5, 'feature_extraction__params': ('pycatch22', {}), 'feature_selection__strategy': 'correlation', 'feature_selection__threshold': 0.9, 'imputation__params': ('interpolate', 'linear')}",0.5509728867623606,0.6837868480725624,0.6912950365331317,0.7125580087188863,0.6484329867128829,0.6574091533599647,0.057087095773192445,149,1.0,1.0,1.0,1.0,0.9999698691460055,0.999993973829201,1.205234159780133e-05
4.058361434936524,1.8220353267110008,0.839445161819458,0.08077298541781029,7,100,5,"('pycatch22', {})",correlation,0.9,"('interpolate', ('polynomial', 2))","{'classifier__base_estimator__max_depth': 7, 'classifier__base_estimator__n_estimators': 100, 'feature_extraction__n_lags': 5, 'feature_extraction__params': ('pycatch22', {}), 'feature_selection__strategy': 'correlation', 'feature_selection__threshold': 0.9, 'imputation__params': ('interpolate', ('polynomial', 2))}",0.5509728867623606,0.6837868480725624,0.6912950365331317,0.7125580087188863,0.6484329867128829,0.6574091533599647,0.057087095773192445,149,1.0,1.0,1.0,1.0,0.9999698691460055,0.999993973829201,1.205234159780133e-05
4.100163221359253,1.7795107486951611,0.8789483547210694,0.08790432837505086,7,100,5,"('pycatch22', {})",correlation,0.9,"('interpolate', ('spline', 2))","{'classifier__base_estimator__max_depth': 7, 'classifier__base_estimator__n_estimators': 100, 'feature_extraction__n_lags': 5, 'feature_extraction__params': ('pycatch22', {}), 'feature_selection__strategy': 'correlation', 'feature_selection__threshold': 0.9, 'imputation__params': ('interpolate', ('spline', 2))}",0.5509728867623606,0.6837868480725624,0.6912950365331317,0.7125580087188863,0.6484329867128829,0.6574091533599647,0.057087095773192445,149,1.0,1.0,1.0,1.0,0.9999698691460055,0.999993973829201,1.205234159780133e-05
4.076281785964966,1.7699699018482613,0.8319314956665039,0.049473790621665424,7,100,5,"('pycatch22', {})",correlation,0.9,"('ffill', None)","{'classifier__base_estimator__max_depth': 7, 'classifier__base_estimator__n_estimators': 100, 'feature_extraction__n_lags': 5, 'feature_extraction__params': ('pycatch22', {}), 'feature_selection__strategy': 'correlation', 'feature_selection__threshold': 0.9, 'imputation__params': ('ffill', None)}",0.5509728867623606,0.6837868480725624,0.6912950365331317,0.7125580087188863,0.6484329867128829,0.6574091533599647,0.057087095773192445,149,1.0,1.0,1.0,1.0,0.9999698691460055,0.999993973829201,1.205234159780133e-05
4.150949335098266,1.9307585055600391,0.832908821105957,0.06422979890427302,7,100,5,"('pycatch22', {})",correlation,0.95,"('interpolate', 'linear')","{'classifier__base_estimator__max_depth': 7, 'classifier__base_estimator__n_estimators': 100, 'feature_extraction__n_lags': 5, 'feature_extraction__params': ('pycatch22', {}), 'feature_selection__strategy': 'correlation', 'feature_selection__threshold': 0.95, 'imputation__params': ('interpolate', 'linear')}",0.5703668261563,0.6938492063492064,0.7124905517762662,0.6992586937742331,0.6473859041016754,0.6646702364315363,0.05201237844994571,85,1.0,1.0,1.0,1.0,0.9999192923553719,0.9999838584710744,3.2283057851234534e-05
4.139117050170898,1.7477919918037403,0.8713023662567139,0.09349044424533827,7,100,5,"('pycatch22', {})",correlation,0.95,"('interpolate', ('polynomial', 2))","{'classifier__base_estimator__max_depth': 7, 'classifier__base_estimator__n_estimators': 100, 'feature_extraction__n_lags': 5, 'feature_extraction__params': ('pycatch22', {}), 'feature_selection__strategy': 'correlation', 'feature_selection__threshold': 0.95, 'imputation__params': ('interpolate', ('polynomial', 2))}",0.5703668261563,0.6938492063492064,0.7124905517762662,0.6992586937742331,0.6473859041016754,0.6646702364315363,0.05201237844994571,85,1.0,1.0,1.0,1.0,0.9999192923553719,0.9999838584710744,3.2283057851234534e-05
4.122716760635376,1.8636975079654654,0.8616851329803467,0.06621282667394054,7,100,5,"('pycatch22', {})",correlation,0.95,"('interpolate', ('spline', 2))","{'classifier__base_estimator__max_depth': 7, 'classifier__base_estimator__n_estimators': 100, 'feature_extraction__n_lags': 5, 'feature_extraction__params': ('pycatch22', {}), 'feature_selection__strategy': 'correlation', 'feature_selection__threshold': 0.95, 'imputation__params': ('interpolate', ('spline', 2))}",0.5703668261563,0.6938492063492064,0.7124905517762662,0.6992586937742331,0.6473859041016754,0.6646702364315363,0.05201237844994571,85,1.0,1.0,1.0,1.0,0.9999192923553719,0.9999838584710744,3.2283057851234534e-05
4.018736076354981,1.7656659752032164,0.8492371559143066,0.07335787406456178,7,100,5,"('pycatch22', {})",correlation,0.95,"('ffill', None)","{'classifier__base_estimator__max_depth': 7, 'classifier__base_estimator__n_estimators': 100, 'feature_extraction__n_lags': 5, 'feature_extraction__params': ('pycatch22', {}), 'feature_selection__strategy': 'correlation', 'feature_selection__threshold': 0.95, 'imputation__params': ('ffill', None)}",0.5703668261563,0.6938492063492064,0.7124905517762662,0.6992586937742331,0.6473859041016754,0.6646702364315363,0.05201237844994571,85,1.0,1.0,1.0,1.0,0.9999192923553719,0.9999838584710744,3.2283057851234534e-05
2.75070743560791,1.1875545856990766,0.8877676486968994,0.06837690421705578,7,100,5,"('pycatch22', {})",pca,0.85,"('interpolate', 'linear')","{'classifier__base_estimator__max_depth': 7, 'classifier__base_estimator__n_estimators': 100, 'feature_extraction__n_lags': 5, 'feature_extraction__params': ('pycatch22', {}), 'feature_selection__strategy': 'pca', 'feature_selection__threshold': 0.85, 'imputation__params': ('interpolate', 'linear')}",0.47341307814992023,0.598922902494331,0.5508471907281431,0.5444281495469796,0.6183654679376083,0.5571953577713964,0.05040980375993719,505,0.976006664815329,0.9430419994084591,0.927036907853092,0.9069056137912681,0.8865142906336088,0.9279010953003514,0.030652299945800574
2.6660000801086428,1.1856573410668378,0.784290361404419,0.06958130845780859,7,100,5,"('pycatch22', {})",pca,0.85,"('interpolate', ('polynomial', 2))","{'classifier__base_estimator__max_depth': 7, 'classifier__base_estimator__n_estimators': 100, 'feature_extraction__n_lags': 5, 'feature_extraction__params': ('pycatch22', {}), 'feature_selection__strategy': 'pca', 'feature_selection__threshold': 0.85, 'imputation__params': ('interpolate', ('polynomial', 2))}",0.47341307814992023,0.598922902494331,0.5508471907281431,0.5444281495469796,0.6183654679376083,0.5571953577713964,0.05040980375993719,505,0.976006664815329,0.9430419994084591,0.927036907853092,0.9069056137912681,0.8865142906336088,0.9279010953003514,0.030652299945800574
2.7188738346099854,1.1886319297508174,0.8659703731536865,0.07235732466872523,7,100,5,"('pycatch22', {})",pca,0.85,"('interpolate', ('spline', 2))","{'classifier__base_estimator__max_depth': 7, 'classifier__base_estimator__n_estimators': 100, 'feature_extraction__n_lags': 5, 'feature_extraction__params': ('pycatch22', {}), 'feature_selection__strategy': 'pca', 'feature_selection__threshold': 0.85, 'imputation__params': ('interpolate', ('spline', 2))}",0.47341307814992023,0.598922902494331,0.5508471907281431,0.5444281495469796,0.6183654679376083,0.5571953577713964,0.05040980375993719,505,0.976006664815329,0.9430419994084591,0.927036907853092,0.9069056137912681,0.8865142906336088,0.9279010953003514,0.030652299945800574
2.7675126075744627,1.239959456679875,0.8454601764678955,0.08732664238095299,7,100,5,"('pycatch22', {})",pca,0.85,"('ffill', None)","{'classifier__base_estimator__max_depth': 7, 'classifier__base_estimator__n_estimators': 100, 'feature_extraction__n_lags': 5, 'feature_extraction__params': ('pycatch22', {}), 'feature_selection__strategy': 'pca', 'feature_selection__threshold': 0.85, 'imputation__params': ('ffill', None)}",0.47341307814992023,0.598922902494331,0.5508471907281431,0.5444281495469796,0.6183654679376083,0.5571953577713964,0.05040980375993719,505,0.976006664815329,0.9430419994084591,0.927036907853092,0.9069056137912681,0.8865142906336088,0.9279010953003514,0.030652299945800574
2.6979021072387694,1.1726393270094762,0.845866584777832,0.05137776055811541,7,100,5,"('pycatch22', {})",pca,0.9,"('interpolate', 'linear')","{'classifier__base_estimator__max_depth': 7, 'classifier__base_estimator__n_estimators': 100, 'feature_extraction__n_lags': 5, 'feature_extraction__params': ('pycatch22', {}), 'feature_selection__strategy': 'pca', 'feature_selection__threshold': 0.9, 'imputation__params': ('interpolate', 'linear')}",0.47341307814992023,0.598922902494331,0.5508471907281431,0.5444281495469796,0.6183654679376083,0.5571953577713964,0.05040980375993719,505,0.976006664815329,0.9430419994084591,0.927036907853092,0.9069056137912681,0.8865142906336088,0.9279010953003514,0.030652299945800574
2.7250836849212647,1.1745105964073113,0.8250336170196533,0.06767418046206729,7,100,5,"('pycatch22', {})",pca,0.9,"('interpolate', ('polynomial', 2))","{'classifier__base_estimator__max_depth': 7, 'classifier__base_estimator__n_estimators': 100, 'feature_extraction__n_lags': 5, 'feature_extraction__params': ('pycatch22', {}), 'feature_selection__strategy': 'pca', 'feature_selection__threshold': 0.9, 'imputation__params': ('interpolate', ('polynomial', 2))}",0.47341307814992023,0.598922902494331,0.5508471907281431,0.5444281495469796,0.6183654679376083,0.5571953577713964,0.05040980375993719,505,0.976006664815329,0.9430419994084591,0.927036907853092,0.9069056137912681,0.8865142906336088,0.9279010953003514,0.030652299945800574
2.697459506988525,1.2278135566853536,0.861700963973999,0.06594414639216897,7,100,5,"('pycatch22', {})",pca,0.9,"('interpolate', ('spline', 2))","{'classifier__base_estimator__max_depth': 7, 'classifier__base_estimator__n_estimators': 100, 'feature_extraction__n_lags': 5, 'feature_extraction__params': ('pycatch22', {}), 'feature_selection__strategy': 'pca', 'feature_selection__threshold': 0.9, 'imputation__params': ('interpolate', ('spline', 2))}",0.47341307814992023,0.598922902494331,0.5508471907281431,0.5444281495469796,0.6183654679376083,0.5571953577713964,0.05040980375993719,505,0.976006664815329,0.9430419994084591,0.927036907853092,0.9069056137912681,0.8865142906336088,0.9279010953003514,0.030652299945800574
2.7584627628326417,1.2527826644381916,0.8780375480651855,0.04361888217138518,7,100,5,"('pycatch22', {})",pca,0.9,"('ffill', None)","{'classifier__base_estimator__max_depth': 7, 'classifier__base_estimator__n_estimators': 100, 'feature_extraction__n_lags': 5, 'feature_extraction__params': ('pycatch22', {}), 'feature_selection__strategy': 'pca', 'feature_selection__threshold': 0.9, 'imputation__params': ('ffill', None)}",0.47341307814992023,0.598922902494331,0.5508471907281431,0.5444281495469796,0.6183654679376083,0.5571953577713964,0.05040980375993719,505,0.976006664815329,0.9430419994084591,0.927036907853092,0.9069056137912681,0.8865142906336088,0.9279010953003514,0.030652299945800574
2.7358007431030273,1.1723611345925462,0.8231370925903321,0.04680437775453948,7,100,5,"('pycatch22', {})",pca,0.95,"('interpolate', 'linear')","{'classifier__base_estimator__max_depth': 7, 'classifier__base_estimator__n_estimators': 100, 'feature_extraction__n_lags': 5, 'feature_extraction__params': ('pycatch22', {}), 'feature_selection__strategy': 'pca', 'feature_selection__threshold': 0.95, 'imputation__params': ('interpolate', 'linear')}",0.47341307814992023,0.598922902494331,0.5508471907281431,0.5444281495469796,0.6183654679376083,0.5571953577713964,0.05040980375993719,505,0.976006664815329,0.9430419994084591,0.927036907853092,0.9069056137912681,0.8865142906336088,0.9279010953003514,0.030652299945800574
2.6946839809417726,1.2183081671823965,0.8160473823547363,0.03375042498427576,7,100,5,"('pycatch22', {})",pca,0.95,"('interpolate', ('polynomial', 2))","{'classifier__base_estimator__max_depth': 7, 'classifier__base_estimator__n_estimators': 100, 'feature_extraction__n_lags': 5, 'feature_extraction__params': ('pycatch22', {}), 'feature_selection__strategy': 'pca', 'feature_selection__threshold': 0.95, 'imputation__params': ('interpolate', ('polynomial', 2))}",0.47341307814992023,0.598922902494331,0.5508471907281431,0.5444281495469796,0.6183654679376083,0.5571953577713964,0.05040980375993719,505,0.976006664815329,0.9430419994084591,0.927036907853092,0.9069056137912681,0.8865142906336088,0.9279010953003514,0.030652299945800574
2.724597215652466,1.2134879767634632,0.8626336574554443,0.09190590295443268,7,100,5,"('pycatch22', {})",pca,0.95,"('interpolate', ('spline', 2))","{'classifier__base_estimator__max_depth': 7, 'classifier__base_estimator__n_estimators': 100, 'feature_extraction__n_lags': 5, 'feature_extraction__params': ('pycatch22', {}), 'feature_selection__strategy': 'pca', 'feature_selection__threshold': 0.95, 'imputation__params': ('interpolate', ('spline', 2))}",0.47341307814992023,0.598922902494331,0.5508471907281431,0.5444281495469796,0.6183654679376083,0.5571953577713964,0.05040980375993719,505,0.976006664815329,0.9430419994084591,0.927036907853092,0.9069056137912681,0.8865142906336088,0.9279010953003514,0.030652299945800574
2.7769413948059083,1.2359101697943118,0.8222087860107422,0.03571022177781625,7,100,5,"('pycatch22', {})",pca,0.95,"('ffill', None)","{'classifier__base_estimator__max_depth': 7, 'classifier__base_estimator__n_estimators': 100, 'feature_extraction__n_lags': 5, 'feature_extraction__params': ('pycatch22', {}), 'feature_selection__strategy': 'pca', 'feature_selection__threshold': 0.95, 'imputation__params': ('ffill', None)}",0.47341307814992023,0.598922902494331,0.5508471907281431,0.5444281495469796,0.6183654679376083,0.5571953577713964,0.05040980375993719,505,0.976006664815329,0.9430419994084591,0.927036907853092,0.9069056137912681,0.8865142906336088,0.9279010953003514,0.030652299945800574
4.010283470153809,1.7800317758747093,0.9305328369140625,0.13899080118244245,7,100,8,"('pycatch22', {})",correlation,0.85,"('interpolate', 'linear')","{'classifier__base_estimator__max_depth': 7, 'classifier__base_estimator__n_estimators': 100, 'feature_extraction__n_lags': 8, 'feature_extraction__params': ('pycatch22', {}), 'feature_selection__strategy': 'correlation', 'feature_selection__threshold': 0.85, 'imputation__params': ('interpolate', 'linear')}",0.5695157426420261,0.5370936594785967,0.6684104097063478,0.6707415107415108,0.5832442067736185,0.60580110586842,0.05419102431732723,321,1.0,1.0,1.0,1.0,1.0,1.0,0.0
4.133400249481201,1.7854543875608195,0.9248541831970215,0.0794660727864562,7,100,8,"('pycatch22', {})",correlation,0.85,"('interpolate', ('polynomial', 2))","{'classifier__base_estimator__max_depth': 7, 'classifier__base_estimator__n_estimators': 100, 'feature_extraction__n_lags': 8, 'feature_extraction__params': ('pycatch22', {}), 'feature_selection__strategy': 'correlation', 'feature_selection__threshold': 0.85, 'imputation__params': ('interpolate', ('polynomial', 2))}",0.5695157426420261,0.5370936594785967,0.6684104097063478,0.6707415107415108,0.5832442067736185,0.60580110586842,0.05419102431732723,321,1.0,1.0,1.0,1.0,1.0,1.0,0.0
4.001948404312134,1.9443922753131793,0.9173746109008789,0.11270585361178417,7,100,8,"('pycatch22', {})",correlation,0.85,"('interpolate', ('spline', 2))","{'classifier__base_estimator__max_depth': 7, 'classifier__base_estimator__n_estimators': 100, 'feature_extraction__n_lags': 8, 'feature_extraction__params': ('pycatch22', {}), 'feature_selection__strategy': 'correlation', 'feature_selection__threshold': 0.85, 'imputation__params': ('interpolate', ('spline', 2))}",0.5695157426420261,0.5370936594785967,0.6684104097063478,0.6707415107415108,0.5832442067736185,0.60580110586842,0.05419102431732723,321,1.0,1.0,1.0,1.0,1.0,1.0,0.0
4.1348944187164305,1.9517101898933942,0.8818267345428467,0.06000970393109948,7,100,8,"('pycatch22', {})",correlation,0.85,"('ffill', None)","{'classifier__base_estimator__max_depth': 7, 'classifier__base_estimator__n_estimators': 100, 'feature_extraction__n_lags': 8, 'feature_extraction__params': ('pycatch22', {}), 'feature_selection__strategy': 'correlation', 'feature_selection__threshold': 0.85, 'imputation__params': ('ffill', None)}",0.5695157426420261,0.5370936594785967,0.6684104097063478,0.6707415107415108,0.5832442067736185,0.60580110586842,0.05419102431732723,321,1.0,1.0,1.0,1.0,1.0,1.0,0.0
4.096559524536133,1.815632393033292,0.9114820003509522,0.13314835895799731,7,100,8,"('pycatch22', {})",correlation,0.9,"('interpolate', 'linear')","{'classifier__base_estimator__max_depth': 7, 'classifier__base_estimator__n_estimators': 100, 'feature_extraction__n_lags': 8, 'feature_extraction__params': ('pycatch22', {}), 'feature_selection__strategy': 'correlation', 'feature_selection__threshold': 0.9, 'imputation__params': ('interpolate', 'linear')}",0.5728524982888432,0.5333923398776955,0.6933796377703534,0.6810810810810811,0.6044786096256685,0.6170368333287283,0.06170292568484858,289,1.0,1.0,1.0,1.0,1.0,1.0,0.0
4.167194795608521,1.8085879081428622,0.9087804794311524,0.08796188109823393,7,100,8,"('pycatch22', {})",correlation,0.9,"('interpolate', ('polynomial', 2))","{'classifier__base_estimator__max_depth': 7, 'classifier__base_estimator__n_estimators': 100, 'feature_extraction__n_lags': 8, 'feature_extraction__params': ('pycatch22', {}), 'feature_selection__strategy': 'correlation', 'feature_selection__threshold': 0.9, 'imputation__params': ('interpolate', ('polynomial', 2))}",0.5728524982888432,0.5333923398776955,0.6933796377703534,0.6810810810810811,0.6044786096256685,0.6170368333287283,0.06170292568484858,289,1.0,1.0,1.0,1.0,1.0,1.0,0.0
4.03101692199707,1.8425697398079146,0.9468834400177002,0.09863327257124149,7,100,8,"('pycatch22', {})",correlation,0.9,"('interpolate', ('spline', 2))","{'classifier__base_estimator__max_depth': 7, 'classifier__base_estimator__n_estimators': 100, 'feature_extraction__n_lags': 8, 'feature_extraction__params': ('pycatch22', {}), 'feature_selection__strategy': 'correlation', 'feature_selection__threshold': 0.9, 'imputation__params': ('interpolate', ('spline', 2))}",0.5728524982888432,0.5333923398776955,0.6933796377703534,0.6810810810810811,0.6044786096256685,0.6170368333287283,0.06170292568484858,289,1.0,1.0,1.0,1.0,1.0,1.0,0.0
4.101865625381469,1.8666465507587018,0.8727818012237549,0.07700407803938815,7,100,8,"('pycatch22', {})",correlation,0.9,"('ffill', None)","{'classifier__base_estimator__max_depth': 7, 'classifier__base_estimator__n_estimators': 100, 'feature_extraction__n_lags': 8, 'feature_extraction__params': ('pycatch22', {}), 'feature_selection__strategy': 'correlation', 'feature_selection__threshold': 0.9, 'imputation__params': ('ffill', None)}",0.5728524982888432,0.5333923398776955,0.6933796377703534,0.6810810810810811,0.6044786096256685,0.6170368333287283,0.06170292568484858,289,1.0,1.0,1.0,1.0,1.0,1.0,0.0
4.181243276596069,1.867083369933227,0.8919984817504882,0.12605598920528238,7,100,8,"('pycatch22', {})",correlation,0.95,"('interpolate', 'linear')","{'classifier__base_estimator__max_depth': 7, 'classifier__base_estimator__n_estimators': 100, 'feature_extraction__n_lags': 8, 'feature_extraction__params': ('pycatch22', {}), 'feature_selection__strategy': 'correlation', 'feature_selection__threshold': 0.95, 'imputation__params': ('interpolate', 'linear')}",0.5888090349075975,0.5578130028966849,0.6584315104624582,0.7011503811503811,0.5880347593582887,0.6188477377550821,0.052759079478850925,285,1.0,1.0,1.0,1.0,1.0,1.0,0.0
4.388155126571656,1.982897511148497,0.9339450359344482,0.07919227232311042,7,100,8,"('pycatch22', {})",correlation,0.95,"('interpolate', ('polynomial', 2))","{'classifier__base_estimator__max_depth': 7, 'classifier__base_estimator__n_estimators': 100, 'feature_extraction__n_lags': 8, 'feature_extraction__params': ('pycatch22', {}), 'feature_selection__strategy': 'correlation', 'feature_selection__threshold': 0.95, 'imputation__params': ('interpolate', ('polynomial', 2))}",0.5888090349075975,0.5578130028966849,0.6584315104624582,0.7011503811503811,0.5880347593582887,0.6188477377550821,0.052759079478850925,285,1.0,1.0,1.0,1.0,1.0,1.0,0.0
4.1144365787506105,1.8465918138321449,0.9155945777893066,0.0743267986292032,7,100,8,"('pycatch22', {})",correlation,0.95,"('interpolate', ('spline', 2))","{'classifier__base_estimator__max_depth': 7, 'classifier__base_estimator__n_estimators': 100, 'feature_extraction__n_lags': 8, 'feature_extraction__params': ('pycatch22', {}), 'feature_selection__strategy': 'correlation', 'feature_selection__threshold': 0.95, 'imputation__params': ('interpolate', ('spline', 2))}",0.5888090349075975,0.5578130028966849,0.6584315104624582,0.7011503811503811,0.5880347593582887,0.6188477377550821,0.052759079478850925,285,1.0,1.0,1.0,1.0,1.0,1.0,0.0
4.110530281066895,1.867660846132471,0.905120849609375,0.1209140555844052,7,100,8,"('pycatch22', {})",correlation,0.95,"('ffill', None)","{'classifier__base_estimator__max_depth': 7, 'classifier__base_estimator__n_estimators': 100, 'feature_extraction__n_lags': 8, 'feature_extraction__params': ('pycatch22', {}), 'feature_selection__strategy': 'correlation', 'feature_selection__threshold': 0.95, 'imputation__params': ('ffill', None)}",0.5888090349075975,0.5578130028966849,0.6584315104624582,0.7011503811503811,0.5880347593582887,0.6188477377550821,0.052759079478850925,285,1.0,1.0,1.0,1.0,1.0,1.0,0.0
3.0171617031097413,1.3032639858893353,0.8972307205200195,0.07394924394902483,7,100,8,"('pycatch22', {})",pca,0.85,"('interpolate', 'linear')","{'classifier__base_estimator__max_depth': 7, 'classifier__base_estimator__n_estimators': 100, 'feature_extraction__n_lags': 8, 'feature_extraction__params': ('pycatch22', {}), 'feature_selection__strategy': 'pca', 'feature_selection__threshold': 0.85, 'imputation__params': ('interpolate', 'linear')}",0.48613963039014374,0.5838228194399744,0.5073852646386495,0.5189327789327789,0.596334670231729,0.538523032726655,0.043569750040251584,637,0.9676573426573426,0.9494902405902264,0.9309422750424449,0.9196375603469438,0.8863359485768072,0.9308126734427529,0.02760239180998891
2.909079360961914,1.3275442038884226,0.8833877563476562,0.05854937842038724,7,100,8,"('pycatch22', {})",pca,0.85,"('interpolate', ('polynomial', 2))","{'classifier__base_estimator__max_depth': 7, 'classifier__base_estimator__n_estimators': 100, 'feature_extraction__n_lags': 8, 'feature_extraction__params': ('pycatch22', {}), 'feature_selection__strategy': 'pca', 'feature_selection__threshold': 0.85, 'imputation__params': ('interpolate', ('polynomial', 2))}",0.48613963039014374,0.5838228194399744,0.5073852646386495,0.5189327789327789,0.596334670231729,0.538523032726655,0.043569750040251584,637,0.9676573426573426,0.9494902405902264,0.9309422750424449,0.9196375603469438,0.8863359485768072,0.9308126734427529,0.02760239180998891
2.816324329376221,1.283529254294646,0.8905671119689942,0.07662612817140062,7,100,8,"('pycatch22', {})",pca,0.85,"('interpolate', ('spline', 2))","{'classifier__base_estimator__max_depth': 7, 'classifier__base_estimator__n_estimators': 100, 'feature_extraction__n_lags': 8, 'feature_extraction__params': ('pycatch22', {}), 'feature_selection__strategy': 'pca', 'feature_selection__threshold': 0.85, 'imputation__params': ('interpolate', ('spline', 2))}",0.48613963039014374,0.5838228194399744,0.5073852646386495,0.5189327789327789,0.596334670231729,0.538523032726655,0.043569750040251584,637,0.9676573426573426,0.9494902405902264,0.9309422750424449,0.9196375603469438,0.8863359485768072,0.9308126734427529,0.02760239180998891
2.8912655830383303,1.295550463909215,0.9020248889923096,0.08209584447869211,7,100,8,"('pycatch22', {})",pca,0.85,"('ffill', None)","{'classifier__base_estimator__max_depth': 7, 'classifier__base_estimator__n_estimators': 100, 'feature_extraction__n_lags': 8, 'feature_extraction__params': ('pycatch22', {}), 'feature_selection__strategy': 'pca', 'feature_selection__threshold': 0.85, 'imputation__params': ('ffill', None)}",0.48613963039014374,0.5838228194399744,0.5073852646386495,0.5189327789327789,0.596334670231729,0.538523032726655,0.043569750040251584,637,0.9676573426573426,0.9494902405902264,0.9309422750424449,0.9196375603469438,0.8863359485768072,0.9308126734427529,0.02760239180998891
2.916477108001709,1.3119725785431902,0.9269757747650147,0.09959036615267014,7,100,8,"('pycatch22', {})",pca,0.9,"('interpolate', 'linear')","{'classifier__base_estimator__max_depth': 7, 'classifier__base_estimator__n_estimators': 100, 'feature_extraction__n_lags': 8, 'feature_extraction__params': ('pycatch22', {}), 'feature_selection__strategy': 'pca', 'feature_selection__threshold': 0.9, 'imputation__params': ('interpolate', 'linear')}",0.48613963039014374,0.5838228194399744,0.5073852646386495,0.5189327789327789,0.596334670231729,0.538523032726655,0.043569750040251584,637,0.9676573426573426,0.9494902405902264,0.9309422750424449,0.9196375603469438,0.8863359485768072,0.9308126734427529,0.02760239180998891
3.1001978397369383,1.5147415095433423,1.0223483562469482,0.10531093441926515,7,100,8,"('pycatch22', {})",pca,0.9,"('interpolate', ('polynomial', 2))","{'classifier__base_estimator__max_depth': 7, 'classifier__base_estimator__n_estimators': 100, 'feature_extraction__n_lags': 8, 'feature_extraction__params': ('pycatch22', {}), 'feature_selection__strategy': 'pca', 'feature_selection__threshold': 0.9, 'imputation__params': ('interpolate', ('polynomial', 2))}",0.48613963039014374,0.5838228194399744,0.5073852646386495,0.5189327789327789,0.596334670231729,0.538523032726655,0.043569750040251584,637,0.9676573426573426,0.9494902405902264,0.9309422750424449,0.9196375603469438,0.8863359485768072,0.9308126734427529,0.02760239180998891
3.099918746948242,1.3245139114293898,0.964348554611206,0.07402058512243537,7,100,8,"('pycatch22', {})",pca,0.9,"('interpolate', ('spline', 2))","{'classifier__base_estimator__max_depth': 7, 'classifier__base_estimator__n_estimators': 100, 'feature_extraction__n_lags': 8, 'feature_extraction__params': ('pycatch22', {}), 'feature_selection__strategy': 'pca', 'feature_selection__threshold': 0.9, 'imputation__params': ('interpolate', ('spline', 2))}",0.48613963039014374,0.5838228194399744,0.5073852646386495,0.5189327789327789,0.596334670231729,0.538523032726655,0.043569750040251584,637,0.9676573426573426,0.9494902405902264,0.9309422750424449,0.9196375603469438,0.8863359485768072,0.9308126734427529,0.02760239180998891
2.8792333126068117,1.2490167647781045,0.969983720779419,0.06564791522911088,7,100,8,"('pycatch22', {})",pca,0.9,"('ffill', None)","{'classifier__base_estimator__max_depth': 7, 'classifier__base_estimator__n_estimators': 100, 'feature_extraction__n_lags': 8, 'feature_extraction__params': ('pycatch22', {}), 'feature_selection__strategy': 'pca', 'feature_selection__threshold': 0.9, 'imputation__params': ('ffill', None)}",0.48613963039014374,0.5838228194399744,0.5073852646386495,0.5189327789327789,0.596334670231729,0.538523032726655,0.043569750040251584,637,0.9676573426573426,0.9494902405902264,0.9309422750424449,0.9196375603469438,0.8863359485768072,0.9308126734427529,0.02760239180998891
2.8568061351776124,1.2454040590353932,0.9348435401916504,0.07153636029622917,7,100,8,"('pycatch22', {})",pca,0.95,"('interpolate', 'linear')","{'classifier__base_estimator__max_depth': 7, 'classifier__base_estimator__n_estimators': 100, 'feature_extraction__n_lags': 8, 'feature_extraction__params': ('pycatch22', {}), 'feature_selection__strategy': 'pca', 'feature_selection__threshold': 0.95, 'imputation__params': ('interpolate', 'linear')}",0.48613963039014374,0.5838228194399744,0.5073852646386495,0.5189327789327789,0.596334670231729,0.538523032726655,0.043569750040251584,637,0.9676573426573426,0.9494902405902264,0.9309422750424449,0.9196375603469438,0.8863359485768072,0.9308126734427529,0.02760239180998891
2.862068605422974,1.2536598946223372,0.8961347103118896,0.08972244722916792,7,100,8,"('pycatch22', {})",pca,0.95,"('interpolate', ('polynomial', 2))","{'classifier__base_estimator__max_depth': 7, 'classifier__base_estimator__n_estimators': 100, 'feature_extraction__n_lags': 8, 'feature_extraction__params': ('pycatch22', {}), 'feature_selection__strategy': 'pca', 'feature_selection__threshold': 0.95, 'imputation__params': ('interpolate', ('polynomial', 2))}",0.48613963039014374,0.5838228194399744,0.5073852646386495,0.5189327789327789,0.596334670231729,0.538523032726655,0.043569750040251584,637,0.9676573426573426,0.9494902405902264,0.9309422750424449,0.9196375603469438,0.8863359485768072,0.9308126734427529,0.02760239180998891
2.8291770935058596,1.2656205196897203,0.9057496547698974,0.15450903995494153,7,100,8,"('pycatch22', {})",pca,0.95,"('interpolate', ('spline', 2))","{'classifier__base_estimator__max_depth': 7, 'classifier__base_estimator__n_estimators': 100, 'feature_extraction__n_lags': 8, 'feature_extraction__params': ('pycatch22', {}), 'feature_selection__strategy': 'pca', 'feature_selection__threshold': 0.95, 'imputation__params': ('interpolate', ('spline', 2))}",0.48613963039014374,0.5838228194399744,0.5073852646386495,0.5189327789327789,0.596334670231729,0.538523032726655,0.043569750040251584,637,0.9676573426573426,0.9494902405902264,0.9309422750424449,0.9196375603469438,0.8863359485768072,0.9308126734427529,0.02760239180998891
2.9237153053283693,1.1667741556952023,0.8312642097473144,0.07937494080858234,7,100,8,"('pycatch22', {})",pca,0.95,"('ffill', None)","{'classifier__base_estimator__max_depth': 7, 'classifier__base_estimator__n_estimators': 100, 'feature_extraction__n_lags': 8, 'feature_extraction__params': ('pycatch22', {}), 'feature_selection__strategy': 'pca', 'feature_selection__threshold': 0.95, 'imputation__params': ('ffill', None)}",0.48613963039014374,0.5838228194399744,0.5073852646386495,0.5189327789327789,0.596334670231729,0.538523032726655,0.043569750040251584,637,0.9676573426573426,0.9494902405902264,0.9309422750424449,0.9196375603469438,0.8863359485768072,0.9308126734427529,0.02760239180998891
